-1.016060471534729004e+00
-1.143468141555786133e+00
-1.894509792327880859e+00
-3.193521499633789062e+00
-1.530465364456176758e+00
-1.953321337699890137e+00
-1.819894909858703613e+00
-2.516481161117553711e+00
-2.756008863449096680e+00
-2.713421583175659180e+00
-2.536601781845092773e+00
-2.610988140106201172e+00
-2.799831867218017578e+00
-3.075815200805664062e+00
-2.292159080505371094e+00
-2.737083435058593750e+00
-2.843789100646972656e+00
-2.949593544006347656e+00
-1.799361109733581543e+00
-2.931703567504882812e+00
-2.605882167816162109e+00
-3.231568574905395508e+00
-2.947072267532348633e+00
-3.223582267761230469e+00
-2.603184700012207031e+00
-2.890984535217285156e+00
-2.964986085891723633e+00
-2.953092336654663086e+00
-1.887688875198364258e+00
-2.526098012924194336e+00
-1.722996115684509277e+00
-2.589565038681030273e+00
-2.479822158813476562e+00
-3.472167730331420898e+00
-1.626173496246337891e+00
-2.513852596282958984e+00
-3.721751213073730469e+00
-2.461035251617431641e+00
-1.776752352714538574e+00
-3.165306568145751953e+00
-2.061075210571289062e+00
-3.134820461273193359e+00
-2.058315038681030273e+00
-2.523748397827148438e+00
-2.828415155410766602e+00
-3.293738603591918945e+00
-1.689176440238952637e+00
-2.036524057388305664e+00
-2.655662298202514648e+00
-2.863553762435913086e+00
-1.224938154220581055e+00
-2.018113374710083008e+00
-3.016816854476928711e+00
-4.122026920318603516e+00
-2.377979040145874023e+00
-2.861643075942993164e+00
-3.353001117706298828e+00
-2.747073411941528320e+00
-1.994360685348510742e+00
-2.639969587326049805e+00
-1.493394374847412109e+00
-2.703498363494873047e+00
-1.883422970771789551e+00
-2.168164491653442383e+00
-3.564640522003173828e+00
-2.858969211578369141e+00
-1.598169803619384766e+00
-1.714335560798645020e+00
-3.147599458694458008e+00
-3.715560913085937500e+00
-2.998172521591186523e+00
-2.786871671676635742e+00
-3.406448125839233398e+00
-3.551846027374267578e+00
-2.676393508911132812e+00
-2.070147037506103516e+00
-3.734113216400146484e+00
-2.757663488388061523e+00
-2.762944459915161133e+00
-2.761897563934326172e+00
-3.492382287979125977e+00
-2.967756032943725586e+00
-1.970553278923034668e+00
-3.076478958129882812e+00
-1.814698100090026855e+00
-1.507467269897460938e+00
-2.492950916290283203e+00
-2.857195138931274414e+00
-3.466197252273559570e+00
-3.070854663848876953e+00
-2.914700508117675781e+00
-3.185205936431884766e+00
-2.682539224624633789e+00
-2.996457815170288086e+00
-2.113834619522094727e+00
-3.696723222732543945e+00
-3.701309204101562500e+00
-1.956621885299682617e+00
-1.889964342117309570e+00
-2.763358354568481445e+00
-2.939891576766967773e+00
-3.254359483718872070e+00
-2.111415147781372070e+00
-3.729331493377685547e+00
-3.219945192337036133e+00
-2.134707689285278320e+00
-2.416414737701416016e+00
-3.075751543045043945e+00
-2.569595575332641602e+00
-3.073252677917480469e+00
-2.193538427352905273e+00
-1.677465081214904785e+00
-4.122520923614501953e+00
-3.491991758346557617e+00
-2.864852190017700195e+00
-3.341987371444702148e+00
-1.933639287948608398e+00
-3.270587444305419922e+00
-2.245004177093505859e+00
-2.735067844390869141e+00
-3.105113267898559570e+00
-3.847463846206665039e+00
-3.209023475646972656e+00
-2.040191650390625000e+00
-2.551295995712280273e+00
-3.182040929794311523e+00
-1.361359953880310059e+00
-2.755108594894409180e+00
-3.875010013580322266e+00
-2.096732139587402344e+00
-2.574160099029541016e+00
-2.122186899185180664e+00
-2.733346462249755859e+00
-2.587797641754150391e+00
-2.284144163131713867e+00
-3.191561698913574219e+00
-3.198148727416992188e+00
-3.863444328308105469e+00
-1.520187377929687500e+00
-3.167191743850708008e+00
-2.861970663070678711e+00
-3.179139375686645508e+00
-1.697761058807373047e+00
-2.497595548629760742e+00
-3.165008783340454102e+00
-4.058053016662597656e+00
-2.370142698287963867e+00
-2.661084890365600586e+00
-4.138949871063232422e+00
-3.192061424255371094e+00
-2.308684587478637695e+00
-2.923536062240600586e+00
-3.991143226623535156e+00
-4.113792419433593750e+00
-1.329588055610656738e+00
-1.669702649116516113e+00
-3.343416452407836914e+00
-3.307140111923217773e+00
-2.062975645065307617e+00
-2.860630750656127930e+00
-2.417133808135986328e+00
-3.692509889602661133e+00
-2.872999429702758789e+00
-1.899964213371276855e+00
-1.719890236854553223e+00
-2.761608600616455078e+00
-3.727544784545898438e+00
-2.211780548095703125e+00
-1.862993955612182617e+00
-3.113524436950683594e+00
-3.418417692184448242e+00
-2.841793060302734375e+00
-2.846289634704589844e+00
-2.463406801223754883e+00
-3.365107059478759766e+00
-3.179196834564208984e+00
-2.856580257415771484e+00
-3.393430233001708984e+00
-3.227581501007080078e+00
-2.556542634963989258e+00
-3.625822305679321289e+00
-2.302061796188354492e+00
-3.494886159896850586e+00
-2.451784372329711914e+00
-2.996830463409423828e+00
-2.682097434997558594e+00
-2.622425794601440430e+00
-3.732788801193237305e+00
-2.451116561889648438e+00
-2.842873096466064453e+00
-3.248039007186889648e+00
-3.770914554595947266e+00
-2.366234302520751953e+00
-3.333638191223144531e+00
-2.989223003387451172e+00
-3.208157062530517578e+00
-2.966633558273315430e+00
-3.587336063385009766e+00
-4.127738952636718750e+00
-3.459201335906982422e+00
-4.063757896423339844e+00
-3.474105596542358398e+00
-2.718966722488403320e+00
-3.556350231170654297e+00
-2.186116695404052734e+00
-2.496634483337402344e+00
-2.869297742843627930e+00
-3.040414571762084961e+00
-2.401890039443969727e+00
-1.640405774116516113e+00
-2.512894392013549805e+00
-3.640256643295288086e+00
-3.998901605606079102e+00
-3.449513673782348633e+00
-2.768624067306518555e+00
-3.302396059036254883e+00
-3.568702459335327148e+00
-2.837935447692871094e+00
-2.445433378219604492e+00
-2.868256807327270508e+00
-3.458141088485717773e+00
-3.154896259307861328e+00
-2.553928613662719727e+00
-3.827404260635375977e+00
-3.404845714569091797e+00
-2.616531372070312500e+00
-3.562242507934570312e+00
-2.905213117599487305e+00
-4.170897006988525391e+00
-2.325586080551147461e+00
-2.311319351196289062e+00
-2.264175176620483398e+00
-3.683227300643920898e+00
-2.187923908233642578e+00
-2.712591171264648438e+00
-2.296672821044921875e+00
-3.008363008499145508e+00
-2.590454339981079102e+00
-2.967610836029052734e+00
-2.608407974243164062e+00
-3.062155485153198242e+00
-2.080177783966064453e+00
-2.997489929199218750e+00
-3.349676609039306641e+00
-3.205192565917968750e+00
-3.542149305343627930e+00
-3.471048355102539062e+00
-3.416589736938476562e+00
-3.138071060180664062e+00
-2.865308046340942383e+00
-1.916943669319152832e+00
-2.482938528060913086e+00
-2.445034980773925781e+00
-2.350032806396484375e+00
-2.583287239074707031e+00
-3.295440435409545898e+00
-3.740110635757446289e+00
-3.500960111618041992e+00
-3.808865070343017578e+00
-1.180874466896057129e+00
-3.237814664840698242e+00
-3.169910192489624023e+00
-2.574241399765014648e+00
-3.311599254608154297e+00
-3.310844421386718750e+00
-2.759030580520629883e+00
-4.060360908508300781e+00
-3.684212207794189453e+00
-2.289618492126464844e+00
-3.225233793258666992e+00
-3.005970001220703125e+00
-3.639945983886718750e+00
-2.763087034225463867e+00
-4.042619228363037109e+00
-3.541701316833496094e+00
-3.328498840332031250e+00
-2.785292625427246094e+00
-3.259317398071289062e+00
-4.503894329071044922e+00
-2.913750886917114258e+00
-2.750591993331909180e+00
-2.257795095443725586e+00
-3.792286872863769531e+00
-3.927402257919311523e+00
-3.454874277114868164e+00
-2.961815834045410156e+00
-4.149271011352539062e+00
-3.247354984283447266e+00
-3.066030025482177734e+00
-3.406361103057861328e+00
-3.777518987655639648e+00
-2.971284866333007812e+00
-2.469502210617065430e+00
-2.170413970947265625e+00
-2.965901374816894531e+00
-3.754684925079345703e+00
-3.499950170516967773e+00
-2.792852640151977539e+00
-2.908875465393066406e+00
-3.203296422958374023e+00
-2.932156324386596680e+00
-2.956118822097778320e+00
-3.088175296783447266e+00
-2.856785774230957031e+00
-2.364973545074462891e+00
-3.568160772323608398e+00
-2.613959789276123047e+00
-1.998457074165344238e+00
-2.727162599563598633e+00
-2.313699483871459961e+00
-2.953754186630249023e+00
-4.194948196411132812e+00
-3.237085103988647461e+00
-3.413621902465820312e+00
-2.343728065490722656e+00
-2.403003454208374023e+00
-2.926889419555664062e+00
-1.881389260292053223e+00
-3.422388076782226562e+00
-3.058881759643554688e+00
-3.173585653305053711e+00
-2.966686964035034180e+00
-3.303018331527709961e+00
-3.884357690811157227e+00
-4.085223674774169922e+00
-3.202693939208984375e+00
-2.414047241210937500e+00
-3.391003847122192383e+00
-2.771626472473144531e+00
-2.076831817626953125e+00
-2.234625339508056641e+00
-3.514476537704467773e+00
-3.535180091857910156e+00
-3.162552356719970703e+00
-3.359919786453247070e+00
-2.111267328262329102e+00
-3.902903795242309570e+00
-2.676019668579101562e+00
-2.459261894226074219e+00
-3.511008977890014648e+00
-3.045299768447875977e+00
-3.342849016189575195e+00
-2.698292970657348633e+00
-2.447504043579101562e+00
-2.665247917175292969e+00
-3.542805910110473633e+00
-2.969834089279174805e+00
-3.281788349151611328e+00
-3.432441949844360352e+00
-3.526806592941284180e+00
-3.663064002990722656e+00
-3.420526266098022461e+00
-3.461170911788940430e+00
-3.786738634109497070e+00
-2.566410541534423828e+00
-3.372782945632934570e+00
-1.265038967132568359e+00
-2.725793123245239258e+00
-1.885871529579162598e+00
-2.826509237289428711e+00
-2.576629400253295898e+00
-2.721875190734863281e+00
-3.410084486007690430e+00
-3.224651336669921875e+00
-3.469636678695678711e+00
-2.815074920654296875e+00
-3.639088153839111328e+00
-3.480518341064453125e+00
-2.909696817398071289e+00
-3.572713375091552734e+00
-2.738446474075317383e+00
-2.872042894363403320e+00
-3.431947231292724609e+00
-2.851278066635131836e+00
-2.648308038711547852e+00
-2.368731260299682617e+00
-3.720396995544433594e+00
-3.411750555038452148e+00
-3.806582450866699219e+00
-3.053045749664306641e+00
-2.560142755508422852e+00
-3.414542436599731445e+00
-3.211243867874145508e+00
-2.446633100509643555e+00
-3.328972816467285156e+00
-3.110809326171875000e+00
-3.766467809677124023e+00
-3.082027196884155273e+00
-4.006941795349121094e+00
-2.454519748687744141e+00
-3.691872596740722656e+00
-3.893048048019409180e+00
-3.431338787078857422e+00
-2.561547040939331055e+00
-3.192832231521606445e+00
-3.668490648269653320e+00
-2.880693674087524414e+00
-3.735180139541625977e+00
-4.000691890716552734e+00
-3.796321153640747070e+00
-3.996942520141601562e+00
-3.221492052078247070e+00
-2.760127544403076172e+00
-3.651719570159912109e+00
-2.891664743423461914e+00
-1.763199925422668457e+00
-2.965747117996215820e+00
-3.073195934295654297e+00
-3.854983091354370117e+00
-2.714788436889648438e+00
-2.190121412277221680e+00
-3.343256711959838867e+00
-3.894378662109375000e+00
-3.452576160430908203e+00
-2.785882711410522461e+00
-4.211102008819580078e+00
-3.524873495101928711e+00
-1.780184268951416016e+00
-2.691689491271972656e+00
-3.355622291564941406e+00
-3.460464000701904297e+00
-2.865548133850097656e+00
-3.176101684570312500e+00
-3.164854526519775391e+00
-2.906912088394165039e+00
-2.333822488784790039e+00
-3.147608757019042969e+00
-2.241677284240722656e+00
-3.302789211273193359e+00
-2.512296676635742188e+00
-2.710566282272338867e+00
-3.266469001770019531e+00
-2.674118280410766602e+00
-2.955192804336547852e+00
-3.006432056427001953e+00
-2.998563766479492188e+00
-3.048236131668090820e+00
-3.576766967773437500e+00
-3.702112674713134766e+00
-2.102445840835571289e+00
-3.177743911743164062e+00
-3.478492975234985352e+00
-1.388787031173706055e+00
-2.985307455062866211e+00
-3.222770214080810547e+00
-1.378601312637329102e+00
-3.203160047531127930e+00
-2.821095466613769531e+00
-2.615765333175659180e+00
-3.292232275009155273e+00
-3.312390804290771484e+00
-3.393606901168823242e+00
-3.515969753265380859e+00
-3.749292850494384766e+00
-2.595521450042724609e+00
-3.284037351608276367e+00
-3.255780458450317383e+00
-3.361664533615112305e+00
-3.476264238357543945e+00
-2.878500699996948242e+00
-3.585345745086669922e+00
-3.987155914306640625e+00
-3.177243709564208984e+00
-3.385324716567993164e+00
-2.456946849822998047e+00
-2.641597986221313477e+00
-3.059357881546020508e+00
-3.559731960296630859e+00
-1.718446016311645508e+00
-3.599029541015625000e+00
-3.180992126464843750e+00
-2.576364278793334961e+00
-2.225715875625610352e+00
-3.883585453033447266e+00
-3.079026222229003906e+00
-2.777345657348632812e+00
-2.909341573715209961e+00
-2.195434570312500000e+00
-2.475509405136108398e+00
-3.390571355819702148e+00
-3.640438556671142578e+00
-1.925754904747009277e+00
-1.759549140930175781e+00
-3.639523506164550781e+00
-2.448194265365600586e+00
-2.843587875366210938e+00
-3.720898389816284180e+00
-3.267993450164794922e+00
-2.959592580795288086e+00
-2.263921737670898438e+00
-2.903731107711791992e+00
-2.091191291809082031e+00
-2.566042900085449219e+00
-2.681726455688476562e+00
-2.628941774368286133e+00
-2.898619651794433594e+00
-3.058912038803100586e+00
-3.017772912979125977e+00
-2.777141571044921875e+00
-3.022805929183959961e+00
-3.322518587112426758e+00
-3.621009349822998047e+00
-3.487791538238525391e+00
-2.748938560485839844e+00
-3.108268976211547852e+00
-3.153405189514160156e+00
-3.260241508483886719e+00
-1.317304372787475586e+00
-3.162412881851196289e+00
-2.762071371078491211e+00
-2.566437959671020508e+00
-2.739342927932739258e+00
-2.470957517623901367e+00
-2.673517942428588867e+00
-3.146506309509277344e+00
-2.406536817550659180e+00
-2.681422472000122070e+00
-3.597588300704956055e+00
-2.456781625747680664e+00
-2.648080110549926758e+00
-3.289255619049072266e+00
-3.476858615875244141e+00
-3.761911630630493164e+00
-4.325000762939453125e+00
-2.804099321365356445e+00
-2.688086032867431641e+00
-2.704593658447265625e+00
-2.250452041625976562e+00
-3.600955009460449219e+00
-3.340742349624633789e+00
-3.640156507492065430e+00
-1.484720945358276367e+00
-3.239079236984252930e+00
-2.807188987731933594e+00
-3.182367563247680664e+00
-2.309818744659423828e+00
-3.378378391265869141e+00
-2.475758552551269531e+00
-2.941039562225341797e+00
-3.372628688812255859e+00
-3.195959091186523438e+00
-1.740664720535278320e+00
-3.267547607421875000e+00
-3.250204801559448242e+00
-3.880264043807983398e+00
-3.456904411315917969e+00
-4.109290599822998047e+00
-3.077646732330322266e+00
-3.955169200897216797e+00
-3.054481029510498047e+00
-2.504747390747070312e+00
-3.763871908187866211e+00
-3.175777196884155273e+00
-3.116386175155639648e+00
-3.513812065124511719e+00
-2.781775951385498047e+00
-2.130571126937866211e+00
-3.481649637222290039e+00
-2.800590753555297852e+00
-2.439487457275390625e+00
-3.493953704833984375e+00
-3.107930898666381836e+00
-2.876881361007690430e+00
-3.389969348907470703e+00
-2.472059249877929688e+00
-3.875491380691528320e+00
-2.768882989883422852e+00
-3.197726488113403320e+00
-3.403463125228881836e+00
-3.869637727737426758e+00
-2.453248500823974609e+00
-3.050122737884521484e+00
-3.305557727813720703e+00
-2.230018377304077148e+00
-2.646897315979003906e+00
-1.758403062820434570e+00
-2.677342414855957031e+00
-2.346152544021606445e+00
-2.857771873474121094e+00
-2.290207862854003906e+00
-2.560321569442749023e+00
-3.444713830947875977e+00
-2.371832847595214844e+00
-2.943401813507080078e+00
-2.740658521652221680e+00
-1.873070597648620605e+00
-2.653598785400390625e+00
-3.514427900314331055e+00
-2.548252820968627930e+00
-2.537953376770019531e+00
-3.957720041275024414e+00
-4.197886943817138672e+00
-2.412356853485107422e+00
-2.972749948501586914e+00
-3.770950317382812500e+00
-4.163273811340332031e+00
-2.658286571502685547e+00
-2.962733268737792969e+00
-2.965150833129882812e+00
-3.929258584976196289e+00
-2.633202314376831055e+00
-3.810564994812011719e+00
-3.097002506256103516e+00
-3.518011331558227539e+00
-1.711239576339721680e+00
-3.600294351577758789e+00
-3.310276508331298828e+00
-3.171973943710327148e+00
-2.555413007736206055e+00
-2.059564113616943359e+00
-3.000888586044311523e+00
-2.410491466522216797e+00
-3.644759416580200195e+00
-2.658451795578002930e+00
-3.213454246520996094e+00
-3.647947788238525391e+00
-3.944679975509643555e+00
-3.352248191833496094e+00
-1.913033127784729004e+00
-2.751013040542602539e+00
-3.462182283401489258e+00
-2.991819381713867188e+00
-2.692404508590698242e+00
-2.668765544891357422e+00
-2.952544212341308594e+00
-3.595171451568603516e+00
-2.960466623306274414e+00
-3.184748888015747070e+00
-3.668997049331665039e+00
-3.362861633300781250e+00
-2.688388347625732422e+00
-1.987037420272827148e+00
-2.567439079284667969e+00
-2.245926380157470703e+00
-2.593028783798217773e+00
-2.811360120773315430e+00
-2.825455904006958008e+00
-2.669141769409179688e+00
-2.604393720626831055e+00
-3.049570798873901367e+00
-3.226158857345581055e+00
-2.605641603469848633e+00
-2.752429246902465820e+00
-1.725875616073608398e+00
-3.162472248077392578e+00
-4.017270088195800781e+00
-2.733495235443115234e+00
-3.297218322753906250e+00
-2.801368713378906250e+00
-3.186588525772094727e+00
-3.592212438583374023e+00
-2.370695352554321289e+00
-3.717974185943603516e+00
-2.395038843154907227e+00
-1.956785798072814941e+00
-2.668908357620239258e+00
-2.121044158935546875e+00
-2.624174356460571289e+00
-3.576590776443481445e+00
-3.091439723968505859e+00
-1.762736558914184570e+00
-2.312833786010742188e+00
-2.973621368408203125e+00
-3.434313535690307617e+00
-2.211071252822875977e+00
-3.774832963943481445e+00
-2.825061321258544922e+00
-3.246110677719116211e+00
-3.079658031463623047e+00
-2.827268600463867188e+00
-2.721809148788452148e+00
-3.058675289154052734e+00
-2.712154388427734375e+00
-3.295585393905639648e+00
-3.751452445983886719e+00
-2.318321466445922852e+00
-3.226944446563720703e+00
-3.669685125350952148e+00
-3.097756147384643555e+00
-1.817366957664489746e+00
-2.510724544525146484e+00
-2.598242521286010742e+00
-2.462833881378173828e+00
-2.163017511367797852e+00
-2.904709339141845703e+00
-2.012519359588623047e+00
-2.687843561172485352e+00
-2.901820659637451172e+00
-3.417299509048461914e+00
-2.104735374450683594e+00
-3.362634420394897461e+00
-3.677628993988037109e+00
-1.307350277900695801e+00
-3.019986152648925781e+00
-3.624311923980712891e+00
-2.768496990203857422e+00
-2.628486156463623047e+00
-3.437565088272094727e+00
-3.363656282424926758e+00
-2.947699069976806641e+00
-2.108672380447387695e+00
-2.931672334671020508e+00
-3.417725801467895508e+00
-3.436875104904174805e+00
-2.478124856948852539e+00
-3.915005207061767578e+00
-3.037706375122070312e+00
-1.671332240104675293e+00
-2.558163404464721680e+00
-1.442568063735961914e+00
-2.534051418304443359e+00
-2.851555347442626953e+00
-3.431591033935546875e+00
-4.002374172210693359e+00
-2.815666913986206055e+00
-2.604212045669555664e+00
-3.663047790527343750e+00
-1.435835242271423340e+00
-2.427914142608642578e+00
-2.961246013641357422e+00
-3.355002880096435547e+00
-2.905729532241821289e+00
-3.851601600646972656e+00
-3.579779863357543945e+00
-3.160328626632690430e+00
-3.875031709671020508e+00
-2.870447874069213867e+00
-3.255992412567138672e+00
-2.251725435256958008e+00
-1.737050771713256836e+00
-2.504118204116821289e+00
-3.204034566879272461e+00
-3.445125102996826172e+00
-2.751473903656005859e+00
-3.208587884902954102e+00
-3.272226572036743164e+00
-3.436248064041137695e+00
-1.863611698150634766e+00
-4.015053749084472656e+00
-3.480378150939941406e+00
-2.676017522811889648e+00
-3.447301864624023438e+00
-3.403443574905395508e+00
-3.315747737884521484e+00
-3.193923234939575195e+00
-2.496201753616333008e+00
-3.859767675399780273e+00
-3.277511835098266602e+00
-2.857764720916748047e+00
-3.502335548400878906e+00
-2.390746355056762695e+00
-3.434372663497924805e+00
-2.536198616027832031e+00
-3.987827777862548828e+00
-1.983326673507690430e+00
-1.510419130325317383e+00
-1.779700636863708496e+00
-3.472455739974975586e+00
-3.572097778320312500e+00
-2.259545803070068359e+00
-2.233258962631225586e+00
-3.452428340911865234e+00
-3.322099447250366211e+00
-3.516727924346923828e+00
-3.484032869338989258e+00
-2.503217458724975586e+00
-3.740589618682861328e+00
-2.682687997817993164e+00
-3.274812698364257812e+00
-2.521164417266845703e+00
-3.540714979171752930e+00
-3.963534832000732422e+00
-1.944590926170349121e+00
-2.931073665618896484e+00
-3.561274766921997070e+00
-3.050430297851562500e+00
-3.076062202453613281e+00
-2.897583484649658203e+00
-3.551564931869506836e+00
-2.593899488449096680e+00
-3.161137342453002930e+00
-3.286489963531494141e+00
-3.456559181213378906e+00
-3.072360754013061523e+00
-2.261521339416503906e+00
-2.247446298599243164e+00
-2.711798906326293945e+00
-3.311650037765502930e+00
-2.841722726821899414e+00
-3.005168437957763672e+00
-2.020863533020019531e+00
-2.953860282897949219e+00
-1.550647616386413574e+00
-2.514896869659423828e+00
-3.458372592926025391e+00
-3.159150600433349609e+00
-2.806964159011840820e+00
-2.388932466506958008e+00
-2.803643703460693359e+00
-2.937619447708129883e+00
-3.838066816329956055e+00
-2.370683670043945312e+00
-3.238383054733276367e+00
-3.615052938461303711e+00
-2.540601968765258789e+00
-3.257359504699707031e+00
-2.147112846374511719e+00
-3.732712745666503906e+00
-3.427319049835205078e+00
-2.347890853881835938e+00
-2.565705299377441406e+00
-2.409322977066040039e+00
-2.108773708343505859e+00
-3.738698959350585938e+00
-2.013816118240356445e+00
-2.966768741607666016e+00
-2.137291431427001953e+00
-3.448458909988403320e+00
-3.208889484405517578e+00
-3.888836383819580078e+00
-3.622195959091186523e+00
-2.871371269226074219e+00
-3.955641508102416992e+00
-3.967042684555053711e+00
-2.966271400451660156e+00
-2.571022748947143555e+00
-3.115328311920166016e+00
-3.807144165039062500e+00
-3.157841205596923828e+00
-2.421769380569458008e+00
-3.327870607376098633e+00
-2.449231147766113281e+00
-3.092492341995239258e+00
-2.672328948974609375e+00
-2.120628833770751953e+00
-2.015380859375000000e+00
-8.509002923965454102e-01
-3.156500339508056641e+00
-3.188698053359985352e+00
-2.498350858688354492e+00
-2.157692670822143555e+00
-1.758909702301025391e+00
-2.508251905441284180e+00
-1.969188451766967773e+00
-3.120152473449707031e+00
-3.037299394607543945e+00
-2.377982854843139648e+00
-3.833996295928955078e+00
-2.764058828353881836e+00
-3.723400115966796875e+00
-2.611918687820434570e+00
-2.121730327606201172e+00
-1.349393844604492188e+00
-3.725393772125244141e+00
-2.023730754852294922e+00
-2.840824365615844727e+00
-3.667865514755249023e+00
-2.896153688430786133e+00
-2.320710420608520508e+00
-2.847913503646850586e+00
-3.166385173797607422e+00
-1.281608343124389648e+00
-2.628929615020751953e+00
-2.491547822952270508e+00
-2.090464115142822266e+00
-2.768202304840087891e+00
-2.381856203079223633e+00
-2.330890655517578125e+00
-2.736307621002197266e+00
-4.003777027130126953e+00
-3.370388031005859375e+00
-1.628344774246215820e+00
-1.926761150360107422e+00
-3.195021629333496094e+00
-3.439350128173828125e+00
-3.498620271682739258e+00
-2.063422203063964844e+00
-3.443532943725585938e+00
-2.900777101516723633e+00
-2.014945507049560547e+00
-1.951897501945495605e+00
-2.719360828399658203e+00
-3.354517936706542969e+00
-2.353189229965209961e+00
-2.721119642257690430e+00
-2.882644176483154297e+00
-2.962393999099731445e+00
-3.226983785629272461e+00
-2.398081302642822266e+00
-1.552512407302856445e+00
-2.651829719543457031e+00
-2.174201965332031250e+00
-1.955766677856445312e+00
-2.034865617752075195e+00
-2.141884088516235352e+00
-2.952555418014526367e+00
-2.782377243041992188e+00
-2.261667728424072266e+00
-2.587640762329101562e+00
-2.421801328659057617e+00
-1.085219979286193848e+00
-2.698650360107421875e+00
-1.948418974876403809e+00
-2.136963605880737305e+00
-1.795348167419433594e+00
-3.570945501327514648e+00
-2.766140937805175781e+00
-9.540483951568603516e-01
-2.480779886245727539e+00
-1.444366455078125000e+00
-2.947182178497314453e+00
-2.814215660095214844e+00
-2.293322086334228516e+00
-2.952589988708496094e+00
-2.867799997329711914e+00
-2.560127258300781250e+00
-2.903020620346069336e+00
-2.648432254791259766e+00
-1.270841240882873535e+00
-2.854593992233276367e+00
-2.882884740829467773e+00
-2.812514066696166992e+00
-2.124319553375244141e+00
-3.358082771301269531e+00
-3.319365501403808594e+00
-2.411167860031127930e+00
-3.249989748001098633e+00
-2.492686748504638672e+00
-2.504404306411743164e+00
-2.353855609893798828e+00
-3.144443750381469727e+00
-2.131127834320068359e+00
-2.825509548187255859e+00
-1.726839423179626465e+00
-2.767433404922485352e+00
-3.135076522827148438e+00
-1.738259553909301758e+00
-1.645003557205200195e+00
-6.127789020538330078e-01
-2.296068191528320312e+00
-1.919458270072937012e+00
-2.597114801406860352e+00
-1.961901068687438965e+00
-2.629062414169311523e+00
-1.755427956581115723e+00
-3.105027198791503906e+00
-2.567742824554443359e+00
-1.046908259391784668e+00
-1.821164488792419434e+00
-1.451544284820556641e+00
-1.916732192039489746e+00
-2.129740476608276367e+00
-3.040554761886596680e+00
-3.487555742263793945e+00
-1.823998689651489258e+00
-2.553743124008178711e+00
-3.077099800109863281e+00
-1.988059282302856445e+00
-2.514810800552368164e+00
-3.545716524124145508e+00
-3.355134725570678711e+00
-2.673784494400024414e+00
-3.092359066009521484e+00
-3.010909795761108398e+00
-2.310147762298583984e+00
-3.627264022827148438e+00
-2.999662399291992188e+00
-8.878102898597717285e-01
-2.303712606430053711e+00
-2.905517101287841797e+00
-2.768985986709594727e+00
-2.464319229125976562e+00
-3.014038085937500000e+00
-2.174741268157958984e+00
-2.680724859237670898e+00
-1.196102976799011230e+00
-4.909005463123321533e-01
-1.867139458656311035e+00
-2.489537477493286133e+00
-3.274253606796264648e+00
-3.600561857223510742e+00
-1.890441179275512695e+00
-3.305800437927246094e+00
-3.377113103866577148e+00
-2.040806055068969727e+00
-1.242193341255187988e+00
-3.241507768630981445e+00
-3.149686098098754883e+00
-3.201048135757446289e+00
-1.924836039543151855e+00
-2.306533575057983398e+00
-2.130938291549682617e+00
-2.961337327957153320e+00
-3.076606988906860352e+00
-2.997758150100708008e+00
-2.761482954025268555e+00
-3.098939657211303711e+00
-1.256204247474670410e+00
-2.695572614669799805e+00
-1.017505884170532227e+00
-2.108714342117309570e+00
-3.064798593521118164e+00
-2.832162857055664062e+00
-1.101033091545104980e+00
-2.621430158615112305e+00
-2.493772029876708984e+00
-3.356179237365722656e+00
-2.600171566009521484e+00
-1.202631711959838867e+00
-1.895000696182250977e+00
-2.501390933990478516e+00
-3.082924842834472656e+00
-2.270074129104614258e+00
-3.026639223098754883e+00
-2.850467920303344727e+00
-2.448121070861816406e+00
-1.819649100303649902e+00
-8.878943324089050293e-01
-1.331150889396667480e+00
-3.416894912719726562e+00
-3.169100522994995117e+00
-3.835510253906250000e+00
-3.187846422195434570e+00
-3.067046403884887695e+00
-1.029565453529357910e+00
-3.077197790145874023e+00
-3.377228498458862305e+00
-1.314527869224548340e+00
-2.382114410400390625e+00
-2.309283971786499023e+00
-2.974191427230834961e+00
-2.328144073486328125e+00
-2.701622247695922852e+00
-1.806699872016906738e+00
-1.422599792480468750e+00
-2.351367712020874023e+00
-1.401113510131835938e+00
-2.521703243255615234e+00
-2.373032093048095703e+00
-2.973582029342651367e+00
-1.018787503242492676e+00
-4.110603809356689453e+00
-1.055075287818908691e+00
-3.153460264205932617e+00
-2.632758378982543945e+00
-4.089784145355224609e+00
-2.211629867553710938e+00
-2.932703018188476562e+00
-2.560983657836914062e+00
-3.405085325241088867e+00
-2.234037399291992188e+00
-3.642810583114624023e+00
-3.340274572372436523e+00
-2.961718082427978516e+00
-2.475511789321899414e+00
-2.701774835586547852e+00
-1.988947033882141113e+00
-3.549999237060546875e+00
-3.535235643386840820e+00
-2.779937028884887695e+00
-1.622318506240844727e+00
-2.248182058334350586e+00
-2.090062141418457031e+00
-2.039634943008422852e+00
-1.794484615325927734e+00
-3.198668003082275391e+00
-2.236478090286254883e+00
-2.063234806060791016e+00
-2.753936290740966797e+00
-3.135920047760009766e+00
-2.683727502822875977e+00
-3.099735736846923828e+00
-2.511894226074218750e+00
-2.458198070526123047e+00
-3.047773122787475586e+00
-2.677757740020751953e+00
-1.904255867004394531e+00
-3.025482177734375000e+00
-1.157420039176940918e+00
-1.706111907958984375e+00
-3.189387559890747070e+00
-2.772830009460449219e+00
-1.289245367050170898e+00
-2.705178737640380859e+00
-1.426636815071105957e+00
-1.953259706497192383e+00
-2.028823614120483398e+00
-3.582788944244384766e+00
-3.340232372283935547e+00
-1.497467279434204102e+00
-2.256608963012695312e+00
-3.408979892730712891e+00
-1.801725149154663086e+00
-1.786545634269714355e+00
-3.012093544006347656e+00
-2.782773256301879883e+00
-2.945159196853637695e+00
-2.685583114624023438e+00
-3.847256660461425781e+00
-3.741854906082153320e+00
-1.995839476585388184e+00
-2.563017606735229492e+00
-2.350579500198364258e+00
-2.393764734268188477e+00
-2.041207075119018555e+00
-3.339038133621215820e+00
-2.549105882644653320e+00
-1.613678216934204102e+00
-2.453915596008300781e+00
-2.709741890430450439e-01
-2.204848289489746094e+00
-3.129901647567749023e+00
-3.213473558425903320e+00
-2.968222379684448242e+00
-2.457770586013793945e+00
-3.135147571563720703e+00
-3.122743844985961914e+00
-1.209933996200561523e+00
-2.540084362030029297e+00
-3.610312223434448242e+00
-2.637389183044433594e+00
-3.297472715377807617e+00
-2.945234537124633789e+00
-1.985326170921325684e+00
-3.471698045730590820e+00
-1.260082483291625977e+00
-1.093218684196472168e+00
-2.606105804443359375e+00
-3.607942819595336914e+00
-2.803709268569946289e+00
-2.793619871139526367e+00
-2.309799432754516602e+00
-5.945483446121215820e-01
-2.311424493789672852e+00
-3.015926361083984375e+00
-3.386036872863769531e+00
-1.412519812583923340e+00
-3.297018051147460938e+00
-2.621462583541870117e+00
-2.973114013671875000e+00
-2.855432271957397461e+00
-2.235939502716064453e+00
-2.158474445343017578e+00
-2.817039489746093750e+00
-2.597056150436401367e+00
-2.108561515808105469e+00
-3.032727241516113281e-01
-2.602669477462768555e+00
-1.845536231994628906e+00
-2.856247901916503906e+00
-2.420554637908935547e+00
-2.816052198410034180e+00
-3.031884431838989258e+00
-5.388075113296508789e-01
-1.593129634857177734e+00
-2.740850448608398438e-01
-2.383939981460571289e+00
-2.269728183746337891e+00
-1.714602231979370117e+00
-1.792908310890197754e+00
-1.863537430763244629e+00
-2.943001031875610352e+00
-1.444657921791076660e+00
-2.830682754516601562e+00
-3.833632767200469971e-01
-2.752627611160278320e+00
-1.796713352203369141e+00
-2.079736709594726562e+00
-1.031329274177551270e+00
-1.993505001068115234e+00
-3.058001041412353516e+00
-2.620795726776123047e+00
-2.999000310897827148e+00
-2.563519477844238281e+00
-2.755630016326904297e+00
-2.014953851699829102e+00
-2.125467777252197266e+00
-3.051292181015014648e+00
-2.759628534317016602e+00
-2.846421241760253906e+00
-2.212381362915039062e+00
-1.033855080604553223e+00
-2.223441123962402344e+00
-2.295156955718994141e+00
-2.574225187301635742e+00
-3.016345739364624023e+00
-3.598866462707519531e+00
-2.461933612823486328e+00
-2.874678134918212891e+00
-2.906529426574707031e+00
-8.926997780799865723e-01
-2.702538728713989258e+00
-2.883645296096801758e+00
-2.301593065261840820e+00
-2.823454856872558594e+00
-2.117555141448974609e+00
-2.180003881454467773e+00
-1.838994860649108887e+00
-2.717685937881469727e+00
-2.591456413269042969e+00
-2.862910509109497070e+00
-2.910253524780273438e+00
-1.922782301902770996e+00
-6.999505758285522461e-01
-2.653720855712890625e+00
-2.372755527496337891e+00
-1.479758143424987793e+00
-1.045167922973632812e+00
-2.109016656875610352e+00
-2.690194129943847656e+00
-3.647051572799682617e+00
-3.428024768829345703e+00
-1.929716706275939941e+00
-2.324047565460205078e+00
-1.355403542518615723e+00
-3.839508771896362305e+00
-3.069862127304077148e+00
-1.265662193298339844e+00
-2.164700031280517578e+00
-3.835876226425170898e+00
-4.010680198669433594e+00
-2.865495443344116211e+00
-2.710396766662597656e+00
-2.233223915100097656e+00
-3.255989313125610352e+00
-2.357952356338500977e+00
-1.272511601448059082e+00
-2.206182003021240234e+00
-3.131745576858520508e+00
-1.789120793342590332e+00
-2.910041809082031250e+00
-2.376492261886596680e+00
-2.418979644775390625e+00
-3.311050653457641602e+00
-7.341465950012207031e-01
-2.651041030883789062e+00
-2.184031486511230469e+00
-3.317415714263916016e+00
-2.294588327407836914e+00
-3.093226909637451172e+00
-3.343023538589477539e+00
-2.104229927062988281e+00
-3.349723815917968750e-01
-2.876436710357666016e+00
-2.980822324752807617e+00
-2.319513082504272461e+00
-1.739099264144897461e+00
-2.406469821929931641e+00
-1.281014561653137207e+00
-2.231488943099975586e+00
-1.870592117309570312e+00
-2.936970949172973633e+00
-1.897700309753417969e+00
-2.476881742477416992e+00
-1.652894139289855957e+00
-2.757306575775146484e+00
-1.039281606674194336e+00
-1.865560770034790039e+00
-1.709381699562072754e+00
-7.445222139358520508e-01
-3.289669036865234375e+00
-2.122713804244995117e+00
-3.021776676177978516e+00
-3.118421077728271484e+00
-1.228470921516418457e+00
-2.512009382247924805e+00
-1.626887202262878418e+00
-1.820573329925537109e+00
-1.954379081726074219e+00
-3.081697225570678711e+00
-1.885394930839538574e+00
-1.385187268257141113e+00
-1.486746430397033691e+00
-2.773561239242553711e+00
-1.521081805229187012e+00
-2.260563611984252930e+00
-2.978523731231689453e+00
-7.936689257621765137e-01
-2.185690164566040039e+00
-1.924123883247375488e+00
-2.199710130691528320e+00
-2.906450271606445312e+00
-3.162938833236694336e+00
-3.087009191513061523e+00
-2.450858354568481445e+00
-1.278193235397338867e+00
-2.766628265380859375e+00
-1.604553341865539551e+00
-2.262063264846801758e+00
-2.812937259674072266e+00
-2.320049524307250977e+00
-3.259068250656127930e+00
-1.776837110519409180e+00
-2.557422637939453125e+00
-2.471517086029052734e+00
-8.823619484901428223e-01
-2.799343109130859375e+00
-2.416272878646850586e+00
-2.674458742141723633e+00
-2.805667877197265625e+00
-2.962419986724853516e+00
-1.609031558036804199e+00
-3.728307485580444336e+00
-2.401565551757812500e+00
-1.142427086830139160e+00
-2.734626054763793945e+00
-1.120154023170471191e+00
-1.251888394355773926e+00
-1.477057218551635742e+00
-3.265864849090576172e+00
-3.333887338638305664e+00
-3.206641912460327148e+00
-2.675667285919189453e+00
-3.499473094940185547e+00
-1.401456117630004883e+00
-1.985827922821044922e+00
-2.176488637924194336e+00
-2.587797641754150391e+00
-2.001319408416748047e+00
-2.646502017974853516e+00
-3.116445541381835938e+00
-2.798185110092163086e+00
-3.090744018554687500e+00
-2.154391765594482422e+00
-1.558020234107971191e+00
-2.201790809631347656e+00
-2.902233600616455078e+00
-2.903492927551269531e+00
-3.294916391372680664e+00
-2.488063812255859375e+00
-2.728643655776977539e+00
-2.718691825866699219e+00
-1.699165105819702148e+00
-2.131309032440185547e+00
-1.834486603736877441e+00
-2.121500015258789062e+00
-1.099674105644226074e+00
-2.623202562332153320e+00
-1.952421665191650391e+00
-2.220127820968627930e+00
-2.498403310775756836e+00
-2.859076261520385742e+00
-2.231850385665893555e+00
-2.002743244171142578e+00
-2.904645681381225586e+00
-1.600412726402282715e+00
-2.154994487762451172e+00
-1.955451726913452148e+00
-2.330206632614135742e+00
-2.208872318267822266e+00
-1.307084083557128906e+00
-1.906657338142395020e+00
-1.967007637023925781e+00
-2.912386178970336914e+00
-2.999630689620971680e+00
-2.199972152709960938e+00
-1.583784103393554688e+00
-1.535261273384094238e+00
-3.263050079345703125e+00
-2.354781389236450195e+00
-1.164201617240905762e+00
-2.942827701568603516e+00
-3.533974409103393555e+00
-3.654866695404052734e+00
-1.067256331443786621e+00
-3.340206623077392578e+00
-2.728667497634887695e+00
-1.612907648086547852e+00
-1.906462907791137695e+00
-3.562938690185546875e+00
-2.926237344741821289e+00
-3.089159488677978516e+00
-2.412822723388671875e+00
-3.206586360931396484e+00
-8.017874956130981445e-01
-3.028926849365234375e+00
-3.639880657196044922e+00
-3.318840980529785156e+00
-2.762082576751708984e+00
-1.514289259910583496e+00
-2.197455167770385742e+00
-3.107535600662231445e+00
-1.574989557266235352e+00
-2.398036479949951172e+00
-2.326177597045898438e+00
-2.256814956665039062e+00
-2.698812007904052734e+00
-2.186419963836669922e+00
-9.344437122344970703e-01
-2.868123531341552734e+00
-2.389446735382080078e+00
-4.432815313339233398e-01
-2.900317430496215820e+00
-2.424636840820312500e+00
-9.421650767326354980e-01
-2.087161302566528320e+00
-2.467920541763305664e+00
-1.772158741950988770e+00
-3.154691696166992188e+00
-2.537998437881469727e+00
-2.567929506301879883e+00
-2.134588956832885742e+00
-2.762120485305786133e+00
-2.805720567703247070e+00
-1.413523077964782715e+00
-2.158100366592407227e+00
-2.434993743896484375e+00
-2.185368061065673828e+00
-1.609966397285461426e+00
-2.283975124359130859e+00
-3.062941312789916992e+00
-1.317574620246887207e+00
-3.122216463088989258e+00
-3.050916433334350586e+00
-1.714660406112670898e+00
-1.349353045225143433e-01
-1.996617436408996582e+00
-1.369689106941223145e+00
-1.507200717926025391e+00
-2.944602251052856445e+00
-3.086729764938354492e+00
-3.165566205978393555e+00
-4.409148395061492920e-01
-2.974488258361816406e+00
-3.227837324142456055e+00
-2.640317916870117188e+00
-2.775212764739990234e+00
-1.086420178413391113e+00
-3.343442201614379883e+00
-3.118235826492309570e+00
-3.367424964904785156e+00
-6.106950640678405762e-01
-2.299778223037719727e+00
-2.882109642028808594e+00
-2.131164073944091797e+00
-3.162975311279296875e+00
-2.210389852523803711e+00
-1.864529132843017578e+00
-2.953181743621826172e+00
-1.974818229675292969e+00
-2.276450157165527344e+00
-2.603656053543090820e+00
-9.432365298271179199e-01
-2.893947362899780273e+00
-3.182544708251953125e+00
-3.126743078231811523e+00
-2.387670755386352539e+00
-2.201940536499023438e+00
-2.717424631118774414e+00
-3.681127548217773438e+00
-2.642219305038452148e+00
-3.314416646957397461e+00
-1.761801123619079590e+00
-3.078416347503662109e+00
-1.460045099258422852e+00
-3.387844324111938477e+00
-2.579969406127929688e+00
-2.343719244003295898e+00
-2.701195716857910156e+00
-2.819557905197143555e+00
-3.370173692703247070e+00
-3.020088911056518555e+00
-3.406770467758178711e+00
-3.093719005584716797e+00
-3.260131597518920898e+00
-2.772208690643310547e+00
-2.823494672775268555e+00
-1.474774003028869629e+00
-3.267303466796875000e+00
-3.295737504959106445e+00
-9.497681260108947754e-02
-1.335235595703125000e+00
-2.122468471527099609e+00
-2.053155660629272461e+00
-2.172507286071777344e+00
-2.636563301086425781e+00
-1.348742961883544922e+00
-3.025957584381103516e+00
-3.058773756027221680e+00
-2.553499698638916016e+00
-3.062052726745605469e+00
-2.631105661392211914e+00
-8.008430600166320801e-01
-2.425842761993408203e+00
-1.899984717369079590e+00
-2.766668796539306641e+00
-2.905662059783935547e+00
-3.250931501388549805e+00
-2.703322887420654297e+00
-1.843944311141967773e+00
-8.589192628860473633e-01
-1.319830536842346191e+00
-2.668206930160522461e+00
-2.272467851638793945e+00
-2.826473951339721680e+00
-3.065391302108764648e+00
-3.431198835372924805e+00
-2.150390863418579102e+00
-1.141651391983032227e+00
-2.004659652709960938e+00
-2.237836122512817383e+00
-1.802759885787963867e+00
-2.217193841934204102e+00
-3.066246986389160156e+00
-1.870917439460754395e+00
-3.565761327743530273e+00
-2.332458734512329102e+00
-2.729235887527465820e+00
-1.401087522506713867e+00
-1.560912609100341797e+00
-7.992974519729614258e-01
-1.847528576850891113e+00
-2.169488668441772461e+00
-2.314929008483886719e+00
-3.135570764541625977e+00
-1.840350508689880371e+00
-2.221833705902099609e+00
-2.014049530029296875e+00
-2.303819656372070312e+00
-1.208479881286621094e+00
-9.656639695167541504e-01
-2.427254199981689453e+00
-2.976407289505004883e+00
-2.149188756942749023e+00
-2.251420974731445312e+00
-2.675151824951171875e+00
-3.157736539840698242e+00
-8.911041021347045898e-01
-2.988535642623901367e+00
-1.393787741661071777e+00
-3.296079397201538086e+00
-2.981821298599243164e+00
-2.838440656661987305e+00
-3.145792484283447266e+00
-6.830468177795410156e-01
-2.150555849075317383e+00
-2.860266208648681641e+00
-2.559620618820190430e+00
-2.145456314086914062e+00
-2.421467542648315430e+00
-2.601840972900390625e+00
-1.753638744354248047e+00
-1.454600453376770020e+00
-1.642193913459777832e+00
-2.240469455718994141e+00
-2.263574361801147461e+00
-2.109086751937866211e+00
-2.196916103363037109e+00
-3.301069498062133789e+00
-1.665122747421264648e+00
-3.095784902572631836e+00
-3.213563203811645508e+00
-3.232907772064208984e+00
-2.067944526672363281e+00
-1.705849885940551758e+00
-3.293474435806274414e+00
-2.682869195938110352e+00
-2.523393392562866211e+00
-3.280915021896362305e+00
-2.133086442947387695e+00
-1.198669672012329102e+00
-2.103592395782470703e+00
-2.238530158996582031e+00
-3.426787137985229492e+00
-2.285905599594116211e+00
-2.624191761016845703e+00
-3.515150308609008789e+00
-1.844730615615844727e+00
-2.762543439865112305e+00
-1.803931236267089844e+00
-2.896806955337524414e+00
-3.550490617752075195e+00
-2.498590469360351562e+00
-2.944625139236450195e+00
-3.233289003372192383e+00
-1.466932177543640137e+00
-3.213652133941650391e+00
-1.776557207107543945e+00
-2.772538185119628906e+00
-1.205652594566345215e+00
-2.451156139373779297e+00
-1.825876355171203613e+00
-2.396379947662353516e+00
-3.363156795501708984e+00
-2.977228403091430664e+00
-2.107083797454833984e+00
-2.238817453384399414e+00
-2.402513742446899414e+00
-8.977251648902893066e-01
-2.921747684478759766e+00
-1.748777747154235840e+00
-2.064512014389038086e+00
-2.506132125854492188e+00
-1.902564048767089844e+00
-2.492947340011596680e+00
-2.499620914459228516e+00
-2.736837625503540039e+00
-2.811799526214599609e+00
-3.371486663818359375e+00
-2.699065685272216797e+00
-1.168570756912231445e+00
-2.930121898651123047e+00
-2.757423400878906250e+00
-9.484286904335021973e-01
-3.167936086654663086e+00
-2.973782062530517578e+00
-2.655612230300903320e+00
-2.912699460983276367e+00
-2.677111625671386719e+00
-1.825372576713562012e+00
-7.840331792831420898e-01
-1.471507549285888672e+00
-1.070259094238281250e+00
-2.271168231964111328e+00
-1.958043217658996582e+00
-2.892868757247924805e+00
-3.547275066375732422e+00
-2.182738542556762695e+00
-2.681804180145263672e+00
-2.818965435028076172e+00
-2.199807643890380859e+00
-2.649070978164672852e+00
-3.725650072097778320e+00
-2.294410467147827148e+00
-1.973906278610229492e+00
-2.580525636672973633e+00
-2.056180477142333984e+00
-2.765350341796875000e+00
-3.491877555847167969e+00
-2.520951032638549805e+00
-2.085187435150146484e+00
-2.972712516784667969e+00
-3.491756200790405273e+00
-2.032418012619018555e+00
-2.792022705078125000e+00
-1.460278630256652832e+00
-1.353599905967712402e+00
-2.394178867340087891e+00
-1.733397126197814941e+00
-2.295107841491699219e+00
-1.754902005195617676e+00
-2.461615562438964844e+00
-2.739342212677001953e+00
-4.777680933475494385e-01
-2.321123600006103516e+00
-1.916398882865905762e+00
-2.971252202987670898e+00
-2.583170652389526367e+00
-2.258594274520874023e+00
-2.489800691604614258e+00
-2.975046157836914062e+00
-2.641030550003051758e+00
-1.694350004196166992e+00
-3.170628070831298828e+00
-9.302859902381896973e-01
-2.921878099441528320e+00
-2.022889375686645508e+00
-8.667815923690795898e-01
-2.882286787033081055e+00
-3.155002117156982422e+00
-2.306580305099487305e+00
-1.413724899291992188e+00
-2.736266136169433594e+00
-3.899973630905151367e+00
-2.881266355514526367e+00
-1.323925018310546875e+00
-3.036222457885742188e+00
-2.184048175811767578e+00
-2.866142749786376953e+00
-2.067070722579956055e+00
-2.584795475006103516e+00
-3.162939786911010742e+00
-2.776385784149169922e+00
-2.596909523010253906e+00
-3.369833230972290039e+00
-3.307136774063110352e+00
-3.487072944641113281e+00
-3.152209281921386719e+00
-2.845760583877563477e+00
-1.854492902755737305e+00
-9.219745993614196777e-01
-2.369005441665649414e+00
-2.245939254760742188e+00
-1.488482117652893066e+00
-1.690953135490417480e+00
-2.324802875518798828e+00
-2.985456466674804688e+00
-3.246965646743774414e+00
-3.200885057449340820e+00
-3.161153078079223633e+00
-1.993907213211059570e+00
-2.485457420349121094e+00
-2.637101411819458008e+00
-1.275271296501159668e+00
-2.413220643997192383e+00
-2.766592502593994141e+00
-2.326355218887329102e+00
-1.320785999298095703e+00
-2.270009756088256836e+00
-2.298388242721557617e+00
-2.363631486892700195e+00
-1.649064302444458008e+00
-2.332322120666503906e+00
-2.143054723739624023e+00
-2.200047492980957031e+00
-2.688007831573486328e+00
-2.624944210052490234e+00
-1.724119305610656738e+00
-6.838074922561645508e-01
-3.090720176696777344e+00
-1.870229363441467285e+00
-3.209176301956176758e+00
-2.660611867904663086e+00
-2.280723333358764648e+00
-8.448887467384338379e-01
-2.136662721633911133e+00
-1.792191505432128906e+00
-2.136162281036376953e+00
-2.046158075332641602e+00
-2.952064275741577148e+00
-1.843602418899536133e+00
-2.439427852630615234e+00
-2.877623558044433594e+00
-2.241962909698486328e+00
-2.338392734527587891e+00
-2.447289705276489258e+00
-3.290918111801147461e+00
-1.335833072662353516e+00
-2.053768157958984375e+00
-2.659340858459472656e+00
-3.286700010299682617e+00
-3.250823497772216797e+00
-2.502957820892333984e+00
-2.028478145599365234e+00
-9.254608154296875000e-01
-2.288345098495483398e+00
-5.943344235420227051e-01
-2.306090831756591797e+00
-1.438820838928222656e+00
-2.915929555892944336e+00
-3.191716194152832031e+00
-2.698505878448486328e+00
-3.115884304046630859e+00
-2.516519308090209961e+00
-1.911149978637695312e+00
-3.505181074142456055e+00
-2.243306875228881836e+00
-2.401814222335815430e+00
-2.825521707534790039e+00
-2.202288627624511719e+00
-2.912787675857543945e+00
-3.853744268417358398e+00
-3.534718751907348633e+00
-3.561032056808471680e+00
-2.767384290695190430e+00
-3.549576520919799805e+00
-2.054207563400268555e+00
-2.423636198043823242e+00
-2.863847732543945312e+00
-2.654509544372558594e+00
-2.272621154785156250e+00
-2.362277984619140625e+00
-3.327132225036621094e+00
-2.964787721633911133e+00
-1.876894712448120117e+00
-2.468580007553100586e+00
-3.225919485092163086e+00
-2.443832397460937500e+00
-3.133620500564575195e+00
-2.988174676895141602e+00
-2.175677418708801270e-01
-3.471803665161132812e+00
-1.973245859146118164e+00
-1.518430829048156738e+00
-2.032222270965576172e+00
-2.380892038345336914e+00
-2.030434131622314453e+00
-3.239526987075805664e+00
-1.560070514678955078e+00
-2.067640304565429688e+00
-2.902879714965820312e+00
-3.152710914611816406e+00
-2.783267736434936523e+00
-1.817770242691040039e+00
-3.210359334945678711e+00
-3.221409082412719727e+00
-2.633412122726440430e+00
-3.597171306610107422e+00
-1.553800702095031738e+00
-3.281020164489746094e+00
-2.584752082824707031e+00
-3.134692668914794922e+00
-2.777401924133300781e+00
-2.004604578018188477e+00
-9.349408149719238281e-01
-3.570757150650024414e+00
-1.838991999626159668e+00
-2.022995948791503906e+00
-1.683974385261535645e+00
-2.972672462463378906e+00
-2.714688777923583984e+00
-2.268899202346801758e+00
-9.169364571571350098e-01
-2.131242513656616211e+00
-3.108065366744995117e+00
-3.505737066268920898e+00
-1.084161639213562012e+00
-3.257990360260009766e+00
-2.085825204849243164e+00
-3.557765483856201172e+00
-1.990638852119445801e+00
-2.199609994888305664e+00
-1.270813822746276855e+00
-1.393748641014099121e+00
-3.924376487731933594e+00
-3.058675527572631836e+00
-1.991774916648864746e+00
-3.031613349914550781e+00
-2.918755769729614258e+00
-3.662896871566772461e+00
-3.528368473052978516e+00
-3.308571100234985352e+00
-2.326094627380371094e+00
-2.163162946701049805e+00
-3.719319820404052734e+00
-2.863737106323242188e+00
-3.743731975555419922e+00
-1.523653507232666016e+00
-3.117845296859741211e+00
-1.614347219467163086e+00
-2.544245481491088867e+00
-9.630612134933471680e-01
-1.312176823616027832e+00
-3.140055418014526367e+00
-3.045075654983520508e+00
-3.190416097640991211e+00
-2.190138578414916992e+00
-3.185652256011962891e+00
-9.898882508277893066e-01
-3.279372453689575195e+00
-2.410332918167114258e+00
-2.990645170211791992e+00
-1.363175272941589355e+00
-2.576678276062011719e+00
-1.830585002899169922e+00
-1.174640893936157227e+00
-9.570720195770263672e-01
-1.791187405586242676e+00
-2.772188901901245117e+00
-2.479285717010498047e+00
-2.404390335083007812e+00
-3.218841552734375000e+00
-2.124512672424316406e+00
-1.478193879127502441e+00
-2.474748849868774414e+00
-2.645918130874633789e+00
-2.172827243804931641e+00
-1.873551726341247559e+00
-3.026234149932861328e+00
-3.536196231842041016e+00
-2.041614532470703125e+00
-2.076902866363525391e+00
-1.865058064460754395e+00
-2.851466178894042969e+00
-1.934564590454101562e+00
-2.601502656936645508e+00
-3.226059675216674805e+00
-2.565100431442260742e+00
-2.597263813018798828e+00
-3.627056121826171875e+00
-2.444654226303100586e+00
-2.700891494750976562e+00
-2.375191211700439453e+00
-2.813988924026489258e+00
-2.997382879257202148e+00
-3.019318342208862305e+00
-3.559008598327636719e+00
-3.156833648681640625e+00
-2.963618516921997070e+00
-2.989262819290161133e+00
-3.578227281570434570e+00
-3.077600479125976562e+00
-2.459303140640258789e+00
-2.056445121765136719e+00
-2.817885875701904297e+00
-3.445588827133178711e+00
-2.022446870803833008e+00
-2.018832921981811523e+00
-3.389328241348266602e+00
-3.603212118148803711e+00
-3.183989524841308594e+00
-3.662884235382080078e+00
-3.329686403274536133e+00
-2.949247837066650391e+00
-2.435586452484130859e+00
-1.491430401802062988e+00
-1.926459670066833496e+00
-4.041727542877197266e+00
-2.338485002517700195e+00
-2.844223022460937500e+00
-3.592390060424804688e+00
-3.114786386489868164e+00
-3.373049974441528320e+00
-3.956989049911499023e+00
-3.024753570556640625e+00
-2.755116939544677734e+00
-3.582751274108886719e+00
-3.651724815368652344e+00
-2.183563947677612305e+00
-3.623669862747192383e+00
-1.725106835365295410e+00
-3.573393821716308594e+00
-3.638496875762939453e+00
-3.868630647659301758e+00
-1.487691283226013184e+00
-1.689324498176574707e+00
-3.028996467590332031e+00
-1.340341567993164062e+00
-1.246091008186340332e+00
-1.266626834869384766e+00
-2.671730518341064453e+00
-1.345546722412109375e+00
-2.610589981079101562e+00
-2.649051904678344727e+00
-1.026929378509521484e+00
-1.596981763839721680e+00
-2.355779409408569336e+00
-9.539438486099243164e-01
-2.376699447631835938e+00
-1.278936266899108887e+00
-2.239145278930664062e+00
-1.358080863952636719e+00
-1.830555796623229980e+00
-2.557783603668212891e+00
-1.730696916580200195e+00
-2.313979148864746094e+00
-2.566636800765991211e+00
-2.191052913665771484e+00
-1.730440020561218262e+00
-8.761190772056579590e-01
-1.529759049415588379e+00
-1.869046807289123535e+00
-1.475690841674804688e+00
-1.251280307769775391e+00
-2.530144691467285156e+00
-2.894814968109130859e+00
-2.513539552688598633e+00
-2.183824777603149414e+00
-2.300506353378295898e+00
-1.968379497528076172e+00
-1.650384545326232910e+00
-1.608500123023986816e+00
-1.234877184033393860e-01
-2.730286598205566406e+00
-2.297766208648681641e+00
-2.725318670272827148e+00
-1.420249819755554199e+00
-1.777281045913696289e+00
-2.086995840072631836e+00
-1.765167117118835449e+00
-2.086961269378662109e+00
-2.481427431106567383e+00
-3.257711410522460938e+00
-3.405121088027954102e+00
-1.755259871482849121e+00
-2.712552785873413086e+00
-2.367844104766845703e+00
-3.115334987640380859e+00
-2.140352249145507812e+00
-3.040614366531372070e+00
-1.276039719581604004e+00
-1.135829091072082520e+00
-3.154649972915649414e+00
-1.987417817115783691e+00
-3.276026010513305664e+00
-2.482951164245605469e+00
-2.261294126510620117e+00
-7.066261023283004761e-02
-3.305268764495849609e+00
-2.404707908630371094e+00
-1.561163425445556641e+00
-2.896553516387939453e+00
-2.981739521026611328e+00
-3.110386133193969727e+00
-1.109044432640075684e+00
-2.631647825241088867e+00
-2.795113086700439453e+00
-1.526106238365173340e+00
-3.071402072906494141e+00
-3.210977792739868164e+00
-2.445052146911621094e+00
-1.777391791343688965e+00
-1.854656934738159180e+00
-2.769625902175903320e+00
-2.577082157135009766e+00
-3.383000135421752930e+00
-1.417303919792175293e+00
-1.838917851448059082e+00
-3.486416578292846680e+00
-2.495681524276733398e+00
-3.183411121368408203e+00
-2.801303863525390625e+00
-2.475479125976562500e+00
-3.812109708786010742e+00
-4.278389453887939453e+00
-1.839640021324157715e+00
-2.307750225067138672e+00
-3.213734149932861328e+00
-3.438028335571289062e+00
-2.910058736801147461e+00
-2.838010072708129883e+00
-1.610826015472412109e+00
-2.147259473800659180e+00
-2.417042255401611328e+00
-3.184579849243164062e+00
-1.409449219703674316e+00
-2.130902051925659180e+00
-2.687380790710449219e+00
-3.426977872848510742e+00
-3.618572950363159180e+00
-1.612856864929199219e+00
-2.903993844985961914e+00
-7.014907002449035645e-01
-9.409143328666687012e-01
-3.012326002120971680e+00
-1.937872171401977539e+00
-1.497890591621398926e+00
-2.450861930847167969e+00
-2.670407772064208984e+00
-1.774174690246582031e+00
-2.180899620056152344e+00
-1.876706600189208984e+00
-2.080605506896972656e+00
-2.982979297637939453e+00
-2.108060359954833984e+00
-2.239203453063964844e+00
-2.521674633026123047e+00
-1.904499888420104980e+00
-1.656083583831787109e+00
-2.696637392044067383e+00
-2.646169424057006836e+00
-2.390215158462524414e+00
-2.120530128479003906e+00
-1.619521021842956543e+00
-1.761794686317443848e+00
-1.485403180122375488e+00
-1.439554095268249512e+00
-2.764825582504272461e+00
-2.825301647186279297e+00
-2.225502252578735352e+00
-2.482147693634033203e+00
-1.876831650733947754e+00
-2.694787502288818359e+00
-1.093845844268798828e+00
-2.344924211502075195e+00
-2.484108448028564453e+00
-1.978778004646301270e+00
-5.110174417495727539e-01
-1.991788148880004883e+00
-2.164825916290283203e+00
-2.732120513916015625e+00
-2.967870235443115234e+00
-9.192873835563659668e-01
-1.894996523857116699e+00
-1.994916677474975586e+00
-2.147856950759887695e+00
-3.369745254516601562e+00
-2.473343372344970703e+00
-2.646174192428588867e+00
-2.340496063232421875e+00
-2.607947587966918945e+00
-3.604549169540405273e+00
-2.274837255477905273e+00
-2.358716011047363281e+00
-2.767251014709472656e+00
-3.345005273818969727e+00
-1.667711734771728516e+00
-2.166435718536376953e+00
-3.258895635604858398e+00
-3.176084041595458984e+00
-2.427166700363159180e+00
-2.307563304901123047e+00
-2.433772325515747070e+00
-3.810896635055541992e+00
-2.989376306533813477e+00
-3.154521226882934570e+00
-2.560007333755493164e+00
-2.220681905746459961e+00
-2.407456159591674805e+00
-3.303445339202880859e+00
-3.065086126327514648e+00
-1.868629455566406250e+00
-8.923940062522888184e-01
-3.174023866653442383e+00
-2.525325775146484375e+00
-1.603798627853393555e+00
-2.998675107955932617e+00
-2.654195070266723633e+00
-2.560973405838012695e+00
-2.769924163818359375e+00
-4.438494443893432617e-01
-3.409026622772216797e+00
-1.853361487388610840e+00
-3.039222478866577148e+00
-2.312772750854492188e+00
-7.145396471023559570e-01
-6.699138283729553223e-01
-1.894929409027099609e+00
-2.506771087646484375e+00
-1.961261987686157227e+00
-1.274021863937377930e+00
-2.674111604690551758e+00
-7.278043031692504883e-01
-1.692363142967224121e+00
-8.642249703407287598e-01
-2.709362268447875977e+00
-3.049442291259765625e+00
-2.549423217773437500e+00
-2.943611383438110352e+00
-1.532235383987426758e+00
-1.122491121292114258e+00
-1.091755867004394531e+00
-2.786739110946655273e+00
-3.030769348144531250e+00
-2.031307935714721680e+00
-1.867870926856994629e+00
-2.819494009017944336e+00
-2.575490236282348633e+00
-2.269097089767456055e+00
-3.115391016006469727e+00
-2.286037206649780273e+00
-1.190880537033081055e+00
-2.586507797241210938e+00
-2.424981594085693359e+00
-1.496406316757202148e+00
-2.126433372497558594e+00
-2.976600646972656250e+00
-3.349035739898681641e+00
-2.410583734512329102e+00
-2.485385894775390625e+00
-3.685036182403564453e+00
-2.116932153701782227e+00
-2.274263381958007812e+00
-2.504106998443603516e+00
-3.600695371627807617e+00
-2.789389610290527344e+00
-2.784621238708496094e+00
-1.017514109611511230e+00
-3.538728952407836914e+00
-3.796616554260253906e+00
-1.872697949409484863e+00
-2.635825872421264648e+00
-2.704729080200195312e+00
-1.973950982093811035e+00
-3.209140062332153320e+00
-2.291472911834716797e+00
-3.283970355987548828e+00
-1.319856047630310059e+00
-3.405561208724975586e+00
-1.634282708168029785e+00
-3.136024236679077148e+00
-1.475511193275451660e+00
-2.840680599212646484e+00
-2.908618688583374023e+00
-3.290689468383789062e+00
-3.403013944625854492e+00
-2.040438890457153320e+00
-2.115647077560424805e+00
-2.783230304718017578e+00
-1.593592762947082520e+00
-1.729476451873779297e+00
-1.759577989578247070e+00
-1.267460465431213379e+00
-9.467092156410217285e-01
-1.581523895263671875e+00
-2.017047405242919922e+00
-2.236859798431396484e+00
-1.730192899703979492e+00
-6.951411962509155273e-01
-2.216974020004272461e+00
-1.469083786010742188e+00
-1.675568819046020508e+00
-1.127739310264587402e+00
-2.206948518753051758e+00
-2.298959016799926758e+00
-1.982515811920166016e+00
-2.644243001937866211e+00
-2.308132886886596680e+00
-1.465571045875549316e+00
-2.539114713668823242e+00
-3.148154318332672119e-01
-9.256637096405029297e-01
-1.553732275962829590e+00
-1.890358686447143555e+00
-8.423000574111938477e-01
-1.139356851577758789e+00
-1.704441905021667480e+00
-1.366596460342407227e+00
-2.287383556365966797e+00
-2.203319311141967773e+00
-1.917085289955139160e+00
-2.345410287380218506e-01
-1.103775024414062500e+00
-2.149944543838500977e+00
-2.514073848724365234e+00
-4.668375551700592041e-01
-7.556005716323852539e-01
-1.648027181625366211e+00
-2.147695302963256836e+00
-1.115741610527038574e+00
-2.498409986495971680e+00
-2.761545658111572266e+00
-1.651104092597961426e+00
-2.778489828109741211e+00
-2.211882591247558594e+00
-3.783205270767211914e+00
-3.195945978164672852e+00
-2.151226282119750977e+00
-2.773055791854858398e+00
-3.003597497940063477e+00
-3.143935918807983398e+00
-3.234672784805297852e+00
-3.674279212951660156e+00
-3.262876272201538086e+00
-1.193062663078308105e+00
-3.144892215728759766e+00
-2.914854049682617188e+00
-2.139153003692626953e+00
-2.348304986953735352e+00
-1.372811794281005859e+00
-2.970404386520385742e+00
-2.310628890991210938e+00
-2.485037565231323242e+00
-2.114938735961914062e+00
-2.850375413894653320e+00
-2.406053543090820312e+00
-2.828500509262084961e+00
-2.138894557952880859e+00
-2.475921154022216797e+00
-3.386785984039306641e+00
-2.318520784378051758e+00
-2.125406503677368164e+00
-2.090456724166870117e+00
-2.895599126815795898e+00
-1.499543190002441406e+00
-2.173480033874511719e+00
-2.913438081741333008e+00
-3.587269306182861328e+00
-1.221193432807922363e+00
-3.170035839080810547e+00
-1.767754912376403809e+00
-2.473802566528320312e+00
-1.580353260040283203e+00
-3.213064432144165039e+00
-2.797452688217163086e+00
-3.428152561187744141e+00
-2.312533855438232422e+00
-1.943673849105834961e+00
-1.796270966529846191e+00
-3.408085823059082031e+00
-3.787931919097900391e+00
-1.537802100181579590e+00
-1.408393979072570801e+00
-3.059359073638916016e+00
-1.393456578254699707e+00
-2.324059009552001953e+00
-3.427956581115722656e+00
-3.584786415100097656e+00
-3.688781261444091797e+00
-3.609639644622802734e+00
-2.771837234497070312e+00
-2.207098007202148438e+00
-2.774541616439819336e+00
-3.474513292312622070e+00
-3.402412176132202148e+00
-2.323436737060546875e+00
-2.250723838806152344e+00
-2.767207384109497070e+00
-1.677553296089172363e+00
-1.751731514930725098e+00
-2.707344770431518555e+00
-1.732757449150085449e+00
-1.773966193199157715e+00
-1.197419285774230957e+00
-1.118953108787536621e+00
-2.750904560089111328e+00
-1.407557845115661621e+00
-1.548815250396728516e+00
-2.303983926773071289e+00
-1.814536690711975098e+00
-2.755636930465698242e+00
-1.802677154541015625e+00
-1.062086224555969238e+00
-3.068901300430297852e+00
-2.508849859237670898e+00
-2.612463712692260742e+00
-1.925964236259460449e+00
-8.619620203971862793e-01
-1.837853074073791504e+00
-1.773406505584716797e+00
-8.786913156509399414e-01
-2.414000272750854492e+00
-1.285903930664062500e+00
-1.653313159942626953e+00
-1.570709347724914551e+00
-2.126304626464843750e+00
-1.561070382595062256e-01
-8.046502470970153809e-01
-1.027107119560241699e+00
-8.384653925895690918e-01
-1.554801464080810547e+00
-1.373182535171508789e+00
-1.089875340461730957e+00
-2.115540981292724609e+00
-2.561456680297851562e+00
-1.208860993385314941e+00
-1.354999542236328125e+00
-1.506359696388244629e+00
-1.579432487487792969e+00
-2.513685464859008789e+00
-1.815941214561462402e+00
-3.185598373413085938e+00
-1.905142664909362793e+00
-2.239260673522949219e+00
-2.195261955261230469e+00
-2.909408807754516602e+00
-1.422653555870056152e+00
-1.306608438491821289e+00
-1.259650945663452148e+00
-1.736669540405273438e+00
-2.420477628707885742e+00
-1.606663703918457031e+00
-2.310097694396972656e+00
-1.664675354957580566e+00
-1.156072378158569336e+00
-1.935611844062805176e+00
-2.744852304458618164e+00
-8.872937560081481934e-01
-2.379554271697998047e+00
-2.385260820388793945e+00
-1.600405812263488770e+00
-1.222483038902282715e+00
-1.637358069419860840e+00
-2.510722637176513672e+00
-2.025825977325439453e+00
-1.950657844543457031e+00
-3.488939762115478516e+00
-2.062739133834838867e+00
-2.023849487304687500e+00
-1.756125569343566895e+00
-2.349232673645019531e+00
-1.288729548454284668e+00
-1.384388327598571777e+00
-2.190553188323974609e+00
-1.266153097152709961e+00
-2.620184421539306641e+00
-1.189284443855285645e+00
-1.992639899253845215e+00
-3.057906389236450195e+00
-1.449075579643249512e+00
-7.265955209732055664e-01
-1.953028440475463867e+00
-2.225947141647338867e+00
-9.355028867721557617e-01
-1.657225608825683594e+00
-2.303642272949218750e+00
-1.608259201049804688e+00
-1.825298786163330078e+00
-7.852476239204406738e-01
-1.914293050765991211e+00
-1.921452045440673828e+00
-2.534044742584228516e+00
-2.358222961425781250e+00
-2.240750789642333984e+00
-3.656879067420959473e-01
-1.571539282798767090e+00
-6.311375498771667480e-01
-1.537805557250976562e+00
-9.316813945770263672e-01
-2.003355026245117188e+00
-1.225921154022216797e+00
-1.415099620819091797e+00
-1.486630320549011230e+00
-2.421036481857299805e+00
-2.294513940811157227e+00
-7.565198540687561035e-01
-1.218561291694641113e+00
-1.727030396461486816e+00
-1.685577750205993652e+00
-1.082955002784729004e+00
-2.519173860549926758e+00
-1.180649161338806152e+00
-2.115208625793457031e+00
-7.820293307304382324e-01
-1.937272548675537109e+00
-2.357644557952880859e+00
-2.732116222381591797e+00
-2.163532257080078125e+00
-2.828795433044433594e+00
-2.582777976989746094e+00
-2.549037218093872070e+00
-4.702744185924530029e-01
-7.880898714065551758e-01
-2.183773756027221680e+00
-2.874316930770874023e+00
-2.673978805541992188e+00
-2.987277507781982422e+00
-2.752239227294921875e+00
-1.852007389068603516e+00
-8.793631196022033691e-02
-2.926369905471801758e+00
-1.283768296241760254e+00
-2.138742446899414062e+00
-2.910961627960205078e+00
-8.022386431694030762e-01
-7.618505954742431641e-01
-2.615171909332275391e+00
-1.189559817314147949e+00
-2.907347202301025391e+00
-1.667584300041198730e+00
-2.667840957641601562e+00
-2.079286575317382812e+00
-2.926881790161132812e+00
-1.940165996551513672e+00
-1.589983820915222168e+00
-1.539075136184692383e+00
-1.846845984458923340e+00
-2.180528879165649414e+00
-1.818181991577148438e+00
-6.196931004524230957e-01
-2.067801475524902344e+00
-1.206159234046936035e+00
-2.324275016784667969e+00
-2.800316810607910156e+00
-2.154999256134033203e+00
-1.938343286514282227e+00
-1.391107082366943359e+00
-1.380981445312500000e+00
-2.070455074310302734e+00
-2.265342712402343750e+00
-1.660301685333251953e+00
-2.118421792984008789e+00
-1.360100865364074707e+00
-2.562877893447875977e+00
-2.131333827972412109e+00
-2.348033189773559570e+00
-6.271827220916748047e-01
-1.833862066268920898e+00
-2.405015945434570312e+00
-2.204522609710693359e+00
-1.036156654357910156e+00
-2.228774785995483398e+00
-3.127222299575805664e+00
-2.453852891921997070e+00
-2.749215126037597656e+00
-2.772413015365600586e+00
-2.981414794921875000e+00
-3.113787174224853516e+00
-3.314182162284851074e-01
-1.914081335067749023e+00
-1.898050904273986816e+00
-2.588250398635864258e+00
-2.744296550750732422e+00
-2.233508825302124023e+00
-2.216264963150024414e+00
-2.936932802200317383e+00
-2.881642580032348633e+00
-1.972030758857727051e+00
-1.659480929374694824e+00
-2.617786407470703125e+00
-2.258425235748291016e+00
-2.415790796279907227e+00
-2.834299325942993164e+00
-1.780467748641967773e+00
-9.419000148773193359e-01
-2.590615034103393555e+00
-2.307465791702270508e+00
-2.058680057525634766e+00
-1.711442589759826660e+00
-1.440593719482421875e+00
-2.500568151473999023e+00
-1.732381939888000488e+00
-1.827584743499755859e+00
-1.898618936538696289e+00
-3.151589870452880859e+00
-2.176545858383178711e+00
-1.760125041007995605e+00
-1.066818714141845703e+00
-2.648087739944458008e+00
-1.968681693077087402e+00
-2.588470458984375000e+00
-2.245772838592529297e+00
-2.044550418853759766e+00
-2.492521286010742188e+00
-1.990268230438232422e+00
-1.942613244056701660e+00
-1.582752227783203125e+00
-2.372497558593750000e+00
-1.496264815330505371e+00
-3.181357622146606445e+00
-1.462567448616027832e+00
-2.221352338790893555e+00
-1.104671001434326172e+00
-7.119517326354980469e-01
-7.100589275360107422e-01
-2.606968641281127930e+00
-5.998197793960571289e-01
-1.931781768798828125e+00
-1.850994706153869629e+00
-1.912923455238342285e+00
-2.339454412460327148e+00
-9.434976577758789062e-01
-2.087356805801391602e+00
-2.043157577514648438e+00
-2.317388534545898438e+00
-1.235743165016174316e+00
-1.995657920837402344e+00
-2.742586851119995117e+00
-2.993870496749877930e+00
-2.101258277893066406e+00
-1.158569216728210449e+00
-5.945890545845031738e-01
-2.243657350540161133e+00
-1.663133621215820312e+00
-2.328132867813110352e+00
-1.277845859527587891e+00
-1.253973007202148438e+00
-2.096989870071411133e+00
-2.758966445922851562e+00
-1.763305544853210449e+00
-1.370943188667297363e+00
-3.212433815002441406e+00
-2.271702766418457031e+00
-2.026572942733764648e+00
-9.877744317054748535e-01
-7.403472661972045898e-01
-2.417276859283447266e+00
-2.314090490341186523e+00
-1.983496785163879395e+00
-1.798748970031738281e+00
-2.509593486785888672e+00
-2.572845458984375000e+00
-2.560440301895141602e+00
-2.282659530639648438e+00
-2.416020631790161133e+00
-1.840778350830078125e+00
-2.088146209716796875e+00
-2.028307914733886719e+00
-1.036402940750122070e+00
-1.870595216751098633e+00
-2.063041448593139648e+00
-2.250138282775878906e+00
-2.887763977050781250e+00
-1.192577958106994629e+00
-2.739124059677124023e+00
-1.508879899978637695e+00
-2.019817113876342773e+00
-1.383925676345825195e+00
-2.627138376235961914e+00
-2.445691823959350586e+00
-1.675339698791503906e+00
-2.428433179855346680e+00
-3.308088541030883789e+00
-3.083811283111572266e+00
-8.101318478584289551e-01
-1.885422587394714355e+00
-1.484070301055908203e+00
-1.249009013175964355e+00
-2.499024391174316406e+00
-2.105042457580566406e+00
-1.959807515144348145e+00
-1.688406944274902344e+00
-2.182323217391967773e+00
-2.213736295700073242e+00
-1.167565345764160156e+00
-2.856605052947998047e+00
-3.539510965347290039e+00
-1.618654251098632812e+00
-2.635489940643310547e+00
-1.871471047401428223e+00
-2.083368778228759766e+00
-3.232847213745117188e+00
-2.399273872375488281e+00
-2.731797456741333008e+00
-2.351633548736572266e+00
-2.562665462493896484e+00
-2.637109756469726562e+00
-3.143455028533935547e+00
-2.292047977447509766e+00
-2.220109701156616211e+00
-1.684446096420288086e+00
-2.231417417526245117e+00
-1.165182828903198242e+00
-1.270931601524353027e+00
-1.571127176284790039e+00
-2.272593975067138672e+00
-1.455062747001647949e+00
-1.347797870635986328e+00
-2.755917310714721680e+00
-1.976889014244079590e+00
-1.950259685516357422e+00
-2.819252490997314453e+00
-6.429186463356018066e-01
-1.541540145874023438e+00
-3.260488510131835938e+00
-2.267182111740112305e+00
-1.971220970153808594e+00
-1.222767472267150879e+00
-1.956384897232055664e+00
-2.571710586547851562e+00
-1.076826572418212891e+00
-1.752232551574707031e+00
-2.046900749206542969e+00
-1.160539150238037109e+00
-1.964004039764404297e+00
-1.594596385955810547e+00
-1.484084486961364746e+00
-2.378831386566162109e+00
-2.432934999465942383e+00
-1.808089017868041992e+00
-1.795571804046630859e+00
-1.415661454200744629e+00
-1.293639302253723145e+00
-2.266813993453979492e+00
-1.528253555297851562e+00
-1.834722608327865601e-01
-3.344150066375732422e+00
-2.120350360870361328e+00
-2.665421009063720703e+00
-1.735312938690185547e+00
-9.339959621429443359e-01
-2.429704189300537109e+00
-1.108932375907897949e+00
-2.425519227981567383e-01
-2.060937643051147461e+00
-3.375657320022583008e+00
-1.027539610862731934e+00
-1.695526242256164551e+00
-1.649734020233154297e+00
-2.470426082611083984e+00
-2.786411285400390625e+00
-1.457649111747741699e+00
-2.919568300247192383e+00
-2.624939918518066406e+00
-3.068022251129150391e+00
-3.501782417297363281e+00
-2.314279794692993164e+00
-3.150546550750732422e+00
-2.836545228958129883e+00
-3.059883117675781250e+00
-3.303005695343017578e+00
-1.381642818450927734e+00
-2.775849580764770508e+00
-1.687106251716613770e+00
-2.711429357528686523e+00
-2.416707038879394531e+00
-2.701171398162841797e+00
-1.875679850578308105e+00
-2.824804067611694336e+00
-2.611489772796630859e+00
-2.894625663757324219e+00
-2.304714202880859375e+00
-2.013486862182617188e+00
-2.572320699691772461e+00
-1.825710892677307129e+00
-2.553971052169799805e+00
-1.619193315505981445e+00
-3.266509771347045898e+00
-3.692710638046264648e+00
-2.058383703231811523e+00
-2.042205333709716797e+00
-3.753484249114990234e+00
-2.190187454223632812e+00
-2.800550222396850586e+00
-2.115214347839355469e+00
-3.443729162216186523e+00
-3.564479112625122070e+00
-3.334100008010864258e+00
-1.306598305702209473e+00
-1.857433319091796875e+00
-3.656676769256591797e+00
-1.472475171089172363e+00
-2.874561071395874023e+00
-1.038904070854187012e+00
-2.915432214736938477e+00
-2.746926069259643555e+00
-3.529149055480957031e+00
-2.210193395614624023e+00
-1.928431630134582520e+00
-2.347099304199218750e+00
-3.003803491592407227e+00
-3.683508396148681641e+00
-1.893139123916625977e+00
-1.924484968185424805e+00
-3.146780967712402344e+00
-3.408475399017333984e+00
-2.335977077484130859e+00
-2.125044345855712891e+00
-2.933495044708251953e+00
-2.123706579208374023e+00
-1.363730072975158691e+00
-2.497522830963134766e+00
-2.345121383666992188e+00
-2.476046323776245117e+00
-2.045432806015014648e+00
-1.848873138427734375e+00
-2.748694181442260742e+00
-2.314166307449340820e+00
-2.170489549636840820e+00
-2.290202617645263672e+00
-1.390038371086120605e+00
-1.496500492095947266e+00
-2.685133457183837891e+00
-2.172545194625854492e+00
-3.025884389877319336e+00
-1.830326557159423828e+00
-6.737883687019348145e-01
-2.578016281127929688e+00
-1.898013591766357422e+00
-1.498317360877990723e+00
-2.741093158721923828e+00
-2.926707029342651367e+00
-3.266821622848510742e+00
-4.002814292907714844e+00
-2.353808403015136719e+00
-2.009152173995971680e+00
-2.004730701446533203e+00
-1.325798034667968750e+00
-2.406808853149414062e+00
-2.600303888320922852e+00
-1.464266061782836914e+00
-2.802752256393432617e+00
-1.564634919166564941e+00
-6.980503797531127930e-01
-2.904292106628417969e+00
-1.898876070976257324e+00
-2.379075527191162109e+00
-2.544497013092041016e+00
-1.880087137222290039e+00
-2.650227785110473633e+00
-9.123712182044982910e-01
-1.106480836868286133e+00
-1.283139705657958984e+00
-2.229580402374267578e+00
-1.289570480585098267e-01
-1.273143291473388672e+00
-9.267786145210266113e-01
-1.938415408134460449e+00
-9.401754140853881836e-01
-1.242383599281311035e+00
-2.347624301910400391e+00
-1.845499753952026367e+00
-1.891523003578186035e-01
-1.593880176544189453e+00
-1.921209335327148438e+00
-2.473234891891479492e+00
-1.089140653610229492e+00
-3.188208639621734619e-01
-2.524044275283813477e+00
-2.624241590499877930e+00
-2.542344570159912109e+00
-1.240424990653991699e+00
-1.401537895202636719e+00
-2.802515029907226562e+00
-1.629635453224182129e+00
-1.142700791358947754e+00
-1.612449645996093750e+00
-1.211021542549133301e+00
-2.918965101242065430e+00
-2.057404994964599609e+00
-1.691776752471923828e+00
-2.298633098602294922e+00
-2.107254981994628906e+00
-1.457258343696594238e+00
-2.280362844467163086e+00
-1.589316844940185547e+00
-3.488964080810546875e+00
-1.352478504180908203e+00
-3.767742395401000977e+00
-1.370503187179565430e+00
-2.775517463684082031e+00
-2.149178266525268555e+00
-1.747552514076232910e+00
-1.836763978004455566e+00
-3.118399858474731445e+00
-3.085104227066040039e+00
-1.039326667785644531e+00
-2.183633804321289062e+00
-2.711654663085937500e+00
-2.714591264724731445e+00
-1.367322206497192383e+00
-1.480231285095214844e+00
-2.565078258514404297e+00
-1.245059609413146973e+00
-2.606232404708862305e+00
-3.600175619125366211e+00
-8.229809999465942383e-01
-1.241603374481201172e+00
-1.374252676963806152e+00
-1.491383790969848633e+00
-2.588686704635620117e+00
-2.495899677276611328e+00
-4.297626316547393799e-01
-8.407618999481201172e-01
-3.087353229522705078e+00
-2.370121717453002930e+00
-3.417500019073486328e+00
-2.735551595687866211e+00
-2.249142169952392578e+00
-2.364900350570678711e+00
-1.618435382843017578e+00
-1.891175389289855957e+00
-2.769435644149780273e+00
-1.635275483131408691e+00
-1.267351984977722168e+00
-1.754612803459167480e+00
-2.694229602813720703e+00
-1.750302910804748535e+00
-1.729402184486389160e+00
-2.564179658889770508e+00
-2.777036666870117188e+00
-3.132013559341430664e+00
-2.425418376922607422e+00
-1.653415083885192871e+00
-2.239572763442993164e+00
-2.298841238021850586e+00
-2.648025751113891602e+00
-1.455630660057067871e+00
-2.996082782745361328e+00
-1.995008945465087891e+00
-5.339821577072143555e-01
-2.286211490631103516e+00
-1.934006094932556152e+00
-2.078400135040283203e+00
-2.442939519882202148e+00
-6.971635818481445312e-01
-2.477122306823730469e+00
-2.254338264465332031e+00
-2.314699172973632812e+00
-1.475819468498229980e+00
-5.094096064567565918e-01
-1.874892711639404297e+00
-2.027638196945190430e+00
-1.521994829177856445e+00
-1.203983664512634277e+00
-1.341801643371582031e+00
-1.989340424537658691e+00
-9.774199724197387695e-01
-2.638425111770629883e+00
-2.102969646453857422e+00
-2.188415050506591797e+00
-1.303979754447937012e+00
-2.433979511260986328e+00
-2.197001457214355469e+00
-2.054926395416259766e+00
-3.277050495147705078e+00
-3.267112731933593750e+00
-2.929234981536865234e+00
-2.820686340332031250e+00
-2.012698650360107422e+00
-3.831489801406860352e+00
-2.354383468627929688e+00
-3.366650819778442383e+00
-2.484609603881835938e+00
-2.473730564117431641e+00
-2.244992256164550781e+00
-3.297387123107910156e+00
-2.397387504577636719e+00
-2.644488334655761719e+00
-1.188073873519897461e+00
-2.353412151336669922e+00
-2.021957397460937500e+00
-2.110757589340209961e+00
-2.303499698638916016e+00
-1.936029791831970215e+00
-2.640013217926025391e+00
-1.494282007217407227e+00
-2.191149473190307617e+00
-1.857459783554077148e+00
-3.278315067291259766e+00
-1.525266528129577637e+00
-2.565235853195190430e+00
-2.579706907272338867e+00
-3.400125980377197266e+00
-2.559537410736083984e+00
-2.259403228759765625e+00
-1.930268526077270508e+00
-3.713194370269775391e+00
-3.025149583816528320e+00
-1.840051889419555664e+00
-2.847685813903808594e+00
-2.093440055847167969e+00
-1.481024265289306641e+00
-2.403701543807983398e+00
-1.776462554931640625e+00
-1.986218452453613281e+00
-1.372094869613647461e+00
-3.071454763412475586e+00
-2.450170516967773438e+00
-1.527286291122436523e+00
-2.104385614395141602e+00
-2.561834812164306641e+00
-2.090070247650146484e+00
-1.872148513793945312e+00
-1.544449925422668457e+00
-2.486190319061279297e+00
-2.094958543777465820e+00
-2.142674207687377930e+00
-2.731610059738159180e+00
-1.201779007911682129e+00
-2.084085464477539062e+00
-2.499553203582763672e+00
-2.629939317703247070e+00
-2.372686862945556641e+00
-1.793124556541442871e+00
-2.557806491851806641e+00
-1.997388124465942383e+00
-2.079245805740356445e+00
-1.071875333786010742e+00
-9.625955224037170410e-01
-1.948552489280700684e+00
-3.705369949340820312e+00
-2.281443834304809570e+00
-1.609070181846618652e+00
-2.219866037368774414e+00
-2.423864364624023438e+00
-3.073019981384277344e+00
-2.935628890991210938e+00
-1.682159423828125000e+00
-9.079063534736633301e-01
-2.840461254119873047e+00
-2.253304243087768555e+00
-2.773581743240356445e+00
-2.966208934783935547e+00
-2.621136903762817383e+00
-1.625843763351440430e+00
-2.328352689743041992e+00
-2.382172584533691406e+00
-3.114014148712158203e+00
-3.709084987640380859e+00
-2.256901264190673828e+00
-1.868738770484924316e+00
-1.963397979736328125e+00
-2.974171638488769531e+00
-3.055601119995117188e+00
-2.691065788269042969e+00
-3.429695129394531250e+00
-3.299001455307006836e+00
-1.830953478813171387e+00
-2.446851968765258789e+00
-2.963425397872924805e+00
-2.998624324798583984e+00
-3.491536140441894531e+00
-2.503926038742065430e+00
-3.220938682556152344e+00
-3.127471446990966797e+00
-2.374354362487792969e+00
-2.427108049392700195e+00
-2.395813703536987305e+00
-1.742882728576660156e+00
-2.680420875549316406e+00
-2.563681840896606445e+00
-3.758822202682495117e+00
-1.984212875366210938e+00
-2.368130683898925781e+00
-3.327080488204956055e+00
-3.409257173538208008e+00
-3.776529550552368164e+00
-2.149324178695678711e+00
-1.558171868324279785e+00
-1.771157383918762207e+00
-3.512948751449584961e+00
-3.860896348953247070e+00
-2.138612985610961914e+00
-1.636538863182067871e+00
-2.976457834243774414e+00
-3.594738245010375977e+00
-2.597117424011230469e+00
-2.996989965438842773e+00
-2.606413125991821289e+00
-1.108655333518981934e+00
-2.345483303070068359e+00
-4.734980762004852295e-01
-1.751371145248413086e+00
-2.887296676635742188e+00
-1.685468316078186035e+00
-2.374109983444213867e+00
-2.236122131347656250e+00
-2.636107206344604492e+00
-1.888048887252807617e+00
-2.123591899871826172e+00
-2.862446546554565430e+00
-1.057323575019836426e+00
-1.412131667137145996e+00
-1.706827521324157715e+00
-2.311515569686889648e+00
-2.783477306365966797e+00
-2.197602748870849609e+00
-8.822522759437561035e-01
-3.154626369476318359e+00
-1.426634192466735840e+00
-2.361154794692993164e+00
-2.149961471557617188e+00
-1.435472518205642700e-01
-3.021428585052490234e+00
-1.765873432159423828e+00
-6.908889412879943848e-01
-3.264467477798461914e+00
-8.301941752433776855e-01
-1.705846548080444336e+00
-1.814231157302856445e+00
-1.443825244903564453e+00
-2.192025423049926758e+00
-1.353162407875061035e+00
-1.929024100303649902e+00
-2.201942205429077148e+00
-1.858699560165405273e+00
-2.401828765869140625e+00
-1.176368713378906250e+00
-2.062322378158569336e+00
-2.163076400756835938e+00
-2.550220251083374023e+00
-2.612541437149047852e+00
-7.526068091392517090e-01
-1.835607588291168213e-01
-2.987744510173797607e-01
-1.970833659172058105e+00
-2.190689086914062500e+00
8.950313925743103027e-02
-7.516283988952636719e-01
-2.029205560684204102e+00
-2.736171007156372070e+00
-5.817280411720275879e-01
-1.217612624168395996e+00
-1.567736744880676270e+00
-2.025549888610839844e+00
-1.301059365272521973e+00
-1.551389694213867188e+00
-2.087235927581787109e+00
-1.222891569137573242e+00
-2.834863066673278809e-01
-1.101986646652221680e+00
-2.501703262329101562e+00
-1.083295941352844238e+00
-6.941925883293151855e-01
-1.333207726478576660e+00
-6.842777132987976074e-01
-3.517205119132995605e-01
-1.217198133468627930e+00
-2.061229705810546875e+00
-7.267354726791381836e-01
-1.322151184082031250e+00
-2.156243801116943359e+00
-1.295038580894470215e+00
-2.464955329895019531e+00
-1.630294322967529297e+00
-1.568773835897445679e-01
-1.413765788078308105e+00
-1.569994568824768066e+00
-1.477591633796691895e+00
-1.471109509468078613e+00
-1.750056982040405273e+00
-1.059473514556884766e+00
-1.125780582427978516e+00
-1.482730150222778320e+00
-2.319529294967651367e+00
-1.679211139678955078e+00
-7.525176405906677246e-01
-1.356665730476379395e+00
8.717482537031173706e-02
-1.034137010574340820e+00
-2.519102096557617188e+00
-1.136731624603271484e+00
-1.834139227867126465e+00
-1.288811564445495605e+00
-1.819368958473205566e+00
-2.597387075424194336e+00
-1.368961811065673828e+00
-2.831059455871582031e+00
-1.493044018745422363e+00
-2.256570339202880859e+00
-1.747938871383666992e+00
-3.459792613983154297e+00
-1.322395682334899902e+00
-1.364308357238769531e+00
-8.330668807029724121e-01
-6.212781071662902832e-01
-2.214675188064575195e+00
-1.083962559700012207e+00
-1.175423145294189453e+00
-6.633831262588500977e-01
-2.284260988235473633e+00
-2.079171180725097656e+00
-1.401869773864746094e+00
-1.137143731117248535e+00
-2.120786190032958984e+00
-2.036178827285766602e+00
-2.127180576324462891e+00
-1.348716139793395996e+00
-1.268056154251098633e+00
-1.833988547325134277e+00
-2.122157573699951172e+00
-6.912294626235961914e-01
-2.162936925888061523e+00
-1.576999783515930176e+00
-1.733415007591247559e+00
-2.764958858489990234e+00
-2.623703002929687500e+00
-3.068526029586791992e+00
-2.703225851058959961e+00
-2.447598934173583984e+00
-2.018186807632446289e+00
-1.101271867752075195e+00
-3.692903280258178711e+00
-2.590922117233276367e+00
-2.508818864822387695e+00
-2.396174192428588867e+00
-2.304235219955444336e+00
-2.263573646545410156e+00
-2.388847827911376953e+00
-1.522068619728088379e+00
-2.524852037429809570e+00
-6.492771506309509277e-01
-1.492707133293151855e+00
-9.236600995063781738e-01
-2.151382446289062500e+00
-1.740702867507934570e+00
-1.989423871040344238e+00
-3.148587703704833984e+00
-3.532503843307495117e+00
-2.668813943862915039e+00
-4.312598705291748047e+00
-2.837517499923706055e+00
-1.976832032203674316e+00
-1.762255668640136719e+00
-2.287120580673217773e+00
-1.128898739814758301e+00
-3.874998331069946289e+00
-2.412287473678588867e+00
-2.410722017288208008e+00
-2.060017347335815430e+00
-2.098823785781860352e+00
-2.246633768081665039e+00
-2.170238256454467773e+00
-2.047450065612792969e+00
-2.105221033096313477e+00
-2.628557205200195312e+00
-1.493368506431579590e+00
-2.980424880981445312e+00
-1.084910511970520020e+00
-2.677386760711669922e+00
-5.674671530723571777e-01
-1.824437737464904785e+00
-1.337947010993957520e+00
-2.114412546157836914e+00
-2.775140285491943359e+00
-2.221163034439086914e+00
-2.539966344833374023e+00
-1.370680093765258789e+00
-3.052755594253540039e+00
-2.371589183807373047e+00
-1.813459753990173340e+00
-2.134671926498413086e+00
-2.197163343429565430e+00
-1.968345880508422852e+00
-2.542249441146850586e+00
-1.300790309906005859e-01
-2.106497883796691895e-01
-1.876985669136047363e+00
-2.490786314010620117e+00
-1.516124963760375977e+00
-2.347556829452514648e+00
-2.489979267120361328e+00
-3.284999370574951172e+00
-2.845022201538085938e+00
-3.406194925308227539e+00
-2.525399923324584961e+00
-2.523439645767211914e+00
-3.065083265304565430e+00
-2.289238452911376953e+00
-2.472365379333496094e+00
-3.263718366622924805e+00
-1.642901778221130371e+00
-2.133382797241210938e+00
-3.218147277832031250e+00
-2.801008462905883789e+00
-1.294099092483520508e+00
-2.577816724777221680e+00
-3.769459247589111328e+00
-2.444457054138183594e+00
-9.690552353858947754e-01
-2.073837518692016602e+00
-2.213514566421508789e+00
-8.307508826255798340e-01
-3.496146440505981445e+00
-2.959879398345947266e+00
-3.211105346679687500e+00
-1.195341944694519043e+00
-2.395716428756713867e+00
-2.094838023185729980e-01
-1.400071501731872559e+00
-2.390575885772705078e+00
-1.109133958816528320e+00
-2.214759588241577148e+00
-7.455182075500488281e-01
-3.214853763580322266e+00
-3.405383586883544922e+00
-2.206851720809936523e+00
-1.386196374893188477e+00
-2.548819541931152344e+00
-2.563194036483764648e+00
-2.784127473831176758e+00
-1.779782652854919434e+00
-2.207542419433593750e+00
-2.624657392501831055e+00
-1.874810338020324707e+00
-2.704683780670166016e+00
-1.471337914466857910e+00
-2.855614423751831055e+00
-2.249040603637695312e+00
-2.275360345840454102e+00
-2.049432992935180664e+00
-2.863314151763916016e+00
-3.506857872009277344e+00
-3.442505359649658203e+00
-2.402026414871215820e+00
-2.801104545593261719e+00
-1.726775765419006348e+00
-2.089085340499877930e+00
-3.295445919036865234e+00
-1.716371059417724609e+00
-2.852189064025878906e+00
-3.680080413818359375e+00
-2.720670461654663086e+00
-1.957504868507385254e+00
-1.773877859115600586e+00
-2.864142417907714844e+00
-3.225732564926147461e+00
-2.000165462493896484e+00
-9.923300147056579590e-01
-2.195437550544738770e-01
-1.567269921302795410e+00
-3.084308624267578125e+00
-2.572066068649291992e+00
-2.459259748458862305e+00
-1.200644254684448242e+00
-3.035333871841430664e+00
-2.534989833831787109e+00
-1.889938831329345703e+00
-3.088405132293701172e+00
-2.450195550918579102e+00
-1.524607539176940918e+00
-2.491076946258544922e+00
-2.680171728134155273e+00
-2.205428838729858398e+00
-2.901646614074707031e+00
-2.857332944869995117e+00
-1.631303668022155762e+00
-2.349353551864624023e+00
-2.842489242553710938e+00
-2.847414731979370117e+00
-3.207232236862182617e+00
-3.757966995239257812e+00
-3.578410863876342773e+00
-1.459429740905761719e+00
-2.940099716186523438e+00
-2.184182882308959961e+00
-2.523649215698242188e+00
-1.324174761772155762e+00
-3.252575159072875977e+00
-2.557344198226928711e+00
-2.007330179214477539e+00
-1.713727831840515137e+00
-2.667729616165161133e+00
-1.610107898712158203e+00
-2.333003997802734375e+00
-1.331069707870483398e+00
-1.987662315368652344e+00
-2.294570922851562500e+00
-2.269224405288696289e+00
-3.204328536987304688e+00
-3.400054931640625000e+00
-1.022447466850280762e+00
-8.532693386077880859e-01
-1.778470516204833984e+00
-3.465089797973632812e+00
-1.311900615692138672e+00
-1.500958085060119629e+00
-3.411340951919555664e+00
-2.021645545959472656e+00
-2.735508918762207031e+00
-3.628341913223266602e+00
-2.461879014968872070e+00
-2.167259454727172852e+00
-2.810802698135375977e+00
-1.559454798698425293e+00
-3.050742149353027344e+00
-2.354393482208251953e+00
-1.761895775794982910e+00
-1.523902535438537598e+00
-2.135653257369995117e+00
-2.615967273712158203e+00
-2.976939678192138672e+00
-1.135191082954406738e+00
-1.976683139801025391e+00
-3.628702402114868164e+00
-1.529383182525634766e+00
-2.839185476303100586e+00
-2.796714544296264648e+00
-3.547731876373291016e+00
-1.293265461921691895e+00
-2.032500743865966797e+00
-2.469622611999511719e+00
-2.883140325546264648e+00
-2.025694370269775391e+00
-1.898278355598449707e+00
-2.395501613616943359e+00
-1.885834455490112305e+00
-3.224282741546630859e+00
-1.185450434684753418e+00
-2.431310176849365234e+00
-2.966019153594970703e+00
-1.915900349617004395e+00
-1.440286278724670410e+00
-1.898171663284301758e+00
-2.575838088989257812e+00
-2.247684955596923828e+00
-3.027976036071777344e+00
-1.247849583625793457e+00
-2.450642108917236328e+00
-1.614467263221740723e+00
-2.595040798187255859e+00
-1.083863735198974609e+00
-1.192730426788330078e+00
-1.958686709403991699e+00
-9.574442505836486816e-01
-3.632001638412475586e+00
-2.816225528717041016e+00
-1.339861392974853516e+00
-2.606065034866333008e+00
-2.075299978256225586e+00
-1.573414087295532227e+00
-1.016867756843566895e+00
-1.331305980682373047e+00
-7.644026279449462891e-01
-1.528540968894958496e+00
-2.075244665145874023e+00
-1.344000577926635742e+00
-2.634553909301757812e+00
-3.233631134033203125e+00
-2.727637529373168945e+00
-1.025071144104003906e+00
-2.106496334075927734e+00
-2.361758232116699219e+00
-1.628959894180297852e+00
-3.087246417999267578e+00
-2.861756086349487305e+00
-2.510097265243530273e+00
-2.930856227874755859e+00
-1.659682631492614746e+00
-1.456423282623291016e+00
-1.941292285919189453e+00
-2.400984525680541992e+00
-1.184859275817871094e+00
-2.104940652847290039e+00
-2.892829656600952148e+00
-2.215985774993896484e+00
-3.632839679718017578e+00
-2.954879999160766602e+00
-1.810844659805297852e+00
-2.492608547210693359e+00
-6.444462537765502930e-01
-2.302951097488403320e+00
-2.367042541503906250e+00
-3.025717258453369141e+00
-4.068083763122558594e+00
-2.110199213027954102e+00
-2.360609054565429688e+00
-4.083376407623291016e+00
-1.447445034980773926e+00
-2.480324506759643555e+00
-2.725316286087036133e+00
-2.144263744354248047e+00
-1.123996973037719727e+00
-3.133555412292480469e+00
-3.876517534255981445e+00
-1.947455644607543945e+00
-2.511224031448364258e+00
-2.462419033050537109e+00
-2.440587997436523438e+00
-2.501601934432983398e+00
-2.052530050277709961e+00
-2.404082536697387695e+00
-2.618472099304199219e+00
-2.539485216140747070e+00
-3.620333671569824219e+00
-2.983056306838989258e+00
-1.896070837974548340e+00
-2.773502588272094727e+00
-2.502502202987670898e+00
-3.189882278442382812e+00
-2.639770746231079102e+00
-2.617539405822753906e+00
-1.166343688964843750e+00
-2.229522705078125000e+00
-1.106250286102294922e+00
-2.638958215713500977e+00
-2.606722116470336914e+00
-3.030408382415771484e+00
-2.732639551162719727e+00
-2.607348203659057617e+00
-3.266320228576660156e+00
-2.090821266174316406e+00
-3.300237417221069336e+00
-2.388665199279785156e+00
-1.510771393775939941e+00
-2.375927686691284180e+00
-1.887031316757202148e+00
-2.723087787628173828e+00
-3.979296207427978516e+00
-2.597160100936889648e+00
-2.525573492050170898e+00
-2.622217416763305664e+00
-2.916506767272949219e+00
-1.726787090301513672e+00
-6.202734708786010742e-01
-1.827383875846862793e+00
-2.835224151611328125e+00
-3.079142093658447266e+00
-8.112118244171142578e-01
-3.422309398651123047e+00
-2.979635238647460938e+00
-2.924739360809326172e+00
-2.503615140914916992e+00
-2.649632930755615234e+00
-2.620366811752319336e+00
-4.105890750885009766e+00
-1.163858532905578613e+00
-1.978913784027099609e+00
-1.524553298950195312e+00
-2.686693191528320312e+00
-3.695575237274169922e+00
-3.035280227661132812e+00
-3.318521738052368164e+00
-2.358940362930297852e+00
-1.074128627777099609e+00
-2.784542560577392578e+00
-2.059504508972167969e+00
-2.059450626373291016e+00
-3.937722921371459961e+00
-3.193261623382568359e+00
-4.130572795867919922e+00
-2.021890163421630859e+00
-3.804208278656005859e+00
-4.165661334991455078e+00
-1.113390922546386719e+00
-2.433648824691772461e+00
-3.338412523269653320e+00
-3.607092618942260742e+00
-2.878263950347900391e+00
-3.441311359405517578e+00
-3.515746593475341797e+00
-2.745526790618896484e+00
-2.553429126739501953e+00
-3.232747077941894531e+00
-2.561260700225830078e+00
-2.364797115325927734e+00
-2.170932769775390625e+00
-1.918194770812988281e+00
-3.450442552566528320e+00
-2.007784843444824219e+00
-3.047444343566894531e+00
-3.392555952072143555e+00
-1.557034373283386230e+00
-2.724326610565185547e+00
-1.089178442955017090e+00
-1.873181343078613281e+00
-3.102074861526489258e+00
-2.453622341156005859e+00
-1.054460287094116211e+00
-2.095085144042968750e+00
-3.326130867004394531e+00
-1.910369873046875000e+00
-2.910016059875488281e+00
-1.218532919883728027e+00
-2.735548257827758789e+00
-2.285167455673217773e+00
-2.693934202194213867e+00
-1.047992467880249023e+00
-2.212368011474609375e+00
-1.270871996879577637e+00
-2.889553070068359375e+00
-3.311736583709716797e+00
-2.357123613357543945e+00
-2.329835414886474609e+00
-3.152185916900634766e+00
-3.293879985809326172e+00
-2.146051168441772461e+00
-3.011088609695434570e+00
-6.128594279289245605e-01
-3.124535799026489258e+00
-2.585196256637573242e+00
-3.079005718231201172e+00
-2.994955778121948242e+00
-3.030427694320678711e+00
-3.257464408874511719e+00
-1.726164937019348145e+00
-2.605991840362548828e+00
-1.418286681175231934e+00
-2.517535209655761719e+00
-3.400373458862304688e+00
-3.082885503768920898e+00
-2.332843542098999023e+00
-3.851164102554321289e+00
-2.973709583282470703e+00
-1.892347693443298340e+00
-2.329823255538940430e+00
-1.650290846824645996e+00
-2.334079027175903320e+00
-2.213226318359375000e+00
-2.788961172103881836e+00
-3.088740348815917969e+00
-3.403254270553588867e+00
-3.484421014785766602e+00
-2.326373577117919922e+00
-1.397034049034118652e+00
-2.861316204071044922e+00
-2.388014793395996094e+00
-2.974185466766357422e+00
-2.147220849990844727e+00
-2.431388616561889648e+00
-2.509967565536499023e+00
-2.811775207519531250e+00
-1.746247649192810059e+00
-2.597082614898681641e+00
-3.033123254776000977e+00
-2.665296077728271484e+00
-2.230638980865478516e+00
-2.885983467102050781e+00
-5.894823670387268066e-01
-2.709492921829223633e+00
-3.289070129394531250e+00
-1.544937252998352051e+00
-2.913944959640502930e+00
-2.390119075775146484e+00
-2.926675796508789062e+00
-1.674291610717773438e+00
-2.658500671386718750e+00
-2.065208911895751953e+00
-2.008981943130493164e+00
-1.878829836845397949e+00
-2.273466587066650391e+00
-1.904765009880065918e+00
-7.976275086402893066e-01
-2.515461444854736328e+00
-3.089822053909301758e+00
-3.227286338806152344e+00
-3.228600502014160156e+00
-2.838111639022827148e+00
-2.659606456756591797e+00
-2.950493097305297852e+00
-1.772836327552795410e+00
-1.686498403549194336e+00
-3.009957790374755859e+00
-2.002363204956054688e+00
-2.287417888641357422e+00
-1.701399087905883789e+00
-2.908616542816162109e+00
-2.508373260498046875e+00
-3.168215274810791016e+00
-1.133660197257995605e+00
-2.610880613327026367e+00
-2.247859239578247070e+00
-5.481247901916503906e-01
-2.681925058364868164e+00
-3.308910608291625977e+00
-3.633810281753540039e+00
-1.694817066192626953e+00
-2.230526685714721680e+00
-3.324053287506103516e+00
-2.476468086242675781e+00
-1.180376172065734863e+00
-1.163152933120727539e+00
-2.642713785171508789e+00
-3.391674757003784180e+00
-2.355233669281005859e+00
-2.801954984664916992e+00
-1.795651674270629883e+00
-1.469249844551086426e+00
-3.054348707199096680e+00
-3.712925195693969727e+00
-7.131997942924499512e-01
-2.156802654266357422e+00
-3.198187112808227539e+00
-2.433025598526000977e+00
-1.991749882698059082e+00
-2.024112939834594727e+00
-7.595734000205993652e-01
-3.171027660369873047e+00
-2.450596809387207031e+00
-2.542137145996093750e+00
-2.054563283920288086e+00
-2.336252927780151367e+00
-2.760291337966918945e+00
-2.031459569931030273e+00
-1.806350827217102051e+00
-3.046960353851318359e+00
-2.277121305465698242e+00
-2.681495428085327148e+00
-2.416855573654174805e+00
-2.361167192459106445e+00
-3.501605987548828125e+00
-2.874056816101074219e+00
-2.801327705383300781e+00
-2.799351692199707031e+00
-2.878831624984741211e+00
-5.867715477943420410e-01
-2.496107816696166992e+00
-3.325986623764038086e+00
-2.322154760360717773e+00
-2.693039655685424805e+00
-2.527695417404174805e+00
-4.124201297760009766e+00
-3.685503244400024414e+00
-3.845824718475341797e+00
-2.028760671615600586e+00
-1.853066802024841309e+00
-4.068553447723388672e+00
-4.017297267913818359e+00
-3.376598834991455078e+00
-2.378838062286376953e+00
-3.885730743408203125e+00
-2.875247955322265625e+00
-1.308980822563171387e+00
-2.658323764801025391e+00
-4.141941547393798828e+00
-3.044240951538085938e+00
-2.059279918670654297e+00
-9.259457588195800781e-01
-3.274618148803710938e+00
-3.142119169235229492e+00
-1.563484668731689453e+00
-2.021311998367309570e+00
-2.556027412414550781e+00
-3.055965185165405273e+00
-2.921760559082031250e+00
-8.629848957061767578e-01
-3.152629852294921875e+00
-1.065584659576416016e+00
-2.920540094375610352e+00
-1.792113780975341797e+00
-2.534508705139160156e-01
-1.912809729576110840e+00
-9.822731614112854004e-01
-2.074207067489624023e+00
-2.998848676681518555e+00
-8.924931883811950684e-01
-2.051172971725463867e+00
-1.723885416984558105e+00
-2.527286767959594727e+00
-1.036102175712585449e+00
-4.774723947048187256e-01
-2.731585025787353516e+00
-2.687819719314575195e+00
-1.769555926322937012e+00
-2.506244182586669922e+00
-2.204467356204986572e-01
-2.183782100677490234e+00
-8.893750905990600586e-01
-3.273849010467529297e+00
-2.657917022705078125e+00
-1.668848872184753418e+00
-2.110148429870605469e+00
-1.307152271270751953e+00
-2.055651426315307617e+00
-2.894712209701538086e+00
-1.664131999015808105e+00
-2.595357894897460938e+00
-1.860868573188781738e+00
-2.684253692626953125e+00
-1.702940016984939575e-01
-1.455710053443908691e+00
-8.706207275390625000e-01
-2.841998577117919922e+00
-1.956808209419250488e+00
-2.084230422973632812e+00
-2.268903255462646484e+00
-3.999837398529052734e+00
-1.737550735473632812e+00
-2.824043750762939453e+00
-2.678884983062744141e+00
-2.612868309020996094e+00
-2.378787755966186523e+00
-1.761508107185363770e+00
-3.171084165573120117e+00
-2.346647739410400391e+00
-5.165818929672241211e-01
-3.906707048416137695e+00
-1.635621190071105957e+00
-3.318819522857666016e+00
-1.240423917770385742e+00
-3.598906993865966797e+00
-1.944028139114379883e+00
-2.848953962326049805e+00
-2.377679109573364258e+00
-2.823825359344482422e+00
-1.960002064704895020e+00
-1.613694190979003906e+00
-2.396103382110595703e+00
-3.500746011734008789e+00
-2.823701143264770508e+00
-1.845687270164489746e+00
-1.167944073677062988e+00
-1.799886584281921387e+00
-2.341464996337890625e+00
-2.836443662643432617e+00
-1.920602321624755859e+00
-2.305107593536376953e+00
-1.083263039588928223e+00
-3.689428567886352539e+00
-1.825173616409301758e+00
-2.388574838638305664e+00
-1.837866783142089844e+00
-1.588996648788452148e+00
-1.115857958793640137e+00
-2.940856933593750000e+00
-2.459519386291503906e+00
-2.562287807464599609e+00
-5.567940473556518555e-01
-1.180403113365173340e+00
-1.461107492446899414e+00
-1.588685154914855957e+00
-2.003756046295166016e+00
-2.343210458755493164e+00
-1.683238983154296875e+00
-1.015532016754150391e+00
-1.135754823684692383e+00
-1.457812905311584473e+00
-2.293832778930664062e+00
-1.911973118782043457e+00
-1.224703073501586914e+00
-2.172451972961425781e+00
-3.084151983261108398e+00
-2.780840396881103516e+00
-1.551563858985900879e+00
-3.036352396011352539e+00
-1.530386090278625488e+00
-2.268008470535278320e+00
-8.221591114997863770e-01
-2.368858337402343750e+00
-3.605986833572387695e+00
-2.383177280426025391e+00
-8.689169883728027344e-01
-2.473575592041015625e+00
-3.180212259292602539e+00
-1.946735143661499023e+00
-1.561401009559631348e+00
-3.215830564498901367e+00
-2.734922885894775391e+00
-2.856014490127563477e+00
-1.606457591056823730e+00
-2.520970582962036133e+00
-2.307794570922851562e+00
-1.782718658447265625e+00
-2.422395467758178711e+00
-3.494526147842407227e+00
-2.607773303985595703e+00
-1.395691394805908203e+00
-1.383201003074645996e+00
-2.154309749603271484e+00
-1.395352363586425781e+00
-2.258994102478027344e+00
-2.022105455398559570e+00
-1.565373897552490234e+00
-1.545064568519592285e+00
-2.047512292861938477e+00
-1.599675536155700684e+00
-1.895916700363159180e+00
-3.374886512756347656e+00
-3.011003494262695312e+00
-2.758337736129760742e+00
-3.169232606887817383e+00
-1.705190062522888184e+00
-3.364654779434204102e+00
-1.616234302520751953e+00
-2.785466194152832031e+00
-3.348711490631103516e+00
-2.656276464462280273e+00
-3.169939756393432617e+00
-1.975367426872253418e+00
-2.689176797866821289e+00
-2.927837848663330078e+00
-1.389448165893554688e+00
-2.470624685287475586e+00
-1.761316776275634766e+00
-7.940151691436767578e-01
-2.934624671936035156e+00
-1.199093103408813477e+00
-2.234645366668701172e+00
-2.102874279022216797e+00
-1.722826838493347168e+00
-2.025866985321044922e+00
-1.656358480453491211e+00
-2.547889232635498047e+00
-2.008189439773559570e+00
-5.283244252204895020e-01
-3.131497621536254883e+00
-2.644582986831665039e+00
-2.199684143066406250e+00
-2.569600820541381836e+00
-1.280333161354064941e+00
-1.080613374710083008e+00
-1.229716897010803223e+00
-2.179716587066650391e+00
-2.274597644805908203e+00
-1.798294186592102051e+00
-8.265314698219299316e-01
-3.318350315093994141e+00
-3.203789472579956055e+00
-2.448124170303344727e+00
-9.377815127372741699e-01
-1.371076226234436035e+00
-1.296786308288574219e+00
-2.205144166946411133e+00
-1.123180270195007324e+00
-2.109989404678344727e+00
-9.217902421951293945e-01
-2.131847143173217773e+00
-2.164787530899047852e+00
-1.528217911720275879e+00
-2.909262180328369141e+00
-1.173035144805908203e+00
-1.502694129943847656e+00
-2.400828123092651367e+00
-2.343073844909667969e+00
-2.862639904022216797e+00
-2.212670803070068359e+00
-3.189137458801269531e+00
-2.499536037445068359e+00
-1.904502153396606445e+00
-8.884950280189514160e-01
-1.894282102584838867e+00
-3.285649299621582031e+00
-3.597651004791259766e+00
-1.730764865875244141e+00
-1.659998178482055664e+00
-2.408239126205444336e+00
-2.665375947952270508e+00
-1.792749047279357910e+00
-1.806294083595275879e+00
-1.260633230209350586e+00
-2.832469701766967773e+00
-2.336336374282836914e+00
-2.505696058273315430e+00
-2.584803342819213867e+00
-2.636656761169433594e+00
-2.337602853775024414e+00
-2.520539522171020508e+00
-2.565804004669189453e+00
-2.643598079681396484e+00
-2.781688213348388672e+00
-2.731718540191650391e+00
-2.570539474487304688e+00
-2.378419160842895508e+00
-1.880135774612426758e+00
-3.674014329910278320e+00
-3.254689693450927734e+00
-1.186250090599060059e+00
-2.228958606719970703e+00
-1.810002923011779785e+00
-3.631873607635498047e+00
-2.532330274581909180e+00
-1.473576903343200684e+00
-2.246903657913208008e+00
-1.420449256896972656e+00
-2.210878372192382812e+00
-1.846377491950988770e+00
-2.601245880126953125e+00
-2.358872413635253906e+00
-1.765594005584716797e+00
-9.020090699195861816e-01
-2.395129442214965820e+00
-2.548230886459350586e+00
-1.508993387222290039e+00
-2.170717954635620117e+00
-1.632186889648437500e+00
-1.260316848754882812e+00
-3.690938234329223633e+00
-2.315572500228881836e+00
-3.719501018524169922e+00
-1.907069087028503418e+00
-2.715002059936523438e+00
-2.210556745529174805e+00
-2.409887075424194336e+00
-2.693304300308227539e+00
-2.521273612976074219e+00
-2.253249406814575195e+00
-2.597298622131347656e+00
-3.423473596572875977e+00
-3.637814998626708984e+00
-1.251676559448242188e+00
-1.402683138847351074e+00
-2.744218349456787109e+00
-3.144798278808593750e+00
-1.017929911613464355e+00
-2.691715717315673828e+00
-2.649580001831054688e+00
-7.901850342750549316e-01
-2.118495702743530273e+00
-9.486101865768432617e-01
-6.428764462471008301e-01
-2.003998041152954102e+00
-1.255585312843322754e+00
-1.158911466598510742e+00
-2.417632102966308594e+00
-1.968106627464294434e+00
-1.516540527343750000e+00
-2.044198751449584961e+00
-2.192367792129516602e+00
-1.172915220260620117e+00
-1.040923714637756348e+00
-2.793561697006225586e+00
-6.121488213539123535e-01
-1.460834383964538574e+00
-1.663781404495239258e+00
-2.000708580017089844e+00
-2.067449569702148438e+00
-1.715355157852172852e+00
-1.528488159179687500e+00
-1.626490592956542969e+00
-2.441959857940673828e+00
-1.417330741882324219e+00
-1.736603677272796631e-01
-2.236096143722534180e+00
-1.655127167701721191e+00
-6.116176247596740723e-01
-1.972558379173278809e+00
-1.535758137702941895e+00
-1.993666052818298340e+00
-1.549871683120727539e+00
-2.960059881210327148e+00
-2.394140005111694336e+00
-9.221921563148498535e-01
-2.206992626190185547e+00
-2.653610467910766602e+00
-1.268714785575866699e+00
-1.980274915695190430e+00
-2.237488031387329102e+00
-2.176175594329833984e+00
-3.211372137069702148e+00
-2.579761266708374023e+00
-8.504226803779602051e-01
-1.901412963867187500e+00
-3.468753337860107422e+00
-1.912703990936279297e+00
-1.191848278045654297e+00
-1.129670381546020508e+00
-3.007633447647094727e+00
-1.130089998245239258e+00
-2.914422988891601562e+00
-2.754651069641113281e+00
-2.940516948699951172e+00
-2.178998947143554688e+00
-2.406550884246826172e+00
-1.593127846717834473e+00
-2.015653848648071289e+00
-2.573948144912719727e+00
-1.190775632858276367e+00
-2.404020071029663086e+00
-3.038097858428955078e+00
-3.410863637924194336e+00
-1.556345701217651367e+00
-1.971623659133911133e+00
-2.726609230041503906e+00
-2.238126993179321289e+00
-2.186495542526245117e+00
-1.109702229499816895e+00
-3.330723524093627930e+00
-2.242021083831787109e+00
-2.346263408660888672e+00
-2.659312009811401367e+00
-3.390631914138793945e+00
-2.965030908584594727e+00
-2.492573261260986328e+00
-1.932737708091735840e+00
-1.135592818260192871e+00
-1.632529020309448242e+00
-5.539131164550781250e-01
-8.830111622810363770e-01
-3.011514902114868164e+00
-1.314444899559020996e+00
-1.811662793159484863e+00
-2.695502758026123047e+00
-1.836543083190917969e+00
-2.044940233230590820e+00
-2.144172906875610352e+00
-1.624609231948852539e+00
-2.025581359863281250e+00
-1.867042779922485352e+00
-1.102772951126098633e+00
-2.015406489372253418e-01
-1.994110822677612305e+00
-2.442813873291015625e+00
-8.945134282112121582e-01
-1.250910043716430664e+00
-3.155823707580566406e+00
-1.589538812637329102e+00
-2.411242008209228516e+00
-1.813695430755615234e+00
-3.413701057434082031e+00
-1.623651862144470215e+00
-1.816537261009216309e+00
-1.270021677017211914e+00
-2.324484825134277344e+00
-2.648504972457885742e+00
-2.582922458648681641e+00
1.252594292163848877e-01
-1.552941203117370605e+00
-3.302763462066650391e+00
-1.674531459808349609e+00
-2.459936618804931641e+00
-1.258955597877502441e+00
-2.511709690093994141e+00
-1.378198623657226562e+00
-1.486855864524841309e+00
-1.733264327049255371e+00
-3.576491832733154297e+00
-1.766775965690612793e+00
-2.168973922729492188e+00
-2.994906425476074219e+00
-2.785526275634765625e+00
-1.072963953018188477e+00
-1.066986203193664551e+00
-2.949319839477539062e+00
-1.323984742164611816e+00
-2.854148864746093750e+00
-2.740258693695068359e+00
-2.110188007354736328e+00
-1.587126135826110840e+00
-7.346482276916503906e-01
-1.534913420677185059e+00
-3.333305358886718750e+00
-2.244790554046630859e+00
-1.431960105895996094e+00
-1.707693696022033691e+00
-1.935294508934020996e+00
-2.404406785964965820e+00
-1.580564260482788086e+00
-1.457093000411987305e+00
-1.932769060134887695e+00
-2.578125000000000000e+00
-2.499076128005981445e+00
-1.572378993034362793e+00
-2.237851858139038086e+00
-2.291330575942993164e+00
-2.254638195037841797e+00
-2.248650312423706055e+00
-2.487049102783203125e+00
-2.181246995925903320e+00
-2.114809989929199219e+00
-1.869303941726684570e+00
-9.672644734382629395e-01
-2.246441364288330078e+00
-3.559007883071899414e+00
-2.661661624908447266e+00
-2.055289268493652344e+00
-1.688703417778015137e+00
-3.537181138992309570e+00
-3.297616004943847656e+00
-3.277532339096069336e+00
-3.201959609985351562e+00
-2.740226745605468750e+00
-2.514134407043457031e+00
-2.249140977859497070e+00
-6.734248399734497070e-01
-1.709981441497802734e+00
-2.658560514450073242e+00
-2.286478996276855469e+00
-1.901902198791503906e+00
-1.342742443084716797e+00
-1.372630834579467773e+00
-2.251340150833129883e+00
-3.510633230209350586e+00
-2.389695882797241211e+00
-2.503528594970703125e+00
-3.066569328308105469e+00
-2.916641235351562500e+00
-3.318317174911499023e+00
-2.106084346771240234e+00
-2.137927293777465820e+00
-2.135082960128784180e+00
-2.398948192596435547e+00
-2.160614252090454102e+00
-3.455306529998779297e+00
-3.352095842361450195e+00
-1.643179297447204590e+00
-2.018745660781860352e+00
-3.273313760757446289e+00
-2.784437417984008789e+00
-2.523890018463134766e+00
-3.397031784057617188e+00
-2.838900089263916016e+00
-2.646972894668579102e+00
-2.004716873168945312e+00
-1.093037486076354980e+00
-3.512433767318725586e+00
-2.876003980636596680e+00
-2.977564573287963867e+00
-2.344858646392822266e+00
-2.855224609375000000e+00
-3.043998241424560547e+00
-2.894136667251586914e+00
-2.546222448348999023e+00
-3.459093332290649414e+00
-1.315949559211730957e+00
-1.613523244857788086e+00
-3.483719348907470703e+00
-2.008086442947387695e+00
-2.616368532180786133e+00
-3.070649385452270508e+00
-3.100056409835815430e+00
-2.573436498641967773e+00
-2.236089229583740234e+00
-2.244784116744995117e+00
-2.183439970016479492e+00
-1.961295247077941895e+00
-2.810844898223876953e+00
-2.501730918884277344e+00
-2.629182338714599609e+00
-1.460459232330322266e+00
-2.358030557632446289e+00
-2.953236103057861328e+00
-2.271133899688720703e+00
-1.741596341133117676e+00
-2.326468944549560547e+00
-1.778856873512268066e+00
-2.211081266403198242e+00
-1.802128434181213379e+00
-2.268070220947265625e+00
-3.044812679290771484e+00
-3.056538820266723633e+00
-3.366254329681396484e+00
-2.071855783462524414e+00
-2.132922887802124023e+00
-1.594743728637695312e+00
-2.050112009048461914e+00
-2.524518251419067383e+00
-3.740012407302856445e+00
-2.865382909774780273e+00
-3.554093122482299805e+00
-3.036403179168701172e+00
-2.751711606979370117e+00
-2.859795093536376953e+00
-2.033348798751831055e+00
-1.715505957603454590e+00
-2.631806850433349609e+00
-2.896299362182617188e+00
-2.265356302261352539e+00
-1.801154971122741699e+00
-1.462948799133300781e+00
-1.820029616355895996e+00
-2.805035829544067383e+00
-1.362091422080993652e+00
-1.258630990982055664e+00
-1.354058623313903809e+00
-2.744981527328491211e+00
-3.082604408264160156e+00
-9.679410457611083984e-01
-1.542549729347229004e+00
-2.994778871536254883e+00
-2.004972696304321289e+00
-1.401900529861450195e+00
-1.440792560577392578e+00
-2.205235958099365234e+00
-2.402279615402221680e+00
-2.588558673858642578e+00
-3.358360767364501953e+00
-3.029841184616088867e+00
-1.675786614418029785e+00
-2.358929395675659180e+00
-2.867954969406127930e+00
-2.299476623535156250e+00
-3.014213562011718750e+00
-1.468465209007263184e+00
-2.329041481018066406e+00
-3.333576917648315430e+00
-2.953282117843627930e+00
-2.312325954437255859e+00
-3.112837553024291992e+00
-3.027984380722045898e+00
-2.346089601516723633e+00
-2.381332635879516602e+00
-2.139637231826782227e+00
-2.395930051803588867e+00
-2.669636726379394531e+00
-2.267131805419921875e+00
-2.327789783477783203e+00
-3.277383804321289062e+00
-2.759925127029418945e+00
-3.030702829360961914e+00
-1.318766713142395020e+00
-2.993979215621948242e+00
-2.595078229904174805e+00
-2.134842634201049805e+00
-1.936451315879821777e+00
-2.229210615158081055e+00
-3.543303728103637695e+00
-1.847768664360046387e+00
-3.174129724502563477e+00
-2.254171133041381836e+00
-3.685666322708129883e+00
-2.320988893508911133e+00
-4.028120517730712891e+00
-1.581047058105468750e+00
-3.475060939788818359e+00
-2.093497037887573242e+00
-3.210027694702148438e+00
-2.356790304183959961e+00
-2.343095064163208008e+00
-2.480784893035888672e+00
-3.569383621215820312e+00
-2.600681066513061523e+00
-3.245407342910766602e+00
-2.763753890991210938e+00
-2.683197021484375000e+00
-2.676048994064331055e+00
-1.504108309745788574e+00
-3.243185997009277344e+00
-3.294494152069091797e+00
-3.018636465072631836e+00
-1.663439512252807617e+00
-3.238403320312500000e+00
-2.348199844360351562e+00
-2.953874826431274414e+00
-8.371350169181823730e-01
-3.146778106689453125e+00
-2.590354204177856445e+00
-1.429829597473144531e+00
-2.264272451400756836e+00
-1.588216543197631836e+00
-3.362704515457153320e+00
-2.041341066360473633e+00
-3.226444721221923828e+00
-2.334080457687377930e+00
-2.424050569534301758e+00
-1.019862294197082520e+00
-2.456111907958984375e+00
-3.371293544769287109e+00
-2.024942398071289062e+00
-1.067569255828857422e+00
-3.152507066726684570e+00
-1.907063484191894531e+00
-3.122758865356445312e+00
-2.789191484451293945e+00
-1.854120492935180664e+00
-3.496413230895996094e+00
-3.252373456954956055e+00
-1.735185503959655762e+00
-1.340966939926147461e+00
-3.090484142303466797e+00
-2.437280416488647461e+00
-2.336427211761474609e+00
-9.020817875862121582e-01
-1.887685537338256836e+00
-1.888741850852966309e+00
-2.380100488662719727e+00
-1.677990078926086426e+00
-3.110471963882446289e+00
-1.745202422142028809e+00
-3.093054771423339844e+00
-2.217385292053222656e+00
-2.381211042404174805e+00
-2.681145668029785156e+00
-3.125077962875366211e+00
-2.209257841110229492e+00
-2.851228713989257812e+00
-2.409650087356567383e+00
-3.302444696426391602e+00
-2.742890834808349609e+00
-2.447774648666381836e+00
-3.397680044174194336e+00
-1.414667248725891113e+00
-2.099683046340942383e+00
-1.814033746719360352e+00
-1.869346022605895996e+00
-2.083585977554321289e+00
-3.122536182403564453e+00
-2.264484643936157227e+00
-3.524375915527343750e+00
-2.917251110076904297e+00
-1.593951344490051270e+00
-2.457859516143798828e+00
-2.840909957885742188e+00
-1.287711858749389648e+00
-3.154810190200805664e+00
-2.512131690979003906e+00
-2.793524265289306641e+00
-3.059031486511230469e+00
-1.998386263847351074e+00
-2.500439882278442383e+00
-2.526293992996215820e+00
-2.143415927886962891e+00
-3.159985542297363281e+00
-2.011450767517089844e+00
-2.914583921432495117e+00
-2.419331550598144531e+00
-1.886876702308654785e+00
-3.186874866485595703e+00
-2.898491859436035156e+00
-1.988059520721435547e+00
-2.963827610015869141e+00
-3.435877799987792969e+00
-3.350025415420532227e+00
-2.993474245071411133e+00
-3.084700107574462891e+00
-2.119763374328613281e+00
-2.214442968368530273e+00
-3.265087604522705078e+00
-2.003453731536865234e+00
-2.858502626419067383e+00
-3.330905437469482422e+00
-2.467117071151733398e+00
-3.622017621994018555e+00
-2.724550962448120117e+00
-2.618836641311645508e+00
-8.675521016120910645e-01
-2.277316808700561523e+00
-2.458085536956787109e+00
-2.592274665832519531e+00
-9.316278100013732910e-01
-2.678008317947387695e+00
-2.366052150726318359e+00
-2.924192905426025391e+00
-2.992338180541992188e+00
-2.026204109191894531e+00
-2.230559349060058594e+00
-2.051959514617919922e+00
-1.811225771903991699e+00
-2.409531593322753906e+00
-3.444427251815795898e+00
-2.483170270919799805e+00
-1.860583782196044922e+00
-2.177619934082031250e+00
-2.866220712661743164e+00
-1.914312124252319336e+00
-3.440528869628906250e+00
-2.738490581512451172e+00
-2.259057044982910156e+00
-2.382028818130493164e+00
-2.561721563339233398e+00
-3.417755126953125000e+00
-1.844574451446533203e+00
-3.212322950363159180e+00
-2.541477441787719727e+00
-3.211580038070678711e+00
-3.173358678817749023e+00
-2.477159261703491211e+00
-9.969448447227478027e-01
-1.874620556831359863e+00
-2.056280136108398438e+00
-2.543660402297973633e+00
-2.188614368438720703e+00
-2.138614177703857422e+00
-2.913792848587036133e+00
-1.122962236404418945e+00
-1.832458853721618652e+00
-1.539388298988342285e+00
-1.974688410758972168e+00
-1.704228639602661133e+00
-2.107919216156005859e+00
-3.266478061676025391e+00
-1.229222655296325684e+00
-2.276769876480102539e+00
-2.293281316757202148e+00
-2.464891195297241211e+00
-3.286197900772094727e+00
-2.602504491806030273e+00
-1.670557141304016113e+00
-2.980093479156494141e+00
-2.408720970153808594e+00
-2.457741498947143555e+00
-1.467365503311157227e+00
-2.676423072814941406e+00
-1.397963047027587891e+00
-2.117650032043457031e+00
-2.499507188796997070e+00
-3.442716360092163086e+00
-1.884436607360839844e+00
-2.351099491119384766e+00
-2.278965860605239868e-01
-1.473655939102172852e+00
-1.347649455070495605e+00
-3.304043292999267578e+00
-2.804420471191406250e+00
-3.392271041870117188e+00
-2.232279300689697266e+00
-3.198660135269165039e+00
-2.669735908508300781e+00
-2.074925661087036133e+00
-1.409134984016418457e+00
-1.572506308555603027e+00
-1.806581974029541016e+00
-1.658388018608093262e+00
-3.364759683609008789e+00
-2.875206708908081055e+00
-2.077708482742309570e+00
-2.791300535202026367e+00
-2.198366403579711914e+00
-1.933615803718566895e+00
-2.287189483642578125e+00
-3.416996240615844727e+00
-3.023355484008789062e+00
-3.277865886688232422e+00
-2.258516788482666016e+00
-1.848883152008056641e+00
-3.009548425674438477e+00
-3.350520610809326172e+00
-9.789714813232421875e-01
-1.946519970893859863e+00
-2.060053348541259766e+00
-2.863697290420532227e+00
-1.912425756454467773e+00
-8.526871800422668457e-01
-2.419521093368530273e+00
-1.812773346900939941e+00
-2.283186197280883789e+00
-1.629207015037536621e+00
-2.843184947967529297e+00
-2.972875356674194336e+00
-1.674223423004150391e+00
-1.757803559303283691e+00
-2.389011383056640625e+00
-3.443433523178100586e+00
-2.216771125793457031e+00
-2.713839054107666016e+00
-1.419994235038757324e+00
-2.650580167770385742e+00
-3.191684484481811523e+00
-1.839060664176940918e+00
-3.423695802688598633e+00
-3.090803623199462891e+00
-2.528966426849365234e+00
-2.491081953048706055e+00
-2.914473533630371094e+00
-2.278107881546020508e+00
-1.673868298530578613e+00
-1.881410121917724609e+00
-3.216781139373779297e+00
-1.178088665008544922e+00
-3.344915628433227539e+00
-2.551635026931762695e+00
-3.121736764907836914e+00
-2.279334545135498047e+00
-8.714308738708496094e-01
-1.915616273880004883e+00
-2.969089508056640625e+00
-1.440195083618164062e+00
-2.933066368103027344e+00
-2.001549959182739258e+00
-1.221703886985778809e+00
-1.849906563758850098e+00
-2.464928627014160156e+00
-2.019012451171875000e+00
-2.366363763809204102e+00
-2.627993822097778320e+00
-2.027068138122558594e+00
-1.970305085182189941e+00
-2.406011343002319336e+00
-1.889824628829956055e+00
-6.762682199478149414e-01
-2.600315332412719727e+00
-2.003570795059204102e+00
-2.609021902084350586e+00
-3.480918884277343750e+00
-2.459878683090209961e+00
-2.652669191360473633e+00
-2.230363130569458008e+00
-1.851846814155578613e+00
-2.390842914581298828e+00
-3.078321695327758789e+00
-1.806402921676635742e+00
-3.101820945739746094e+00
-8.627855777740478516e-01
-2.111073732376098633e+00
-2.071683645248413086e+00
-1.447609424591064453e+00
-2.637915372848510742e+00
-2.628932952880859375e+00
-1.688681840896606445e+00
-2.602408170700073242e+00
-1.778270721435546875e+00
-3.705672740936279297e+00
-2.123252153396606445e+00
-3.747005701065063477e+00
-2.696952104568481445e+00
-3.199503660202026367e+00
-2.661879301071166992e+00
-4.108304500579833984e+00
-3.564776182174682617e+00
-4.052669525146484375e+00
-1.731413245201110840e+00
-1.841638684272766113e+00
-3.502140283584594727e+00
-2.219943284988403320e+00
-3.271775722503662109e+00
-2.416065931320190430e+00
-1.605773925781250000e+00
-1.841144680976867676e+00
-3.362146854400634766e+00
-3.352235794067382812e+00
-3.778549194335937500e+00
-1.566526412963867188e+00
-3.328035354614257812e+00
-3.475086450576782227e+00
-3.049207210540771484e+00
-2.560347557067871094e+00
-3.317943096160888672e+00
-2.489283323287963867e+00
-1.857693672180175781e+00
-2.176384449005126953e+00
-1.760841012001037598e+00
-2.656627655029296875e+00
-2.851461887359619141e+00
-1.339726448059082031e+00
-2.852567195892333984e+00
-2.642065525054931641e+00
-2.201259374618530273e+00
-1.932707190513610840e+00
-1.848866224288940430e+00
-2.299736976623535156e+00
-3.053205728530883789e+00
-2.894984960556030273e+00
-3.028874874114990234e+00
-2.240428209304809570e+00
-1.869992971420288086e+00
-3.071534633636474609e+00
-3.243361234664916992e+00
-2.915393829345703125e+00
-2.309177875518798828e+00
-1.110610246658325195e+00
-1.345551967620849609e+00
-3.702167749404907227e+00
-1.843734025955200195e+00
-2.171522855758666992e+00
-2.756472826004028320e+00
-1.848884463310241699e+00
-3.260692834854125977e+00
-2.203164100646972656e+00
-2.204669713973999023e+00
-3.322533845901489258e+00
-9.493892788887023926e-01
-2.498076200485229492e+00
-2.837999105453491211e+00
-2.485298395156860352e+00
-9.699332118034362793e-01
-1.413277029991149902e+00
-1.316078305244445801e+00
-2.435016155242919922e+00
-3.024068832397460938e+00
-2.504641294479370117e+00
-3.086121320724487305e+00
-2.135195255279541016e+00
-3.397701740264892578e+00
-2.823126077651977539e+00
-1.946704268455505371e+00
-1.159244656562805176e+00
-3.528925180435180664e+00
-3.332648515701293945e+00
-3.566875457763671875e+00
-3.132536649703979492e+00
-2.373274087905883789e+00
-2.958345174789428711e+00
-2.745032548904418945e+00
-2.458843231201171875e+00
-2.272764444351196289e+00
-3.580693483352661133e+00
-3.153442859649658203e+00
-3.178537368774414062e+00
-3.167116165161132812e+00
-2.037531375885009766e+00
-3.124050378799438477e+00
-2.198498725891113281e+00
-2.623221158981323242e+00
-1.774567246437072754e+00
-3.284298658370971680e+00
-1.447596311569213867e+00
-2.494614124298095703e+00
-1.886548757553100586e+00
-3.444177865982055664e+00
-2.575021028518676758e+00
-1.022449374198913574e+00
-2.159889936447143555e+00
-1.966764688491821289e+00
-3.161263227462768555e+00
-2.785249233245849609e+00
-2.254508256912231445e+00
-2.050689697265625000e+00
-2.056781768798828125e+00
-2.798056364059448242e+00
-2.435038566589355469e+00
-3.426054716110229492e+00
-2.878356933593750000e+00
-2.011829853057861328e+00
-7.685792446136474609e-01
-1.622465729713439941e+00
-3.176585197448730469e+00
-3.630412340164184570e+00
-2.951755046844482422e+00
-3.442957162857055664e+00
-1.476680159568786621e+00
-3.403763055801391602e+00
-1.324455142021179199e+00
-3.631891012191772461e+00
-2.606801271438598633e+00
-2.163729429244995117e+00
-1.245152235031127930e+00
-3.433615446090698242e+00
-3.462146043777465820e+00
-2.304661512374877930e+00
-2.976072549819946289e+00
-2.151126384735107422e+00
-2.995861530303955078e+00
-2.489037275314331055e+00
-1.986580371856689453e+00
-3.262513637542724609e+00
-2.764801025390625000e+00
-2.453008651733398438e+00
-3.386123418807983398e+00
-2.361774921417236328e+00
-1.689643383026123047e+00
-2.882661581039428711e+00
-2.500962495803833008e+00
-3.102345228195190430e+00
-2.467582464218139648e+00
-1.829352259635925293e+00
-1.751447081565856934e+00
-2.286534309387207031e+00
-2.292581319808959961e+00
-1.897652745246887207e+00
-1.692444801330566406e+00
-1.299648880958557129e+00
-2.991635799407958984e+00
-2.185199499130249023e+00
-1.716202497482299805e+00
-8.724498152732849121e-01
-2.704158067703247070e+00
-1.982654809951782227e+00
-2.434234857559204102e+00
-2.253450632095336914e+00
-1.959164738655090332e+00
-2.181388378143310547e+00
-3.288136482238769531e+00
-8.956559896469116211e-01
-2.726670503616333008e+00
-9.053794741630554199e-01
-2.830786943435668945e+00
-2.812813758850097656e+00
-2.688791513442993164e+00
-1.306743979454040527e+00
-1.947734117507934570e+00
-2.349308252334594727e+00
-2.411824464797973633e+00
-3.572462797164916992e+00
-2.241961002349853516e+00
-1.137231230735778809e+00
-2.045472621917724609e+00
-2.529669046401977539e+00
-2.404099941253662109e+00
-3.014289855957031250e+00
-3.442222833633422852e+00
-6.861932873725891113e-01
-2.438353538513183594e+00
-2.364593982696533203e+00
-1.619560956954956055e+00
-3.146131515502929688e+00
-2.300040483474731445e+00
-2.731759786605834961e+00
-1.811986565589904785e+00
-2.226284503936767578e+00
-2.218249082565307617e+00
-2.727572917938232422e+00
-2.326411485671997070e+00
-2.714878082275390625e+00
-2.364290714263916016e+00
-1.776263356208801270e+00
-3.441251277923583984e+00
-2.859031200408935547e+00
-2.312682151794433594e+00
-2.980444908142089844e+00
-3.080086469650268555e+00
-3.519145488739013672e+00
-3.256270647048950195e+00
-3.241170883178710938e+00
-3.124141216278076172e+00
-3.277923583984375000e+00
-1.218146443367004395e+00
-1.733497023582458496e+00
-3.239874362945556641e+00
-3.526648044586181641e+00
-1.351127266883850098e+00
-1.233657717704772949e+00
-2.371374845504760742e+00
-3.008899688720703125e+00
-2.671155214309692383e+00
-1.744654417037963867e+00
-3.296011686325073242e+00
-3.033098459243774414e+00
-1.837120652198791504e+00
-2.732416629791259766e+00
-2.906347036361694336e+00
-1.631979227066040039e+00
-3.017455816268920898e+00
-3.434036076068878174e-01
-1.699647545814514160e+00
-2.496516942977905273e+00
-2.171973943710327148e+00
-1.789570450782775879e+00
-2.186077117919921875e+00
-2.081940412521362305e+00
-2.192424297332763672e+00
-2.557318449020385742e+00
-2.982732057571411133e+00
-1.811613798141479492e+00
-1.092551112174987793e+00
-1.664012074470520020e+00
-3.198846578598022461e+00
-2.300906896591186523e+00
-1.855445146560668945e+00
-3.080111980438232422e+00
-1.847533106803894043e+00
-2.551488161087036133e+00
-1.881753444671630859e+00
-3.574677228927612305e+00
-2.921553850173950195e+00
-3.300828456878662109e+00
-1.393278002738952637e+00
-3.678421974182128906e+00
-3.068272352218627930e+00
-2.798252820968627930e+00
-2.995922565460205078e+00
-2.837337017059326172e+00
-2.353602409362792969e+00
-2.345457315444946289e+00
-3.108455657958984375e+00
-2.542068958282470703e+00
-2.411676883697509766e+00
-3.117689609527587891e+00
-2.275334119796752930e+00
-3.644179821014404297e+00
-3.862614870071411133e+00
-2.794226169586181641e+00
-1.291401863098144531e+00
-2.874773025512695312e+00
-3.252288579940795898e+00
-2.984970331192016602e+00
-3.838708877563476562e+00
-3.369580745697021484e+00
-1.930924057960510254e+00
-2.706810235977172852e+00
-2.024725675582885742e+00
-1.492316842079162598e+00
-2.290808439254760742e+00
-2.053185224533081055e+00
-2.543032169342041016e+00
-3.719159364700317383e+00
-2.919371128082275391e+00
-3.500788450241088867e+00
-1.812218189239501953e+00
-2.482502460479736328e+00
-2.724785566329956055e+00
-1.920964717864990234e+00
-1.637639284133911133e+00
-3.079329252243041992e+00
-2.604043960571289062e+00
-2.813905954360961914e+00
-1.560056805610656738e+00
-3.461658477783203125e+00
-1.870924472808837891e+00
-3.416885614395141602e+00
-2.241053104400634766e+00
-2.345972537994384766e+00
-2.669713735580444336e+00
-1.783343791961669922e+00
-2.638328313827514648e+00
-2.851351499557495117e+00
-2.291929483413696289e+00
-3.410727739334106445e+00
-2.584015369415283203e+00
-2.159511566162109375e+00
-1.480623602867126465e+00
-1.607893824577331543e+00
-1.295699357986450195e+00
-3.596886634826660156e+00
-2.595449447631835938e+00
-1.486130952835083008e+00
-2.774752378463745117e+00
-2.656559944152832031e+00
-2.832943439483642578e+00
-2.900058269500732422e+00
-2.834352850914001465e-01
-1.175939321517944336e+00
-1.906353235244750977e+00
-2.273660659790039062e+00
-3.239351511001586914e+00
-5.316703319549560547e-01
-3.478730440139770508e+00
-3.496159791946411133e+00
-2.921448230743408203e+00
-2.918354272842407227e+00
-2.490567922592163086e+00
-3.098732948303222656e+00
-2.841089725494384766e+00
-2.852696895599365234e+00
-1.393409013748168945e+00
-2.990389347076416016e+00
-2.897539138793945312e+00
-3.393147230148315430e+00
-1.177166342735290527e+00
-2.955766201019287109e+00
-2.413038730621337891e+00
-2.533047676086425781e+00
-3.362605094909667969e+00
-2.245023012161254883e+00
-1.311105847358703613e+00
-3.538663864135742188e+00
-2.129936218261718750e+00
-2.385335683822631836e+00
-8.776450753211975098e-01
-1.578058362007141113e+00
-3.732921123504638672e+00
-3.001179218292236328e+00
-3.255352258682250977e+00
-1.342423796653747559e+00
-1.147307753562927246e+00
-2.571861267089843750e+00
-2.362702131271362305e+00
-2.468641519546508789e+00
-9.693008661270141602e-01
-2.151815414428710938e+00
-2.281009912490844727e+00
-1.959445238113403320e+00
-2.109537839889526367e+00
-2.950522661209106445e+00
-2.093302965164184570e+00
-1.389382243156433105e+00
-2.735778093338012695e+00
-3.499540090560913086e+00
-3.310101032257080078e+00
-1.877073049545288086e+00
-2.615121364593505859e+00
-2.984852790832519531e+00
-1.102669715881347656e+00
-2.780622482299804688e+00
-2.495959997177124023e+00
-5.310183167457580566e-01
-2.489101409912109375e+00
-2.699507474899291992e+00
-2.464077472686767578e+00
-2.890249490737915039e+00
-3.068069219589233398e+00
-3.480614423751831055e+00
-2.703271389007568359e+00
-2.900689601898193359e+00
-1.988264083862304688e+00
-1.565420985221862793e+00
-1.440233945846557617e+00
-2.960110425949096680e+00
-2.379806280136108398e+00
-3.642731666564941406e+00
-2.871903181076049805e+00
-2.348352193832397461e+00
-1.418486475944519043e+00
-2.828971385955810547e+00
-3.208916902542114258e+00
-3.022136688232421875e+00
-1.567348718643188477e+00
-2.708754062652587891e+00
-3.428050518035888672e+00
-1.921062588691711426e+00
-1.720726370811462402e+00
-1.616776287555694580e-01
-2.008997201919555664e+00
-3.305785417556762695e+00
-2.021681785583496094e+00
-1.992792248725891113e+00
-2.114602804183959961e+00
-2.510313510894775391e+00
-2.503859043121337891e+00
-1.721607089042663574e+00
-1.678344845771789551e+00
-2.679630041122436523e+00
-2.058521986007690430e+00
-6.550486683845520020e-01
-2.592184305191040039e+00
-2.222976684570312500e+00
-2.174989938735961914e+00
-1.944599509239196777e+00
-2.057617187500000000e+00
-1.746230959892272949e+00
-2.898877859115600586e+00
-2.038991212844848633e+00
-2.636302947998046875e+00
-2.602207899093627930e+00
-3.031689643859863281e+00
-3.309115886688232422e+00
-3.713175535202026367e+00
-1.785585284233093262e+00
-3.912607431411743164e+00
-8.096662759780883789e-01
-3.177442550659179688e+00
-3.175675868988037109e+00
-1.601616263389587402e+00
-2.724532365798950195e+00
-2.856036186218261719e+00
-3.668720960617065430e+00
-3.981024980545043945e+00
-2.159758567810058594e+00
-1.643763184547424316e+00
-2.338655948638916016e+00
-2.635150909423828125e+00
-2.780086994171142578e+00
-1.346802711486816406e+00
-2.059202909469604492e+00
-2.323207378387451172e+00
-2.457997083663940430e+00
-1.628428220748901367e+00
-3.768358945846557617e+00
-1.704150915145874023e+00
-2.497474193572998047e+00
-3.619009733200073242e+00
-2.609166622161865234e+00
-1.840907812118530273e+00
-2.210544586181640625e+00
-2.203402042388916016e+00
-2.108146190643310547e+00
-3.914018869400024414e+00
-3.413385391235351562e+00
-2.605084896087646484e+00
-3.490477561950683594e+00
-1.317383170127868652e+00
-1.782037854194641113e+00
-2.812090873718261719e+00
-1.179418087005615234e+00
-2.604555130004882812e+00
-3.208838462829589844e+00
-2.154158592224121094e+00
-3.065556526184082031e+00
-2.706715106964111328e+00
-1.714555740356445312e+00
-3.243552923202514648e+00
-8.586321473121643066e-01
-1.793711781501770020e+00
-1.285911679267883301e+00
-2.383024930953979492e+00
-1.910977482795715332e+00
-1.673088669776916504e+00
-3.089869260787963867e+00
-1.597505807876586914e+00
-1.313429355621337891e+00
-3.242154836654663086e+00
-1.821761727333068848e+00
-2.647534370422363281e+00
-1.892205476760864258e+00
-2.396716833114624023e+00
-1.694792270660400391e+00
-3.633767604827880859e+00
-2.496337175369262695e+00
-1.353719472885131836e+00
-9.831725955009460449e-01
-1.946527719497680664e+00
-2.724650859832763672e+00
-2.755551338195800781e+00
-1.563885211944580078e+00
-3.323041915893554688e+00
-2.781654357910156250e+00
-2.777261257171630859e+00
-3.414041757583618164e+00
-1.625582933425903320e+00
-3.542482376098632812e+00
-1.941640853881835938e+00
-1.174465775489807129e+00
-2.095894575119018555e+00
-3.440484762191772461e+00
-4.009031951427459717e-01
-2.153466463088989258e+00
-3.556112289428710938e+00
-2.441219806671142578e+00
-2.525776386260986328e+00
-1.869779825210571289e+00
-1.958837509155273438e+00
-1.318628311157226562e+00
-2.505902767181396484e+00
-2.291119337081909180e+00
-2.467035531997680664e+00
-3.003014326095581055e+00
-2.036132812500000000e+00
-2.786788225173950195e+00
-1.459173917770385742e+00
-2.196945667266845703e+00
