-3.790670037269592285e-01
-1.247955083847045898e+00
-1.903188824653625488e+00
-2.658549785614013672e+00
-1.422128200531005859e+00
-1.828218340873718262e+00
-1.759466171264648438e+00
-2.400812149047851562e+00
-2.584429979324340820e+00
-2.762438297271728516e+00
-2.537166595458984375e+00
-2.521991014480590820e+00
-2.618352890014648438e+00
-3.001346826553344727e+00
-2.177313804626464844e+00
-2.682355403900146484e+00
-2.681878328323364258e+00
-3.025135755538940430e+00
-1.492170453071594238e+00
-2.855685472488403320e+00
-2.126945495605468750e+00
-3.037038087844848633e+00
-2.657418966293334961e+00
-3.165372133255004883e+00
-2.427782297134399414e+00
-2.729174137115478516e+00
-2.679580450057983398e+00
-2.791209459304809570e+00
-1.557372093200683594e+00
-2.417855978012084961e+00
-1.639977335929870605e+00
-2.411438226699829102e+00
-2.404954195022583008e+00
-3.385606765747070312e+00
-1.484482526779174805e+00
-2.301003217697143555e+00
-3.557978630065917969e+00
-2.244607925415039062e+00
-1.504371047019958496e+00
-3.095257520675659180e+00
-1.844022870063781738e+00
-2.963817358016967773e+00
-2.096895456314086914e+00
-2.237254381179809570e+00
-2.639016151428222656e+00
-2.682645559310913086e+00
-1.508534312248229980e+00
-1.619169950485229492e+00
-2.066786527633666992e+00
-2.672364711761474609e+00
-1.031619071960449219e+00
-1.545291662216186523e+00
-2.856085062026977539e+00
-3.786875247955322266e+00
-2.188810110092163086e+00
-2.651264190673828125e+00
-3.227597951889038086e+00
-2.587840318679809570e+00
-1.841663241386413574e+00
-2.609332323074340820e+00
-1.294570684432983398e+00
-2.374611616134643555e+00
-1.699027180671691895e+00
-2.105444431304931641e+00
-3.525560379028320312e+00
-2.797986268997192383e+00
-1.145363092422485352e+00
-1.816098809242248535e+00
-3.094521284103393555e+00
-3.476763010025024414e+00
-1.764605641365051270e+00
-2.574984312057495117e+00
-3.289677143096923828e+00
-3.490303277969360352e+00
-2.386126756668090820e+00
-1.903059363365173340e+00
-3.626287937164306641e+00
-2.580287218093872070e+00
-1.725475907325744629e+00
-2.596144199371337891e+00
-3.330739259719848633e+00
-2.808056592941284180e+00
-1.782326340675354004e+00
-2.938758850097656250e+00
-1.815598964691162109e+00
-1.233883857727050781e+00
-1.624921798706054688e+00
-2.677076339721679688e+00
-3.295312881469726562e+00
-2.830275297164916992e+00
-2.784847974777221680e+00
-2.919526338577270508e+00
-2.756023168563842773e+00
-2.856236219406127930e+00
-2.005126714706420898e+00
-3.082274675369262695e+00
-3.565716981887817383e+00
-1.512944817543029785e+00
-1.191734194755554199e+00
-2.548896789550781250e+00
-2.812753200531005859e+00
-3.035055160522460938e+00
-1.877768993377685547e+00
-3.152654170989990234e+00
-3.106734037399291992e+00
-1.914264321327209473e+00
-2.246746301651000977e+00
-2.868022203445434570e+00
-2.476030588150024414e+00
-3.132940292358398438e+00
-1.836606025695800781e+00
-1.079513311386108398e+00
-3.982562780380249023e+00
-3.308748245239257812e+00
-2.513515710830688477e+00
-3.393866062164306641e+00
-1.687332153320312500e+00
-3.334343910217285156e+00
-1.732640981674194336e+00
-2.540672540664672852e+00
-2.648850440979003906e+00
-3.651826620101928711e+00
-2.850533723831176758e+00
-1.274491190910339355e+00
-2.355511188507080078e+00
-3.007406234741210938e+00
-9.847585558891296387e-01
-2.534470796585083008e+00
-3.576958894729614258e+00
-1.964984416961669922e+00
-2.392533779144287109e+00
-1.945064663887023926e+00
-2.609274387359619141e+00
-2.523357629776000977e+00
-2.261923789978027344e+00
-3.082532167434692383e+00
-2.822283983230590820e+00
-3.680456399917602539e+00
-1.213708281517028809e+00
-2.966130495071411133e+00
-2.865663766860961914e+00
-2.999687194824218750e+00
-1.805994629859924316e+00
-2.239443540573120117e+00
-2.916803359985351562e+00
-3.731433153152465820e+00
-2.152083873748779297e+00
-2.263674736022949219e+00
-3.719775676727294922e+00
-2.999366044998168945e+00
-2.120156049728393555e+00
-2.725682735443115234e+00
-3.857743978500366211e+00
-3.415916442871093750e+00
-1.171590209007263184e+00
-1.440647602081298828e+00
-3.186453342437744141e+00
-3.151440143585205078e+00
-1.944962978363037109e+00
-2.929694414138793945e+00
-2.359658956527709961e+00
-3.491287469863891602e+00
-2.666660785675048828e+00
-1.643183588981628418e+00
-1.561927914619445801e+00
-2.717392683029174805e+00
-3.522657155990600586e+00
-2.327078104019165039e+00
-1.520482778549194336e+00
-2.871287107467651367e+00
-2.895639657974243164e+00
-2.646407127380371094e+00
-2.808330059051513672e+00
-2.062185287475585938e+00
-3.190473079681396484e+00
-2.993927001953125000e+00
-2.693542242050170898e+00
-3.179291963577270508e+00
-2.737360000610351562e+00
-2.460460901260375977e+00
-3.429262876510620117e+00
-2.142232179641723633e+00
-3.437467336654663086e+00
-2.370332956314086914e+00
-3.048786163330078125e+00
-2.455827236175537109e+00
-2.147212743759155273e+00
-3.543226003646850586e+00
-2.108827590942382812e+00
-2.759080410003662109e+00
-3.230588197708129883e+00
-3.601878166198730469e+00
-2.422942638397216797e+00
-3.266975164413452148e+00
-2.756025791168212891e+00
-2.761275529861450195e+00
-2.754942178726196289e+00
-3.369741439819335938e+00
-3.629774332046508789e+00
-3.273463249206542969e+00
-3.904481172561645508e+00
-3.343968152999877930e+00
-2.640805959701538086e+00
-2.917277574539184570e+00
-2.063264846801757812e+00
-2.303738117218017578e+00
-2.732863187789916992e+00
-2.884474992752075195e+00
-2.310030221939086914e+00
-1.700132727622985840e+00
-2.431093215942382812e+00
-3.115066051483154297e+00
-3.807245492935180664e+00
-3.386821985244750977e+00
-2.675406455993652344e+00
-3.320945024490356445e+00
-3.352705478668212891e+00
-2.976626634597778320e+00
-2.368180036544799805e+00
-2.619547843933105469e+00
-3.070898771286010742e+00
-2.958999395370483398e+00
-2.528082132339477539e+00
-3.774827003479003906e+00
-3.262946844100952148e+00
-2.432642221450805664e+00
-3.483973026275634766e+00
-2.729608774185180664e+00
-3.620725631713867188e+00
-2.204897403717041016e+00
-2.131702184677124023e+00
-2.123639583587646484e+00
-3.549274682998657227e+00
-2.106018066406250000e+00
-2.831734657287597656e+00
-2.184458732604980469e+00
-2.504658460617065430e+00
-2.407622814178466797e+00
-2.786925554275512695e+00
-2.584008932113647461e+00
-3.009951591491699219e+00
-1.921486020088195801e+00
-3.053649187088012695e+00
-3.349543333053588867e+00
-2.958236694335937500e+00
-3.191695928573608398e+00
-3.261927843093872070e+00
-3.270741939544677734e+00
-2.616017818450927734e+00
-2.665630578994750977e+00
-1.733099579811096191e+00
-2.310537099838256836e+00
-2.240839719772338867e+00
-2.309197425842285156e+00
-2.461159706115722656e+00
-3.084639787673950195e+00
-3.590614557266235352e+00
-3.385864496231079102e+00
-3.760445594787597656e+00
-1.361929893493652344e+00
-3.158143758773803711e+00
-2.650250673294067383e+00
-2.374761819839477539e+00
-3.112167835235595703e+00
-3.327579498291015625e+00
-2.778949975967407227e+00
-3.860999107360839844e+00
-3.764895439147949219e+00
-2.179711103439331055e+00
-2.989526748657226562e+00
-2.646569490432739258e+00
-3.474723577499389648e+00
-2.481475353240966797e+00
-3.616442203521728516e+00
-3.367679834365844727e+00
-3.153828382492065430e+00
-2.687925338745117188e+00
-3.057970762252807617e+00
-4.041934490203857422e+00
-2.808242559432983398e+00
-2.570037603378295898e+00
-2.113564491271972656e+00
-3.645719289779663086e+00
-3.846728324890136719e+00
-3.615009784698486328e+00
-2.840260505676269531e+00
-3.860527276992797852e+00
-3.053635120391845703e+00
-2.827828884124755859e+00
-3.379499673843383789e+00
-3.846505880355834961e+00
-2.765428304672241211e+00
-2.593812227249145508e+00
-2.038445949554443359e+00
-2.856229543685913086e+00
-3.333440542221069336e+00
-3.303541898727416992e+00
-2.482570409774780273e+00
-2.049684762954711914e+00
-2.990370273590087891e+00
-2.744266271591186523e+00
-2.853335380554199219e+00
-2.888108015060424805e+00
-2.754739284515380859e+00
-2.265757560729980469e+00
-3.376878976821899414e+00
-2.450551509857177734e+00
-1.842809677124023438e+00
-2.647425651550292969e+00
-2.462493181228637695e+00
-2.868299245834350586e+00
-3.864785671234130859e+00
-3.053825855255126953e+00
-3.207940340042114258e+00
-2.217713117599487305e+00
-2.531864166259765625e+00
-2.740456581115722656e+00
-2.028313636779785156e+00
-3.418297529220581055e+00
-2.807468891143798828e+00
-2.887444019317626953e+00
-2.751564025878906250e+00
-3.164298772811889648e+00
-3.652243614196777344e+00
-3.903588533401489258e+00
-3.019786119461059570e+00
-2.294251918792724609e+00
-3.186111211776733398e+00
-2.316587209701538086e+00
-1.954487085342407227e+00
-2.013281583786010742e+00
-3.408155441284179688e+00
-3.421999692916870117e+00
-3.067309141159057617e+00
-3.480645656585693359e+00
-1.974774837493896484e+00
-3.591711759567260742e+00
-2.467128992080688477e+00
-2.220870256423950195e+00
-3.517656564712524414e+00
-3.153561592102050781e+00
-3.186749219894409180e+00
-2.827813625335693359e+00
-2.382184982299804688e+00
-2.440577030181884766e+00
-3.193594932556152344e+00
-2.781887292861938477e+00
-3.230346679687500000e+00
-3.072016000747680664e+00
-3.343295812606811523e+00
-3.484018802642822266e+00
-3.354779958724975586e+00
-3.245839357376098633e+00
-3.619608163833618164e+00
-2.437195301055908203e+00
-3.227206230163574219e+00
-1.129807949066162109e+00
-2.624823331832885742e+00
-1.832196593284606934e+00
-2.952148914337158203e+00
-2.671376943588256836e+00
-2.814976215362548828e+00
-3.322342157363891602e+00
-3.174981832504272461e+00
-3.531893730163574219e+00
-2.985342264175415039e+00
-3.736902952194213867e+00
-3.601606130599975586e+00
-3.032552242279052734e+00
-3.533815383911132812e+00
-2.448633432388305664e+00
-2.788267612457275391e+00
-3.408910512924194336e+00
-2.675877094268798828e+00
-2.543731451034545898e+00
-2.368023395538330078e+00
-3.503896951675415039e+00
-3.110035896301269531e+00
-3.337697744369506836e+00
-2.901162862777709961e+00
-2.356926202774047852e+00
-3.277225494384765625e+00
-3.000288009643554688e+00
-2.374273538589477539e+00
-3.332835912704467773e+00
-2.820271253585815430e+00
-3.367009639739990234e+00
-2.792821407318115234e+00
-3.745114088058471680e+00
-2.199738025665283203e+00
-3.579566001892089844e+00
-3.600006103515625000e+00
-3.427824735641479492e+00
-2.441624879837036133e+00
-2.854396104812622070e+00
-3.154870986938476562e+00
-2.506179571151733398e+00
-3.601920843124389648e+00
-3.603861808776855469e+00
-3.603254079818725586e+00
-3.841520547866821289e+00
-3.101619720458984375e+00
-2.555528163909912109e+00
-3.341903448104858398e+00
-2.843340158462524414e+00
-1.594168782234191895e+00
-2.799503803253173828e+00
-2.945438861846923828e+00
-3.775545120239257812e+00
-2.872416973114013672e+00
-2.025798797607421875e+00
-2.943694829940795898e+00
-3.721604108810424805e+00
-3.246788740158081055e+00
-2.680616855621337891e+00
-4.238606929779052734e+00
-3.374311208724975586e+00
-1.903729915618896484e+00
-2.638316154479980469e+00
-3.277305126190185547e+00
-3.580683946609497070e+00
-2.829019784927368164e+00
-2.957616806030273438e+00
-3.294475078582763672e+00
-2.992161750793457031e+00
-2.286445856094360352e+00
-3.163003206253051758e+00
-2.159425973892211914e+00
-3.252471685409545898e+00
-2.422928094863891602e+00
-2.643981218338012695e+00
-3.218538045883178711e+00
-2.619994640350341797e+00
-2.932971715927124023e+00
-3.200127363204956055e+00
-2.959178924560546875e+00
-3.056396484375000000e+00
-3.544827938079833984e+00
-3.727110147476196289e+00
-2.194073915481567383e+00
-3.191493749618530273e+00
-3.295665264129638672e+00
-1.454392910003662109e+00
-2.959190368652343750e+00
-3.075933456420898438e+00
-1.249314904212951660e+00
-3.000774383544921875e+00
-2.767777681350708008e+00
-2.545231819152832031e+00
-3.111665010452270508e+00
-3.117966890335083008e+00
-3.308652162551879883e+00
-3.424455642700195312e+00
-3.562150955200195312e+00
-2.477601528167724609e+00
-3.081995725631713867e+00
-3.103761434555053711e+00
-3.294089794158935547e+00
-3.358742237091064453e+00
-3.018370389938354492e+00
-3.469915151596069336e+00
-3.898592710494995117e+00
-2.941789865493774414e+00
-3.155469655990600586e+00
-2.312996149063110352e+00
-2.585376262664794922e+00
-2.822955846786499023e+00
-3.662554502487182617e+00
-1.589998960494995117e+00
-3.288407087326049805e+00
-3.040127992630004883e+00
-2.419738531112670898e+00
-1.947502732276916504e+00
-3.678770542144775391e+00
-2.841986179351806641e+00
-2.575026750564575195e+00
-2.765101671218872070e+00
-1.978109002113342285e+00
-2.361379861831665039e+00
-3.222186565399169922e+00
-3.431569576263427734e+00
-1.771779417991638184e+00
-1.505369544029235840e+00
-3.574091911315917969e+00
-2.610491037368774414e+00
-2.809811115264892578e+00
-3.675557374954223633e+00
-3.183312892913818359e+00
-3.031579971313476562e+00
-2.286112308502197266e+00
-2.946984052658081055e+00
-1.978738665580749512e+00
-2.677994728088378906e+00
-2.786580085754394531e+00
-2.531818628311157227e+00
-2.966689586639404297e+00
-2.938487291336059570e+00
-3.027784824371337891e+00
-2.776114702224731445e+00
-2.965225696563720703e+00
-3.235333681106567383e+00
-3.591147422790527344e+00
-3.435775756835937500e+00
-2.793626308441162109e+00
-2.952399015426635742e+00
-2.913587093353271484e+00
-3.142122030258178711e+00
-1.150490164756774902e+00
-3.043022155761718750e+00
-2.918062210083007812e+00
-2.516308069229125977e+00
-2.690723657608032227e+00
-2.245204210281372070e+00
-2.498127460479736328e+00
-3.110679388046264648e+00
-2.446453332901000977e+00
-2.498653888702392578e+00
-3.726730108261108398e+00
-2.336688518524169922e+00
-2.410602092742919922e+00
-3.095731019973754883e+00
-3.276444196701049805e+00
-3.723616123199462891e+00
-3.933456182479858398e+00
-2.601275920867919922e+00
-2.543303251266479492e+00
-2.590060949325561523e+00
-2.103818178176879883e+00
-3.047449827194213867e+00
-3.207541942596435547e+00
-3.439611196517944336e+00
-1.300968289375305176e+00
-3.092816829681396484e+00
-2.722583532333374023e+00
-3.317538976669311523e+00
-2.205365657806396484e+00
-3.314683675765991211e+00
-2.264298677444458008e+00
-2.765331983566284180e+00
-3.353512048721313477e+00
-3.268780469894409180e+00
-1.502979516983032227e+00
-3.277262449264526367e+00
-3.219193696975708008e+00
-3.635460615158081055e+00
-3.245658874511718750e+00
-3.934146642684936523e+00
-2.765019416809082031e+00
-3.835721731185913086e+00
-2.888984441757202148e+00
-2.327068805694580078e+00
-3.700800657272338867e+00
-2.988341808319091797e+00
-3.100224494934082031e+00
-3.404132843017578125e+00
-2.588365554809570312e+00
-2.033142328262329102e+00
-3.360191822052001953e+00
-2.706330537796020508e+00
-2.593066453933715820e+00
-3.427965402603149414e+00
-2.670948505401611328e+00
-2.702866792678833008e+00
-3.275962829589843750e+00
-2.449851989746093750e+00
-4.024231433868408203e+00
-2.581737995147705078e+00
-3.259891748428344727e+00
-3.550134181976318359e+00
-3.885963678359985352e+00
-2.633026123046875000e+00
-3.145628690719604492e+00
-3.446383237838745117e+00
-2.342914104461669922e+00
-2.639558792114257812e+00
-1.672789692878723145e+00
-2.729840517044067383e+00
-2.488170623779296875e+00
-2.948644161224365234e+00
-2.406037807464599609e+00
-2.590986013412475586e+00
-3.611015796661376953e+00
-2.508224010467529297e+00
-3.042784214019775391e+00
-2.866762876510620117e+00
-2.008535146713256836e+00
-2.630341529846191406e+00
-3.598785638809204102e+00
-2.728210926055908203e+00
-2.351982355117797852e+00
-3.881392478942871094e+00
-4.036363601684570312e+00
-2.528685092926025391e+00
-2.852887630462646484e+00
-3.500917434692382812e+00
-4.023824214935302734e+00
-2.533883571624755859e+00
-2.819038391113281250e+00
-2.590290307998657227e+00
-3.717256069183349609e+00
-2.424623966217041016e+00
-3.629154205322265625e+00
-2.879946231842041016e+00
-3.291586875915527344e+00
-1.545615911483764648e+00
-3.317237615585327148e+00
-3.207814693450927734e+00
-2.978381633758544922e+00
-2.373450756072998047e+00
-2.173236370086669922e+00
-2.809011697769165039e+00
-2.452610492706298828e+00
-3.456543922424316406e+00
-2.672787427902221680e+00
-3.330191612243652344e+00
-3.765519142150878906e+00
-4.039123535156250000e+00
-3.403343439102172852e+00
-2.030870914459228516e+00
-2.696209192276000977e+00
-3.317049026489257812e+00
-3.005456447601318359e+00
-2.812510728836059570e+00
-2.623267889022827148e+00
-2.969256162643432617e+00
-3.430685997009277344e+00
-2.980107784271240234e+00
-3.096061706542968750e+00
-3.755098819732666016e+00
-3.358844995498657227e+00
-2.547249794006347656e+00
-1.877210736274719238e+00
-2.331402778625488281e+00
-2.020841360092163086e+00
-2.600551843643188477e+00
-2.608302831649780273e+00
-2.629278898239135742e+00
-2.361164093017578125e+00
-2.465806007385253906e+00
-2.918108701705932617e+00
-3.207466840744018555e+00
-2.230527400970458984e+00
-2.804274559020996094e+00
-1.581330299377441406e+00
-2.866160392761230469e+00
-3.653004884719848633e+00
-2.344870090484619141e+00
-3.027254104614257812e+00
-2.728890180587768555e+00
-2.820117473602294922e+00
-3.335676670074462891e+00
-2.300138473510742188e+00
-3.415597200393676758e+00
-2.051576852798461914e+00
-1.832924485206604004e+00
-2.468666553497314453e+00
-1.944144010543823242e+00
-2.460936546325683594e+00
-3.533723115921020508e+00
-3.229087591171264648e+00
-1.605020880699157715e+00
-1.861239194869995117e+00
-2.760523557662963867e+00
-3.344856262207031250e+00
-2.195390462875366211e+00
-3.862458467483520508e+00
-2.656699895858764648e+00
-3.334881305694580078e+00
-3.056386709213256836e+00
-2.723961591720581055e+00
-2.563597679138183594e+00
-2.807684421539306641e+00
-2.550087690353393555e+00
-2.629130363464355469e+00
-3.586153984069824219e+00
-2.190336465835571289e+00
-3.298654556274414062e+00
-3.756410598754882812e+00
-3.111301183700561523e+00
-1.805243372917175293e+00
-2.408771276473999023e+00
-2.564551591873168945e+00
-2.424002170562744141e+00
-2.179366111755371094e+00
-3.093189954757690430e+00
-2.074507713317871094e+00
-2.589143276214599609e+00
-2.761233329772949219e+00
-3.541755199432373047e+00
-2.133297204971313477e+00
-3.379333496093750000e+00
-3.633456230163574219e+00
-1.514994382858276367e+00
-3.115395307540893555e+00
-3.755598068237304688e+00
-2.809844970703125000e+00
-2.371708154678344727e+00
-3.232787132263183594e+00
-3.104927062988281250e+00
-2.726776361465454102e+00
-2.010071992874145508e+00
-2.798045158386230469e+00
-3.159604549407958984e+00
-3.269685983657836914e+00
-2.346417665481567383e+00
-3.686830759048461914e+00
-2.831454515457153320e+00
-1.445826768875122070e+00
-2.437643289566040039e+00
-1.499886512756347656e+00
-2.422645330429077148e+00
-2.777963399887084961e+00
-3.288511514663696289e+00
-3.701578855514526367e+00
-2.683128833770751953e+00
-2.609029054641723633e+00
-3.477019309997558594e+00
-1.430706381797790527e+00
-2.158104419708251953e+00
-2.681547641754150391e+00
-3.229419231414794922e+00
-2.488267421722412109e+00
-3.540699958801269531e+00
-3.226749658584594727e+00
-2.901086091995239258e+00
-3.591047525405883789e+00
-2.593150138854980469e+00
-2.936600923538208008e+00
-1.974312305450439453e+00
-1.570031642913818359e+00
-2.230751037597656250e+00
-3.095297098159790039e+00
-3.282745838165283203e+00
-2.575161218643188477e+00
-3.198091983795166016e+00
-3.110814094543457031e+00
-3.190712690353393555e+00
-1.596941232681274414e+00
-3.807674646377563477e+00
-3.623979568481445312e+00
-2.801171779632568359e+00
-3.483290195465087891e+00
-3.571689367294311523e+00
-3.427685022354125977e+00
-3.093032836914062500e+00
-2.598576068878173828e+00
-3.898582935333251953e+00
-3.269670486450195312e+00
-2.729531288146972656e+00
-3.606067180633544922e+00
-2.358087301254272461e+00
-3.525506019592285156e+00
-2.679449319839477539e+00
-3.460908889770507812e+00
-1.911800861358642578e+00
-1.385244965553283691e+00
-1.898023843765258789e+00
-3.476540803909301758e+00
-3.711088180541992188e+00
-2.413833618164062500e+00
-2.150840282440185547e+00
-3.233794927597045898e+00
-3.212198257446289062e+00
-3.357012510299682617e+00
-3.459211349487304688e+00
-2.594721078872680664e+00
-3.659259557723999023e+00
-2.845804214477539062e+00
-3.236666202545166016e+00
-2.328125000000000000e+00
-3.497369050979614258e+00
-3.793273448944091797e+00
-1.830824136734008789e+00
-2.859417915344238281e+00
-3.370158195495605469e+00
-2.922232866287231445e+00
-3.025786161422729492e+00
-2.781949520111083984e+00
-3.437103748321533203e+00
-2.509811639785766602e+00
-2.956989765167236328e+00
-3.119001150131225586e+00
-3.327986001968383789e+00
-2.987086534500122070e+00
-2.404590368270874023e+00
-2.136054277420043945e+00
-2.671667337417602539e+00
-3.126154422760009766e+00
-2.618866443634033203e+00
-3.005214691162109375e+00
-1.937887907028198242e+00
-2.718874692916870117e+00
-1.678780078887939453e+00
-2.479270935058593750e+00
-3.225250720977783203e+00
-3.037607192993164062e+00
-2.640713691711425781e+00
-2.346740007400512695e+00
-2.491882324218750000e+00
-2.770763874053955078e+00
-3.673975467681884766e+00
-2.299103021621704102e+00
-3.065566062927246094e+00
-3.602198362350463867e+00
-2.465249538421630859e+00
-3.163343906402587891e+00
-2.014429330825805664e+00
-3.674520492553710938e+00
-3.332318544387817383e+00
-2.517478942871093750e+00
-2.460859298706054688e+00
-2.349046707153320312e+00
-1.892999053001403809e+00
-3.705038309097290039e+00
-2.059540033340454102e+00
-2.963583230972290039e+00
-2.032708883285522461e+00
-3.599604368209838867e+00
-3.161464691162109375e+00
-3.706849336624145508e+00
-3.437865257263183594e+00
-2.668342590332031250e+00
-3.892604112625122070e+00
-3.879365682601928711e+00
-3.150503158569335938e+00
-2.651040792465209961e+00
-3.277233839035034180e+00
-3.788955450057983398e+00
-3.072409152984619141e+00
-2.380312442779541016e+00
-3.423690557479858398e+00
-2.509929895401000977e+00
-3.115823268890380859e+00
-2.727199316024780273e+00
-2.280000448226928711e+00
-2.006236076354980469e+00
-7.898440957069396973e-01
-3.215667486190795898e+00
-3.293394327163696289e+00
-2.574727058410644531e+00
-2.221139669418334961e+00
-1.870015263557434082e+00
-2.685649394989013672e+00
-2.014499425888061523e+00
-3.190129280090332031e+00
-2.884645462036132812e+00
-2.092610359191894531e+00
-3.620202302932739258e+00
-2.575647354125976562e+00
-3.359773397445678711e+00
-2.499592065811157227e+00
-1.924610495567321777e+00
-1.302866220474243164e+00
-3.464270830154418945e+00
-1.826330065727233887e+00
-2.667667388916015625e+00
-3.496908187866210938e+00
-2.762520551681518555e+00
-2.097305536270141602e+00
-2.795862913131713867e+00
-3.099815130233764648e+00
-1.205406308174133301e+00
-2.460304498672485352e+00
-2.263309240341186523e+00
-2.035079956054687500e+00
-2.708477258682250977e+00
-2.376564502716064453e+00
-2.345433473587036133e+00
-2.551374912261962891e+00
-3.632185935974121094e+00
-3.218740463256835938e+00
-1.463215947151184082e+00
-1.852852463722229004e+00
-2.949357986450195312e+00
-3.176780223846435547e+00
-3.300066947937011719e+00
-1.979316592216491699e+00
-3.235875368118286133e+00
-2.801047801971435547e+00
-1.841491699218750000e+00
-1.657115578651428223e+00
-2.630682468414306641e+00
-3.211281776428222656e+00
-2.244416713714599609e+00
-2.635953903198242188e+00
-2.805301427841186523e+00
-2.784249305725097656e+00
-3.009356260299682617e+00
-2.036460399627685547e+00
-1.485263228416442871e+00
-2.636581897735595703e+00
-2.187382221221923828e+00
-2.032225131988525391e+00
-1.927239775657653809e+00
-1.951599001884460449e+00
-2.539978981018066406e+00
-2.696312665939331055e+00
-2.125197649002075195e+00
-2.448585748672485352e+00
-2.201302766799926758e+00
-8.962563872337341309e-01
-2.675247907638549805e+00
-1.728063583374023438e+00
-2.098593473434448242e+00
-1.645108222961425781e+00
-3.349615573883056641e+00
-2.658818244934082031e+00
-8.397245407104492188e-01
-2.285059928894042969e+00
-1.388355374336242676e+00
-2.681869506835937500e+00
-2.417735815048217773e+00
-2.101382732391357422e+00
-2.615476131439208984e+00
-2.563797473907470703e+00
-2.385640859603881836e+00
-2.764260292053222656e+00
-2.553810119628906250e+00
-1.023388147354125977e+00
-2.581358909606933594e+00
-2.582180500030517578e+00
-2.410059928894042969e+00
-2.033537387847900391e+00
-3.261845111846923828e+00
-2.970705509185791016e+00
-2.167537927627563477e+00
-3.090291976928710938e+00
-2.252461910247802734e+00
-2.251522541046142578e+00
-2.153344392776489258e+00
-2.886622428894042969e+00
-2.196487188339233398e+00
-2.922711133956909180e+00
-1.866303801536560059e+00
-2.918545722961425781e+00
-3.330844402313232422e+00
-1.825239300727844238e+00
-1.819388628005981445e+00
-7.170356512069702148e-01
-2.349022626876831055e+00
-2.035979270935058594e+00
-2.696122884750366211e+00
-2.031805753707885742e+00
-2.705490350723266602e+00
-1.970495462417602539e+00
-3.228778123855590820e+00
-2.635231018066406250e+00
-1.140178084373474121e+00
-1.967897176742553711e+00
-1.598408818244934082e+00
-2.028351068496704102e+00
-2.358358621597290039e+00
-2.963028430938720703e+00
-3.377239704132080078e+00
-1.548913359642028809e+00
-2.365252494812011719e+00
-2.869145870208740234e+00
-1.713246107101440430e+00
-2.222501754760742188e+00
-3.383680820465087891e+00
-3.185195207595825195e+00
-2.319338321685791016e+00
-2.776034593582153320e+00
-2.685536861419677734e+00
-2.131217718124389648e+00
-3.530445337295532227e+00
-2.733198404312133789e+00
-7.792503833770751953e-01
-2.042053461074829102e+00
-2.510134220123291016e+00
-2.450277328491210938e+00
-2.130924701690673828e+00
-2.741289615631103516e+00
-1.829618215560913086e+00
-2.178849458694458008e+00
-9.126721620559692383e-01
-4.854530096054077148e-01
-1.764621615409851074e+00
-2.250429391860961914e+00
-3.133322238922119141e+00
-3.453560113906860352e+00
-1.699347496032714844e+00
-3.177658081054687500e+00
-3.260064125061035156e+00
-2.048826456069946289e+00
-1.021049141883850098e+00
-3.041501760482788086e+00
-2.909640312194824219e+00
-3.095853567123413086e+00
-1.828054070472717285e+00
-2.259264230728149414e+00
-2.023644208908081055e+00
-3.011731147766113281e+00
-3.021446704864501953e+00
-2.748075008392333984e+00
-2.742756128311157227e+00
-3.202749490737915039e+00
-1.364210963249206543e+00
-2.772082567214965820e+00
-1.181177973747253418e+00
-2.096681356430053711e+00
-3.211383819580078125e+00
-2.995314359664916992e+00
-1.143003821372985840e+00
-2.526800870895385742e+00
-2.580549001693725586e+00
-3.365447759628295898e+00
-2.613193750381469727e+00
-1.330602288246154785e+00
-2.119248628616333008e+00
-2.726200580596923828e+00
-3.157217264175415039e+00
-2.426515102386474609e+00
-3.098327636718750000e+00
-2.993500947952270508e+00
-2.555790901184082031e+00
-1.989319562911987305e+00
-1.030923128128051758e+00
-1.299265742301940918e+00
-3.223258256912231445e+00
-2.844909191131591797e+00
-3.637716054916381836e+00
-3.205232620239257812e+00
-3.047521829605102539e+00
-9.827605485916137695e-01
-2.968483448028564453e+00
-3.337260723114013672e+00
-1.184082269668579102e+00
-2.252977132797241211e+00
-2.217259883880615234e+00
-3.077352523803710938e+00
-2.283035039901733398e+00
-2.792994737625122070e+00
-1.742595314979553223e+00
-1.636322259902954102e+00
-2.363289356231689453e+00
-1.346812605857849121e+00
-2.282697677612304688e+00
-1.970596194267272949e+00
-2.634414911270141602e+00
-8.794894218444824219e-01
-3.686837434768676758e+00
-9.308720827102661133e-01
-2.784888029098510742e+00
-2.348791360855102539e+00
-3.728806018829345703e+00
-1.781010508537292480e+00
-2.552191257476806641e+00
-2.227920532226562500e+00
-3.015200614929199219e+00
-1.951285004615783691e+00
-3.400032520294189453e+00
-3.013529777526855469e+00
-2.678473234176635742e+00
-2.235432386398315430e+00
-2.445268154144287109e+00
-1.890722036361694336e+00
-3.425379276275634766e+00
-3.281246662139892578e+00
-2.955455064773559570e+00
-1.778266310691833496e+00
-2.400721788406372070e+00
-2.106489419937133789e+00
-2.015077352523803711e+00
-1.868906617164611816e+00
-3.370987892150878906e+00
-2.403101444244384766e+00
-2.171332836151123047e+00
-2.947602748870849609e+00
-3.270153760910034180e+00
-2.899923563003540039e+00
-3.126263141632080078e+00
-2.771830081939697266e+00
-2.629601478576660156e+00
-3.257902383804321289e+00
-2.725821018218994141e+00
-2.081443071365356445e+00
-3.176297426223754883e+00
-1.306460618972778320e+00
-1.682291150093078613e+00
-3.210493326187133789e+00
-2.775470256805419922e+00
-1.142136693000793457e+00
-2.439378499984741211e+00
-1.613986968994140625e+00
-1.905331254005432129e+00
-1.991478204727172852e+00
-3.400717735290527344e+00
-3.208203315734863281e+00
-1.463757395744323730e+00
-2.353662729263305664e+00
-3.290962696075439453e+00
-1.891235113143920898e+00
-1.690048336982727051e+00
-2.730829477310180664e+00
-2.690521478652954102e+00
-2.793621778488159180e+00
-2.628021240234375000e+00
-3.653780460357666016e+00
-3.467792034149169922e+00
-1.816581726074218750e+00
-2.392270088195800781e+00
-2.168473958969116211e+00
-2.271581411361694336e+00
-1.921518325805664062e+00
-3.295032024383544922e+00
-2.435315132141113281e+00
-1.574787259101867676e+00
-2.326947927474975586e+00
-3.668433129787445068e-01
-2.135416030883789062e+00
-2.917887449264526367e+00
-3.088238954544067383e+00
-2.806288003921508789e+00
-2.413194417953491211e+00
-3.194533109664916992e+00
-2.996596336364746094e+00
-1.202272653579711914e+00
-2.441830873489379883e+00
-3.364298820495605469e+00
-2.255679607391357422e+00
-3.133451223373413086e+00
-2.829966783523559570e+00
-1.593011260032653809e+00
-3.337734699249267578e+00
-1.020428776741027832e+00
-8.891867995262145996e-01
-2.527053117752075195e+00
-3.286238908767700195e+00
-2.485973119735717773e+00
-2.683909893035888672e+00
-2.124255895614624023e+00
-4.094808697700500488e-01
-2.040483236312866211e+00
-2.978207111358642578e+00
-3.215913295745849609e+00
-1.155969381332397461e+00
-3.081551551818847656e+00
-2.422569990158081055e+00
-2.868499040603637695e+00
-2.586721420288085938e+00
-1.995305538177490234e+00
-2.059634685516357422e+00
-2.650700569152832031e+00
-2.522674322128295898e+00
-2.134220361709594727e+00
-4.483486413955688477e-01
-2.645915746688842773e+00
-1.955819487571716309e+00
-2.948497056961059570e+00
-2.559721708297729492e+00
-2.974815130233764648e+00
-3.114140748977661133e+00
-6.764295101165771484e-01
-1.638676404953002930e+00
-4.334292709827423096e-01
-2.501193523406982422e+00
-2.327017307281494141e+00
-1.865369081497192383e+00
-1.945641756057739258e+00
-1.954647779464721680e+00
-3.070389747619628906e+00
-1.558417558670043945e+00
-2.887310743331909180e+00
-5.469951629638671875e-01
-2.898505210876464844e+00
-2.071133852005004883e+00
-2.123231887817382812e+00
-1.015479564666748047e+00
-1.871763944625854492e+00
-3.067848443984985352e+00
-2.596663475036621094e+00
-2.871021986007690430e+00
-2.569988489151000977e+00
-2.698241949081420898e+00
-1.852621674537658691e+00
-2.075632333755493164e+00
-3.033635139465332031e+00
-2.673517942428588867e+00
-2.735141754150390625e+00
-2.061122894287109375e+00
-9.070498943328857422e-01
-2.118871688842773438e+00
-2.160031318664550781e+00
-2.531225442886352539e+00
-2.915647745132446289e+00
-3.388220787048339844e+00
-2.272100925445556641e+00
-2.773751497268676758e+00
-2.878224134445190430e+00
-8.863524198532104492e-01
-2.613019227981567383e+00
-2.925474882125854492e+00
-2.256076812744140625e+00
-2.729010105133056641e+00
-2.131778955459594727e+00
-2.092908143997192383e+00
-1.817296385765075684e+00
-2.687260627746582031e+00
-2.415307998657226562e+00
-2.741112709045410156e+00
-2.915560960769653320e+00
-1.900749683380126953e+00
-6.932933330535888672e-01
-2.505901098251342773e+00
-2.199092864990234375e+00
-1.321821212768554688e+00
-9.597099423408508301e-01
-1.940622925758361816e+00
-2.597186565399169922e+00
-3.277011871337890625e+00
-3.157028198242187500e+00
-1.778058528900146484e+00
-1.953859806060791016e+00
-1.093490123748779297e+00
-3.613778114318847656e+00
-2.837236642837524414e+00
-1.243171572685241699e+00
-1.868572115898132324e+00
-3.530172348022460938e+00
-3.637456417083740234e+00
-2.533129930496215820e+00
-2.329054832458496094e+00
-2.084646701812744141e+00
-2.930045366287231445e+00
-2.106342554092407227e+00
-9.025985002517700195e-01
-2.046066045761108398e+00
-3.069886922836303711e+00
-1.672920227050781250e+00
-2.695259332656860352e+00
-2.132212400436401367e+00
-2.295551061630249023e+00
-3.084597826004028320e+00
-6.792249679565429688e-01
-2.489489793777465820e+00
-2.004959821701049805e+00
-3.097174882888793945e+00
-1.994502305984497070e+00
-3.062083959579467773e+00
-3.246391773223876953e+00
-1.840413570404052734e+00
-3.396096527576446533e-01
-2.698941707611083984e+00
-2.661305665969848633e+00
-2.169482707977294922e+00
-1.446320295333862305e+00
-2.281915187835693359e+00
-1.072315454483032227e+00
-2.004860639572143555e+00
-1.683490037918090820e+00
-2.963678359985351562e+00
-1.960761666297912598e+00
-2.500648260116577148e+00
-1.627469420433044434e+00
-2.837221145629882812e+00
-1.080692887306213379e+00
-2.002531528472900391e+00
-1.764885425567626953e+00
-9.476357698440551758e-01
-3.351287603378295898e+00
-2.344042301177978516e+00
-3.043380737304687500e+00
-3.134400367736816406e+00
-1.357613921165466309e+00
-2.615844011306762695e+00
-1.772212147712707520e+00
-1.880259156227111816e+00
-2.240381717681884766e+00
-3.164801120758056641e+00
-2.008624315261840820e+00
-1.475166440010070801e+00
-1.600583553314208984e+00
-2.799226284027099609e+00
-1.363299131393432617e+00
-2.077371120452880859e+00
-2.817445278167724609e+00
-6.740803718566894531e-01
-2.026859521865844727e+00
-1.663922309875488281e+00
-2.064455747604370117e+00
-2.751453876495361328e+00
-3.107239484786987305e+00
-2.873227357864379883e+00
-2.383993625640869141e+00
-1.160808205604553223e+00
-2.624540805816650391e+00
-1.531397223472595215e+00
-2.040520191192626953e+00
-2.712795734405517578e+00
-2.224900960922241211e+00
-3.103480815887451172e+00
-1.750184178352355957e+00
-2.445571422576904297e+00
-2.260051965713500977e+00
-5.377742052078247070e-01
-2.450974464416503906e+00
-2.292733907699584961e+00
-2.429442644119262695e+00
-2.568133592605590820e+00
-2.742674827575683594e+00
-1.337147831916809082e+00
-3.457308530807495117e+00
-2.266526222229003906e+00
-9.385808110237121582e-01
-2.565784931182861328e+00
-9.301836490631103516e-01
-1.078506708145141602e+00
-1.322648644447326660e+00
-3.293421745300292969e+00
-3.126602649688720703e+00
-2.950270891189575195e+00
-2.492136240005493164e+00
-3.388060331344604492e+00
-1.278482317924499512e+00
-1.891720294952392578e+00
-2.205347299575805664e+00
-2.687637090682983398e+00
-2.146016597747802734e+00
-2.639591217041015625e+00
-3.209733009338378906e+00
-2.765179872512817383e+00
-3.131220102310180664e+00
-2.267899990081787109e+00
-1.592480897903442383e+00
-2.114091396331787109e+00
-2.979824781417846680e+00
-2.969476222991943359e+00
-3.464209794998168945e+00
-2.398803234100341797e+00
-2.746161699295043945e+00
-2.728983163833618164e+00
-1.743373274803161621e+00
-2.095502138137817383e+00
-2.045919418334960938e+00
-2.123136043548583984e+00
-1.170724630355834961e+00
-2.624122858047485352e+00
-1.812882304191589355e+00
-2.260869026184082031e+00
-2.574768543243408203e+00
-2.891819715499877930e+00
-2.266828060150146484e+00
-2.022477865219116211e+00
-2.785858154296875000e+00
-1.581396341323852539e+00
-2.020205974578857422e+00
-1.908782958984375000e+00
-2.303074836730957031e+00
-2.109829664230346680e+00
-1.177032232284545898e+00
-1.915391206741333008e+00
-1.969633698463439941e+00
-2.850039482116699219e+00
-2.922434091567993164e+00
-2.092324018478393555e+00
-1.482688903808593750e+00
-1.359253644943237305e+00
-3.007967233657836914e+00
-2.151174306869506836e+00
-1.000559329986572266e+00
-2.558966875076293945e+00
-3.209753751754760742e+00
-3.250812530517578125e+00
-9.277873039245605469e-01
-3.131251096725463867e+00
-2.447659492492675781e+00
-1.560418009757995605e+00
-1.771523356437683105e+00
-3.341528654098510742e+00
-2.694231271743774414e+00
-2.702235221862792969e+00
-2.136105775833129883e+00
-2.977558612823486328e+00
-4.526301026344299316e-01
-2.780202865600585938e+00
-3.430389642715454102e+00
-3.114057302474975586e+00
-2.562893390655517578e+00
-1.411705493927001953e+00
-2.254828453063964844e+00
-3.116932392120361328e+00
-1.688952684402465820e+00
-2.410779953002929688e+00
-2.548211336135864258e+00
-2.423622608184814453e+00
-2.744943618774414062e+00
-2.157048463821411133e+00
-9.490538239479064941e-01
-3.030006170272827148e+00
-2.563220500946044922e+00
-3.998236358165740967e-01
-3.088953018188476562e+00
-2.573903560638427734e+00
-9.501383900642395020e-01
-1.986392140388488770e+00
-2.590860366821289062e+00
-1.829853415489196777e+00
-3.327021837234497070e+00
-2.641760826110839844e+00
-2.494409799575805664e+00
-2.196544170379638672e+00
-2.891764402389526367e+00
-2.852982282638549805e+00
-1.395366907119750977e+00
-2.220747232437133789e+00
-2.537744998931884766e+00
-2.259183406829833984e+00
-1.650583505630493164e+00
-2.449397325515747070e+00
-3.118319749832153320e+00
-1.438156843185424805e+00
-3.216194391250610352e+00
-3.111757278442382812e+00
-1.763520836830139160e+00
-1.836695373058319092e-01
-2.142649412155151367e+00
-1.488937854766845703e+00
-1.599226713180541992e+00
-2.988212823867797852e+00
-3.231496334075927734e+00
-3.294934272766113281e+00
-5.617069602012634277e-01
-2.819325685501098633e+00
-3.079968690872192383e+00
-2.389319419860839844e+00
-2.783444166183471680e+00
-8.768497109413146973e-01
-3.198981046676635742e+00
-2.871079683303833008e+00
-3.229700088500976562e+00
-4.645999670028686523e-01
-2.119231462478637695e+00
-2.706356525421142578e+00
-2.119138717651367188e+00
-3.100914001464843750e+00
-2.057170391082763672e+00
-1.755823254585266113e+00
-2.728906869888305664e+00
-1.828496217727661133e+00
-2.232738733291625977e+00
-2.512477159500122070e+00
-9.567179679870605469e-01
-2.630671977996826172e+00
-2.872253179550170898e+00
-2.854003429412841797e+00
-2.243278264999389648e+00
-1.933501124382019043e+00
-2.503165721893310547e+00
-3.315664291381835938e+00
-2.315126895904541016e+00
-3.198343276977539062e+00
-1.523859143257141113e+00
-2.753459930419921875e+00
-1.163505077362060547e+00
-3.198547363281250000e+00
-2.165141105651855469e+00
-2.226121425628662109e+00
-2.404575586318969727e+00
-2.720737457275390625e+00
-3.023233413696289062e+00
-2.714662075042724609e+00
-3.059202432632446289e+00
-2.784505128860473633e+00
-3.235126972198486328e+00
-2.777913093566894531e+00
-2.917051553726196289e+00
-1.501833558082580566e+00
-3.282330274581909180e+00
-3.290830135345458984e+00
-2.180557250976562500e-01
-1.380046486854553223e+00
-2.151223897933959961e+00
-2.012464523315429688e+00
-2.221220016479492188e+00
-2.542062997817993164e+00
-1.492724418640136719e+00
-3.147976636886596680e+00
-3.130600690841674805e+00
-2.577367782592773438e+00
-3.206158638000488281e+00
-2.742438793182373047e+00
-9.653024077415466309e-01
-2.458286762237548828e+00
-2.111391067504882812e+00
-2.669939994812011719e+00
-2.819801330566406250e+00
-2.980269908905029297e+00
-2.474125862121582031e+00
-1.707324862480163574e+00
-8.180434107780456543e-01
-1.191884517669677734e+00
-2.692507028579711914e+00
-2.155133247375488281e+00
-2.696476221084594727e+00
-2.887037754058837891e+00
-3.232188701629638672e+00
-2.024033308029174805e+00
-1.018912196159362793e+00
-1.792651057243347168e+00
-2.131631374359130859e+00
-1.637647032737731934e+00
-2.152123212814331055e+00
-3.015844345092773438e+00
-1.741683363914489746e+00
-3.384179830551147461e+00
-2.186569929122924805e+00
-2.554163217544555664e+00
-1.369639277458190918e+00
-1.689627170562744141e+00
-8.666509985923767090e-01
-1.939406037330627441e+00
-2.112377882003784180e+00
-2.279870748519897461e+00
-3.186467409133911133e+00
-1.983610272407531738e+00
-2.287597179412841797e+00
-2.125142335891723633e+00
-2.310225963592529297e+00
-1.136151432991027832e+00
-8.654857277870178223e-01
-2.373001813888549805e+00
-2.979894638061523438e+00
-2.285709142684936523e+00
-2.281071901321411133e+00
-2.698354721069335938e+00
-3.206916093826293945e+00
-8.645876049995422363e-01
-3.113540172576904297e+00
-1.349368572235107422e+00
-3.174170255661010742e+00
-2.787831783294677734e+00
-2.685089826583862305e+00
-2.948071241378784180e+00
-5.182193517684936523e-01
-2.015039920806884766e+00
-2.724716663360595703e+00
-2.312577486038208008e+00
-1.984880208969116211e+00
-2.235691547393798828e+00
-2.511617660522460938e+00
-1.652034759521484375e+00
-1.425582289695739746e+00
-1.522212028503417969e+00
-2.069953203201293945e+00
-2.133323431015014648e+00
-1.877206444740295410e+00
-2.052340745925903320e+00
-3.108462095260620117e+00
-1.410577535629272461e+00
-2.864050149917602539e+00
-3.344639539718627930e+00
-3.207218885421752930e+00
-2.130291700363159180e+00
-1.635075449943542480e+00
-3.270706653594970703e+00
-2.557581424713134766e+00
-2.484231710433959961e+00
-3.212459325790405273e+00
-2.311858177185058594e+00
-1.048161029815673828e+00
-2.101552963256835938e+00
-2.172436237335205078e+00
-3.365778207778930664e+00
-2.331847906112670898e+00
-2.620671272277832031e+00
-3.529748201370239258e+00
-1.888779044151306152e+00
-2.811303377151489258e+00
-1.668870806694030762e+00
-2.818875551223754883e+00
-3.205172777175903320e+00
-2.414583683013916016e+00
-2.993046760559082031e+00
-3.286186695098876953e+00
-1.369507789611816406e+00
-3.260685682296752930e+00
-1.782410383224487305e+00
-2.807707786560058594e+00
-1.152539134025573730e+00
-2.431171894073486328e+00
-1.809458136558532715e+00
-2.364838123321533203e+00
-3.289302349090576172e+00
-3.194628477096557617e+00
-2.085301399230957031e+00
-2.329932212829589844e+00
-2.368416786193847656e+00
-8.151512742042541504e-01
-2.887819290161132812e+00
-1.828451752662658691e+00
-2.186157464981079102e+00
-2.593851327896118164e+00
-1.915298342704772949e+00
-2.430848121643066406e+00
-2.452680587768554688e+00
-2.595341920852661133e+00
-2.769339084625244141e+00
-3.468803882598876953e+00
-2.628694057464599609e+00
-1.181072592735290527e+00
-2.935302019119262695e+00
-2.758660316467285156e+00
-9.504531025886535645e-01
-3.191814422607421875e+00
-3.014639854431152344e+00
-2.566182613372802734e+00
-2.816139221191406250e+00
-2.685916900634765625e+00
-1.854951620101928711e+00
-7.569573521614074707e-01
-1.397810220718383789e+00
-1.017352104187011719e+00
-2.246639490127563477e+00
-1.821789503097534180e+00
-2.671560049057006836e+00
-3.345950841903686523e+00
-1.867694854736328125e+00
-2.483105897903442383e+00
-2.589312076568603516e+00
-2.124397277832031250e+00
-2.394050598144531250e+00
-3.598668575286865234e+00
-2.101076841354370117e+00
-1.744689464569091797e+00
-2.428008556365966797e+00
-1.911169886589050293e+00
-2.555903196334838867e+00
-3.351644754409790039e+00
-2.362762212753295898e+00
-1.876284003257751465e+00
-2.872256278991699219e+00
-3.299510478973388672e+00
-1.956099867820739746e+00
-2.706560611724853516e+00
-1.419510602951049805e+00
-1.393339514732360840e+00
-2.536719322204589844e+00
-1.850762963294982910e+00
-2.425392389297485352e+00
-1.840994119644165039e+00
-2.578536510467529297e+00
-2.807132005691528320e+00
-5.421109199523925781e-01
-2.413944244384765625e+00
-1.961102128028869629e+00
-2.969679117202758789e+00
-2.595452070236206055e+00
-2.364686250686645508e+00
-2.485654354095458984e+00
-3.028348445892333984e+00
-2.724638462066650391e+00
-1.868133544921875000e+00
-3.199480772018432617e+00
-9.553263187408447266e-01
-2.946593761444091797e+00
-2.170386075973510742e+00
-8.817630410194396973e-01
-2.873657226562500000e+00
-3.094885349273681641e+00
-2.247815608978271484e+00
-1.460998058319091797e+00
-2.713453531265258789e+00
-3.784510850906372070e+00
-2.708152532577514648e+00
-1.231204986572265625e+00
-3.046043395996093750e+00
-2.090700626373291016e+00
-2.923228263854980469e+00
-1.977382183074951172e+00
-2.564576148986816406e+00
-3.131739854812622070e+00
-2.781975269317626953e+00
-2.599235057830810547e+00
-3.349337339401245117e+00
-3.175208091735839844e+00
-3.369881868362426758e+00
-3.181889533996582031e+00
-2.901008129119873047e+00
-1.975432634353637695e+00
-8.567040562629699707e-01
-2.567160367965698242e+00
-2.292464017868041992e+00
-1.612437248229980469e+00
-1.561806559562683105e+00
-2.305508136749267578e+00
-3.026065826416015625e+00
-3.217533826828002930e+00
-3.164793252944946289e+00
-3.115474224090576172e+00
-2.004132509231567383e+00
-2.499971628189086914e+00
-2.581092357635498047e+00
-1.299350142478942871e+00
-2.349402666091918945e+00
-2.835330724716186523e+00
-2.277456521987915039e+00
-1.276642918586730957e+00
-2.217596769332885742e+00
-2.158580303192138672e+00
-2.257454872131347656e+00
-1.553877830505371094e+00
-2.213147401809692383e+00
-2.044806003570556641e+00
-2.156403064727783203e+00
-2.462705373764038086e+00
-2.482367992401123047e+00
-1.635407328605651855e+00
-5.673607587814331055e-01
-3.003905057907104492e+00
-1.859113931655883789e+00
-3.123420715332031250e+00
-2.401708841323852539e+00
-2.249794244766235352e+00
-6.908554434776306152e-01
-2.081891298294067383e+00
-1.575438022613525391e+00
-2.067727804183959961e+00
-1.887847423553466797e+00
-2.798735618591308594e+00
-1.871843099594116211e+00
-2.497944355010986328e+00
-2.885809659957885742e+00
-2.257396221160888672e+00
-2.314965248107910156e+00
-2.499879121780395508e+00
-3.319061517715454102e+00
-1.245989918708801270e+00
-1.976522207260131836e+00
-2.574140548706054688e+00
-3.283936977386474609e+00
-3.156514883041381836e+00
-2.561483144760131836e+00
-1.956455111503601074e+00
-8.496759533882141113e-01
-2.216107368469238281e+00
-6.391503214836120605e-01
-2.364801883697509766e+00
-1.471505761146545410e+00
-2.793368816375732422e+00
-3.132113695144653320e+00
-2.503675937652587891e+00
-2.787395954132080078e+00
-2.300428152084350586e+00
-1.749430298805236816e+00
-3.522610664367675781e+00
-2.049214124679565430e+00
-2.287811040878295898e+00
-2.747374534606933594e+00
-2.079494714736938477e+00
-2.858087301254272461e+00
-3.689302206039428711e+00
-3.368804216384887695e+00
-3.471274852752685547e+00
-2.710922241210937500e+00
-3.473691701889038086e+00
-1.949192762374877930e+00
-2.324106216430664062e+00
-2.816465139389038086e+00
-2.657136917114257812e+00
-2.154337644577026367e+00
-2.289320707321166992e+00
-3.111199617385864258e+00
-2.944946765899658203e+00
-1.921901464462280273e+00
-2.482030630111694336e+00
-3.205389738082885742e+00
-2.432527303695678711e+00
-3.055652141571044922e+00
-2.953800678253173828e+00
-1.499117910861968994e-01
-3.439430475234985352e+00
-1.885666608810424805e+00
-1.547966241836547852e+00
-2.051634311676025391e+00
-2.362647771835327148e+00
-1.917625188827514648e+00
-3.208871364593505859e+00
-1.647286891937255859e+00
-2.069139003753662109e+00
-2.925512790679931641e+00
-3.064917802810668945e+00
-2.769328832626342773e+00
-1.912200570106506348e+00
-3.351814746856689453e+00
-3.277028083801269531e+00
-2.630746841430664062e+00
-3.502883911132812500e+00
-1.440891742706298828e+00
-3.248808145523071289e+00
-2.501460313796997070e+00
-3.158621549606323242e+00
-2.701369762420654297e+00
-1.958457589149475098e+00
-8.817736506462097168e-01
-3.495389461517333984e+00
-1.788587450981140137e+00
-1.901624441146850586e+00
-1.682377934455871582e+00
-2.909197807312011719e+00
-2.623318672180175781e+00
-2.202052354812622070e+00
-8.863527178764343262e-01
-2.051088094711303711e+00
-3.044567823410034180e+00
-3.236962556838989258e+00
-7.673391699790954590e-01
-2.811596393585205078e+00
-1.785211563110351562e+00
-3.119155645370483398e+00
-1.533153414726257324e+00
-2.042692422866821289e+00
-9.215188026428222656e-01
-1.261101841926574707e+00
-3.527133226394653320e+00
-2.710042715072631836e+00
-1.777676224708557129e+00
-2.645659685134887695e+00
-2.554115056991577148e+00
-3.378613233566284180e+00
-3.190813541412353516e+00
-2.979388952255249023e+00
-1.923775911331176758e+00
-1.965388178825378418e+00
-3.375102758407592773e+00
-2.511558294296264648e+00
-3.457694292068481445e+00
-1.246594309806823730e+00
-3.211369276046752930e+00
-1.678440809249877930e+00
-2.645056962966918945e+00
-9.842775464057922363e-01
-1.342065095901489258e+00
-3.047030210494995117e+00
-3.068620443344116211e+00
-3.154482364654541016e+00
-2.271138429641723633e+00
-3.204022645950317383e+00
-1.059929490089416504e+00
-3.368894577026367188e+00
-2.404729604721069336e+00
-3.079295873641967773e+00
-1.386957406997680664e+00
-2.697662353515625000e+00
-1.810145139694213867e+00
-1.282563209533691406e+00
-9.479787945747375488e-01
-1.830612778663635254e+00
-2.897151708602905273e+00
-2.566072225570678711e+00
-2.360293388366699219e+00
-3.156759738922119141e+00
-2.072039842605590820e+00
-1.390122890472412109e+00
-2.395811080932617188e+00
-2.580466270446777344e+00
-2.258061408996582031e+00
-1.880425572395324707e+00
-2.958519458770751953e+00
-3.589821815490722656e+00
-2.082321882247924805e+00
-1.939874649047851562e+00
-1.718306064605712891e+00
-2.822006702423095703e+00
-1.720432400703430176e+00
-2.582699537277221680e+00
-3.068475246429443359e+00
-2.490348577499389648e+00
-2.546236515045166016e+00
-3.508101701736450195e+00
-2.384639024734497070e+00
-2.672441244125366211e+00
-2.261449813842773438e+00
-2.730789184570312500e+00
-2.950663328170776367e+00
-2.927401304244995117e+00
-3.511301517486572266e+00
-3.082886219024658203e+00
-2.959728956222534180e+00
-2.968466997146606445e+00
-3.580185651779174805e+00
-3.068346500396728516e+00
-2.311673641204833984e+00
-1.827497720718383789e+00
-2.830976724624633789e+00
-3.368463993072509766e+00
-2.005062818527221680e+00
-1.928217053413391113e+00
-3.311431407928466797e+00
-3.555660724639892578e+00
-3.130946159362792969e+00
-3.579977750778198242e+00
-3.109175443649291992e+00
-2.642236948013305664e+00
-2.238176584243774414e+00
-1.160097479820251465e+00
-1.859737992286682129e+00
-3.887433528900146484e+00
-1.944263577461242676e+00
-2.568103313446044922e+00
-3.550662994384765625e+00
-2.993709087371826172e+00
-3.154750823974609375e+00
-3.801697969436645508e+00
-2.814627408981323242e+00
-2.484480142593383789e+00
-3.363270759582519531e+00
-3.514860868453979492e+00
-2.124623775482177734e+00
-3.410741090774536133e+00
-1.338967680931091309e+00
-3.405141115188598633e+00
-3.309452772140502930e+00
-3.648980855941772461e+00
-1.469716191291809082e+00
-1.804585695266723633e+00
-3.114443063735961914e+00
-1.433680057525634766e+00
-1.346273183822631836e+00
-1.361983180046081543e+00
-2.805033445358276367e+00
-1.493847489356994629e+00
-2.666287899017333984e+00
-2.775529861450195312e+00
-1.110978245735168457e+00
-1.772571921348571777e+00
-2.410877943038940430e+00
-1.066465854644775391e+00
-2.483191967010498047e+00
-1.425592780113220215e+00
-2.365325689315795898e+00
-1.511274218559265137e+00
-1.963157773017883301e+00
-2.585558891296386719e+00
-1.834588766098022461e+00
-2.176257133483886719e+00
-2.396985054016113281e+00
-2.035012483596801758e+00
-1.501986742019653320e+00
-6.937274932861328125e-01
-1.436110377311706543e+00
-1.672462582588195801e+00
-1.351849555969238281e+00
-1.180149078369140625e+00
-2.361287117004394531e+00
-2.804176568984985352e+00
-2.486334562301635742e+00
-2.154953002929687500e+00
-2.196922063827514648e+00
-1.786298513412475586e+00
-1.553873419761657715e+00
-1.385144114494323730e+00
7.846789062023162842e-02
-2.548491954803466797e+00
-2.206491708755493164e+00
-2.478666305541992188e+00
-1.363449573516845703e+00
-1.713026642799377441e+00
-1.996703386306762695e+00
-1.620758175849914551e+00
-2.132902860641479492e+00
-2.365476131439208984e+00
-3.271329879760742188e+00
-3.387658357620239258e+00
-1.681421160697937012e+00
-2.571816205978393555e+00
-2.366212368011474609e+00
-3.103729486465454102e+00
-2.033219337463378906e+00
-2.965119123458862305e+00
-1.285587787628173828e+00
-1.261304497718811035e+00
-3.084341526031494141e+00
-2.055634975433349609e+00
-3.147810459136962891e+00
-2.399916410446166992e+00
-2.482025623321533203e+00
-2.279199361801147461e-01
-3.242587327957153320e+00
-2.479216098785400391e+00
-1.464954137802124023e+00
-2.912527561187744141e+00
-2.956720113754272461e+00
-2.934180974960327148e+00
-9.556201696395874023e-01
-2.479701042175292969e+00
-2.664194583892822266e+00
-1.432028770446777344e+00
-3.086298942565917969e+00
-2.973033189773559570e+00
-2.487431287765502930e+00
-1.601472020149230957e+00
-1.729699611663818359e+00
-2.766061782836914062e+00
-2.404908418655395508e+00
-3.373839139938354492e+00
-1.274108648300170898e+00
-1.596758484840393066e+00
-3.075674057006835938e+00
-2.164841413497924805e+00
-2.813138723373413086e+00
-2.698012828826904297e+00
-2.316574335098266602e+00
-3.496387004852294922e+00
-4.041697025299072266e+00
-1.285403847694396973e+00
-2.016164302825927734e+00
-2.884909391403198242e+00
-3.253742933273315430e+00
-2.607131958007812500e+00
-2.568453788757324219e+00
-1.438335537910461426e+00
-1.690776228904724121e+00
-1.993859410285949707e+00
-3.018763542175292969e+00
-1.105003714561462402e+00
-1.934512615203857422e+00
-2.505344867706298828e+00
-3.045498847961425781e+00
-3.417201519012451172e+00
-1.665142178535461426e+00
-2.987581491470336914e+00
-7.012632489204406738e-01
-9.157671332359313965e-01
-3.065796613693237305e+00
-2.030142307281494141e+00
-1.457968950271606445e+00
-2.426721572875976562e+00
-2.741685390472412109e+00
-1.876513838768005371e+00
-2.179729938507080078e+00
-2.034655809402465820e+00
-2.048551321029663086e+00
-3.120023012161254883e+00
-2.204898118972778320e+00
-2.308124065399169922e+00
-2.543987989425659180e+00
-1.922588348388671875e+00
-1.639568448066711426e+00
-2.727889060974121094e+00
-2.849017620086669922e+00
-2.405573368072509766e+00
-2.252956151962280273e+00
-1.666413426399230957e+00
-1.866416096687316895e+00
-1.692880153656005859e+00
-1.517767667770385742e+00
-2.763846397399902344e+00
-2.832896471023559570e+00
-2.217458009719848633e+00
-2.510654687881469727e+00
-1.781812667846679688e+00
-2.776268482208251953e+00
-1.083008050918579102e+00
-2.452149391174316406e+00
-2.566118955612182617e+00
-1.927603840827941895e+00
-4.829532504081726074e-01
-1.978461503982543945e+00
-2.204062938690185547e+00
-2.862223863601684570e+00
-2.901897430419921875e+00
-7.301536202430725098e-01
-1.766280174255371094e+00
-1.727547049522399902e+00
-1.820353627204895020e+00
-3.082809925079345703e+00
-2.168815135955810547e+00
-2.276861190795898438e+00
-2.063215255737304688e+00
-2.451336622238159180e+00
-3.287505388259887695e+00
-1.987051248550415039e+00
-2.084185361862182617e+00
-2.545597076416015625e+00
-3.068573713302612305e+00
-1.252319812774658203e+00
-1.781463384628295898e+00
-3.032825946807861328e+00
-2.922210693359375000e+00
-2.225532054901123047e+00
-1.935105562210083008e+00
-2.235624790191650391e+00
-3.456428050994873047e+00
-2.928639888763427734e+00
-3.207116127014160156e+00
-2.495194196701049805e+00
-2.092806577682495117e+00
-2.313730478286743164e+00
-3.266298770904541016e+00
-2.901420593261718750e+00
-1.922743558883666992e+00
-7.717737555503845215e-01
-3.238456487655639648e+00
-2.432165384292602539e+00
-1.623459696769714355e+00
-2.892076492309570312e+00
-2.773724079132080078e+00
-2.509556293487548828e+00
-2.746297597885131836e+00
-3.233072459697723389e-01
-3.303662776947021484e+00
-1.800373435020446777e+00
-3.054482221603393555e+00
-2.523349046707153320e+00
-9.322629570960998535e-01
-8.326212167739868164e-01
-1.974312186241149902e+00
-2.541272401809692383e+00
-2.045842885971069336e+00
-1.249331355094909668e+00
-2.639103889465332031e+00
-8.962692618370056152e-01
-1.726565957069396973e+00
-8.953473567962646484e-01
-2.814215660095214844e+00
-3.108018398284912109e+00
-2.514711856842041016e+00
-3.035749912261962891e+00
-1.543079495429992676e+00
-1.063120484352111816e+00
-1.141478538513183594e+00
-2.747659683227539062e+00
-3.099007129669189453e+00
-2.100849151611328125e+00
-1.656518101692199707e+00
-2.598488330841064453e+00
-2.358901739120483398e+00
-2.153635740280151367e+00
-2.960044145584106445e+00
-2.045544624328613281e+00
-1.043920993804931641e+00
-2.409222126007080078e+00
-2.246320247650146484e+00
-1.374816775321960449e+00
-1.954447388648986816e+00
-2.861100912094116211e+00
-3.150344848632812500e+00
-2.277308464050292969e+00
-2.388450860977172852e+00
-3.520648479461669922e+00
-1.912009835243225098e+00
-2.018414497375488281e+00
-2.393692731857299805e+00
-3.410612106323242188e+00
-2.563822031021118164e+00
-2.588446140289306641e+00
-8.856024742126464844e-01
-3.437570095062255859e+00
-3.639139175415039062e+00
-1.720411777496337891e+00
-2.462840557098388672e+00
-2.555544137954711914e+00
-1.898131132125854492e+00
-3.085041284561157227e+00
-2.105537176132202148e+00
-3.091221570968627930e+00
-1.238893985748291016e+00
-3.198972940444946289e+00
-1.460321426391601562e+00
-2.863708257675170898e+00
-1.388206958770751953e+00
-2.827347993850708008e+00
-2.822048425674438477e+00
-3.263700723648071289e+00
-3.296705961227416992e+00
-1.895315766334533691e+00
-1.912929058074951172e+00
-2.781544208526611328e+00
-1.558209896087646484e+00
-1.882451176643371582e+00
-1.917405724525451660e+00
-1.371108889579772949e+00
-1.055063128471374512e+00
-1.696343064308166504e+00
-2.172741174697875977e+00
-2.373500108718872070e+00
-1.837246298789978027e+00
-8.353611826896667480e-01
-2.417996406555175781e+00
-1.647929668426513672e+00
-1.796239614486694336e+00
-1.229476928710937500e+00
-2.319776296615600586e+00
-2.391087770462036133e+00
-2.041345834732055664e+00
-2.856703758239746094e+00
-2.413339614868164062e+00
-1.631758451461791992e+00
-2.722233772277832031e+00
-3.856912255287170410e-01
-9.473099112510681152e-01
-1.578278779983520508e+00
-1.707923531532287598e+00
-6.299675703048706055e-01
-1.103914141654968262e+00
-1.746890664100646973e+00
-1.480232238769531250e+00
-2.161447763442993164e+00
-2.352106809616088867e+00
-1.888379573822021484e+00
-1.919122189283370972e-01
-9.886063337326049805e-01
-2.121095418930053711e+00
-2.590914249420166016e+00
-3.733487427234649658e-01
-6.571375727653503418e-01
-1.512043476104736328e+00
-2.055902481079101562e+00
-1.025358557701110840e+00
-2.573805570602416992e+00
-2.581358909606933594e+00
-1.332297444343566895e+00
-2.504563093185424805e+00
-1.809774875640869141e+00
-3.439480066299438477e+00
-2.908188581466674805e+00
-1.931484699249267578e+00
-2.327038526535034180e+00
-2.628593921661376953e+00
-2.737217426300048828e+00
-2.957122325897216797e+00
-3.390468358993530273e+00
-2.945887565612792969e+00
-8.594912290573120117e-01
-2.848055124282836914e+00
-2.600016593933105469e+00
-1.827144265174865723e+00
-2.017439126968383789e+00
-1.019088029861450195e+00
-2.598753690719604492e+00
-1.990697145462036133e+00
-2.090190887451171875e+00
-1.763084650039672852e+00
-2.611492633819580078e+00
-2.133356571197509766e+00
-2.502235651016235352e+00
-1.802437186241149902e+00
-2.221119165420532227e+00
-3.050543308258056641e+00
-1.970679759979248047e+00
-1.944878458976745605e+00
-1.847979545593261719e+00
-2.565485239028930664e+00
-1.125675320625305176e+00
-1.923589706420898438e+00
-2.648833513259887695e+00
-3.305803060531616211e+00
-1.109308004379272461e+00
-3.000610828399658203e+00
-1.551962614059448242e+00
-2.292114973068237305e+00
-1.306488752365112305e+00
-2.960961103439331055e+00
-2.600157976150512695e+00
-3.078160047531127930e+00
-2.065225839614868164e+00
-1.585947871208190918e+00
-1.448742270469665527e+00
-3.151465892791748047e+00
-3.579574823379516602e+00
-1.265888452529907227e+00
-1.137000799179077148e+00
-2.728608131408691406e+00
-1.047784924507141113e+00
-1.991761207580566406e+00
-3.154310226440429688e+00
-3.248976707458496094e+00
-3.357552051544189453e+00
-3.135191202163696289e+00
-2.552608728408813477e+00
-1.954006433486938477e+00
-2.522468805313110352e+00
-3.115080595016479492e+00
-3.043992519378662109e+00
-1.972338676452636719e+00
-2.238002777099609375e+00
-2.821537017822265625e+00
-1.709952354431152344e+00
-1.771250963211059570e+00
-2.766481161117553711e+00
-1.615455269813537598e+00
-1.745802044868469238e+00
-1.204708456993103027e+00
-1.103436470031738281e+00
-2.793969154357910156e+00
-1.404435873031616211e+00
-1.558082342147827148e+00
-2.294464111328125000e+00
-1.916769623756408691e+00
-2.773969411849975586e+00
-1.748999595642089844e+00
-1.061768889427185059e+00
-2.942990541458129883e+00
-2.483680248260498047e+00
-2.689862489700317383e+00
-2.141850471496582031e+00
-1.154188156127929688e+00
-1.728070139884948730e+00
-1.722624063491821289e+00
-7.738896012306213379e-01
-2.558677673339843750e+00
-1.201301336288452148e+00
-1.642766833305358887e+00
-1.521843075752258301e+00
-1.980803489685058594e+00
3.695323131978511810e-03
-8.423197269439697266e-01
-9.619632363319396973e-01
-8.162503838539123535e-01
-1.475627899169921875e+00
-1.354074478149414062e+00
-9.470893144607543945e-01
-2.021922588348388672e+00
-2.440936565399169922e+00
-1.135541081428527832e+00
-1.297333478927612305e+00
-1.162285327911376953e+00
-1.286251187324523926e+00
-2.177763938903808594e+00
-1.533431649208068848e+00
-2.890205621719360352e+00
-1.728009700775146484e+00
-1.973763585090637207e+00
-1.887453556060791016e+00
-2.614412307739257812e+00
-1.094910264015197754e+00
-8.231147527694702148e-01
-9.910506010055541992e-01
-1.469001889228820801e+00
-2.084063291549682617e+00
-1.302014350891113281e+00
-1.923305630683898926e+00
-1.283585309982299805e+00
-9.263049364089965820e-01
-1.605535149574279785e+00
-2.489117145538330078e+00
-5.918826460838317871e-01
-1.972288966178894043e+00
-2.139027118682861328e+00
-1.503877043724060059e+00
-1.340713858604431152e+00
-1.535272836685180664e+00
-2.394215822219848633e+00
-1.873248696327209473e+00
-1.959213972091674805e+00
-3.401348590850830078e+00
-1.976434350013732910e+00
-1.815121293067932129e+00
-1.654802441596984863e+00
-2.206279039382934570e+00
-1.213135242462158203e+00
-1.171317696571350098e+00
-2.146741151809692383e+00
-1.208845019340515137e+00
-2.424940109252929688e+00
-1.084045767784118652e+00
-1.998502731323242188e+00
-2.925568819046020508e+00
-1.493867516517639160e+00
-1.101539492607116699e+00
-2.158737421035766602e+00
-2.223316907882690430e+00
-1.183137178421020508e+00
-1.660680294036865234e+00
-2.461546421051025391e+00
-1.649693369865417480e+00
-1.847406864166259766e+00
-7.918412685394287109e-01
-1.912403345108032227e+00
-2.102791547775268555e+00
-2.698138475418090820e+00
-2.438802719116210938e+00
-2.235373020172119141e+00
-5.158755779266357422e-01
-1.561417937278747559e+00
-4.903967082500457764e-01
-1.501264214515686035e+00
-8.993185758590698242e-01
-2.012627601623535156e+00
-1.336630582809448242e+00
-1.393095493316650391e+00
-1.510887145996093750e+00
-2.361243724822998047e+00
-2.153120756149291992e+00
-5.974033474922180176e-01
-1.070652723312377930e+00
-1.574535369873046875e+00
-1.709122657775878906e+00
-1.113720536231994629e+00
-2.377168655395507812e+00
-1.230681419372558594e+00
-2.123727560043334961e+00
-7.046294212341308594e-01
-1.778010010719299316e+00
-2.356307506561279297e+00
-2.699948787689208984e+00
-2.086727142333984375e+00
-2.699748277664184570e+00
-2.362574815750122070e+00
-2.366900205612182617e+00
-3.643943071365356445e-01
-7.981414198875427246e-01
-1.916491508483886719e+00
-2.781212091445922852e+00
-2.709299087524414062e+00
-2.916783571243286133e+00
-2.677159547805786133e+00
-1.804187774658203125e+00
-5.106686055660247803e-02
-2.710376739501953125e+00
-1.222047448158264160e+00
-1.932999491691589355e+00
-2.962233543395996094e+00
-8.102602958679199219e-01
-6.988946199417114258e-01
-2.488208055496215820e+00
-1.274085879325866699e+00
-2.939198970794677734e+00
-1.598774790763854980e+00
-2.591174364089965820e+00
-2.057116746902465820e+00
-2.836626529693603516e+00
-1.951691031455993652e+00
-1.852870702743530273e+00
-1.683154106140136719e+00
-1.834763288497924805e+00
-2.364315748214721680e+00
-1.792445302009582520e+00
-7.543028593063354492e-01
-2.130779027938842773e+00
-1.016266465187072754e+00
-2.482049942016601562e+00
-2.748705625534057617e+00
-2.189581871032714844e+00
-2.013425827026367188e+00
-1.345943808555603027e+00
-1.278255939483642578e+00
-2.181065797805786133e+00
-2.362973451614379883e+00
-1.573505997657775879e+00
-2.144824266433715820e+00
-1.347874045372009277e+00
-2.482521057128906250e+00
-2.222812891006469727e+00
-2.173249006271362305e+00
-2.984686195850372314e-01
-1.594453454017639160e+00
-2.173622131347656250e+00
-1.939196467399597168e+00
-9.158033132553100586e-01
-2.138429164886474609e+00
-2.822714328765869141e+00
-2.168998241424560547e+00
-2.690530300140380859e+00
-2.344402551651000977e+00
-2.854278802871704102e+00
-2.885009050369262695e+00
8.908107876777648926e-02
-1.735295653343200684e+00
-1.673663973808288574e+00
-2.353189945220947266e+00
-2.502853631973266602e+00
-2.183402061462402344e+00
-2.042693376541137695e+00
-2.785672664642333984e+00
-2.748873949050903320e+00
-1.701371788978576660e+00
-1.382314443588256836e+00
-2.325733423233032227e+00
-1.982443809509277344e+00
-2.114272356033325195e+00
-2.587938070297241211e+00
-1.597849249839782715e+00
-6.607297658920288086e-01
-2.312982559204101562e+00
-2.019051313400268555e+00
-1.798695683479309082e+00
-1.425943017005920410e+00
-1.181479930877685547e+00
-2.240774154663085938e+00
-1.452405214309692383e+00
-1.553249597549438477e+00
-1.712186813354492188e+00
-2.870579004287719727e+00
-1.962318062782287598e+00
-1.509113788604736328e+00
-7.607735991477966309e-01
-2.301402330398559570e+00
-1.648849844932556152e+00
-2.391792297363281250e+00
-2.068851232528686523e+00
-1.853769659996032715e+00
-2.021551609039306641e+00
-1.750232219696044922e+00
-1.673925518989562988e+00
-1.362817645072937012e+00
-2.296644210815429688e+00
-1.264175653457641602e+00
-2.827107191085815430e+00
-1.276971578598022461e+00
-2.092940568923950195e+00
-7.456082701683044434e-01
-5.063341259956359863e-01
-5.160080194473266602e-01
-2.311844348907470703e+00
-4.488776624202728271e-01
-1.722806215286254883e+00
-1.641324043273925781e+00
-2.010780096054077148e+00
-2.469730615615844727e+00
-8.663819432258605957e-01
-2.055792808532714844e+00
-2.115295886993408203e+00
-2.383356809616088867e+00
-1.183907270431518555e+00
-2.022864341735839844e+00
-2.633437633514404297e+00
-3.238343477249145508e+00
-2.280402660369873047e+00
-1.237944006919860840e+00
-6.545778512954711914e-01
-2.490113019943237305e+00
-1.745216488838195801e+00
-2.461685180664062500e+00
-1.374220013618469238e+00
-1.384784102439880371e+00
-2.111315965652465820e+00
-2.894773483276367188e+00
-1.965108036994934082e+00
-1.571963548660278320e+00
-3.310192346572875977e+00
-2.250864028930664062e+00
-1.853998780250549316e+00
-9.820598959922790527e-01
-6.710417270660400391e-01
-2.565497875213623047e+00
-2.156266927719116211e+00
-2.181315183639526367e+00
-1.779122829437255859e+00
-2.517083883285522461e+00
-2.579618930816650391e+00
-2.538268327713012695e+00
-2.261747598648071289e+00
-2.609498500823974609e+00
-1.943000435829162598e+00
-1.967324018478393555e+00
-2.120008707046508789e+00
-9.658268690109252930e-01
-1.901059508323669434e+00
-2.101294279098510742e+00
-2.114100456237792969e+00
-2.801614522933959961e+00
-1.228430747985839844e+00
-2.611580371856689453e+00
-1.273158907890319824e+00
-1.880362391471862793e+00
-1.254075050354003906e+00
-2.370992898941040039e+00
-2.253336906433105469e+00
-1.459533095359802246e+00
-2.237229585647583008e+00
-3.059001207351684570e+00
-2.894445419311523438e+00
-6.385838389396667480e-01
-1.814303278923034668e+00
-1.264137387275695801e+00
-1.064054250717163086e+00
-2.269555330276489258e+00
-1.977142810821533203e+00
-1.717613101005554199e+00
-1.452535867691040039e+00
-2.009574890136718750e+00
-1.868291139602661133e+00
-9.881232976913452148e-01
-2.557766914367675781e+00
-3.247201681137084961e+00
-1.427048683166503906e+00
-2.449118852615356445e+00
-1.596040606498718262e+00
-1.869715332984924316e+00
-2.799079656600952148e+00
-2.193834781646728516e+00
-2.456508159637451172e+00
-2.051568269729614258e+00
-2.405709743499755859e+00
-2.441514015197753906e+00
-2.935543537139892578e+00
-1.979790329933166504e+00
-1.782269120216369629e+00
-1.502741813659667969e+00
-1.867624163627624512e+00
-9.247587919235229492e-01
-9.646251201629638672e-01
-1.195788741111755371e+00
-2.225697755813598633e+00
-1.491812109947204590e+00
-1.376388072967529297e+00
-2.818230867385864258e+00
-2.018474102020263672e+00
-1.834410905838012695e+00
-2.920644760131835938e+00
-4.142962992191314697e-01
-1.564439296722412109e+00
-3.351876735687255859e+00
-2.385473012924194336e+00
-1.954786777496337891e+00
-1.297801136970520020e+00
-1.948073863983154297e+00
-2.645936489105224609e+00
-1.053783774375915527e+00
-1.628210306167602539e+00
-2.169375658035278320e+00
-1.303625822067260742e+00
-2.108368635177612305e+00
-1.645441412925720215e+00
-1.565117478370666504e+00
-2.573710441589355469e+00
-2.612410783767700195e+00
-1.782604098320007324e+00
-1.614759325981140137e+00
-1.235775113105773926e+00
-1.276152133941650391e+00
-1.951451539993286133e+00
-1.369371533393859863e+00
-2.886192798614501953e-01
-3.280421018600463867e+00
-2.153343677520751953e+00
-2.548546552658081055e+00
-1.778413772583007812e+00
-8.474215865135192871e-01
-2.234883308410644531e+00
-1.163999915122985840e+00
-2.008166313171386719e-01
-1.781222343444824219e+00
-3.393709421157836914e+00
-9.986864328384399414e-01
-1.357992768287658691e+00
-1.365171194076538086e+00
-2.382436990737915039e+00
-2.601175308227539062e+00
-1.432166814804077148e+00
-2.696520090103149414e+00
-2.653896331787109375e+00
-3.062255859375000000e+00
-3.499760627746582031e+00
-2.335811614990234375e+00
-3.204959154129028320e+00
-2.653711557388305664e+00
-2.960341453552246094e+00
-3.317535161972045898e+00
-1.309259176254272461e+00
-2.774569034576416016e+00
-1.566775441169738770e+00
-2.472427368164062500e+00
-2.389527320861816406e+00
-2.697682857513427734e+00
-1.761491894721984863e+00
-2.951791048049926758e+00
-2.619988918304443359e+00
-2.581321716308593750e+00
-2.097176074981689453e+00
-1.680002570152282715e+00
-2.501683235168457031e+00
-1.389113306999206543e+00
-2.430845499038696289e+00
-1.585670232772827148e+00
-3.202112674713134766e+00
-3.626009702682495117e+00
-1.760981202125549316e+00
-2.026364326477050781e+00
-3.545730113983154297e+00
-1.979917168617248535e+00
-2.740005731582641602e+00
-1.894161701202392578e+00
-3.249956607818603516e+00
-3.266074895858764648e+00
-2.912367105484008789e+00
-9.725860357284545898e-01
-1.464222431182861328e+00
-3.133901357650756836e+00
-1.232546448707580566e+00
-2.586685657501220703e+00
-4.596933126449584961e-01
-2.386661767959594727e+00
-2.475336790084838867e+00
-3.086455821990966797e+00
-1.788976192474365234e+00
-1.422872662544250488e+00
-2.055206537246704102e+00
-2.784278869628906250e+00
-3.498228311538696289e+00
-1.522139906883239746e+00
-1.638188719749450684e+00
-2.915576457977294922e+00
-3.253794908523559570e+00
-1.971451640129089355e+00
-1.613099336624145508e+00
-2.516731739044189453e+00
-1.731692790985107422e+00
-8.933104276657104492e-01
-2.241185903549194336e+00
-2.275941848754882812e+00
-2.209053039550781250e+00
-1.909844994544982910e+00
-1.633447766304016113e+00
-2.473319053649902344e+00
-2.069853067398071289e+00
-1.887214541435241699e+00
-2.018358707427978516e+00
-1.056519269943237305e+00
-1.236178278923034668e+00
-2.408723592758178711e+00
-1.878179192543029785e+00
-2.737425088882446289e+00
-1.520122766494750977e+00
-4.802654385566711426e-01
-2.290756702423095703e+00
-1.648411512374877930e+00
-1.206068873405456543e+00
-2.458920955657958984e+00
-2.635650873184204102e+00
-2.983924627304077148e+00
-3.665280818939208984e+00
-2.240933179855346680e+00
-2.059201955795288086e+00
-1.884415626525878906e+00
-1.191264748573303223e+00
-2.318543672561645508e+00
-2.538656949996948242e+00
-1.372734189033508301e+00
-2.593609571456909180e+00
-1.400206089019775391e+00
-6.593080163002014160e-01
-2.898955106735229492e+00
-1.863275051116943359e+00
-2.244696617126464844e+00
-2.609968662261962891e+00
-1.842310309410095215e+00
-2.475877523422241211e+00
-7.821888923645019531e-01
-1.000774025917053223e+00
-1.182069778442382812e+00
-2.023865461349487305e+00
-3.174457848072052002e-01
-1.452779293060302734e+00
-1.039063096046447754e+00
-2.053455591201782227e+00
-1.012495994567871094e+00
-1.338424563407897949e+00
-2.214125156402587891e+00
-1.851570725440979004e+00
-2.540941238403320312e-01
-1.528329849243164062e+00
-1.975610017776489258e+00
-2.479969501495361328e+00
-1.052324056625366211e+00
-3.065231740474700928e-01
-2.593507051467895508e+00
-2.746366977691650391e+00
-2.442471981048583984e+00
-1.031585335731506348e+00
-1.274603247642517090e+00
-2.683941125869750977e+00
-1.674911856651306152e+00
-1.111144304275512695e+00
-1.542074680328369141e+00
-1.124408483505249023e+00
-2.764986515045166016e+00
-1.943644523620605469e+00
-1.628128647804260254e+00
-2.187083482742309570e+00
-1.999482035636901855e+00
-1.300227522850036621e+00
-2.108677148818969727e+00
-1.597218751907348633e+00
-3.472898960113525391e+00
-1.127530455589294434e+00
-3.652503013610839844e+00
-9.935672283172607422e-01
-2.852583885192871094e+00
-2.042333364486694336e+00
-1.675673961639404297e+00
-1.756731867790222168e+00
-3.076309204101562500e+00
-3.077571630477905273e+00
-9.124623537063598633e-01
-2.165538549423217773e+00
-2.408984899520874023e+00
-2.551327466964721680e+00
-1.104430317878723145e+00
-1.420546889305114746e+00
-2.262570619583129883e+00
-1.070596218109130859e+00
-2.314056396484375000e+00
-3.355197906494140625e+00
-5.420507192611694336e-01
-1.010559558868408203e+00
-1.155499458312988281e+00
-1.320209980010986328e+00
-2.301382303237915039e+00
-2.423745393753051758e+00
-9.629391878843307495e-02
-4.912440776824951172e-01
-2.881830215454101562e+00
-2.086847305297851562e+00
-3.200268745422363281e+00
-2.632138490676879883e+00
-1.888188004493713379e+00
-1.945188164710998535e+00
-1.555678367614746094e+00
-1.774870514869689941e+00
-2.904572963714599609e+00
-1.578481793403625488e+00
-1.142641305923461914e+00
-1.908777236938476562e+00
-2.620426177978515625e+00
-1.871434688568115234e+00
-1.766410827636718750e+00
-2.468131542205810547e+00
-2.743551015853881836e+00
-3.228505611419677734e+00
-2.394644737243652344e+00
-1.673403024673461914e+00
-2.395978212356567383e+00
-2.258992671966552734e+00
-2.751354455947875977e+00
-1.520834207534790039e+00
-3.085794925689697266e+00
-2.317845344543457031e+00
-7.466334700584411621e-01
-2.454670429229736328e+00
-1.922701478004455566e+00
-1.985718607902526855e+00
-2.405254602432250977e+00
-7.601475119590759277e-01
-2.390005350112915039e+00
-2.345908403396606445e+00
-2.296518087387084961e+00
-1.600980281829833984e+00
-4.621816873550415039e-01
-1.921422481536865234e+00
-2.108993768692016602e+00
-1.402943968772888184e+00
-1.243464112281799316e+00
-1.662838339805603027e+00
-2.004399061203002930e+00
-8.859187960624694824e-01
-2.577081918716430664e+00
-2.005021572113037109e+00
-2.285364151000976562e+00
-8.468091487884521484e-01
-1.927720546722412109e+00
-1.818877458572387695e+00
-1.786065697669982910e+00
-2.808055400848388672e+00
-2.915598869323730469e+00
-2.592642068862915039e+00
-2.556685924530029297e+00
-1.478085041046142578e+00
-3.379170417785644531e+00
-1.907405614852905273e+00
-3.116230010986328125e+00
-2.060056209564208984e+00
-1.945608139038085938e+00
-1.837900638580322266e+00
-2.895551443099975586e+00
-1.943412423133850098e+00
-2.204242467880249023e+00
-8.608722686767578125e-01
-1.910352945327758789e+00
-1.612035870552062988e+00
-1.969089627265930176e+00
-1.808634281158447266e+00
-1.895025014877319336e+00
-2.376974582672119141e+00
-1.227809190750122070e+00
-2.170690774917602539e+00
-1.613608717918395996e+00
-3.299758195877075195e+00
-1.192163348197937012e+00
-2.666060686111450195e+00
-2.533627986907958984e+00
-3.388824224472045898e+00
-2.480091571807861328e+00
-2.241412639617919922e+00
-1.679215312004089355e+00
-3.733899831771850586e+00
-3.102138996124267578e+00
-1.648692607879638672e+00
-2.829117774963378906e+00
-2.088536024093627930e+00
-1.393282175064086914e+00
-2.490690946578979492e+00
-1.881324291229248047e+00
-2.080960512161254883e+00
-1.538862824440002441e+00
-3.189392328262329102e+00
-2.610893964767456055e+00
-1.595210433006286621e+00
-2.300561428070068359e+00
-2.657304525375366211e+00
-2.241326093673706055e+00
-1.974751949310302734e+00
-1.571071863174438477e+00
-2.574411392211914062e+00
-2.209155082702636719e+00
-2.180974245071411133e+00
-2.940191268920898438e+00
-1.137668967247009277e+00
-2.166805744171142578e+00
-2.488601922988891602e+00
-2.845839977264404297e+00
-2.558221340179443359e+00
-1.846475958824157715e+00
-2.594292640686035156e+00
-2.071077346801757812e+00
-2.020714759826660156e+00
-1.040859937667846680e+00
-9.407674074172973633e-01
-2.022067785263061523e+00
-3.568451642990112305e+00
-2.382284164428710938e+00
-1.512254834175109863e+00
-2.274125576019287109e+00
-2.392626285552978516e+00
-2.947046279907226562e+00
-3.041242599487304688e+00
-1.573676705360412598e+00
-8.045114874839782715e-01
-2.974195480346679688e+00
-2.428463459014892578e+00
-2.816296100616455078e+00
-2.990002155303955078e+00
-2.659661054611206055e+00
-1.374560236930847168e+00
-2.342260837554931641e+00
-2.104542493820190430e+00
-2.765189886093139648e+00
-3.202480077743530273e+00
-1.681495428085327148e+00
-1.759799838066101074e+00
-1.774631023406982422e+00
-2.574939489364624023e+00
-2.719060659408569336e+00
-2.634764671325683594e+00
-3.019824028015136719e+00
-3.096162557601928711e+00
-1.676192522048950195e+00
-1.971355795860290527e+00
-2.470557928085327148e+00
-2.724337100982666016e+00
-3.173714637756347656e+00
-2.288671016693115234e+00
-3.034426212310791016e+00
-2.823831319808959961e+00
-2.335385322570800781e+00
-2.369048833847045898e+00
-2.131771564483642578e+00
-1.150721430778503418e+00
-2.242199659347534180e+00
-2.072042703628540039e+00
-3.411427259445190430e+00
-1.586700677871704102e+00
-2.191632032394409180e+00
-3.037123441696166992e+00
-3.081907510757446289e+00
-3.422154188156127930e+00
-2.102458715438842773e+00
-1.249001145362854004e+00
-1.332385182380676270e+00
-3.314558267593383789e+00
-3.475101947784423828e+00
-1.603337764739990234e+00
-1.258923768997192383e+00
-2.610529422760009766e+00
-3.278670549392700195e+00
-2.121572971343994141e+00
-2.575097084045410156e+00
-2.370701313018798828e+00
-1.034929990768432617e+00
-2.305901765823364258e+00
-4.690144658088684082e-01
-1.698595404624938965e+00
-2.887403011322021484e+00
-1.667060852050781250e+00
-2.323400974273681641e+00
-2.302416563034057617e+00
-2.616362333297729492e+00
-1.901606917381286621e+00
-2.090865612030029297e+00
-2.766636371612548828e+00
-1.019690513610839844e+00
-1.363714694976806641e+00
-1.711774587631225586e+00
-2.180056095123291016e+00
-2.626179695129394531e+00
-2.207973718643188477e+00
-7.724142670631408691e-01
-3.138406753540039062e+00
-1.589757084846496582e+00
-2.544207334518432617e+00
-2.239712953567504883e+00
-1.986603587865829468e-01
-3.123281717300415039e+00
-1.782839536666870117e+00
-7.141598463058471680e-01
-3.377353906631469727e+00
-8.873111605644226074e-01
-1.757941246032714844e+00
-1.885051250457763672e+00
-1.613211512565612793e+00
-2.293496847152709961e+00
-1.364582777023315430e+00
-2.122700691223144531e+00
-2.283429861068725586e+00
-1.885168075561523438e+00
-2.351415395736694336e+00
-1.198538661003112793e+00
-2.107601881027221680e+00
-2.359706401824951172e+00
-2.573827981948852539e+00
-2.831498622894287109e+00
-8.922131657600402832e-01
-2.903639078140258789e-01
-3.292462825775146484e-01
-2.094410419464111328e+00
-2.170407772064208984e+00
2.859636209905147552e-02
-9.353777170181274414e-01
-2.144571065902709961e+00
-2.918882608413696289e+00
-7.353730797767639160e-01
-1.425738096237182617e+00
-1.730336308479309082e+00
-2.004508733749389648e+00
-1.298341512680053711e+00
-1.811350941658020020e+00
-2.273004055023193359e+00
-1.292459845542907715e+00
-4.414570033550262451e-01
-1.183078646659851074e+00
-2.612356662750244141e+00
-1.111434221267700195e+00
-7.675309777259826660e-01
-1.219678997993469238e+00
-6.673580408096313477e-01
-4.042974412441253662e-01
-1.204905867576599121e+00
-2.081448316574096680e+00
-8.500375151634216309e-01
-1.302508711814880371e+00
-2.261803865432739258e+00
-1.230445981025695801e+00
-2.438032865524291992e+00
-1.552791476249694824e+00
-1.699590682983398438e-01
-1.329002857208251953e+00
-1.548357367515563965e+00
-1.617172837257385254e+00
-1.504677772521972656e+00
-1.756954550743103027e+00
-1.057029247283935547e+00
-1.075072884559631348e+00
-1.292956233024597168e+00
-1.934728503227233887e+00
-1.664928555488586426e+00
-6.995989680290222168e-01
-1.293303847312927246e+00
3.678024411201477051e-01
-1.059433460235595703e+00
-2.339304208755493164e+00
-9.728941321372985840e-01
-1.886009454727172852e+00
-1.197979211807250977e+00
-1.636886596679687500e+00
-2.614316940307617188e+00
-1.245262384414672852e+00
-2.739475011825561523e+00
-1.407094120979309082e+00
-2.310877323150634766e+00
-1.735259175300598145e+00
-3.473429441452026367e+00
-1.338590741157531738e+00
-1.308168053627014160e+00
-9.989127516746520996e-01
-8.903393745422363281e-01
-2.293773412704467773e+00
-1.089715719223022461e+00
-1.130687713623046875e+00
-7.048802375793457031e-01
-2.266835689544677734e+00
-1.952216982841491699e+00
-1.561508893966674805e+00
-1.064861416816711426e+00
-2.195426464080810547e+00
-1.997533917427062988e+00
-2.086477279663085938e+00
-1.415052413940429688e+00
-1.227245688438415527e+00
-1.956131100654602051e+00
-2.241690635681152344e+00
-6.155550479888916016e-01
-2.249066352844238281e+00
-1.563876867294311523e+00
-1.655649900436401367e+00
-2.931458234786987305e+00
-2.379785537719726562e+00
-2.698512792587280273e+00
-2.441477298736572266e+00
-2.274535655975341797e+00
-1.717141866683959961e+00
-8.367944359779357910e-01
-3.479769229888916016e+00
-2.384329080581665039e+00
-2.244273662567138672e+00
-2.132535219192504883e+00
-1.983129978179931641e+00
-1.910255908966064453e+00
-2.012938261032104492e+00
-1.293782949447631836e+00
-2.201061487197875977e+00
-2.660340666770935059e-01
-1.187385916709899902e+00
-6.455181241035461426e-01
-1.773427486419677734e+00
-1.590214014053344727e+00
-1.608850955963134766e+00
-2.675095081329345703e+00
-3.328265190124511719e+00
-2.388746500015258789e+00
-3.949972391128540039e+00
-2.459584951400756836e+00
-1.590233802795410156e+00
-1.236156105995178223e+00
-2.200284957885742188e+00
-9.094314575195312500e-01
-3.685031652450561523e+00
-2.118708133697509766e+00
-1.918599605560302734e+00
-1.687529683113098145e+00
-1.845521450042724609e+00
-1.788769245147705078e+00
-1.842671036720275879e+00
-1.669480800628662109e+00
-1.884423375129699707e+00
-2.466659784317016602e+00
-1.007126450538635254e+00
-2.851458549499511719e+00
-6.856852769851684570e-01
-2.449282169342041016e+00
-3.334040343761444092e-01
-1.509917259216308594e+00
-1.065877318382263184e+00
-1.776754498481750488e+00
-2.569091320037841797e+00
-1.978789925575256348e+00
-2.229787111282348633e+00
-1.175496339797973633e+00
-2.863125801086425781e+00
-2.059570550918579102e+00
-1.496547460556030273e+00
-1.819964289665222168e+00
-1.873410344123840332e+00
-1.662969827651977539e+00
-2.302460193634033203e+00
1.638723462820053101e-01
1.627034693956375122e-01
-1.554787039756774902e+00
-2.309105396270751953e+00
-1.273844599723815918e+00
-1.990772366523742676e+00
-2.135215044021606445e+00
-2.977387189865112305e+00
-2.549554586410522461e+00
-3.000995874404907227e+00
-2.237306118011474609e+00
-2.164422750473022461e+00
-2.713779687881469727e+00
-2.031413555145263672e+00
-2.146263599395751953e+00
-2.983150959014892578e+00
-1.539133429527282715e+00
-1.832787632942199707e+00
-2.850691795349121094e+00
-2.504162549972534180e+00
-1.062427639961242676e+00
-2.136839151382446289e+00
-3.503860950469970703e+00
-2.205970048904418945e+00
-6.418135166168212891e-01
-1.967733383178710938e+00
-2.175596475601196289e+00
-5.984408259391784668e-01
-3.252112865447998047e+00
-2.795355319976806641e+00
-3.077809810638427734e+00
-1.039509654045104980e+00
-2.086664676666259766e+00
-4.653726890683174133e-02
-1.188717722892761230e+00
-2.419745206832885742e+00
-6.040353775024414062e-01
-1.733394980430603027e+00
-3.727059960365295410e-01
-2.807249546051025391e+00
-3.215627431869506836e+00
-2.025163173675537109e+00
-1.171148061752319336e+00
-2.505780458450317383e+00
-2.150908470153808594e+00
-2.442341804504394531e+00
-1.751312851905822754e+00
-1.794647216796875000e+00
-2.137321472167968750e+00
-1.293810844421386719e+00
-2.440979480743408203e+00
-1.354874134063720703e+00
-2.484677791595458984e+00
-1.922103047370910645e+00
-1.910972476005554199e+00
-1.373983502388000488e+00
-2.740951776504516602e+00
-3.440423250198364258e+00
-3.071964740753173828e+00
-2.019316911697387695e+00
-2.410452604293823242e+00
-1.619176268577575684e+00
-1.565989613533020020e+00
-2.838146686553955078e+00
-1.604365706443786621e+00
-2.761561632156372070e+00
-3.339391469955444336e+00
-2.691469192504882812e+00
-1.770015120506286621e+00
-1.731135845184326172e+00
-2.639941215515136719e+00
-2.883517026901245117e+00
-1.686498522758483887e+00
-7.738890051841735840e-01
1.113903373479843140e-01
-9.568408727645874023e-01
-2.956007957458496094e+00
-2.418958425521850586e+00
-2.446926593780517578e+00
-1.000939965248107910e+00
-2.864327430725097656e+00
-2.469470977783203125e+00
-1.603909730911254883e+00
-2.746965885162353516e+00
-2.429017305374145508e+00
-1.424294352531433105e+00
-2.142269134521484375e+00
-2.371071815490722656e+00
-2.160341739654541016e+00
-2.767457485198974609e+00
-2.480963706970214844e+00
-9.884538054466247559e-01
-2.152631759643554688e+00
-2.714256525039672852e+00
-2.522840499877929688e+00
-2.896918296813964844e+00
-3.611220121383666992e+00
-3.501041173934936523e+00
-1.096165299415588379e+00
-2.687641143798828125e+00
-2.146733760833740234e+00
-2.388990640640258789e+00
-1.194729447364807129e+00
-3.064430236816406250e+00
-2.384531021118164062e+00
-1.900255441665649414e+00
-1.299094080924987793e+00
-2.401807546615600586e+00
-1.421299338340759277e+00
-2.209505796432495117e+00
-1.021241903305053711e+00
-1.584221720695495605e+00
-2.021636486053466797e+00
-2.021522998809814453e+00
-2.974372863769531250e+00
-3.132613182067871094e+00
-8.604676723480224609e-01
-7.483935952186584473e-01
-1.420865774154663086e+00
-2.934072494506835938e+00
-1.087405323982238770e+00
-1.239601135253906250e+00
-3.120400905609130859e+00
-1.725658297538757324e+00
-2.492847442626953125e+00
-3.439908981323242188e+00
-2.068270444869995117e+00
-1.668329715728759766e+00
-2.684733629226684570e+00
-1.394413352012634277e+00
-2.640434980392456055e+00
-1.992747783660888672e+00
-1.525236606597900391e+00
-1.367985844612121582e+00
-1.774934411048889160e+00
-2.268750905990600586e+00
-2.765143394470214844e+00
-9.060460329055786133e-01
-1.605979919433593750e+00
-3.276431322097778320e+00
-1.282491922378540039e+00
-2.690082073211669922e+00
-2.434583187103271484e+00
-3.210225582122802734e+00
-1.227914333343505859e+00
-1.814107418060302734e+00
-2.196747064590454102e+00
-2.552019119262695312e+00
-1.802075266838073730e+00
-1.642113447189331055e+00
-2.037701129913330078e+00
-1.523482084274291992e+00
-2.990827560424804688e+00
-1.053300499916076660e+00
-2.072860002517700195e+00
-2.531843662261962891e+00
-1.739811420440673828e+00
-1.256150007247924805e+00
-1.614542007446289062e+00
-2.180778503417968750e+00
-2.035707950592041016e+00
-2.858264207839965820e+00
-7.615141868591308594e-01
-2.169955015182495117e+00
-1.409679532051086426e+00
-2.410895824432373047e+00
-9.120132923126220703e-01
-7.723776102066040039e-01
-1.791198372840881348e+00
-7.267920374870300293e-01
-3.282060146331787109e+00
-2.477319240570068359e+00
-1.189124703407287598e+00
-2.370898008346557617e+00
-1.727157950401306152e+00
-1.385997056961059570e+00
-9.398163557052612305e-01
-1.280045151710510254e+00
-4.767979085445404053e-01
-1.090363144874572754e+00
-2.019248723983764648e+00
-1.402560949325561523e+00
-2.415588140487670898e+00
-2.990664482116699219e+00
-2.507461071014404297e+00
-6.144815683364868164e-01
-1.987115859985351562e+00
-2.238424777984619141e+00
-1.389343261718750000e+00
-2.645030736923217773e+00
-2.567104578018188477e+00
-2.323166608810424805e+00
-2.689777612686157227e+00
-1.469503641128540039e+00
-1.365914106369018555e+00
-1.890897512435913086e+00
-2.072005987167358398e+00
-1.116339445114135742e+00
-1.717479944229125977e+00
-2.762827396392822266e+00
-2.191708803176879883e+00
-3.326515674591064453e+00
-2.868128538131713867e+00
-1.542554974555969238e+00
-2.155942916870117188e+00
-6.242534518241882324e-01
-1.981401801109313965e+00
-1.907707214355468750e+00
-3.059659004211425781e+00
-4.144664287567138672e+00
-2.170343875885009766e+00
-1.935499429702758789e+00
-3.971264362335205078e+00
-9.909412264823913574e-01
-2.178843736648559570e+00
-2.296221494674682617e+00
-2.126274347305297852e+00
-8.702797293663024902e-01
-2.899884939193725586e+00
-3.935498714447021484e+00
-1.797439336776733398e+00
-2.300753593444824219e+00
-2.262527465820312500e+00
-2.278579235076904297e+00
-2.222918748855590820e+00
-1.912863969802856445e+00
-2.318231582641601562e+00
-2.511628389358520508e+00
-2.362541198730468750e+00
-3.527321577072143555e+00
-2.941149950027465820e+00
-1.831821203231811523e+00
-2.723140716552734375e+00
-2.407218694686889648e+00
-3.123236656188964844e+00
-2.307675361633300781e+00
-2.276340484619140625e+00
-8.472263216972351074e-01
-2.023178577423095703e+00
-5.009225010871887207e-01
-2.675715446472167969e+00
-2.301915645599365234e+00
-2.807056427001953125e+00
-2.546452283859252930e+00
-2.312189579010009766e+00
-2.988970041275024414e+00
-1.716180920600891113e+00
-3.003162860870361328e+00
-2.078863143920898438e+00
-1.298493146896362305e+00
-2.133405923843383789e+00
-1.513624072074890137e+00
-2.445224523544311523e+00
-3.991630554199218750e+00
-2.506624937057495117e+00
-2.103626251220703125e+00
-2.602473020553588867e+00
-2.702884197235107422e+00
-1.068724155426025391e+00
2.635572254657745361e-01
-9.594510197639465332e-01
-2.342949628829956055e+00
-2.451184988021850586e+00
-2.635076642036437988e-01
-2.860179424285888672e+00
-2.126129865646362305e+00
-2.601500988006591797e+00
-2.442317247390747070e+00
-2.289069414138793945e+00
-2.078700780868530273e+00
-3.634309053421020508e+00
-4.105651378631591797e-01
-1.878678083419799805e+00
-9.888979792594909668e-01
-2.429008245468139648e+00
-3.545358419418334961e+00
-2.758190631866455078e+00
-2.912721633911132812e+00
-2.301686286926269531e+00
-9.153261184692382812e-01
-2.596019983291625977e+00
-1.820492744445800781e+00
-1.976493477821350098e+00
-3.589285135269165039e+00
-2.909676790237426758e+00
-3.806687355041503906e+00
-1.797385811805725098e+00
-3.594504833221435547e+00
-3.822881937026977539e+00
-8.865033388137817383e-01
-1.780584931373596191e+00
-3.038297414779663086e+00
-3.364353418350219727e+00
-2.706255435943603516e+00
-3.157264709472656250e+00
-3.517547130584716797e+00
-2.695266485214233398e+00
-2.237990379333496094e+00
-3.013161420822143555e+00
-2.311175584793090820e+00
-1.997417926788330078e+00
-1.630321621894836426e+00
-1.475211024284362793e+00
-3.414908647537231445e+00
-1.811661601066589355e+00
-2.828271150588989258e+00
-3.144521951675415039e+00
-1.351127505302429199e+00
-2.545344114303588867e+00
-8.387498259544372559e-01
-1.679769277572631836e+00
-2.935639619827270508e+00
-2.297981977462768555e+00
-9.153612256050109863e-01
-1.909421682357788086e+00
-3.181560993194580078e+00
-1.856058239936828613e+00
-2.678671598434448242e+00
-1.053344249725341797e+00
-2.484940052032470703e+00
-2.084076404571533203e+00
-2.529465198516845703e+00
-9.396787285804748535e-01
-1.951092123985290527e+00
-1.030870914459228516e+00
-2.585598945617675781e+00
-3.113938331604003906e+00
-2.204768896102905273e+00
-2.121368408203125000e+00
-2.830257415771484375e+00
-3.005329608917236328e+00
-1.873751640319824219e+00
-2.588435649871826172e+00
-3.394188582897186279e-01
-2.676613807678222656e+00
-2.399989604949951172e+00
-2.944856405258178711e+00
-2.781378746032714844e+00
-2.517359256744384766e+00
-3.063127279281616211e+00
-1.523963093757629395e+00
-2.353560447692871094e+00
-1.196074962615966797e+00
-2.358996868133544922e+00
-2.997619390487670898e+00
-2.815117835998535156e+00
-2.171710491180419922e+00
-3.726123094558715820e+00
-2.920311689376831055e+00
-1.734648942947387695e+00
-2.276117563247680664e+00
-1.505236864089965820e+00
-2.128118276596069336e+00
-2.182417631149291992e+00
-2.681250572204589844e+00
-2.945289850234985352e+00
-3.383803844451904297e+00
-3.417311191558837891e+00
-2.329100131988525391e+00
-1.181964874267578125e+00
-2.695571184158325195e+00
-2.189972639083862305e+00
-2.963006496429443359e+00
-2.177315473556518555e+00
-2.266139507293701172e+00
-2.430437326431274414e+00
-2.789217948913574219e+00
-1.670418143272399902e+00
-2.628188371658325195e+00
-2.812929630279541016e+00
-2.469367504119873047e+00
-2.002063274383544922e+00
-2.705725908279418945e+00
-3.431309461593627930e-01
-2.502086877822875977e+00
-3.113404512405395508e+00
-1.285832166671752930e+00
-2.780943393707275391e+00
-2.213851451873779297e+00
-2.717240095138549805e+00
-1.443314075469970703e+00
-2.469722986221313477e+00
-1.895409703254699707e+00
-1.816356420516967773e+00
-1.684116125106811523e+00
-2.152553558349609375e+00
-1.742673039436340332e+00
-5.294066071510314941e-01
-2.287692785263061523e+00
-2.856541395187377930e+00
-2.965911626815795898e+00
-2.993470191955566406e+00
-2.526145458221435547e+00
-2.363379716873168945e+00
-2.666855812072753906e+00
-1.550069570541381836e+00
-1.404843330383300781e+00
-2.775534391403198242e+00
-1.705785393714904785e+00
-2.053969860076904297e+00
-1.554259896278381348e+00
-2.670540332794189453e+00
-2.251908779144287109e+00
-2.946114063262939453e+00
-8.715040087699890137e-01
-2.208992242813110352e+00
-1.962230801582336426e+00
-3.774655461311340332e-01
-2.398689031600952148e+00
-3.062969207763671875e+00
-3.485696077346801758e+00
-1.540794968605041504e+00
-2.188005924224853516e+00
-3.318377017974853516e+00
-2.352112770080566406e+00
-1.084650278091430664e+00
-1.085804700851440430e+00
-2.528489351272583008e+00
-3.356588840484619141e+00
-2.392134189605712891e+00
-2.768939733505249023e+00
-1.598581194877624512e+00
-1.434436917304992676e+00
-3.050747394561767578e+00
-3.546629667282104492e+00
-5.511325597763061523e-01
-2.139768600463867188e+00
-3.055439949035644531e+00
-2.366255521774291992e+00
-1.953873753547668457e+00
-2.077941656112670898e+00
-9.186773300170898438e-01
-3.237233400344848633e+00
-2.561135292053222656e+00
-2.590413570404052734e+00
-2.055329322814941406e+00
-2.396166324615478516e+00
-2.710141181945800781e+00
-2.162990570068359375e+00
-1.856429100036621094e+00
-3.033148288726806641e+00
-2.234090328216552734e+00
-2.803948402404785156e+00
-2.474581241607666016e+00
-2.304124355316162109e+00
-3.580650091171264648e+00
-2.898018360137939453e+00
-2.922455549240112305e+00
-2.846761703491210938e+00
-3.031546354293823242e+00
-5.494547486305236816e-01
-2.472561359405517578e+00
-3.458375215530395508e+00
-1.840119957923889160e+00
-2.415936470031738281e+00
-2.180308818817138672e+00
-3.760183334350585938e+00
-3.267564296722412109e+00
-3.446729660034179688e+00
-1.680688261985778809e+00
-1.739243745803833008e+00
-3.603752136230468750e+00
-3.660052061080932617e+00
-3.022562742233276367e+00
-2.002320051193237305e+00
-3.524120807647705078e+00
-2.483720064163208008e+00
-1.138064622879028320e+00
-2.434339761734008789e+00
-3.796453475952148438e+00
-2.574114322662353516e+00
-1.759849071502685547e+00
-4.080121517181396484e-01
-2.825114011764526367e+00
-2.945778369903564453e+00
-1.436566233634948730e+00
-2.080838203430175781e+00
-2.714316606521606445e+00
-3.100213050842285156e+00
-3.099390983581542969e+00
-9.143340587615966797e-01
-3.387064456939697266e+00
-1.076488375663757324e+00
-3.040430307388305664e+00
-1.916945457458496094e+00
-4.025191366672515869e-01
-1.955983281135559082e+00
-1.006047368049621582e+00
-2.200155019760131836e+00
-3.110090732574462891e+00
-9.957155585289001465e-01
-2.185701847076416016e+00
-1.774266958236694336e+00
-2.639255046844482422e+00
-1.060429453849792480e+00
-5.182403326034545898e-01
-2.931009769439697266e+00
-2.765088558197021484e+00
-1.908796429634094238e+00
-2.508107662200927734e+00
-3.555328249931335449e-01
-2.215397834777832031e+00
-1.026191592216491699e+00
-3.454395294189453125e+00
-2.654066562652587891e+00
-1.685652375221252441e+00
-2.254155635833740234e+00
-1.388094305992126465e+00
-2.284200906753540039e+00
-2.940612554550170898e+00
-1.757568240165710449e+00
-2.561755895614624023e+00
-1.954277515411376953e+00
-2.707349777221679688e+00
-2.054402083158493042e-01
-1.396081447601318359e+00
-1.035837173461914062e+00
-2.800649166107177734e+00
-1.539117217063903809e+00
-1.928867101669311523e+00
-2.027750253677368164e+00
-3.600229740142822266e+00
-1.499380350112915039e+00
-2.672461032867431641e+00
-2.475243568420410156e+00
-2.258869886398315430e+00
-2.092449426651000977e+00
-1.474104285240173340e+00
-2.956459760665893555e+00
-2.136359691619873047e+00
-5.230236053466796875e-02
-3.694250106811523438e+00
-1.373309969902038574e+00
-2.978165388107299805e+00
-9.521068930625915527e-01
-3.414849281311035156e+00
-1.665029048919677734e+00
-2.700193166732788086e+00
-2.172446966171264648e+00
-2.467240095138549805e+00
-1.761916279792785645e+00
-1.497621059417724609e+00
-2.379484891891479492e+00
-3.381157636642456055e+00
-2.719141721725463867e+00
-1.788785338401794434e+00
-9.329342246055603027e-01
-1.669697642326354980e+00
-2.192186594009399414e+00
-2.653459787368774414e+00
-1.756992578506469727e+00
-2.161401510238647461e+00
-9.224783778190612793e-01
-3.538159608840942383e+00
-1.524466514587402344e+00
-2.231908798217773438e+00
-1.572788596153259277e+00
-1.544869065284729004e+00
-1.050062537193298340e+00
-3.169504404067993164e+00
-2.644497156143188477e+00
-2.638019800186157227e+00
-7.121773362159729004e-01
-1.357459783554077148e+00
-1.637645244598388672e+00
-1.761894106864929199e+00
-2.131259679794311523e+00
-2.598736524581909180e+00
-1.722846984863281250e+00
-1.075309872627258301e+00
-1.286418318748474121e+00
-1.616408109664916992e+00
-2.603694677352905273e+00
-2.020931243896484375e+00
-1.368346452713012695e+00
-2.286188602447509766e+00
-3.248885869979858398e+00
-3.062439203262329102e+00
-1.664253592491149902e+00
-3.064666509628295898e+00
-1.835113763809204102e+00
-2.291087150573730469e+00
-7.007920742034912109e-01
-2.315680027008056641e+00
-3.535611629486083984e+00
-2.311968803405761719e+00
-7.315313220024108887e-01
-2.367066621780395508e+00
-3.081596374511718750e+00
-1.908030867576599121e+00
-1.497125983238220215e+00
-3.192647218704223633e+00
-2.667926311492919922e+00
-2.815538167953491211e+00
-1.519771695137023926e+00
-2.460380792617797852e+00
-2.273514986038208008e+00
-1.709990501403808594e+00
-2.200191020965576172e+00
-3.425129413604736328e+00
-2.481120824813842773e+00
-1.232033133506774902e+00
-1.262050747871398926e+00
-2.129938602447509766e+00
-1.378291249275207520e+00
-2.285969018936157227e+00
-1.919023633003234863e+00
-1.561035990715026855e+00
-1.562007308006286621e+00
-2.092413187026977539e+00
-1.603447198867797852e+00
-1.905085206031799316e+00
-3.429010868072509766e+00
-3.115718603134155273e+00
-2.836233139038085938e+00
-3.176316738128662109e+00
-1.821909546852111816e+00
-3.463192701339721680e+00
-1.712276458740234375e+00
-2.831102609634399414e+00
-3.448208332061767578e+00
-2.741949796676635742e+00
-3.215280055999755859e+00
-1.935690760612487793e+00
-2.537638664245605469e+00
-2.909405946731567383e+00
-1.433602929115295410e+00
-2.324499845504760742e+00
-1.814070343971252441e+00
-7.252271175384521484e-01
-2.802364110946655273e+00
-1.225947260856628418e+00
-2.228775024414062500e+00
-2.218556642532348633e+00
-1.800684690475463867e+00
-1.973515272140502930e+00
-1.664578676223754883e+00
-2.572865009307861328e+00
-2.011352062225341797e+00
-6.520006656646728516e-01
-3.172356128692626953e+00
-2.702721357345581055e+00
-2.117408990859985352e+00
-2.558483362197875977e+00
-1.335761547088623047e+00
-1.316568970680236816e+00
-1.357952237129211426e+00
-2.267380714416503906e+00
-2.415521144866943359e+00
-1.892895817756652832e+00
-9.369425177574157715e-01
-3.278321027755737305e+00
-3.265703916549682617e+00
-2.660767793655395508e+00
-1.114521145820617676e+00
-1.521236538887023926e+00
-1.383874654769897461e+00
-2.333782672882080078e+00
-1.365186333656311035e+00
-2.270382642745971680e+00
-9.630159139633178711e-01
-2.330416679382324219e+00
-2.388883113861083984e+00
-1.706146955490112305e+00
-3.023975133895874023e+00
-1.320772886276245117e+00
-1.508123874664306641e+00
-2.115779638290405273e+00
-2.056660652160644531e+00
-2.614932298660278320e+00
-1.890922665596008301e+00
-2.997884750366210938e+00
-2.246724128723144531e+00
-1.591442942619323730e+00
-6.728780269622802734e-01
-1.731280803680419922e+00
-2.970156192779541016e+00
-3.297778606414794922e+00
-1.464311480522155762e+00
-1.439564943313598633e+00
-2.195626020431518555e+00
-2.416175603866577148e+00
-1.438366293907165527e+00
-1.558139562606811523e+00
-1.099439859390258789e+00
-2.577883243560791016e+00
-2.121927738189697266e+00
-2.292809963226318359e+00
-2.336163759231567383e+00
-2.381015300750732422e+00
-2.083752870559692383e+00
-2.365269184112548828e+00
-2.390744686126708984e+00
-2.402372837066650391e+00
-2.490652322769165039e+00
-2.594141721725463867e+00
-2.341094255447387695e+00
-2.114266872406005859e+00
-1.640532732009887695e+00
-3.402797698974609375e+00
-3.032810688018798828e+00
-9.784123897552490234e-01
-2.179846525192260742e+00
-1.696181058883666992e+00
-3.441608667373657227e+00
-2.219390153884887695e+00
-1.351922631263732910e+00
-2.033939123153686523e+00
-1.187619090080261230e+00
-1.951999902725219727e+00
-1.612151861190795898e+00
-2.472459316253662109e+00
-2.171929121017456055e+00
-1.603698730468750000e+00
-6.412962079048156738e-01
-2.246110200881958008e+00
-2.315461874008178711e+00
-1.313079357147216797e+00
-1.918703913688659668e+00
-1.342789292335510254e+00
-9.237337708473205566e-01
-3.563321828842163086e+00
-2.177954196929931641e+00
-3.436361789703369141e+00
-1.635627031326293945e+00
-2.550574779510498047e+00
-1.900164365768432617e+00
-2.141056299209594727e+00
-2.395346879959106445e+00
-2.307982206344604492e+00
-2.199004411697387695e+00
-2.408416986465454102e+00
-3.255434036254882812e+00
-3.587801933288574219e+00
-1.127353191375732422e+00
-1.425216913223266602e+00
-2.635957479476928711e+00
-3.323547601699829102e+00
-8.856772780418395996e-01
-2.524429559707641602e+00
-2.451110124588012695e+00
-7.369541525840759277e-01
-2.082294225692749023e+00
-8.465687632560729980e-01
-7.215601205825805664e-01
-1.988573431968688965e+00
-1.077965021133422852e+00
-1.229122400283813477e+00
-2.513587474822998047e+00
-1.938706278800964355e+00
-1.538385868072509766e+00
-2.145305871963500977e+00
-2.297709465026855469e+00
-1.180309534072875977e+00
-1.136212944984436035e+00
-2.805969238281250000e+00
-6.138293743133544922e-01
-1.586059570312500000e+00
-1.670459628105163574e+00
-1.959745526313781738e+00
-2.125030994415283203e+00
-1.744701862335205078e+00
-1.351310253143310547e+00
-1.529549956321716309e+00
-2.545741319656372070e+00
-1.393135666847229004e+00
-1.041835471987724304e-01
-2.206142187118530273e+00
-1.733515620231628418e+00
-6.824332475662231445e-01
-1.989309549331665039e+00
-1.495143294334411621e+00
-2.077388763427734375e+00
-1.315643906593322754e+00
-2.642271995544433594e+00
-2.336555719375610352e+00
-6.367954015731811523e-01
-1.924884319305419922e+00
-2.494307279586791992e+00
-1.036194562911987305e+00
-1.757220506668090820e+00
-2.051899671554565430e+00
-1.843273401260375977e+00
-2.942230939865112305e+00
-2.332020521163940430e+00
-6.013718247413635254e-01
-1.574453949928283691e+00
-3.072163581848144531e+00
-1.735134601593017578e+00
-8.612073659896850586e-01
-8.529282808303833008e-01
-2.738830089569091797e+00
-9.731998443603515625e-01
-2.606486320495605469e+00
-2.474342346191406250e+00
-2.512511253356933594e+00
-2.100569963455200195e+00
-2.291190147399902344e+00
-1.499988317489624023e+00
-2.019947052001953125e+00
-2.316988468170166016e+00
-1.106441020965576172e+00
-2.190279245376586914e+00
-2.968756675720214844e+00
-3.233399391174316406e+00
-1.469376802444458008e+00
-1.920042991638183594e+00
-2.693424940109252930e+00
-2.219013214111328125e+00
-2.120598554611206055e+00
-8.794111609458923340e-01
-3.303234100341796875e+00
-2.237872838973999023e+00
-2.159060955047607422e+00
-2.579594373703002930e+00
-3.496622323989868164e+00
-3.197941541671752930e+00
-2.716692447662353516e+00
-2.113483190536499023e+00
-1.286806225776672363e+00
-1.774945378303527832e+00
-7.210888266563415527e-01
-1.254232048988342285e+00
-3.230723857879638672e+00
-1.598417401313781738e+00
-1.954964637756347656e+00
-2.699879407882690430e+00
-1.906074643135070801e+00
-2.198917150497436523e+00
-2.265917778015136719e+00
-1.827535033226013184e+00
-2.241472244262695312e+00
-2.074151515960693359e+00
-1.496090650558471680e+00
-1.593816131353378296e-01
-1.989109635353088379e+00
-2.673115015029907227e+00
-8.511320948600769043e-01
-1.246550321578979492e+00
-2.949227333068847656e+00
-1.566917300224304199e+00
-2.341106891632080078e+00
-1.584531545639038086e+00
-3.327771425247192383e+00
-1.482949137687683105e+00
-1.593396067619323730e+00
-1.260921120643615723e+00
-2.242875337600708008e+00
-2.534089803695678711e+00
-2.494761228561401367e+00
1.082659438252449036e-01
-1.467453956604003906e+00
-3.132732629776000977e+00
-1.655480623245239258e+00
-2.253430366516113281e+00
-9.988826513290405273e-01
-2.266571760177612305e+00
-1.196653842926025391e+00
-1.336796641349792480e+00
-1.466319680213928223e+00
-3.480719089508056641e+00
-1.553585290908813477e+00
-1.776090621948242188e+00
-2.866077899932861328e+00
-2.685620784759521484e+00
-8.567761778831481934e-01
-9.233258962631225586e-01
-2.733805418014526367e+00
-9.890342354774475098e-01
-2.582185745239257812e+00
-2.550919532775878906e+00
-2.100575447082519531e+00
-1.544804334640502930e+00
-5.857955217361450195e-01
-1.194676280021667480e+00
-3.103083133697509766e+00
-2.032767295837402344e+00
-1.272283315658569336e+00
-1.636911034584045410e+00
-1.895057082176208496e+00
-2.615288019180297852e+00
-1.671487808227539062e+00
-1.553202748298645020e+00
-1.940671920776367188e+00
-2.559741020202636719e+00
-2.568604469299316406e+00
-1.569087743759155273e+00
-2.301191568374633789e+00
-2.230304479598999023e+00
-2.224033832550048828e+00
-2.277392148971557617e+00
-2.467612266540527344e+00
-2.203954458236694336e+00
-2.190984010696411133e+00
-1.944385170936584473e+00
-1.033769726753234863e+00
-2.298011064529418945e+00
-3.678603410720825195e+00
-2.700246572494506836e+00
-2.095872640609741211e+00
-1.776432871818542480e+00
-3.385569095611572266e+00
-2.925787687301635742e+00
-2.992202758789062500e+00
-3.022436618804931641e+00
-2.449211835861206055e+00
-2.095795869827270508e+00
-1.920277237892150879e+00
-5.738353729248046875e-01
-1.500046372413635254e+00
-2.366059541702270508e+00
-2.239980220794677734e+00
-1.852041602134704590e+00
-1.022817015647888184e+00
-1.103345274925231934e+00
-1.868990421295166016e+00
-3.317836761474609375e+00
-2.020287752151489258e+00
-2.325094699859619141e+00
-2.934679508209228516e+00
-2.792667865753173828e+00
-3.130080699920654297e+00
-2.053130149841308594e+00
-2.146230459213256836e+00
-2.241940498352050781e+00
-2.431616783142089844e+00
-2.198363065719604492e+00
-3.441215991973876953e+00
-3.331793069839477539e+00
-1.634964585304260254e+00
-1.984778523445129395e+00
-3.324215412139892578e+00
-2.796906471252441406e+00
-2.440550088882446289e+00
-3.350404024124145508e+00
-2.870802879333496094e+00
-2.702408313751220703e+00
-2.012508630752563477e+00
-1.070907473564147949e+00
-3.382457733154296875e+00
-2.844948768615722656e+00
-2.937715530395507812e+00
-2.272631406784057617e+00
-2.621159315109252930e+00
-2.670986652374267578e+00
-2.553163290023803711e+00
-2.289649248123168945e+00
-3.266694068908691406e+00
-1.097321510314941406e+00
-1.268628239631652832e+00
-3.179841041564941406e+00
-1.865364789962768555e+00
-2.266185522079467773e+00
-2.934756994247436523e+00
-2.904111862182617188e+00
-2.418559312820434570e+00
-1.958498358726501465e+00
-2.030998468399047852e+00
-2.057800769805908203e+00
-1.696130990982055664e+00
-2.564138650894165039e+00
-2.092908859252929688e+00
-2.496057748794555664e+00
-1.377398014068603516e+00
-1.970932006835937500e+00
-3.012481927871704102e+00
-2.183934211730957031e+00
-1.772316336631774902e+00
-2.374251842498779297e+00
-1.813186287879943848e+00
-2.163369417190551758e+00
-1.772875547409057617e+00
-2.298709392547607422e+00
-3.125610828399658203e+00
-3.034349679946899414e+00
-3.267260313034057617e+00
-2.093163013458251953e+00
-2.113913059234619141e+00
-1.643935799598693848e+00
-2.165226697921752930e+00
-2.591768264770507812e+00
-3.743083715438842773e+00
-2.802199840545654297e+00
-3.670967817306518555e+00
-3.218598604202270508e+00
-2.816169023513793945e+00
-3.057721614837646484e+00
-2.289943695068359375e+00
-1.783457279205322266e+00
-2.827478647232055664e+00
-3.023212194442749023e+00
-2.294743537902832031e+00
-1.886764764785766602e+00
-1.530916690826416016e+00
-1.932059764862060547e+00
-3.020585298538208008e+00
-1.339865446090698242e+00
-1.410399913787841797e+00
-1.275200843811035156e+00
-2.723996877670288086e+00
-3.253621578216552734e+00
-1.073771953582763672e+00
-1.663996934890747070e+00
-3.113701343536376953e+00
-2.168388843536376953e+00
-1.652441620826721191e+00
-1.389096736907958984e+00
-2.280553340911865234e+00
-2.451141119003295898e+00
-2.612208366394042969e+00
-3.296405792236328125e+00
-3.125173330307006836e+00
-1.645834565162658691e+00
-2.340331792831420898e+00
-2.840910434722900391e+00
-2.297814369201660156e+00
-3.161071777343750000e+00
-1.414148092269897461e+00
-2.280654430389404297e+00
-3.230911493301391602e+00
-2.827482938766479492e+00
-2.319084882736206055e+00
-3.015506982803344727e+00
-2.964744091033935547e+00
-2.331129074096679688e+00
-2.364856004714965820e+00
-2.055654764175415039e+00
-2.446157693862915039e+00
-2.587083101272583008e+00
-2.142039775848388672e+00
-2.140635967254638672e+00
-2.912556648254394531e+00
-2.606283426284790039e+00
-2.823114395141601562e+00
-1.082143068313598633e+00
-2.890468835830688477e+00
-2.332856416702270508e+00
-1.860431790351867676e+00
-1.654887914657592773e+00
-2.004656791687011719e+00
-3.440733432769775391e+00
-1.540869235992431641e+00
-2.896131515502929688e+00
-1.882543325424194336e+00
-3.530918598175048828e+00
-2.017237186431884766e+00
-3.672732830047607422e+00
-1.166779041290283203e+00
-3.220509290695190430e+00
-1.851011157035827637e+00
-3.144811868667602539e+00
-2.354393959045410156e+00
-2.412750244140625000e+00
-2.550098896026611328e+00
-3.700260639190673828e+00
-2.710561990737915039e+00
-3.176123142242431641e+00
-2.863188266754150391e+00
-2.767445087432861328e+00
-2.678724288940429688e+00
-1.232014179229736328e+00
-3.228396892547607422e+00
-3.356514930725097656e+00
-3.171615600585937500e+00
-1.590419530868530273e+00
-3.375814676284790039e+00
-2.401396989822387695e+00
-3.111392974853515625e+00
-1.007172703742980957e+00
-3.135965824127197266e+00
-2.679723501205444336e+00
-1.563028454780578613e+00
-2.456032752990722656e+00
-1.766377449035644531e+00
-3.431927919387817383e+00
-1.946664333343505859e+00
-3.400470972061157227e+00
-2.473491668701171875e+00
-2.470496177673339844e+00
-1.181216597557067871e+00
-2.530947923660278320e+00
-3.487654924392700195e+00
-2.126385211944580078e+00
-1.075245499610900879e+00
-3.367203712463378906e+00
-2.037258863449096680e+00
-3.180352210998535156e+00
-2.935376882553100586e+00
-1.904526591300964355e+00
-3.626350879669189453e+00
-3.316446065902709961e+00
-1.923217415809631348e+00
-1.452441811561584473e+00
-3.180518388748168945e+00
-2.450515747070312500e+00
-2.300316572189331055e+00
-1.042645335197448730e+00
-1.824585556983947754e+00
-1.946105360984802246e+00
-2.424760580062866211e+00
-1.615938663482666016e+00
-3.094531536102294922e+00
-1.577450633049011230e+00
-3.188975095748901367e+00
-2.256987094879150391e+00
-2.516779899597167969e+00
-2.890686988830566406e+00
-3.087523698806762695e+00
-2.035445213317871094e+00
-2.647343158721923828e+00
-2.469686746597290039e+00
-3.301241397857666016e+00
-2.743037462234497070e+00
-2.553697109222412109e+00
-3.341711282730102539e+00
-1.220564126968383789e+00
-1.988950490951538086e+00
-1.582595944404602051e+00
-1.702827215194702148e+00
-1.944127917289733887e+00
-2.978773593902587891e+00
-2.176395893096923828e+00
-3.285997629165649414e+00
-2.688400983810424805e+00
-1.441779851913452148e+00
-2.264807939529418945e+00
-2.664394855499267578e+00
-1.025613784790039062e+00
-2.971503734588623047e+00
-2.296428442001342773e+00
-2.568436622619628906e+00
-2.839487791061401367e+00
-1.939522266387939453e+00
-2.239322900772094727e+00
-2.384252071380615234e+00
-2.027412652969360352e+00
-3.039116382598876953e+00
-1.977052927017211914e+00
-2.878998041152954102e+00
-2.356565475463867188e+00
-1.822421193122863770e+00
-3.140761852264404297e+00
-2.833268165588378906e+00
-1.890915632247924805e+00
-2.790622711181640625e+00
-3.368358850479125977e+00
-3.264324426651000977e+00
-2.905590295791625977e+00
-3.051070690155029297e+00
-2.057624578475952148e+00
-2.020025730133056641e+00
-3.286464929580688477e+00
-1.948726534843444824e+00
-2.836834907531738281e+00
-3.191612958908081055e+00
-2.387931108474731445e+00
-3.571517705917358398e+00
-2.716164588928222656e+00
-2.613865852355957031e+00
-9.403303861618041992e-01
-2.079893350601196289e+00
-2.365140676498413086e+00
-2.449601650238037109e+00
-8.412691354751586914e-01
-2.608841896057128906e+00
-2.229092836380004883e+00
-2.913657665252685547e+00
-2.921450853347778320e+00
-1.941744446754455566e+00
-2.230635404586791992e+00
-1.994780778884887695e+00
-1.629066109657287598e+00
-2.215035438537597656e+00
-3.284586668014526367e+00
-2.357376098632812500e+00
-1.867545962333679199e+00
-2.056117773056030273e+00
-2.872524023056030273e+00
-1.831974864006042480e+00
-3.166854143142700195e+00
-2.415171146392822266e+00
-2.162268161773681641e+00
-2.246644973754882812e+00
-2.569336414337158203e+00
-3.318580865859985352e+00
-1.889902234077453613e+00
-3.108148336410522461e+00
-2.484660387039184570e+00
-3.132135152816772461e+00
-3.119716882705688477e+00
-2.370876312255859375e+00
-9.668942689895629883e-01
-1.932764172554016113e+00
-2.131181240081787109e+00
-2.223192930221557617e+00
-2.125955104827880859e+00
-2.088917493820190430e+00
-2.918910503387451172e+00
-1.089671969413757324e+00
-1.941925048828125000e+00
-1.551484584808349609e+00
-1.903007745742797852e+00
-1.856609106063842773e+00
-1.976204514503479004e+00
-3.281081676483154297e+00
-1.293677449226379395e+00
-2.277303218841552734e+00
-2.325615644454956055e+00
-2.370747566223144531e+00
-3.381943941116333008e+00
-2.507552623748779297e+00
-1.704094648361206055e+00
-3.188928842544555664e+00
-2.436091184616088867e+00
-2.316743135452270508e+00
-1.395010590553283691e+00
-2.618306159973144531e+00
-1.433755040168762207e+00
-2.159263849258422852e+00
-2.543884038925170898e+00
-3.535985469818115234e+00
-1.964266777038574219e+00
-2.252202749252319336e+00
-1.583997905254364014e-01
-1.454540729522705078e+00
-1.343110561370849609e+00
-3.352751016616821289e+00
-2.736048460006713867e+00
-3.404306650161743164e+00
-2.238850831985473633e+00
-3.215152978897094727e+00
-2.751490354537963867e+00
-2.022618293762207031e+00
-1.210495233535766602e+00
-1.457799911499023438e+00
-1.792242884635925293e+00
-1.593739628791809082e+00
-3.293610572814941406e+00
-2.807922840118408203e+00
-2.073354244232177734e+00
-2.660689830780029297e+00
-2.104175090789794922e+00
-1.975831389427185059e+00
-2.205976486206054688e+00
-3.366487503051757812e+00
-2.906164884567260742e+00
-3.118844270706176758e+00
-2.150582313537597656e+00
-1.758690357208251953e+00
-2.986903190612792969e+00
-3.286026239395141602e+00
-7.862636446952819824e-01
-1.893265604972839355e+00
-1.967373490333557129e+00
-2.752241611480712891e+00
-1.865590810775756836e+00
-8.979791998863220215e-01
-2.374000549316406250e+00
-1.772766947746276855e+00
-2.251229286193847656e+00
-1.809201359748840332e+00
-2.615120649337768555e+00
-2.836308479309082031e+00
-1.587859392166137695e+00
-1.412092328071594238e+00
-2.275295019149780273e+00
-3.380936861038208008e+00
-2.086312294006347656e+00
-2.541079044342041016e+00
-1.391239881515502930e+00
-2.596857309341430664e+00
-3.012439489364624023e+00
-1.757976293563842773e+00
-3.438552141189575195e+00
-3.126929283142089844e+00
-2.448027849197387695e+00
-2.308719873428344727e+00
-2.902549743652343750e+00
-2.240021228790283203e+00
-1.691773176193237305e+00
-1.835637331008911133e+00
-3.209324359893798828e+00
-1.269527435302734375e+00
-3.315925121307373047e+00
-2.418888807296752930e+00
-3.342063426971435547e+00
-2.449565887451171875e+00
-8.896440863609313965e-01
-2.116842269897460938e+00
-3.144114017486572266e+00
-1.630002021789550781e+00
-3.127825736999511719e+00
-2.058120965957641602e+00
-1.488396763801574707e+00
-2.149308204650878906e+00
-2.645450592041015625e+00
-2.112344980239868164e+00
-2.282101631164550781e+00
-2.758955717086791992e+00
-2.341425180435180664e+00
-2.243704795837402344e+00
-2.509180784225463867e+00
-2.015106439590454102e+00
-7.285715937614440918e-01
-2.800319194793701172e+00
-2.295773983001708984e+00
-2.618828296661376953e+00
-3.186152219772338867e+00
-2.243273973464965820e+00
-2.608694314956665039e+00
-1.758927226066589355e+00
-1.551579833030700684e+00
-2.186381578445434570e+00
-2.984595298767089844e+00
-1.729413628578186035e+00
-2.897374629974365234e+00
-6.899944543838500977e-01
-1.836614489555358887e+00
-1.906515002250671387e+00
-1.181170105934143066e+00
-2.505674600601196289e+00
-2.538761377334594727e+00
-1.289873361587524414e+00
-2.390583515167236328e+00
-1.563401699066162109e+00
-3.627478837966918945e+00
-2.062058687210083008e+00
-3.516762256622314453e+00
-2.513969659805297852e+00
-2.890694379806518555e+00
-2.593456745147705078e+00
-3.860460042953491211e+00
-3.371332168579101562e+00
-3.939621210098266602e+00
-1.609002709388732910e+00
-1.743111371994018555e+00
-3.454244613647460938e+00
-2.022683143615722656e+00
-3.208242416381835938e+00
-2.210349559783935547e+00
-1.400258302688598633e+00
-1.705750703811645508e+00
-3.281061172485351562e+00
-3.203083038330078125e+00
-3.652740478515625000e+00
-1.434039831161499023e+00
-3.130936861038208008e+00
-3.379384517669677734e+00
-2.889647006988525391e+00
-2.551987171173095703e+00
-3.213766813278198242e+00
-2.571867465972900391e+00
-1.910328030586242676e+00
-2.112138032913208008e+00
-1.622806072235107422e+00
-2.658246040344238281e+00
-2.741921424865722656e+00
-1.233094692230224609e+00
-2.816792011260986328e+00
-2.603974103927612305e+00
-2.266437292098999023e+00
-2.061417818069458008e+00
-1.897776722908020020e+00
-2.296487331390380859e+00
-3.151776075363159180e+00
-2.890313625335693359e+00
-3.082446336746215820e+00
-2.257160902023315430e+00
-2.008307456970214844e+00
-2.958842277526855469e+00
-3.234081983566284180e+00
-3.015875101089477539e+00
-2.391505479812622070e+00
-1.156418204307556152e+00
-1.277387022972106934e+00
-3.657277822494506836e+00
-1.865642786026000977e+00
-2.250521183013916016e+00
-2.809327840805053711e+00
-1.802118659019470215e+00
-3.278262138366699219e+00
-2.224008321762084961e+00
-2.254243612289428711e+00
-3.307506084442138672e+00
-7.890677452087402344e-01
-2.558671951293945312e+00
-2.930077552795410156e+00
-2.609396934509277344e+00
-1.110767245292663574e+00
-1.427581429481506348e+00
-1.333527803421020508e+00
-2.315726757049560547e+00
-2.891409397125244141e+00
-2.339488506317138672e+00
-2.781130075454711914e+00
-1.769122838973999023e+00
-3.181364297866821289e+00
-2.611847877502441406e+00
-1.648724317550659180e+00
-1.056411981582641602e+00
-3.225385427474975586e+00
-3.333416700363159180e+00
-3.469170331954956055e+00
-2.869481325149536133e+00
-2.127674341201782227e+00
-2.954992532730102539e+00
-2.482161283493041992e+00
-2.380718231201171875e+00
-2.142321109771728516e+00
-3.402365684509277344e+00
-3.005855321884155273e+00
-3.135309457778930664e+00
-2.997487306594848633e+00
-2.018625736236572266e+00
-3.094166040420532227e+00
-2.199796438217163086e+00
-2.578216314315795898e+00
-1.690202355384826660e+00
-3.181549787521362305e+00
-1.296273112297058105e+00
-2.460685014724731445e+00
-1.813315153121948242e+00
-3.452768087387084961e+00
-2.561447381973266602e+00
-9.715375304222106934e-01
-2.323422193527221680e+00
-1.969808101654052734e+00
-3.169927597045898438e+00
-2.862755775451660156e+00
-2.149149894714355469e+00
-1.783439397811889648e+00
-1.782389998435974121e+00
-2.874590396881103516e+00
-2.292936086654663086e+00
-3.406740665435791016e+00
-2.702494382858276367e+00
-1.898390650749206543e+00
-6.660583615303039551e-01
-1.493976354598999023e+00
-3.171238660812377930e+00
-3.594173431396484375e+00
-2.923036813735961914e+00
-3.361098766326904297e+00
-1.428736567497253418e+00
-3.360089063644409180e+00
-1.233960032463073730e+00
-3.531984329223632812e+00
-2.562149286270141602e+00
-2.048192977905273438e+00
-1.168438315391540527e+00
-3.371487855911254883e+00
-3.350318670272827148e+00
-2.186263561248779297e+00
-2.903605699539184570e+00
-1.972987174987792969e+00
-3.100127220153808594e+00
-2.650915145874023438e+00
-2.084131956100463867e+00
-3.354157447814941406e+00
-2.749054908752441406e+00
-2.518482685089111328e+00
-3.495476722717285156e+00
-2.524417400360107422e+00
-1.690494656562805176e+00
-2.902951955795288086e+00
-2.660894393920898438e+00
-3.159973859786987305e+00
-2.570896148681640625e+00
-1.873036265373229980e+00
-1.867720246315002441e+00
-2.423694133758544922e+00
-2.353894710540771484e+00
-2.032434701919555664e+00
-1.945878863334655762e+00
-1.507139682769775391e+00
-3.107673883438110352e+00
-2.351319551467895508e+00
-1.748833298683166504e+00
-9.651431441307067871e-01
-2.747165918350219727e+00
-2.015646457672119141e+00
-2.585216999053955078e+00
-2.329888820648193359e+00
-2.018869638442993164e+00
-2.202585697174072266e+00
-3.457254409790039062e+00
-1.002030491828918457e+00
-2.837532043457031250e+00
-9.420262575149536133e-01
-2.982963323593139648e+00
-2.891452312469482422e+00
-2.887764215469360352e+00
-1.278481960296630859e+00
-1.988102316856384277e+00
-2.361587762832641602e+00
-2.505160093307495117e+00
-3.580860614776611328e+00
-2.316911458969116211e+00
-1.199298143386840820e+00
-2.201459407806396484e+00
-2.569797039031982422e+00
-2.457584381103515625e+00
-3.159330844879150391e+00
-3.446311235427856445e+00
-8.040741682052612305e-01
-2.375464677810668945e+00
-2.436502933502197266e+00
-1.626649379730224609e+00
-3.234831094741821289e+00
-2.339042186737060547e+00
-2.728603601455688477e+00
-1.800499439239501953e+00
-2.260656356811523438e+00
-2.269271850585937500e+00
-2.764428138732910156e+00
-2.362863540649414062e+00
-2.719361305236816406e+00
-2.399803876876831055e+00
-1.636068582534790039e+00
-3.220599174499511719e+00
-2.691305875778198242e+00
-2.027043581008911133e+00
-2.768782854080200195e+00
-2.873617649078369141e+00
-3.327182054519653320e+00
-2.950832128524780273e+00
-3.109598398208618164e+00
-2.862374067306518555e+00
-3.195434331893920898e+00
-1.098349452018737793e+00
-1.752213120460510254e+00
-3.062813997268676758e+00
-3.285646915435791016e+00
-1.267102122306823730e+00
-1.098961114883422852e+00
-2.315142154693603516e+00
-2.807058095932006836e+00
-2.417466640472412109e+00
-1.607582211494445801e+00
-3.150736093521118164e+00
-2.923227548599243164e+00
-1.791970014572143555e+00
-2.867864847183227539e+00
-2.891104698181152344e+00
-1.551041483879089355e+00
-3.220368623733520508e+00
-4.237927794456481934e-01
-1.647965431213378906e+00
-2.490086555480957031e+00
-2.271436691284179688e+00
-1.828905701637268066e+00
-2.124951362609863281e+00
-1.985616445541381836e+00
-2.188154935836791992e+00
-2.556720733642578125e+00
-3.012259960174560547e+00
-1.882013201713562012e+00
-1.180879712104797363e+00
-1.856799364089965820e+00
-3.268348455429077148e+00
-2.261533260345458984e+00
-1.982894182205200195e+00
-2.992618799209594727e+00
-1.825850605964660645e+00
-2.354583024978637695e+00
-1.571250677108764648e+00
-3.306248426437377930e+00
-2.845096111297607422e+00
-3.135287523269653320e+00
-1.144817829132080078e+00
-3.556183099746704102e+00
-2.861539363861083984e+00
-2.610342025756835938e+00
-2.925331115722656250e+00
-2.662338018417358398e+00
-1.954741120338439941e+00
-2.306861639022827148e+00
-2.995284318923950195e+00
-2.277080774307250977e+00
-2.091824769973754883e+00
-2.984316825866699219e+00
-1.972460865974426270e+00
-3.614602804183959961e+00
-3.605822086334228516e+00
-2.669182777404785156e+00
-1.266744256019592285e+00
-2.615850925445556641e+00
-3.240174531936645508e+00
-2.858034610748291016e+00
-3.426661968231201172e+00
-3.133503437042236328e+00
-1.518230438232421875e+00
-2.373350381851196289e+00
-1.785844087600708008e+00
-1.120758056640625000e+00
-2.277485847473144531e+00
-1.763272881507873535e+00
-2.332736253738403320e+00
-3.353509664535522461e+00
-2.798509359359741211e+00
-3.262352228164672852e+00
-1.485607385635375977e+00
-2.262562513351440430e+00
-2.493701696395874023e+00
-1.863113999366760254e+00
-1.542087197303771973e+00
-2.984036207199096680e+00
-2.532178878784179688e+00
-2.588317871093750000e+00
-1.199634790420532227e+00
-3.197521448135375977e+00
-1.679873228073120117e+00
-3.255980730056762695e+00
-1.925646066665649414e+00
-2.410020589828491211e+00
-2.365619421005249023e+00
-1.805505871772766113e+00
-2.302992343902587891e+00
-2.765478372573852539e+00
-2.189191341400146484e+00
-3.423104047775268555e+00
-2.530767440795898438e+00
-1.980664610862731934e+00
-1.258425831794738770e+00
-1.556133031845092773e+00
-1.219488501548767090e+00
-3.458791017532348633e+00
-2.327642917633056641e+00
-1.222583293914794922e+00
-2.530894756317138672e+00
-2.388617277145385742e+00
-2.671421051025390625e+00
-2.842284202575683594e+00
-1.827570796012878418e-01
-9.695773124694824219e-01
-1.800251364707946777e+00
-2.009806871414184570e+00
-3.046406507492065430e+00
-2.658614218235015869e-01
-3.242170333862304688e+00
-3.275512218475341797e+00
-2.800168275833129883e+00
-2.617720842361450195e+00
-2.202447652816772461e+00
-2.883148431777954102e+00
-2.717557191848754883e+00
-2.705221891403198242e+00
-1.241806268692016602e+00
-2.906972885131835938e+00
-2.592752218246459961e+00
-3.337532281875610352e+00
-1.003432869911193848e+00
-2.956888198852539062e+00
-2.324895858764648438e+00
-2.417614936828613281e+00
-3.433718204498291016e+00
-2.188948154449462891e+00
-1.278614521026611328e+00
-3.602163314819335938e+00
-2.008804321289062500e+00
-2.314442873001098633e+00
-6.751604080200195312e-01
-1.362543106079101562e+00
-3.724925041198730469e+00
-3.033842086791992188e+00
-3.239704370498657227e+00
-1.245423793792724609e+00
-1.088799715042114258e+00
-2.687943696975708008e+00
-2.340611457824707031e+00
-2.420382499694824219e+00
-1.042121171951293945e+00
-2.003375053405761719e+00
-2.384351968765258789e+00
-1.980862617492675781e+00
-1.999579071998596191e+00
-2.858377933502197266e+00
-2.168602228164672852e+00
-1.561699986457824707e+00
-2.820746898651123047e+00
-3.580471754074096680e+00
-3.252739906311035156e+00
-1.568385004997253418e+00
-2.589519262313842773e+00
-3.049344539642333984e+00
-1.099557638168334961e+00
-2.697204113006591797e+00
-2.500294446945190430e+00
-6.099507808685302734e-01
-2.492712259292602539e+00
-2.540707588195800781e+00
-2.169740200042724609e+00
-2.854518413543701172e+00
-2.950636386871337891e+00
-3.164813280105590820e+00
-2.555452108383178711e+00
-2.590860843658447266e+00
-1.741786479949951172e+00
-1.413977384567260742e+00
-1.170144200325012207e+00
-2.802250146865844727e+00
-2.096991539001464844e+00
-3.454961061477661133e+00
-2.715832471847534180e+00
-2.092175960540771484e+00
-1.191646218299865723e+00
-2.662835836410522461e+00
-3.056921005249023438e+00
-2.801440000534057617e+00
-1.316996216773986816e+00
-2.480665206909179688e+00
-3.504370450973510742e+00
-2.146127939224243164e+00
-1.800818324089050293e+00
-2.974775731563568115e-01
-2.110628128051757812e+00
-3.410251140594482422e+00
-2.361026525497436523e+00
-2.159868955612182617e+00
-2.253520727157592773e+00
-2.646411418914794922e+00
-2.592497825622558594e+00
-1.961451888084411621e+00
-1.839733242988586426e+00
-2.847199916839599609e+00
-2.302222013473510742e+00
-8.234742283821105957e-01
-2.730057954788208008e+00
-2.430384159088134766e+00
-2.421210289001464844e+00
-2.151337862014770508e+00
-2.188664436340332031e+00
-1.791769504547119141e+00
-2.668032646179199219e+00
-1.458752393722534180e+00
-2.262392044067382812e+00
-2.228115558624267578e+00
-2.747211694717407227e+00
-2.940325498580932617e+00
-3.277513027191162109e+00
-1.464832305908203125e+00
-3.499223709106445312e+00
-6.086428761482238770e-01
-2.702205181121826172e+00
-2.849489450454711914e+00
-1.193250775337219238e+00
-2.495063781738281250e+00
-2.572824478149414062e+00
-3.289086341857910156e+00
-3.575320959091186523e+00
-1.707659721374511719e+00
-1.302138686180114746e+00
-1.968924283981323242e+00
-2.408635139465332031e+00
-2.522635698318481445e+00
-1.102564096450805664e+00
-1.874621272087097168e+00
-1.969335079193115234e+00
-2.164172172546386719e+00
-1.453964114189147949e+00
-3.572758436203002930e+00
-1.496118903160095215e+00
-2.156552076339721680e+00
-3.508662223815917969e+00
-2.378197193145751953e+00
-1.503962159156799316e+00
-2.158431053161621094e+00
-1.927240252494812012e+00
-1.767366409301757812e+00
-3.605080366134643555e+00
-3.149812936782836914e+00
-2.321923255920410156e+00
-3.149307727813720703e+00
-8.035682439804077148e-01
-1.475917935371398926e+00
-3.004310369491577148e+00
-1.322953701019287109e+00
-2.845704793930053711e+00
-3.344484090805053711e+00
-2.372229337692260742e+00
-3.096764802932739258e+00
-2.916112899780273438e+00
-1.905311584472656250e+00
-3.333771467208862305e+00
-9.952266812324523926e-01
-2.035809040069580078e+00
-1.391605734825134277e+00
-2.457529306411743164e+00
-2.062134742736816406e+00
-1.829481244087219238e+00
-3.343363285064697266e+00
-1.590045809745788574e+00
-1.523214340209960938e+00
-3.193056821823120117e+00
-1.896695256233215332e+00
-2.795130491256713867e+00
-2.052721500396728516e+00
-2.292084693908691406e+00
-1.359999656677246094e+00
-3.395554780960083008e+00
-2.392954587936401367e+00
-1.078761577606201172e+00
-8.224369883537292480e-01
-1.735961675643920898e+00
-2.540045261383056641e+00
-2.547114849090576172e+00
-1.323670387268066406e+00
-3.099340677261352539e+00
-2.574419498443603516e+00
-2.614672899246215820e+00
-3.183943033218383789e+00
-1.376967430114746094e+00
-3.315644025802612305e+00
-1.735159277915954590e+00
-8.515772223472595215e-01
-1.801812291145324707e+00
-3.301782846450805664e+00
-4.648973792791366577e-02
-1.873857498168945312e+00
-3.116065979003906250e+00
-2.036293506622314453e+00
-2.161250352859497070e+00
-1.431234478950500488e+00
-1.568127632141113281e+00
-1.019352316856384277e+00
-2.181291103363037109e+00
-2.205414056777954102e+00
-2.111494779586791992e+00
-2.650432825088500977e+00
-1.852994918823242188e+00
-2.499443531036376953e+00
-1.175393819808959961e+00
-1.837978839874267578e+00
