-5.481740459799766541e-02
-1.307392597198486328e+00
-1.992301464080810547e+00
-2.202222347259521484e+00
-1.007571339607238770e+00
-1.370134949684143066e+00
-1.656561136245727539e+00
-1.459935307502746582e+00
-1.902259469032287598e+00
-1.797328829765319824e+00
-2.354764938354492188e+00
-1.707854628562927246e+00
-1.537002444267272949e+00
-2.412293672561645508e+00
-1.551572084426879883e+00
-1.504127502441406250e+00
-1.595090508460998535e+00
-2.445566892623901367e+00
-8.358516693115234375e-01
-2.498796463012695312e+00
-7.939093708992004395e-01
-2.056563138961791992e+00
-1.423575043678283691e+00
-2.766477584838867188e+00
-1.370581626892089844e+00
-2.038995742797851562e+00
-1.696266889572143555e+00
-1.942724943161010742e+00
-2.565570771694183350e-01
-1.850184679031372070e+00
-4.105238914489746094e-01
-1.764281272888183594e+00
-1.439398288726806641e+00
-2.671051740646362305e+00
-7.208005785942077637e-01
-1.601763725280761719e+00
-2.771420478820800781e+00
-1.058112263679504395e+00
-3.877318799495697021e-01
-2.397806406021118164e+00
-5.905138850212097168e-01
-1.994593143463134766e+00
-8.409476280212402344e-01
-1.392618536949157715e+00
-1.877056717872619629e+00
-1.592711806297302246e+00
-6.936932802200317383e-01
-6.285918354988098145e-01
-1.009347438812255859e+00
-1.560808062553405762e+00
2.993290424346923828e-01
-9.600752592086791992e-01
-1.734906554222106934e+00
-3.011409521102905273e+00
-1.088126778602600098e+00
-1.513654589653015137e+00
-2.639505863189697266e+00
-1.523929357528686523e+00
-6.308129429817199707e-01
-1.677959442138671875e+00
-1.446155905723571777e-01
-1.990265488624572754e+00
-4.893074631690979004e-01
-1.069813489913940430e+00
-2.763194561004638672e+00
-1.576858043670654297e+00
1.796072423458099365e-01
-5.271595716476440430e-01
-2.407156944274902344e+00
-2.429509639739990234e+00
-5.068318247795104980e-01
-1.408909678459167480e+00
-2.286242485046386719e+00
-2.554544210433959961e+00
-1.307298541069030762e+00
-7.052736878395080566e-01
-2.817610502243041992e+00
-1.412214279174804688e+00
-3.792504668235778809e-01
-1.841948986053466797e+00
-2.417604446411132812e+00
-1.960715055465698242e+00
-6.823439002037048340e-01
-1.803898096084594727e+00
-1.400043845176696777e+00
-5.480422377586364746e-01
-2.467387914657592773e-01
-1.574653506278991699e+00
-2.355026245117187500e+00
-2.157704353332519531e+00
-1.453607559204101562e+00
-1.879914164543151855e+00
-1.765044808387756348e+00
-2.274729251861572266e+00
-9.234340190887451172e-01
-1.769662857055664062e+00
-2.751814842224121094e+00
-5.083405375480651855e-01
1.645303219556808472e-01
-1.427897453308105469e+00
-1.805040836334228516e+00
-2.288419723510742188e+00
-5.293875336647033691e-01
-1.953537464141845703e+00
-2.456741809844970703e+00
-1.415880799293518066e+00
-1.187450289726257324e+00
-1.721036195755004883e+00
-1.248857378959655762e+00
-2.342022657394409180e+00
-7.408584952354431152e-01
3.321051299571990967e-01
-3.197894334793090820e+00
-2.631089925765991211e+00
-1.412488579750061035e+00
-2.241605043411254883e+00
-1.281770706176757812e+00
-2.823282003402709961e+00
-7.676954269409179688e-01
-1.310892105102539062e+00
-1.506748437881469727e+00
-2.890423059463500977e+00
-1.574482440948486328e+00
7.219952344894409180e-02
-1.244102597236633301e+00
-2.109308719635009766e+00
3.663461506366729736e-01
-1.287687420845031738e+00
-2.531329870223999023e+00
-1.179879665374755859e+00
-1.437005996704101562e+00
-1.243550539016723633e+00
-1.892036557197570801e+00
-1.714171171188354492e+00
-1.243008136749267578e+00
-2.176248788833618164e+00
-1.773065209388732910e+00
-3.050813436508178711e+00
-5.734112858772277832e-02
-2.035486221313476562e+00
-2.057248830795288086e+00
-1.950563073158264160e+00
-7.319817543029785156e-01
-1.308232903480529785e+00
-2.155002117156982422e+00
-2.824906587600708008e+00
-9.978775382041931152e-01
-1.229951620101928711e+00
-2.739647865295410156e+00
-2.253612279891967773e+00
-8.930815458297729492e-01
-1.918777227401733398e+00
-2.892824649810791016e+00
-2.618283510208129883e+00
-4.356558918952941895e-01
-1.485735028982162476e-01
-2.876653194427490234e+00
-2.588122606277465820e+00
-1.101119160652160645e+00
-2.112177610397338867e+00
-1.777364253997802734e+00
-2.666852235794067383e+00
-1.494964480400085449e+00
-4.697929322719573975e-01
-8.204983472824096680e-01
-1.886689543724060059e+00
-2.310607910156250000e+00
-1.154492259025573730e+00
-6.829692125320434570e-01
-1.891033172607421875e+00
-1.681998610496520996e+00
-1.671203732490539551e+00
-2.037614583969116211e+00
-9.730746150016784668e-01
-2.131538629531860352e+00
-2.055790424346923828e+00
-1.980162978172302246e+00
-2.331938266754150391e+00
-1.924651980400085449e+00
-2.013182401657104492e+00
-2.971536636352539062e+00
-1.472941279411315918e+00
-2.772011280059814453e+00
-1.648964405059814453e+00
-2.426391601562500000e+00
-1.967205286026000977e+00
-1.104689836502075195e+00
-2.842411279678344727e+00
-1.087470293045043945e+00
-2.264306306838989258e+00
-2.374255895614624023e+00
-2.690543889999389648e+00
-1.669876098632812500e+00
-2.874690055847167969e+00
-1.757722973823547363e+00
-1.731654047966003418e+00
-1.738055109977722168e+00
-2.592354297637939453e+00
-2.701870679855346680e+00
-2.143832445144653320e+00
-3.094985008239746094e+00
-2.532239198684692383e+00
-1.671230792999267578e+00
-1.959964513778686523e+00
-1.413719415664672852e+00
-1.623845458030700684e+00
-2.387435674667358398e+00
-2.143546581268310547e+00
-1.581379652023315430e+00
-9.230470657348632812e-01
-1.759403824806213379e+00
-2.384292364120483398e+00
-2.988770008087158203e+00
-2.704246997833251953e+00
-1.935592651367187500e+00
-2.587459802627563477e+00
-2.574305057525634766e+00
-2.615257740020751953e+00
-1.882259368896484375e+00
-1.979382514953613281e+00
-2.140840768814086914e+00
-2.317502260208129883e+00
-1.852675795555114746e+00
-2.904738664627075195e+00
-2.385313272476196289e+00
-1.523176312446594238e+00
-2.884622335433959961e+00
-1.850650548934936523e+00
-2.879890441894531250e+00
-1.655172348022460938e+00
-1.431384563446044922e+00
-1.610029935836791992e+00
-2.896501541137695312e+00
-1.218497395515441895e+00
-2.208000898361206055e+00
-1.404192805290222168e+00
-1.426209211349487305e+00
-1.568845748901367188e+00
-2.480197668075561523e+00
-1.993908405303955078e+00
-2.291920423507690430e+00
-6.829599142074584961e-01
-2.383968114852905273e+00
-2.965280055999755859e+00
-2.027985334396362305e+00
-2.240998029708862305e+00
-2.556068658828735352e+00
-2.544568777084350586e+00
-1.384697079658508301e+00
-1.737424850463867188e+00
-7.833815217018127441e-01
-1.495409965515136719e+00
-1.066391110420227051e+00
-1.380637645721435547e+00
-2.001573085784912109e+00
-2.259132385253906250e+00
-3.026557683944702148e+00
-2.607511997222900391e+00
-3.053941726684570312e+00
-1.600866615772247314e-01
-2.618716955184936523e+00
-1.606781363487243652e+00
-1.196688175201416016e+00
-2.056845664978027344e+00
-2.836670398712158203e+00
-1.644270777702331543e+00
-3.076241016387939453e+00
-3.151119709014892578e+00
-1.363705396652221680e+00
-2.146351337432861328e+00
-1.630930662155151367e+00
-2.708522319793701172e+00
-1.612226247787475586e+00
-2.664489030838012695e+00
-2.433595418930053711e+00
-2.379808664321899414e+00
-1.691476106643676758e+00
-2.270416021347045898e+00
-3.152104854583740234e+00
-2.449574947357177734e+00
-1.866336941719055176e+00
-1.532228589057922363e+00
-3.171308040618896484e+00
-3.083442211151123047e+00
-3.091956377029418945e+00
-2.265220642089843750e+00
-3.046072721481323242e+00
-2.377212762832641602e+00
-2.030477762222290039e+00
-2.820018053054809570e+00
-3.027878761291503906e+00
-1.835861802101135254e+00
-1.842134356498718262e+00
-1.363973736763000488e+00
-2.028789043426513672e+00
-2.449748039245605469e+00
-2.542911529541015625e+00
-1.635864615440368652e+00
-1.020622849464416504e+00
-1.967838406562805176e+00
-1.736902952194213867e+00
-1.867480516433715820e+00
-2.238671541213989258e+00
-1.676718711853027344e+00
-1.975482702255249023e+00
-2.801537752151489258e+00
-2.032138586044311523e+00
-9.455831050872802734e-01
-1.755254387855529785e+00
-1.699954509735107422e+00
-2.448187112808227539e+00
-2.882496833801269531e+00
-2.216422080993652344e+00
-2.479562520980834961e+00
-1.435801506042480469e+00
-1.424624919891357422e+00
-1.687570333480834961e+00
-1.084698915481567383e+00
-2.910818576812744141e+00
-1.835913658142089844e+00
-1.999906420707702637e+00
-1.901172399520874023e+00
-2.453691244125366211e+00
-2.935578823089599609e+00
-3.129834413528442383e+00
-2.145530939102172852e+00
-1.323189139366149902e+00
-2.424606561660766602e+00
-1.440268993377685547e+00
-1.106496453285217285e+00
-1.415365934371948242e+00
-3.039506196975708008e+00
-2.993432044982910156e+00
-2.423308372497558594e+00
-2.861634016036987305e+00
-1.018454551696777344e+00
-2.821512222290039062e+00
-1.640056371688842773e+00
-1.189777374267578125e+00
-3.091879844665527344e+00
-2.266844034194946289e+00
-2.308230876922607422e+00
-1.968446493148803711e+00
-1.612236380577087402e+00
-1.676105380058288574e+00
-2.694204330444335938e+00
-2.028186559677124023e+00
-2.643922567367553711e+00
-1.945058703422546387e+00
-2.520254611968994141e+00
-2.736302375793457031e+00
-2.561240196228027344e+00
-2.661311864852905273e+00
-2.936048507690429688e+00
-1.959165215492248535e+00
-2.567341804504394531e+00
-4.204710423946380615e-01
-1.857103109359741211e+00
-7.883858084678649902e-01
-2.276706457138061523e+00
-2.195743083953857422e+00
-2.058059453964233398e+00
-2.542708158493041992e+00
-2.461894273757934570e+00
-3.113263607025146484e+00
-2.147818326950073242e+00
-2.914307594299316406e+00
-2.995066165924072266e+00
-2.276902437210083008e+00
-2.959620714187622070e+00
-1.495152592658996582e+00
-1.983424663543701172e+00
-2.682721138000488281e+00
-1.902323722839355469e+00
-1.595264673233032227e+00
-1.536196112632751465e+00
-2.735524892807006836e+00
-2.352271080017089844e+00
-2.325128078460693359e+00
-2.560404062271118164e+00
-1.683447122573852539e+00
-3.031103849411010742e+00
-2.459829330444335938e+00
-1.376750349998474121e+00
-2.766976594924926758e+00
-2.389072895050048828e+00
-2.383224487304687500e+00
-1.972618579864501953e+00
-3.139821767807006836e+00
-1.358806967735290527e+00
-2.846070051193237305e+00
-2.699478864669799805e+00
-2.720406293869018555e+00
-1.816020727157592773e+00
-2.125440120697021484e+00
-1.940654277801513672e+00
-1.471197485923767090e+00
-3.008947610855102539e+00
-2.808971405029296875e+00
-2.860885620117187500e+00
-3.157470703125000000e+00
-2.310388803482055664e+00
-1.744877219200134277e+00
-2.439892053604125977e+00
-2.627366304397583008e+00
-7.031776309013366699e-01
-2.432325363159179688e+00
-2.290631532669067383e+00
-3.139044761657714844e+00
-2.434677124023437500e+00
-1.418823242187500000e+00
-1.951623201370239258e+00
-3.159183502197265625e+00
-2.609660148620605469e+00
-2.016178607940673828e+00
-3.255863428115844727e+00
-2.581486701965332031e+00
-1.403697490692138672e+00
-2.243519783020019531e+00
-2.567817211151123047e+00
-2.602567434310913086e+00
-2.046359300613403320e+00
-2.351160526275634766e+00
-2.327545166015625000e+00
-1.912498831748962402e+00
-1.501588463783264160e+00
-2.664653301239013672e+00
-1.574982881546020508e+00
-2.167186260223388672e+00
-2.062573909759521484e+00
-1.798827528953552246e+00
-2.698930978775024414e+00
-2.001766443252563477e+00
-2.222664117813110352e+00
-2.610373973846435547e+00
-2.577137470245361328e+00
-2.396739721298217773e+00
-2.830675363540649414e+00
-2.856501102447509766e+00
-1.630287289619445801e+00
-2.426213264465332031e+00
-2.382142305374145508e+00
-5.192084908485412598e-01
-2.429698467254638672e+00
-2.430459260940551758e+00
-6.852732896804809570e-01
-2.197548866271972656e+00
-1.955975294113159180e+00
-1.552849888801574707e+00
-2.115945816040039062e+00
-2.415084362030029297e+00
-2.494138717651367188e+00
-2.884057521820068359e+00
-2.950570106506347656e+00
-1.860433459281921387e+00
-2.523076295852661133e+00
-2.705059289932250977e+00
-2.790985345840454102e+00
-2.739929914474487305e+00
-2.548973083496093750e+00
-2.965973138809204102e+00
-3.179904699325561523e+00
-2.092561483383178711e+00
-2.425345182418823242e+00
-1.625478982925415039e+00
-1.601699709892272949e+00
-1.839136719703674316e+00
-2.969037771224975586e+00
-8.793580532073974609e-01
-2.558794736862182617e+00
-2.229271173477172852e+00
-1.676056385040283203e+00
-8.564388155937194824e-01
-2.656656980514526367e+00
-1.817975997924804688e+00
-1.839830279350280762e+00
-2.049855470657348633e+00
-1.273782253265380859e+00
-1.389954805374145508e+00
-2.997084140777587891e+00
-2.802611827850341797e+00
-1.429619789123535156e+00
-7.369017004966735840e-01
-2.993281126022338867e+00
-1.998044967651367188e+00
-2.426838159561157227e+00
-2.960056781768798828e+00
-2.395179510116577148e+00
-2.286919832229614258e+00
-1.319195389747619629e+00
-2.081023454666137695e+00
-9.796578288078308105e-01
-1.864144921302795410e+00
-2.065055608749389648e+00
-1.636437177658081055e+00
-1.937312602996826172e+00
-1.954985976219177246e+00
-2.529681921005249023e+00
-1.650155305862426758e+00
-1.937640070915222168e+00
-2.246101856231689453e+00
-2.822149038314819336e+00
-2.636882066726684570e+00
-1.963523268699645996e+00
-2.579552412033081055e+00
-2.355302810668945312e+00
-2.705042600631713867e+00
-4.387131035327911377e-01
-2.330382585525512695e+00
-2.350602865219116211e+00
-1.924720644950866699e+00
-1.803904771804809570e+00
-1.442044973373413086e+00
-1.724569082260131836e+00
-2.590519189834594727e+00
-1.445913791656494141e+00
-1.391284704208374023e+00
-3.157171010971069336e+00
-1.867025613784790039e+00
-1.649929881095886230e+00
-2.241183996200561523e+00
-2.616471052169799805e+00
-2.950543880462646484e+00
-2.985877513885498047e+00
-1.624387979507446289e+00
-1.678785800933837891e+00
-1.785175442695617676e+00
-1.407474160194396973e+00
-2.146968126296997070e+00
-2.823172092437744141e+00
-2.764229059219360352e+00
-6.696498394012451172e-01
-2.555932998657226562e+00
-2.158782005310058594e+00
-2.817721128463745117e+00
-1.560975909233093262e+00
-2.456025600433349609e+00
-1.532518982887268066e+00
-1.925786256790161133e+00
-2.710787773132324219e+00
-2.259892702102661133e+00
-3.778104782104492188e-01
-2.593904018402099609e+00
-2.585925340652465820e+00
-3.085216045379638672e+00
-2.324870824813842773e+00
-3.151791572570800781e+00
-2.070663213729858398e+00
-3.026094198226928711e+00
-1.820789098739624023e+00
-1.517544746398925781e+00
-3.053070545196533203e+00
-2.295720338821411133e+00
-2.184876441955566406e+00
-3.050413846969604492e+00
-1.823331594467163086e+00
-1.470996260643005371e+00
-2.792357683181762695e+00
-1.841700911521911621e+00
-1.934389114379882812e+00
-2.922047138214111328e+00
-1.635152935981750488e+00
-1.657011628150939941e+00
-2.610434532165527344e+00
-1.744667768478393555e+00
-3.249128580093383789e+00
-1.564578890800476074e+00
-2.543065309524536133e+00
-3.113467454910278320e+00
-3.254538774490356445e+00
-1.982045292854309082e+00
-2.551257371902465820e+00
-3.076445102691650391e+00
-1.716512560844421387e+00
-1.530083537101745605e+00
-8.305723667144775391e-01
-1.959133863449096680e+00
-1.540600776672363281e+00
-2.427905321121215820e+00
-2.000272750854492188e+00
-1.759598970413208008e+00
-3.244213104248046875e+00
-1.684441328048706055e+00
-2.302253484725952148e+00
-2.333143472671508789e+00
-1.177155137062072754e+00
-1.631316304206848145e+00
-3.068670034408569336e+00
-1.758647203445434570e+00
-1.809759497642517090e+00
-2.979122638702392578e+00
-3.167918205261230469e+00
-2.052073478698730469e+00
-2.068578004837036133e+00
-2.915628671646118164e+00
-2.986216068267822266e+00
-1.726955056190490723e+00
-2.167325973510742188e+00
-1.497602701187133789e+00
-2.813724517822265625e+00
-1.470408439636230469e+00
-2.967416286468505859e+00
-1.722843647003173828e+00
-2.781723260879516602e+00
-1.226524949073791504e+00
-2.684545755386352539e+00
-2.999242782592773438e+00
-2.469369888305664062e+00
-1.769068479537963867e+00
-1.478167653083801270e+00
-2.369415044784545898e+00
-1.484156489372253418e+00
-2.770988225936889648e+00
-1.902290344238281250e+00
-3.001851320266723633e+00
-3.137619495391845703e+00
-2.994512081146240234e+00
-2.762876987457275391e+00
-1.471924662590026855e+00
-1.877935528755187988e+00
-2.608714580535888672e+00
-2.140053033828735352e+00
-2.083023309707641602e+00
-1.465793132781982422e+00
-2.192511320114135742e+00
-2.819332361221313477e+00
-2.316219806671142578e+00
-2.187054634094238281e+00
-3.209628582000732422e+00
-3.166779518127441406e+00
-2.060708999633789062e+00
-1.488270044326782227e+00
-1.758917093276977539e+00
-1.063402175903320312e+00
-1.907958984375000000e+00
-2.099377393722534180e+00
-1.751015305519104004e+00
-1.450927734375000000e+00
-1.598661780357360840e+00
-2.486562013626098633e+00
-2.079680442810058594e+00
-1.285533785820007324e+00
-2.135483026504516602e+00
-6.164282560348510742e-01
-1.976262807846069336e+00
-2.636941671371459961e+00
-1.447812199592590332e+00
-2.387945890426635742e+00
-1.676864981651306152e+00
-2.013935804367065430e+00
-2.758838653564453125e+00
-1.430572271347045898e+00
-2.773260354995727539e+00
-9.454659223556518555e-01
-1.468109250068664551e+00
-1.876332283020019531e+00
-1.632319569587707520e+00
-2.006973981857299805e+00
-2.940831899642944336e+00
-2.757909059524536133e+00
-6.665524840354919434e-01
-8.213980197906494141e-01
-2.057883977890014648e+00
-2.783034324645996094e+00
-1.477094292640686035e+00
-2.995997428894042969e+00
-1.516814231872558594e+00
-2.816601753234863281e+00
-2.378298282623291016e+00
-1.867308139801025391e+00
-1.462436676025390625e+00
-1.796533465385437012e+00
-1.830736517906188965e+00
-1.513692259788513184e+00
-2.805579900741577148e+00
-1.491997003555297852e+00
-2.644174814224243164e+00
-3.093918561935424805e+00
-2.203547716140747070e+00
-1.439719438552856445e+00
-1.675526380538940430e+00
-2.184192419052124023e+00
-1.908134102821350098e+00
-1.887124776840209961e+00
-2.487806797027587891e+00
-1.502308368682861328e+00
-1.625406622886657715e+00
-1.837557911872863770e+00
-2.969363927841186523e+00
-1.122808814048767090e+00
-2.753551006317138672e+00
-2.847250461578369141e+00
-5.314197540283203125e-01
-2.512155294418334961e+00
-3.118172883987426758e+00
-1.834031224250793457e+00
-1.363494038581848145e+00
-2.472093105316162109e+00
-2.080018520355224609e+00
-1.595564246177673340e+00
-1.312869429588317871e+00
-1.873907446861267090e+00
-2.352251529693603516e+00
-2.327060937881469727e+00
-2.051009654998779297e+00
-3.059797286987304688e+00
-2.475538730621337891e+00
-5.626429915428161621e-01
-1.501385092735290527e+00
-9.643609523773193359e-01
-1.909254431724548340e+00
-1.733095288276672363e+00
-2.299428939819335938e+00
-3.076087236404418945e+00
-2.118752717971801758e+00
-1.575758457183837891e+00
-2.841247081756591797e+00
-4.049153029918670654e-01
-1.504547953605651855e+00
-1.916287899017333984e+00
-2.463364601135253906e+00
-1.622148633003234863e+00
-3.098745107650756836e+00
-2.177389144897460938e+00
-2.010427236557006836e+00
-2.829091548919677734e+00
-1.912806630134582520e+00
-2.255114793777465820e+00
-1.071529865264892578e+00
-1.284356474876403809e+00
-1.439723253250122070e+00
-2.852669477462768555e+00
-2.848741054534912109e+00
-1.848487615585327148e+00
-2.677807807922363281e+00
-2.564965963363647461e+00
-2.548523902893066406e+00
-8.723803758621215820e-01
-3.256449222564697266e+00
-3.199847698211669922e+00
-1.638996481895446777e+00
-2.705679893493652344e+00
-3.039352178573608398e+00
-2.879571437835693359e+00
-2.354852199554443359e+00
-1.463682413101196289e+00
-3.158625602722167969e+00
-2.725751638412475586e+00
-1.685094475746154785e+00
-2.743880271911621094e+00
-1.629000902175903320e+00
-2.884816169738769531e+00
-1.881961226463317871e+00
-2.853170871734619141e+00
-1.674613714218139648e+00
-7.703992724418640137e-01
-1.477557301521301270e+00
-3.131620645523071289e+00
-3.106866598129272461e+00
-1.612985491752624512e+00
-1.661817908287048340e+00
-2.341969728469848633e+00
-2.598383665084838867e+00
-2.618528366088867188e+00
-3.025249481201171875e+00
-1.675381779670715332e+00
-2.732646465301513672e+00
-2.403079271316528320e+00
-2.597064495086669922e+00
-1.293053507804870605e+00
-2.322375774383544922e+00
-3.085071086883544922e+00
-8.151839971542358398e-01
-1.716443061828613281e+00
-2.344244003295898438e+00
-2.421451568603515625e+00
-2.218846321105957031e+00
-1.749591469764709473e+00
-2.711335182189941406e+00
-1.893523931503295898e+00
-2.391577482223510742e+00
-2.921027421951293945e+00
-2.768503427505493164e+00
-2.424557685852050781e+00
-1.996182322502136230e+00
-1.441965103149414062e+00
-1.651246190071105957e+00
-2.286874294281005859e+00
-1.764118075370788574e+00
-2.481173515319824219e+00
-8.778094649314880371e-01
-1.862499952316284180e+00
-5.875589847564697266e-01
-1.887768387794494629e+00
-2.474186658859252930e+00
-1.924168825149536133e+00
-1.735513329505920410e+00
-1.610857725143432617e+00
-1.397016406059265137e+00
-1.829648494720458984e+00
-2.830323457717895508e+00
-1.537546277046203613e+00
-2.384568691253662109e+00
-3.081950902938842773e+00
-2.008496046066284180e+00
-2.666877746582031250e+00
-1.442335247993469238e+00
-3.157925128936767578e+00
-2.676949024200439453e+00
-1.919902324676513672e+00
-1.649503946304321289e+00
-1.513084769248962402e+00
-8.563687205314636230e-01
-3.212083101272583008e+00
-1.455934643745422363e+00
-1.981372237205505371e+00
-9.492648243904113770e-01
-3.120048761367797852e+00
-2.698099374771118164e+00
-3.028447389602661133e+00
-2.621595859527587891e+00
-1.738258838653564453e+00
-3.141219615936279297e+00
-3.047554254531860352e+00
-2.179284095764160156e+00
-1.864360451698303223e+00
-2.867327451705932617e+00
-2.884574890136718750e+00
-2.075019121170043945e+00
-1.945027828216552734e+00
-2.744269609451293945e+00
-2.019279479980468750e+00
-2.703937768936157227e+00
-2.010151147842407227e+00
-1.828677177429199219e+00
-1.729747176170349121e+00
-8.255442380905151367e-01
-3.088120937347412109e+00
-3.021670818328857422e+00
-2.296948432922363281e+00
-1.954603075981140137e+00
-1.547308802604675293e+00
-2.617587327957153320e+00
-1.677482128143310547e+00
-2.901787042617797852e+00
-2.744687318801879883e+00
-1.634210944175720215e+00
-3.281931161880493164e+00
-1.966134071350097656e+00
-2.978495597839355469e+00
-2.288708686828613281e+00
-1.549740791320800781e+00
-8.325533866882324219e-01
-3.191231250762939453e+00
-1.649033427238464355e+00
-2.192800283432006836e+00
-3.126733779907226562e+00
-2.590336322784423828e+00
-1.731116652488708496e+00
-2.492511987686157227e+00
-2.627650260925292969e+00
-9.747825860977172852e-01
-2.060429334640502930e+00
-1.811125040054321289e+00
-1.571408271789550781e+00
-2.212468862533569336e+00
-1.721222162246704102e+00
-2.276154041290283203e+00
-2.135077476501464844e+00
-3.180051326751708984e+00
-2.867856264114379883e+00
-8.526260852813720703e-01
-1.437193870544433594e+00
-2.579396486282348633e+00
-2.734490871429443359e+00
-3.055379390716552734e+00
-1.624945044517517090e+00
-2.837960004806518555e+00
-2.445135354995727539e+00
-1.642137646675109863e+00
-1.186099290847778320e+00
-2.426339864730834961e+00
-3.001039028167724609e+00
-1.775918126106262207e+00
-2.394537210464477539e+00
-2.409517049789428711e+00
-2.343080759048461914e+00
-2.672238826751708984e+00
-1.675338864326477051e+00
-9.978367686271667480e-01
-2.190750598907470703e+00
-1.846335053443908691e+00
-1.825777173042297363e+00
-1.579362154006958008e+00
-1.579745054244995117e+00
-1.548394560813903809e+00
-2.265662193298339844e+00
-1.688054919242858887e+00
-1.787396669387817383e+00
-1.284965157508850098e+00
-5.551851987838745117e-01
-2.310451269149780273e+00
-1.441783666610717773e+00
-1.702564597129821777e+00
-1.464943766593933105e+00
-3.085606336593627930e+00
-2.439192056655883789e+00
-6.743484139442443848e-01
-1.945838212966918945e+00
-1.059294700622558594e+00
-2.301248311996459961e+00
-2.071447372436523438e+00
-1.796602368354797363e+00
-2.578816890716552734e+00
-2.333917617797851562e+00
-1.694158434867858887e+00
-2.151923179626464844e+00
-2.404161214828491211e+00
-8.914772868156433105e-01
-2.099583148956298828e+00
-1.993726611137390137e+00
-1.881804704666137695e+00
-1.581112623214721680e+00
-2.824064016342163086e+00
-2.908485412597656250e+00
-1.895627617835998535e+00
-2.789488077163696289e+00
-1.991689562797546387e+00
-1.859207272529602051e+00
-2.020365715026855469e+00
-2.548826217651367188e+00
-1.945992112159729004e+00
-2.790555000305175781e+00
-1.570338249206542969e+00
-2.709059000015258789e+00
-3.184642076492309570e+00
-1.412198662757873535e+00
-1.526503801345825195e+00
-4.499938189983367920e-01
-2.123635768890380859e+00
-1.652027130126953125e+00
-2.353675603866577148e+00
-1.845101237297058105e+00
-2.488426923751831055e+00
-1.499057173728942871e+00
-2.859499454498291016e+00
-2.378909349441528320e+00
-5.899103879928588867e-01
-1.472010493278503418e+00
-1.567705512046813965e+00
-1.885701775550842285e+00
-1.986298799514770508e+00
-2.645428895950317383e+00
-3.238336563110351562e+00
-1.340610027313232422e+00
-1.994220972061157227e+00
-2.686856746673583984e+00
-1.263882637023925781e+00
-1.879893779754638672e+00
-3.135324716567993164e+00
-3.019274234771728516e+00
-1.850591659545898438e+00
-2.383778333663940430e+00
-2.333611488342285156e+00
-1.725936293601989746e+00
-3.043854951858520508e+00
-2.133702039718627930e+00
-3.576927185058593750e-01
-1.588571906089782715e+00
-2.042041301727294922e+00
-2.001368522644042969e+00
-1.527690529823303223e+00
-2.257135391235351562e+00
-1.452638030052185059e+00
-1.573255658149719238e+00
-7.235088944435119629e-01
-4.562292695045471191e-01
-1.196600317955017090e+00
-2.071434259414672852e+00
-2.957698106765747070e+00
-3.057245492935180664e+00
-1.415800333023071289e+00
-2.948099851608276367e+00
-2.908046483993530273e+00
-1.714049816131591797e+00
-5.325765013694763184e-01
-2.547436475753784180e+00
-2.878555297851562500e+00
-2.773360013961791992e+00
-1.707430601119995117e+00
-1.777159333229064941e+00
-1.265344858169555664e+00
-2.883723258972167969e+00
-2.788086175918579102e+00
-2.233067512512207031e+00
-2.013621568679809570e+00
-2.863816976547241211e+00
-1.320659995079040527e+00
-2.422008275985717773e+00
-4.773461520671844482e-01
-1.839511513710021973e+00
-3.029031276702880859e+00
-2.669150352478027344e+00
-9.167280793190002441e-01
-2.399231195449829102e+00
-2.259666442871093750e+00
-3.189480066299438477e+00
-2.475837230682373047e+00
-1.016502380371093750e+00
-1.871633529663085938e+00
-2.538966417312622070e+00
-2.918771505355834961e+00
-2.232973814010620117e+00
-2.938269376754760742e+00
-2.774135589599609375e+00
-1.872018694877624512e+00
-1.591082334518432617e+00
-9.761766195297241211e-01
-8.894039392471313477e-01
-2.859840631484985352e+00
-2.304552555084228516e+00
-3.229768991470336914e+00
-2.844321966171264648e+00
-2.640800476074218750e+00
-8.399313688278198242e-01
-2.818953752517700195e+00
-2.954746723175048828e+00
-1.156875729560852051e+00
-1.716100454330444336e+00
-2.095056533813476562e+00
-2.828126430511474609e+00
-2.120746135711669922e+00
-2.653349399566650391e+00
-1.419834852218627930e+00
-1.406786084175109863e+00
-2.154559612274169922e+00
-8.968044519424438477e-01
-2.283291339874267578e+00
-1.595787048339843750e+00
-2.281729459762573242e+00
-7.050839066505432129e-01
-3.077839374542236328e+00
-5.691578984260559082e-01
-2.474955558776855469e+00
-1.810219883918762207e+00
-3.215654611587524414e+00
-1.440540552139282227e+00
-2.084150552749633789e+00
-2.150757312774658203e+00
-2.854968070983886719e+00
-1.543539285659790039e+00
-3.098366737365722656e+00
-2.557969808578491211e+00
-2.274093866348266602e+00
-2.021293640136718750e+00
-2.235018014907836914e+00
-1.619111657142639160e+00
-3.178869962692260742e+00
-3.012840032577514648e+00
-2.651248693466186523e+00
-1.613941788673400879e+00
-2.111068248748779297e+00
-1.851873874664306641e+00
-1.808615326881408691e+00
-1.221634626388549805e+00
-2.965878963470458984e+00
-1.945727705955505371e+00
-2.092839002609252930e+00
-2.799860954284667969e+00
-2.863450288772583008e+00
-2.596381187438964844e+00
-2.760417938232421875e+00
-2.540971040725708008e+00
-2.238045930862426758e+00
-2.883376359939575195e+00
-2.566766738891601562e+00
-1.735849380493164062e+00
-2.936891794204711914e+00
-9.671369194984436035e-01
-1.558359265327453613e+00
-3.112734317779541016e+00
-2.707379102706909180e+00
-9.605993032455444336e-01
-1.909911870956420898e+00
-1.484884381294250488e+00
-1.460152983665466309e+00
-1.397125959396362305e+00
-3.079958677291870117e+00
-2.866627931594848633e+00
-1.427914381027221680e+00
-1.517307639122009277e+00
-3.037478923797607422e+00
-1.715033054351806641e+00
-1.501036405563354492e+00
-2.203666925430297852e+00
-1.957941770553588867e+00
-2.243669986724853516e+00
-2.033652305603027344e+00
-3.098615169525146484e+00
-3.019837617874145508e+00
-1.779265999794006348e+00
-1.853134036064147949e+00
-1.657665252685546875e+00
-1.970933198928833008e+00
-1.687901139259338379e+00
-2.937742948532104492e+00
-2.100643873214721680e+00
-1.137296438217163086e+00
-1.887301921844482422e+00
-2.731392681598663330e-01
-1.545047283172607422e+00
-2.421972751617431641e+00
-2.743724822998046875e+00
-2.396223306655883789e+00
-2.207240819931030273e+00
-2.494142055511474609e+00
-2.409669160842895508e+00
-8.403788208961486816e-01
-2.096786737442016602e+00
-2.897711992263793945e+00
-1.552821278572082520e+00
-2.745982646942138672e+00
-2.361253023147583008e+00
-8.917428851127624512e-01
-2.891381978988647461e+00
-7.023893594741821289e-01
-4.930675625801086426e-01
-2.462157487869262695e+00
-3.128777980804443359e+00
-2.260472059249877930e+00
-2.271822452545166016e+00
-1.889749646186828613e+00
-2.051550447940826416e-01
-1.676254510879516602e+00
-2.697744607925415039e+00
-2.893551349639892578e+00
-8.816800117492675781e-01
-2.816364526748657227e+00
-2.345570802688598633e+00
-2.626701831817626953e+00
-2.058978080749511719e+00
-1.786832094192504883e+00
-1.865047812461853027e+00
-2.276844263076782227e+00
-2.037134885787963867e+00
-1.721044778823852539e+00
-3.871215879917144775e-01
-2.562394857406616211e+00
-1.858545064926147461e+00
-2.689551830291748047e+00
-2.462447881698608398e+00
-2.954233884811401367e+00
-3.041681051254272461e+00
-2.376645803451538086e-01
-1.614530920982360840e+00
-2.734198272228240967e-01
-2.465191364288330078e+00
-2.294587612152099609e+00
-1.840666651725769043e+00
-1.693990111351013184e+00
-1.836767077445983887e+00
-2.973783016204833984e+00
-1.413999438285827637e+00
-2.890734434127807617e+00
-4.923563897609710693e-01
-2.753792762756347656e+00
-1.797715187072753906e+00
-1.937406539916992188e+00
-9.169049263000488281e-01
-1.439747452735900879e+00
-2.787518739700317383e+00
-2.187072038650512695e+00
-2.671201229095458984e+00
-2.242061376571655273e+00
-2.618179798126220703e+00
-1.670603632926940918e+00
-1.832216501235961914e+00
-2.853404521942138672e+00
-2.562708377838134766e+00
-2.534265995025634766e+00
-1.695582985877990723e+00
-6.119652986526489258e-01
-1.936145901679992676e+00
-1.736455917358398438e+00
-2.173232316970825195e+00
-2.646801710128784180e+00
-3.094956398010253906e+00
-1.861949443817138672e+00
-2.542605638504028320e+00
-2.766381263732910156e+00
-6.688957214355468750e-01
-2.309555053710937500e+00
-2.829022884368896484e+00
-1.892812371253967285e+00
-2.494779825210571289e+00
-1.745999455451965332e+00
-1.589972019195556641e+00
-1.397856116294860840e+00
-2.205721378326416016e+00
-2.151499032974243164e+00
-2.582431793212890625e+00
-2.827032327651977539e+00
-1.590548038482666016e+00
-4.301884472370147705e-01
-2.380636215209960938e+00
-1.894353032112121582e+00
-9.774352908134460449e-01
-5.500202178955078125e-01
-1.706682801246643066e+00
-2.318023204803466797e+00
-3.012577772140502930e+00
-2.932768583297729492e+00
-1.718400239944458008e+00
-1.536937475204467773e+00
-1.002662062644958496e+00
-3.110977172851562500e+00
-2.286525487899780273e+00
-1.100714802742004395e+00
-1.505549073219299316e+00
-3.094897508621215820e+00
-3.049657583236694336e+00
-2.468876123428344727e+00
-1.733142495155334473e+00
-1.645098924636840820e+00
-2.451277732849121094e+00
-1.770228981971740723e+00
-4.976241886615753174e-01
-1.548461794853210449e+00
-2.721992492675781250e+00
-1.347639560699462891e+00
-2.326589822769165039e+00
-1.930701851844787598e+00
-1.979929804801940918e+00
-2.830842971801757812e+00
-3.560906052589416504e-01
-2.126735925674438477e+00
-1.628994941711425781e+00
-2.756645202636718750e+00
-1.600116014480590820e+00
-2.698026180267333984e+00
-2.821741342544555664e+00
-1.832466602325439453e+00
-1.791571229696273804e-01
-2.380668878555297852e+00
-2.103731393814086914e+00
-1.772755265235900879e+00
-9.793526530265808105e-01
-2.169917345046997070e+00
-4.859788417816162109e-01
-1.501614809036254883e+00
-1.364081025123596191e+00
-2.601765871047973633e+00
-1.660387992858886719e+00
-2.348673820495605469e+00
-1.605099201202392578e+00
-2.628488779067993164e+00
-8.560996651649475098e-01
-1.788706183433532715e+00
-1.556087017059326172e+00
-8.726283311843872070e-01
-3.131055831909179688e+00
-2.348808288574218750e+00
-2.871684551239013672e+00
-2.784111261367797852e+00
-1.411550283432006836e+00
-2.522450923919677734e+00
-1.565747141838073730e+00
-1.740422248840332031e+00
-2.140883445739746094e+00
-2.906252622604370117e+00
-1.574722647666931152e+00
-1.472399592399597168e+00
-1.396842479705810547e+00
-2.540430545806884766e+00
-1.252837777137756348e+00
-1.914027452468872070e+00
-2.557226896286010742e+00
-1.193805485963821411e-01
-1.830549716949462891e+00
-1.403992414474487305e+00
-1.632188916206359863e+00
-2.542064905166625977e+00
-2.830612659454345703e+00
-2.539530038833618164e+00
-2.104532003402709961e+00
-1.006718397140502930e+00
-2.261435270309448242e+00
-1.319742918014526367e+00
-1.628938913345336914e+00
-2.451721429824829102e+00
-1.756420016288757324e+00
-2.668238639831542969e+00
-1.545291543006896973e+00
-2.142937898635864258e+00
-1.794227600097656250e+00
-1.644780635833740234e-01
-1.900843620300292969e+00
-1.805413722991943359e+00
-2.243260860443115234e+00
-2.154794692993164062e+00
-2.506902933120727539e+00
-1.037128925323486328e+00
-3.067275524139404297e+00
-1.788631439208984375e+00
-7.042466402053833008e-01
-2.177393198013305664e+00
-8.809697628021240234e-01
-6.641528606414794922e-01
-1.237321615219116211e+00
-2.984720468521118164e+00
-2.853099584579467773e+00
-2.519685029983520508e+00
-2.068057775497436523e+00
-3.013252735137939453e+00
-8.465789556503295898e-01
-1.722096204757690430e+00
-1.707763552665710449e+00
-2.554233789443969727e+00
-1.945286154747009277e+00
-2.369873762130737305e+00
-2.911740541458129883e+00
-2.353969573974609375e+00
-2.993733882904052734e+00
-1.979678630828857422e+00
-1.331944108009338379e+00
-1.880651593208312988e+00
-2.746682882308959961e+00
-2.627812147140502930e+00
-3.225276231765747070e+00
-2.333006858825683594e+00
-2.432760000228881836e+00
-2.641041517257690430e+00
-1.536735296249389648e+00
-1.684354305267333984e+00
-1.964703917503356934e+00
-1.715335726737976074e+00
-8.389826416969299316e-01
-2.324898481369018555e+00
-1.330587029457092285e+00
-2.207479953765869141e+00
-2.077763080596923828e+00
-2.304720878601074219e+00
-2.084607839584350586e+00
-1.639934062957763672e+00
-2.350896835327148438e+00
-1.201324105262756348e+00
-1.618925929069519043e+00
-1.543117284774780273e+00
-2.283538341522216797e+00
-1.718504548072814941e+00
-9.667418003082275391e-01
-1.502818465232849121e+00
-1.493651628494262695e+00
-2.525670289993286133e+00
-2.896699666976928711e+00
-1.718994975090026855e+00
-1.183794140815734863e+00
-1.314399242401123047e+00
-2.826405286788940430e+00
-1.814635872840881348e+00
-6.901992559432983398e-01
-2.201020479202270508e+00
-2.999187707901000977e+00
-2.956670522689819336e+00
-6.526656746864318848e-01
-3.088315486907958984e+00
-1.966113448143005371e+00
-1.451637983322143555e+00
-1.363878607749938965e+00
-2.938421726226806641e+00
-2.366868257522583008e+00
-2.033479690551757812e+00
-1.694471478462219238e+00
-2.617895126342773438e+00
-3.122682571411132812e-01
-2.512039422988891602e+00
-3.221751689910888672e+00
-2.657316446304321289e+00
-2.187690973281860352e+00
-1.174134612083435059e+00
-1.882734060287475586e+00
-2.979595184326171875e+00
-1.540404200553894043e+00
-2.166515350341796875e+00
-2.468359708786010742e+00
-2.178262948989868164e+00
-2.399167060852050781e+00
-2.137701511383056641e+00
-7.188150882720947266e-01
-2.797465085983276367e+00
-2.286304473876953125e+00
3.600097596645355225e-01
-2.974038839340209961e+00
-2.492125034332275391e+00
-5.478216409683227539e-01
-1.631706237792968750e+00
-2.076297998428344727e+00
-1.476535439491271973e+00
-2.930785894393920898e+00
-2.152560710906982422e+00
-2.298546314239501953e+00
-1.906773447990417480e+00
-2.783344984054565430e+00
-2.641390323638916016e+00
-1.324125170707702637e+00
-2.053193330764770508e+00
-2.592087268829345703e+00
-2.214866876602172852e+00
-1.649218678474426270e+00
-2.231727600097656250e+00
-3.005974531173706055e+00
-1.360011816024780273e+00
-3.160768508911132812e+00
-3.119810581207275391e+00
-1.676636099815368652e+00
-1.254923343658447266e-01
-1.931423902511596680e+00
-1.450485825538635254e+00
-1.549210786819458008e+00
-2.873815298080444336e+00
-3.028992414474487305e+00
-3.110720396041870117e+00
-4.754605293273925781e-01
-2.636168479919433594e+00
-2.869898319244384766e+00
-2.263500213623046875e+00
-2.496099948883056641e+00
-8.377060890197753906e-01
-2.973294973373413086e+00
-2.729194164276123047e+00
-2.889462709426879883e+00
-2.783778309822082520e-01
-1.873082518577575684e+00
-2.350793600082397461e+00
-2.059850931167602539e+00
-2.840824842453002930e+00
-1.769363641738891602e+00
-1.667248845100402832e+00
-2.440733671188354492e+00
-1.597235918045043945e+00
-1.904986977577209473e+00
-1.951137900352478027e+00
-5.613978505134582520e-01
-2.345432043075561523e+00
-2.725987195968627930e+00
-2.518100023269653320e+00
-1.675581097602844238e+00
-1.536441087722778320e+00
-2.280662059783935547e+00
-2.925647735595703125e+00
-2.007185459136962891e+00
-2.907809972763061523e+00
-9.538354277610778809e-01
-2.413797855377197266e+00
-1.066455602645874023e+00
-2.868800163269042969e+00
-1.910629391670227051e+00
-1.912106990814208984e+00
-2.075032234191894531e+00
-2.397733688354492188e+00
-2.807497739791870117e+00
-2.389798641204833984e+00
-2.662724494934082031e+00
-2.512518167495727539e+00
-2.941897869110107422e+00
-2.432111501693725586e+00
-2.920112371444702148e+00
-1.259217858314514160e+00
-3.095433235168457031e+00
-3.041237831115722656e+00
-2.182866036891937256e-01
-8.773606419563293457e-01
-2.131581306457519531e+00
-1.625201940536499023e+00
-1.792446613311767578e+00
-2.469745397567749023e+00
-1.530673384666442871e+00
-2.813642263412475586e+00
-2.932882070541381836e+00
-2.500885009765625000e+00
-2.928863286972045898e+00
-2.623687267303466797e+00
-9.574696421623229980e-01
-2.099439859390258789e+00
-1.846340298652648926e+00
-2.635897636413574219e+00
-2.410847187042236328e+00
-2.614997625350952148e+00
-2.342794179916381836e+00
-1.666818380355834961e+00
-5.290298461914062500e-01
-6.653557419776916504e-01
-2.584382057189941406e+00
-1.801699280738830566e+00
-2.295851469039916992e+00
-2.416496276855468750e+00
-3.147053956985473633e+00
-1.641781806945800781e+00
-5.954002737998962402e-01
-1.587493419647216797e+00
-1.921927928924560547e+00
-1.472249388694763184e+00
-1.765375614166259766e+00
-2.639096498489379883e+00
-1.547713637351989746e+00
-3.093511819839477539e+00
-1.974964976310729980e+00
-2.305103302001953125e+00
-1.347320318222045898e+00
-1.465685844421386719e+00
-5.264421105384826660e-01
-1.783203601837158203e+00
-1.781520605087280273e+00
-2.066224336624145508e+00
-3.052560091018676758e+00
-1.976728558540344238e+00
-2.022574424743652344e+00
-2.001313209533691406e+00
-2.306605577468872070e+00
-9.639403820037841797e-01
-4.578943848609924316e-01
-2.207922935485839844e+00
-2.692869424819946289e+00
-1.484576940536499023e+00
-2.152785778045654297e+00
-2.627477645874023438e+00
-3.142335414886474609e+00
-6.558453440666198730e-01
-3.085960149765014648e+00
-1.326950788497924805e+00
-2.998825073242187500e+00
-2.552701473236083984e+00
-2.628014802932739258e+00
-2.722969055175781250e+00
-6.971231848001480103e-02
-1.635479092597961426e+00
-2.568836688995361328e+00
-2.011605262756347656e+00
-1.888524651527404785e+00
-2.092125654220581055e+00
-2.426590204238891602e+00
-1.451166749000549316e+00
-1.229217529296875000e+00
-1.295186161994934082e+00
-1.705084919929504395e+00
-1.700750827789306641e+00
-1.595271825790405273e+00
-1.951340675354003906e+00
-2.725697278976440430e+00
-1.340195059776306152e+00
-2.733489751815795898e+00
-3.043492317199707031e+00
-2.769457340240478516e+00
-1.623033285140991211e+00
-1.507982015609741211e+00
-2.917714357376098633e+00
-2.431908845901489258e+00
-2.258494615554809570e+00
-2.855096101760864258e+00
-2.038035392761230469e+00
-7.697556614875793457e-01
-1.751998662948608398e+00
-1.823776483535766602e+00
-3.055431127548217773e+00
-1.997568964958190918e+00
-2.127872943878173828e+00
-3.087395429611206055e+00
-1.734786987304687500e+00
-2.743831634521484375e+00
-1.581285238265991211e+00
-2.015297412872314453e+00
-2.718301296234130859e+00
-1.969991326332092285e+00
-2.416945934295654297e+00
-2.988976001739501953e+00
-1.172548890113830566e+00
-2.973670005798339844e+00
-1.538122177124023438e+00
-2.544604063034057617e+00
-1.076088070869445801e+00
-2.085647583007812500e+00
-1.512848019599914551e+00
-2.155752658843994141e+00
-2.967592000961303711e+00
-2.948015928268432617e+00
-1.617284774780273438e+00
-1.992489814758300781e+00
-2.121554136276245117e+00
-7.135406732559204102e-01
-2.679243087768554688e+00
-1.797542452812194824e+00
-2.127577066421508789e+00
-2.487926483154296875e+00
-1.471713304519653320e+00
-2.036889553070068359e+00
-1.871194839477539062e+00
-2.372002363204956055e+00
-2.331053018569946289e+00
-3.196148395538330078e+00
-2.451725721359252930e+00
-1.137394070625305176e+00
-2.525403738021850586e+00
-2.555437326431274414e+00
-8.636502027511596680e-01
-2.878202676773071289e+00
-2.730964660644531250e+00
-2.275912046432495117e+00
-2.519847154617309570e+00
-2.345777511596679688e+00
-1.832657098770141602e+00
-7.145318984985351562e-01
-7.240763902664184570e-01
-7.638965845108032227e-01
-1.812447071075439453e+00
-1.524794578552246094e+00
-2.428982734680175781e+00
-2.998786449432373047e+00
-1.415448546409606934e+00
-2.087214946746826172e+00
-2.065319776535034180e+00
-1.794891953468322754e+00
-2.275519132614135742e+00
-3.196493864059448242e+00
-1.862490653991699219e+00
-1.557139039039611816e+00
-2.076806545257568359e+00
-1.471243381500244141e+00
-2.300935506820678711e+00
-2.917855024337768555e+00
-1.941402792930603027e+00
-1.257482051849365234e+00
-2.827197074890136719e+00
-2.926471233367919922e+00
-1.610437393188476562e+00
-2.392832279205322266e+00
-1.397793650627136230e+00
-8.917571306228637695e-01
-2.171676874160766602e+00
-1.384829282760620117e+00
-2.063018083572387695e+00
-1.631327509880065918e+00
-2.164681434631347656e+00
-2.770130395889282227e+00
-2.986360788345336914e-01
-2.051581144332885742e+00
-1.570991158485412598e+00
-2.534372806549072266e+00
-2.125901937484741211e+00
-1.974924802780151367e+00
-2.214103698730468750e+00
-2.831052064895629883e+00
-2.460920095443725586e+00
-1.557452917098999023e+00
-3.150544643402099609e+00
-9.210962653160095215e-01
-2.922368288040161133e+00
-1.798445701599121094e+00
-3.598329126834869385e-01
-2.271415233612060547e+00
-2.001013755798339844e+00
-1.838263988494873047e+00
-8.845857381820678711e-01
-2.190758466720581055e+00
-3.284293413162231445e+00
-2.196419000625610352e+00
-7.782841324806213379e-01
-2.677866220474243164e+00
-1.989696025848388672e+00
-2.468522787094116211e+00
-1.577626943588256836e+00
-2.523741006851196289e+00
-2.542624950408935547e+00
-1.645309329032897949e+00
-2.002645492553710938e+00
-3.112882852554321289e+00
-2.453609943389892578e+00
-2.887696981430053711e+00
-2.380006790161132812e+00
-2.271267414093017578e+00
-1.930292129516601562e+00
-3.982189595699310303e-01
-1.918418407440185547e+00
-1.972738504409790039e+00
-1.575627088546752930e+00
-1.440921664237976074e+00
-1.956544041633605957e+00
-2.541613817214965820e+00
-3.000114440917968750e+00
-2.975419521331787109e+00
-2.791125297546386719e+00
-1.667376518249511719e+00
-2.214232683181762695e+00
-2.372064828872680664e+00
-1.187467098236083984e+00
-2.125155925750732422e+00
-2.512032508850097656e+00
-1.785150170326232910e+00
-9.293996691703796387e-01
-1.759073615074157715e+00
-1.532933115959167480e+00
-1.884066700935363770e+00
-1.192874789237976074e+00
-2.172148942947387695e+00
-1.720780014991760254e+00
-1.773514628410339355e+00
-2.216590881347656250e+00
-2.192276239395141602e+00
-1.419526815414428711e+00
-3.324659764766693115e-01
-2.781263828277587891e+00
-1.428437113761901855e+00
-3.020323276519775391e+00
-2.135128974914550781e+00
-1.958816409111022949e+00
-1.694417744874954224e-01
-1.812222123146057129e+00
-1.362084984779357910e+00
-1.776761889457702637e+00
-1.526066422462463379e+00
-2.464033126831054688e+00
-1.625167727470397949e+00
-2.166400909423828125e+00
-2.654919147491455078e+00
-2.224624633789062500e+00
-2.215025186538696289e+00
-2.185090780258178711e+00
-3.150576591491699219e+00
-9.891836047172546387e-01
-1.670592904090881348e+00
-2.175577878952026367e+00
-2.877254962921142578e+00
-2.774993181228637695e+00
-2.558858871459960938e+00
-1.520514249801635742e+00
-8.044807910919189453e-01
-1.884705662727355957e+00
-6.231971383094787598e-01
-1.788882493972778320e+00
-1.052147150039672852e+00
-2.323048114776611328e+00
-3.082628250122070312e+00
-2.043220520019531250e+00
-2.594091653823852539e+00
-1.837827444076538086e+00
-1.609268426895141602e+00
-3.095307350158691406e+00
-1.580958604812622070e+00
-1.643436789512634277e+00
-2.219430446624755859e+00
-1.440671086311340332e+00
-2.331258773803710938e+00
-3.214324951171875000e+00
-2.851133346557617188e+00
-3.103318452835083008e+00
-2.293684720993041992e+00
-3.177914857864379883e+00
-1.883714675903320312e+00
-1.790099024772644043e+00
-2.348943233489990234e+00
-1.948118448257446289e+00
-1.500521540641784668e+00
-2.127433061599731445e+00
-2.385980367660522461e+00
-2.350928783416748047e+00
-1.231458067893981934e+00
-2.071800708770751953e+00
-2.850407123565673828e+00
-1.950417876243591309e+00
-2.646096467971801758e+00
-2.698448419570922852e+00
-4.165986552834510803e-02
-3.100901126861572266e+00
-1.745615839958190918e+00
-8.386895060539245605e-01
-1.607564210891723633e+00
-2.083610057830810547e+00
-1.536737561225891113e+00
-2.822815179824829102e+00
-1.618143558502197266e+00
-1.459950327873229980e+00
-2.530191183090209961e+00
-2.837740182876586914e+00
-2.747664213180541992e+00
-1.256741404533386230e+00
-3.167317390441894531e+00
-2.956877946853637695e+00
-2.214293003082275391e+00
-3.112342834472656250e+00
-1.004448533058166504e+00
-2.948209762573242188e+00
-2.129247665405273438e+00
-2.846206426620483398e+00
-2.400296211242675781e+00
-1.905680298805236816e+00
-5.252664685249328613e-01
-3.274447202682495117e+00
-1.474558830261230469e+00
-1.712347626686096191e+00
-1.395272374153137207e+00
-2.513325691223144531e+00
-2.238135576248168945e+00
-1.858271598815917969e+00
-7.094154357910156250e-01
-1.704292654991149902e+00
-2.719941139221191406e+00
-2.944554090499877930e+00
-2.604939043521881104e-01
-2.067740201950073242e+00
-1.135803580284118652e+00
-3.021531820297241211e+00
-7.599508762359619141e-01
-1.440979719161987305e+00
-6.087408661842346191e-01
-1.087242126464843750e+00
-3.032083272933959961e+00
-2.128606319427490234e+00
-1.207685708999633789e+00
-1.986380219459533691e+00
-1.974225640296936035e+00
-3.016650915145874023e+00
-2.845609664916992188e+00
-2.544342994689941406e+00
-1.577907800674438477e+00
-1.590073466300964355e+00
-2.801690816879272461e+00
-2.090787410736083984e+00
-3.009205341339111328e+00
-5.010583996772766113e-01
-2.977930307388305664e+00
-1.422603607177734375e+00
-2.485490083694458008e+00
-5.071527957916259766e-01
-1.317347526550292969e+00
-2.912032604217529297e+00
-2.813388347625732422e+00
-2.862762212753295898e+00
-2.041107416152954102e+00
-3.045086622238159180e+00
-5.713179111480712891e-01
-3.125188827514648438e+00
-2.184731006622314453e+00
-2.966700315475463867e+00
-1.310083627700805664e+00
-2.506335735321044922e+00
-1.608122467994689941e+00
-9.722652435302734375e-01
-5.834189057350158691e-01
-1.321344137191772461e+00
-2.900206565856933594e+00
-2.453535079956054688e+00
-2.012636899948120117e+00
-3.112514734268188477e+00
-1.747737646102905273e+00
-1.349712252616882324e+00
-2.153448820114135742e+00
-1.867184281349182129e+00
-1.635316848754882812e+00
-1.463186144828796387e+00
-2.537863016128540039e+00
-3.160621404647827148e+00
-1.642467737197875977e+00
-1.612630009651184082e+00
-1.179670572280883789e+00
-2.654563426971435547e+00
-1.553423047065734863e+00
-2.271895408630371094e+00
-2.974125862121582031e+00
-1.590388178825378418e+00
-1.929295301437377930e+00
-3.063839435577392578e+00
-1.959782719612121582e+00
-1.839535355567932129e+00
-1.585632085800170898e+00
-2.686223030090332031e+00
-2.511167049407958984e+00
-2.148705244064331055e+00
-3.071805953979492188e+00
-2.220352411270141602e+00
-2.283280849456787109e+00
-2.313155174255371094e+00
-2.997789382934570312e+00
-2.440043449401855469e+00
-1.755100131034851074e+00
-1.576060771942138672e+00
-1.814829945564270020e+00
-2.533038139343261719e+00
-1.913758873939514160e+00
-1.570363640785217285e+00
-2.628259897232055664e+00
-3.066828489303588867e+00
-2.560950517654418945e+00
-3.104588985443115234e+00
-2.285846948623657227e+00
-1.495135784149169922e+00
-2.193357467651367188e+00
-2.072485536336898804e-01
-1.697236537933349609e+00
-3.271767377853393555e+00
-1.558565258979797363e+00
-1.999348282814025879e+00
-3.163771629333496094e+00
-2.506281852722167969e+00
-1.986241698265075684e+00
-2.953750610351562500e+00
-2.722991228103637695e+00
-1.950899243354797363e+00
-2.373657703399658203e+00
-2.992794752120971680e+00
-9.176260828971862793e-01
-2.788944959640502930e+00
-3.153477311134338379e-01
-2.749122619628906250e+00
-2.911174058914184570e+00
-3.117448091506958008e+00
-1.354439139366149902e+00
-1.821258783340454102e+00
-2.856338024139404297e+00
-1.422941207885742188e+00
-1.304079651832580566e+00
-1.268352985382080078e+00
-2.811738014221191406e+00
-1.450280427932739258e+00
-2.695575475692749023e+00
-2.735629081726074219e+00
-1.071296095848083496e+00
-1.680284142494201660e+00
-2.354190349578857422e+00
-9.918166995048522949e-01
-2.487454652786254883e+00
-1.387086987495422363e+00
-2.308898210525512695e+00
-1.388290882110595703e+00
-1.997146248817443848e+00
-2.578022003173828125e+00
-1.841497302055358887e+00
-2.168050765991210938e+00
-2.280391693115234375e+00
-1.973811030387878418e+00
-1.381376266479492188e+00
-4.972839355468750000e-01
-1.274290442466735840e+00
-1.487318515777587891e+00
-1.192503690719604492e+00
-8.391153812408447266e-01
-2.237609624862670898e+00
-2.786165952682495117e+00
-2.297120809555053711e+00
-2.132471799850463867e+00
-2.026116847991943359e+00
-1.808525681495666504e+00
-1.273114085197448730e+00
-1.342524647712707520e+00
2.117273509502410889e-01
-2.265315771102905273e+00
-2.262471675872802734e+00
-2.463402748107910156e+00
-1.239346146583557129e+00
-1.500161886215209961e+00
-1.691464543342590332e+00
-1.437471985816955566e+00
-1.869113802909851074e+00
-2.103384017944335938e+00
-3.086542844772338867e+00
-3.230032920837402344e+00
-1.461151599884033203e+00
-2.241196632385253906e+00
-2.278982400894165039e+00
-2.805266380310058594e+00
-1.541781544685363770e+00
-2.825840473175048828e+00
-8.340430259704589844e-01
-1.068675518035888672e+00
-2.941570758819580078e+00
-1.747258901596069336e+00
-2.952902078628540039e+00
-2.136815547943115234e+00
-2.357038259506225586e+00
-1.662930399179458618e-01
-3.091061830520629883e+00
-2.317728281021118164e+00
-1.492271542549133301e+00
-2.898780345916748047e+00
-2.993705511093139648e+00
-2.910263538360595703e+00
-5.067159533500671387e-01
-2.337323904037475586e+00
-2.617918252944946289e+00
-1.312689065933227539e+00
-3.019877195358276367e+00
-2.907835483551025391e+00
-2.339955091476440430e+00
-1.693992972373962402e+00
-1.556252002716064453e+00
-2.614185094833374023e+00
-2.262803554534912109e+00
-3.208969831466674805e+00
-1.256758570671081543e+00
-1.602401971817016602e+00
-2.930870294570922852e+00
-1.642209649085998535e+00
-2.135979413986206055e+00
-2.054287672042846680e+00
-2.097125768661499023e+00
-3.130244255065917969e+00
-3.284712314605712891e+00
-3.024822175502777100e-01
-1.875059723854064941e+00
-2.732563734054565430e+00
-2.574858427047729492e+00
-2.029817819595336914e+00
-2.139464378356933594e+00
-7.163030505180358887e-01
-1.183437824249267578e+00
-1.638036847114562988e+00
-2.695032358169555664e+00
-3.772991001605987549e-01
-1.653416752815246582e+00
-1.777333021163940430e+00
-2.556066274642944336e+00
-3.066468238830566406e+00
-1.582815885543823242e+00
-2.750011444091796875e+00
1.350594498217105865e-02
-3.362987339496612549e-01
-2.689236402511596680e+00
-1.661696195602416992e+00
-1.414790511131286621e+00
-2.154986619949340820e+00
-2.656840324401855469e+00
-1.426753282546997070e+00
-2.057463407516479492e+00
-1.541562676429748535e+00
-1.666116476058959961e+00
-2.959068775177001953e+00
-2.023114681243896484e+00
-2.106525421142578125e+00
-2.163632154464721680e+00
-1.634001851081848145e+00
-1.547906994819641113e+00
-2.676255226135253906e+00
-2.665571212768554688e+00
-2.348172903060913086e+00
-2.042974710464477539e+00
-1.473830819129943848e+00
-1.806743264198303223e+00
-1.705604791641235352e+00
-1.413441896438598633e+00
-2.658237934112548828e+00
-2.847647905349731445e+00
-2.164437294006347656e+00
-2.603305101394653320e+00
-1.616641640663146973e+00
-2.560671806335449219e+00
-6.237412095069885254e-01
-2.346902847290039062e+00
-2.609435796737670898e+00
-1.806823968887329102e+00
-2.998005151748657227e-01
-1.682530164718627930e+00
-2.182151556015014648e+00
-2.635617971420288086e+00
-2.914679050445556641e+00
-2.955320179462432861e-01
-1.407347559928894043e+00
-1.410700440406799316e+00
-1.323102235794067383e+00
-2.778280258178710938e+00
-1.929644465446472168e+00
-1.963098287582397461e+00
-1.530722141265869141e+00
-2.039971113204956055e+00
-2.973502159118652344e+00
-1.573647141456604004e+00
-1.545039892196655273e+00
-2.364602565765380859e+00
-2.723850488662719727e+00
-1.140108227729797363e+00
-1.576720476150512695e+00
-2.994600296020507812e+00
-2.618529319763183594e+00
-1.765424013137817383e+00
-1.584892868995666504e+00
-1.598315358161926270e+00
-3.029895782470703125e+00
-2.593483448028564453e+00
-2.756406784057617188e+00
-2.169770240783691406e+00
-1.740053296089172363e+00
-2.222605228424072266e+00
-2.998052597045898438e+00
-2.679208993911743164e+00
-1.594370245933532715e+00
-2.983829975128173828e-01
-2.915915250778198242e+00
-2.147525548934936523e+00
-1.307909131050109863e+00
-2.634929656982421875e+00
-2.557098150253295898e+00
-2.414892196655273438e+00
-2.272972345352172852e+00
-1.111935824155807495e-01
-3.142409086227416992e+00
-1.692975521087646484e+00
-2.832298994064331055e+00
-2.385169744491577148e+00
-8.846827149391174316e-01
-5.694864988327026367e-01
-1.874042391777038574e+00
-2.521401882171630859e+00
-1.870160818099975586e+00
-1.012682318687438965e+00
-2.598498582839965820e+00
-8.765172362327575684e-01
-1.550714850425720215e+00
-6.814317703247070312e-01
-2.539145231246948242e+00
-2.994076013565063477e+00
-2.454363346099853516e+00
-2.990894317626953125e+00
-1.435755610466003418e+00
-9.988791346549987793e-01
-9.778782725334167480e-01
-2.692606925964355469e+00
-2.987245559692382812e+00
-1.600424289703369141e+00
-1.522437453269958496e+00
-2.415205001831054688e+00
-2.040356874465942383e+00
-1.740766406059265137e+00
-2.635715484619140625e+00
-1.991449236869812012e+00
-3.785386085510253906e-01
-1.936002492904663086e+00
-1.745900154113769531e+00
-1.310068130493164062e+00
-1.492402315139770508e+00
-2.522674560546875000e+00
-2.762873411178588867e+00
-1.614739656448364258e+00
-1.985102891921997070e+00
-3.212320089340209961e+00
-1.751828432083129883e+00
-1.558744072914123535e+00
-2.381660938262939453e+00
-2.954905748367309570e+00
-2.109749078750610352e+00
-2.338114738464355469e+00
-6.115875244140625000e-01
-3.091886043548583984e+00
-3.046076297760009766e+00
-1.646592378616333008e+00
-2.172679185867309570e+00
-2.126996994018554688e+00
-1.339148521423339844e+00
-2.598240852355957031e+00
-1.577974081039428711e+00
-2.563097476959228516e+00
-5.708347558975219727e-01
-2.805778980255126953e+00
-6.458460092544555664e-01
-2.755819559097290039e+00
-7.717945575714111328e-01
-2.440802812576293945e+00
-2.542762756347656250e+00
-2.829183101654052734e+00
-3.000972032546997070e+00
-1.225757002830505371e+00
-9.544749259948730469e-01
-2.360005140304565430e+00
-1.357259392738342285e+00
-1.876786112785339355e+00
-1.870112776756286621e+00
-1.372879028320312500e+00
-9.128476977348327637e-01
-1.718746066093444824e+00
-2.209094524383544922e+00
-2.410514116287231445e+00
-1.868714213371276855e+00
-6.905239820480346680e-01
-2.494589328765869141e+00
-1.693705558776855469e+00
-1.776028752326965332e+00
-1.214794278144836426e+00
-2.154982328414916992e+00
-2.428986787796020508e+00
-2.048275232315063477e+00
-2.903243303298950195e+00
-2.440972089767456055e+00
-1.626357913017272949e+00
-2.783836841583251953e+00
-3.558270037174224854e-01
-9.263240098953247070e-01
-1.559239387512207031e+00
-1.784875869750976562e+00
-5.128335952758789062e-01
-1.115285873413085938e+00
-1.594590902328491211e+00
-1.461181998252868652e+00
-2.105718374252319336e+00
-2.408130168914794922e+00
-1.726913571357727051e+00
7.982920855283737183e-02
-7.808110713958740234e-01
-2.163603544235229492e+00
-2.540306806564331055e+00
-2.400084137916564941e-01
-6.413964629173278809e-01
-1.362649559974670410e+00
-2.042817592620849609e+00
-1.131686210632324219e+00
-2.613465785980224609e+00
-2.519367694854736328e+00
-7.920055985450744629e-01
-2.115607500076293945e+00
-1.433001041412353516e+00
-3.123522996902465820e+00
-2.708302736282348633e+00
-1.566689252853393555e+00
-2.027116060256958008e+00
-2.402231216430664062e+00
-2.442811965942382812e+00
-2.736981391906738281e+00
-3.133620262145996094e+00
-2.786275148391723633e+00
-5.099233388900756836e-01
-2.605107784271240234e+00
-2.390606164932250977e+00
-1.555880665779113770e+00
-1.701118111610412598e+00
-6.109672784805297852e-01
-2.317409515380859375e+00
-1.655117988586425781e+00
-1.802578568458557129e+00
-1.374478697776794434e+00
-2.507809400558471680e+00
-1.774925470352172852e+00
-2.095184087753295898e+00
-1.359614610671997070e+00
-1.746419668197631836e+00
-2.555545330047607422e+00
-1.582649588584899902e+00
-1.536324620246887207e+00
-1.414011716842651367e+00
-2.431241989135742188e+00
-6.240398883819580078e-01
-1.744805932044982910e+00
-2.334882736206054688e+00
-2.850674152374267578e+00
-6.543266177177429199e-01
-2.605856657028198242e+00
-1.155560851097106934e+00
-2.037540912628173828e+00
-8.763081431388854980e-01
-2.542623281478881836e+00
-2.366628885269165039e+00
-2.875496625900268555e+00
-1.933214664459228516e+00
-1.088563084602355957e+00
-9.755804538726806641e-01
-2.778198719024658203e+00
-3.211398601531982422e+00
-1.138655066490173340e+00
-1.035674691200256348e+00
-2.601840019226074219e+00
-8.148213028907775879e-01
-1.689015865325927734e+00
-2.805094957351684570e+00
-2.904755592346191406e+00
-3.045219182968139648e+00
-2.737504482269287109e+00
-2.063574314117431641e+00
-1.560888886451721191e+00
-2.400558471679687500e+00
-2.707220077514648438e+00
-2.664089918136596680e+00
-1.555198669433593750e+00
-1.992690324783325195e+00
-2.665322780609130859e+00
-1.360091328620910645e+00
-1.591723680496215820e+00
-2.615654706954956055e+00
-1.575399875640869141e+00
-1.629073977470397949e+00
-9.047612547874450684e-01
-1.023984551429748535e+00
-2.758388280868530273e+00
-1.390298485755920410e+00
-1.543265700340270996e+00
-2.197319507598876953e+00
-1.756323814392089844e+00
-2.575700759887695312e+00
-1.620786070823669434e+00
-8.695222139358520508e-01
-2.797130107879638672e+00
-2.361512422561645508e+00
-2.410583257675170898e+00
-2.007748842239379883e+00
-1.215193986892700195e+00
-1.637382626533508301e+00
-1.570030570030212402e+00
-7.224156260490417480e-01
-2.693767547607421875e+00
-1.199975848197937012e+00
-1.617505073547363281e+00
-1.595687985420227051e+00
-1.991335391998291016e+00
3.636378943920135498e-01
-9.158141016960144043e-01
-7.886886000633239746e-01
-8.419614434242248535e-01
-1.308068156242370605e+00
-1.151553034782409668e+00
-8.851404190063476562e-01
-2.054142236709594727e+00
-2.465353727340698242e+00
-7.903993129730224609e-01
-1.114629268646240234e+00
-1.228863000869750977e+00
-1.194594621658325195e+00
-1.759558200836181641e+00
-1.223920226097106934e+00
-2.597107410430908203e+00
-1.344687819480895996e+00
-1.530911564826965332e+00
-1.616038560867309570e+00
-2.234559059143066406e+00
-7.680197954177856445e-01
-4.607868790626525879e-01
-6.070122122764587402e-01
-1.271255016326904297e+00
-1.751451849937438965e+00
-9.215891957283020020e-01
-1.644014954566955566e+00
-1.003047823905944824e+00
-5.432013869285583496e-01
-1.309257745742797852e+00
-2.077105283737182617e+00
-3.809196054935455322e-01
-1.694336175918579102e+00
-1.763660192489624023e+00
-1.440478682518005371e+00
-7.806050777435302734e-01
-1.276887297630310059e+00
-1.909431338310241699e+00
-1.284690737724304199e+00
-1.462665438652038574e+00
-3.124472856521606445e+00
-1.481057047843933105e+00
-1.151304721832275391e+00
-1.331333994865417480e+00
-1.312124013900756836e+00
-1.101397514343261719e+00
-5.334699749946594238e-01
-2.034788608551025391e+00
-6.048902273178100586e-01
-1.946868181228637695e+00
-4.186448454856872559e-01
-1.402478456497192383e+00
-2.398367404937744141e+00
-1.383885502815246582e+00
-8.226906061172485352e-01
-1.904677987098693848e+00
-1.920427799224853516e+00
-1.177446126937866211e+00
-1.333295583724975586e+00
-2.425978660583496094e+00
-1.297791719436645508e+00
-1.508954524993896484e+00
-4.944072067737579346e-01
-1.839493274688720703e+00
-2.123388767242431641e+00
-2.764345645904541016e+00
-2.217778921127319336e+00
-2.091268062591552734e+00
9.232528507709503174e-02
-1.292916059494018555e+00
-4.148481041193008423e-02
-1.244684934616088867e+00
-5.833016037940979004e-01
-1.622911810874938965e+00
-9.505638480186462402e-01
-9.511853456497192383e-01
-1.362288951873779297e+00
-2.342732429504394531e+00
-1.978242874145507812e+00
-5.998743232339620590e-03
-3.813369274139404297e-01
-1.422422885894775391e+00
-1.393233537673950195e+00
-6.987398862838745117e-01
-2.124404430389404297e+00
-7.575261592864990234e-01
-1.678199052810668945e+00
-2.931758165359497070e-01
-1.661550283432006836e+00
-2.151448488235473633e+00
-2.541546821594238281e+00
-1.673159956932067871e+00
-2.635329008102416992e+00
-2.333594799041748047e+00
-2.198244571685791016e+00
-3.369267284870147705e-01
-1.669204533100128174e-01
-1.865725398063659668e+00
-2.615013360977172852e+00
-2.316676855087280273e+00
-2.635206699371337891e+00
-2.381441593170166016e+00
-1.485838890075683594e+00
3.495213389396667480e-01
-2.531409025192260742e+00
-8.957313299179077148e-01
-1.903075337409973145e+00
-2.839228868484497070e+00
-7.201218008995056152e-01
-5.891359448432922363e-01
-2.354246616363525391e+00
-9.615522623062133789e-01
-2.775921344757080078e+00
-1.398658275604248047e+00
-2.230047941207885742e+00
-1.806396007537841797e+00
-2.686105728149414062e+00
-1.688313603401184082e+00
-1.467826962471008301e+00
-1.242142558097839355e+00
-1.510455250740051270e+00
-2.294743061065673828e+00
-1.542347908020019531e+00
-2.017117142677307129e-01
-2.147114753723144531e+00
-6.386575698852539062e-01
-2.266714334487915039e+00
-2.491450786590576172e+00
-2.154556751251220703e+00
-1.591415286064147949e+00
-9.599894285202026367e-01
-9.636199474334716797e-01
-1.990652918815612793e+00
-2.211790561676025391e+00
-1.338591098785400391e+00
-1.947217941284179688e+00
-1.428371906280517578e+00
-2.212932825088500977e+00
-1.574415445327758789e+00
-1.863011956214904785e+00
-1.668709814548492432e-01
-6.089038848876953125e-01
-1.731677293777465820e+00
-1.128746509552001953e+00
-5.908060073852539062e-01
-1.578656673431396484e+00
-2.068474292755126953e+00
-1.782618880271911621e+00
-2.061861038208007812e+00
-1.470011830329895020e+00
-2.468510627746582031e+00
-2.294180393218994141e+00
1.540515273809432983e-01
-1.106554627418518066e+00
-8.521336913108825684e-01
-1.676546931266784668e+00
-1.869522333145141602e+00
-1.839276790618896484e+00
-1.483261346817016602e+00
-2.286470651626586914e+00
-1.967499852180480957e+00
-1.525383353233337402e+00
-1.288160204887390137e+00
-2.018544197082519531e+00
-1.737891793251037598e+00
-1.807330369949340820e+00
-2.261662244796752930e+00
-1.185911536216735840e+00
-4.023374319076538086e-01
-1.998749494552612305e+00
-1.689079761505126953e+00
-1.411136269569396973e+00
-1.376078009605407715e+00
-9.985643625259399414e-01
-1.961471915245056152e+00
-1.292550802230834961e+00
-1.253751873970031738e+00
-1.406732916831970215e+00
-2.644805669784545898e+00
-1.799474954605102539e+00
-1.330539345741271973e+00
-5.991577506065368652e-01
-2.125819683074951172e+00
-1.307778835296630859e+00
-1.953803896903991699e+00
-1.674361228942871094e+00
-1.499146103858947754e+00
-1.535110473632812500e+00
-1.305992841720581055e+00
-1.224548339843750000e+00
-9.107730984687805176e-01
-2.059898614883422852e+00
-9.835692644119262695e-01
-2.499252557754516602e+00
-8.823881745338439941e-01
-1.646257638931274414e+00
-3.246397972106933594e-01
-7.298924028873443604e-02
-5.598581209778785706e-02
-1.921478986740112305e+00
-4.780326411128044128e-02
-1.369261980056762695e+00
-1.494060754776000977e+00
-1.753332138061523438e+00
-2.230370044708251953e+00
-2.656159996986389160e-01
-1.730709791183471680e+00
-1.533447742462158203e+00
-2.019477844238281250e+00
-5.867332816123962402e-01
-1.393275856971740723e+00
-2.417136430740356445e+00
-3.227000236511230469e+00
-2.166669130325317383e+00
-6.373077034950256348e-01
-3.747160136699676514e-01
-2.228880882263183594e+00
-1.282721161842346191e+00
-2.163243770599365234e+00
-9.051927328109741211e-01
-1.174850583076477051e+00
-1.799679636955261230e+00
-2.687692880630493164e+00
-1.961994409561157227e+00
-1.562586545944213867e+00
-3.159189224243164062e+00
-2.156670331954956055e+00
-1.405175566673278809e+00
-5.957628488540649414e-01
3.494942188262939453e-02
-2.134169101715087891e+00
-1.480662226676940918e+00
-1.556903958320617676e+00
-1.681698322296142578e+00
-2.053099393844604492e+00
-2.012781381607055664e+00
-1.962757706642150879e+00
-2.068589210510253906e+00
-2.294218301773071289e+00
-1.622313976287841797e+00
-1.772733807563781738e+00
-1.617258191108703613e+00
-3.709736168384552002e-01
-1.535030603408813477e+00
-1.677327394485473633e+00
-1.645127177238464355e+00
-2.732126951217651367e+00
-4.464351832866668701e-01
-2.333269357681274414e+00
-9.158200621604919434e-01
-1.543889403343200684e+00
-9.659613966941833496e-01
-2.097947359085083008e+00
-2.161044836044311523e+00
-1.164852380752563477e+00
-2.180788278579711914e+00
-2.836568117141723633e+00
-2.759693622589111328e+00
-3.688509464263916016e-01
-1.551726818084716797e+00
-9.898065328598022461e-01
-6.898487806320190430e-01
-1.968927502632141113e+00
-1.682701706886291504e+00
-1.476212978363037109e+00
-1.379823923110961914e+00
-1.766828417778015137e+00
-1.588890671730041504e+00
-8.087770342826843262e-01
-2.394862890243530273e+00
-2.824962139129638672e+00
-1.080009102821350098e+00
-1.836246371269226074e+00
-1.229814052581787109e+00
-1.757591247558593750e+00
-2.503734827041625977e+00
-1.879351019859313965e+00
-2.072513103485107422e+00
-1.679966688156127930e+00
-2.209476470947265625e+00
-2.181489467620849609e+00
-2.719871759414672852e+00
-1.557009339332580566e+00
-1.363998651504516602e+00
-1.086212873458862305e+00
-1.803277850151062012e+00
-7.166039347648620605e-01
-4.218321144580841064e-01
-9.899271726608276367e-01
-2.112159967422485352e+00
-1.055504202842712402e+00
-5.708961486816406250e-01
-2.420439720153808594e+00
-1.658151984214782715e+00
-1.285266995429992676e+00
-2.705877542495727539e+00
2.902822755277156830e-02
-9.758345484733581543e-01
-3.188823461532592773e+00
-2.338178157806396484e+00
-1.549376249313354492e+00
-6.514797806739807129e-01
-1.392909288406372070e+00
-2.316227674484252930e+00
-1.649288386106491089e-01
-1.078506588935852051e+00
-1.799089431762695312e+00
-1.008041143417358398e+00
-2.071810245513916016e+00
-1.094861865043640137e+00
-9.781080484390258789e-01
-2.629384994506835938e+00
-2.360921859741210938e+00
-1.279342532157897949e+00
-1.068547725677490234e+00
-9.586967825889587402e-01
-1.191897869110107422e+00
-1.331747293472290039e+00
-8.424720168113708496e-01
-2.033352404832839966e-01
-3.095011711120605469e+00
-1.699068427085876465e+00
-2.043551445007324219e+00
-1.553128719329833984e+00
-3.429961204528808594e-01
-1.476890563964843750e+00
-8.980196118354797363e-01
-1.176567189395427704e-02
-1.090168356895446777e+00
-3.225400447845458984e+00
-8.356426954269409180e-01
-8.427335619926452637e-01
-6.218584775924682617e-01
-1.324506044387817383e+00
-1.718586683273315430e+00
-1.380848646163940430e+00
-1.667940616607666016e+00
-2.307195186614990234e+00
-2.136598587036132812e+00
-2.472046852111816406e+00
-1.665722727775573730e+00
-2.225833892822265625e+00
-1.294124484062194824e+00
-2.541335344314575195e+00
-2.374338388442993164e+00
-9.732527136802673340e-01
-1.957385420799255371e+00
-2.558131515979766846e-01
-1.293028831481933594e+00
-1.423146963119506836e+00
-2.642725706100463867e+00
-1.749361634254455566e+00
-2.356376647949218750e+00
-2.503025293350219727e+00
-1.551772117614746094e+00
-2.050078868865966797e+00
-5.056059956550598145e-01
-1.803327560424804688e+00
-1.789500713348388672e-01
-2.383165836334228516e+00
-5.075895190238952637e-01
-2.286216497421264648e+00
-3.159171342849731445e+00
-6.206182837486267090e-01
-1.153072476387023926e+00
-2.849970579147338867e+00
-1.396851420402526855e+00
-2.424740791320800781e+00
-8.186756968498229980e-01
-2.464660882949829102e+00
-2.390312671661376953e+00
-2.053502559661865234e+00
-5.235784053802490234e-01
-7.019665241241455078e-01
-2.190095186233520508e+00
-8.258494734764099121e-01
-1.692985773086547852e+00
-2.157383598387241364e-02
-1.478247523307800293e+00
-1.370932459831237793e+00
-2.378091812133789062e+00
-1.438822269439697266e+00
-2.267456501722335815e-01
-8.630707263946533203e-01
-1.782089471817016602e+00
-3.193879842758178711e+00
-3.122396171092987061e-01
-5.959628820419311523e-01
-2.163958311080932617e+00
-2.227534055709838867e+00
-1.018865585327148438e+00
-1.335794568061828613e+00
-1.408029317855834961e+00
-4.557112455368041992e-01
-6.045613288879394531e-01
-1.197439074516296387e+00
-1.848597764968872070e+00
-1.748180150985717773e+00
-1.333286643028259277e+00
-1.060238480567932129e+00
-2.257732152938842773e+00
-1.713618874549865723e+00
-1.390799880027770996e+00
-1.440642714500427246e+00
-9.055563211441040039e-01
-6.384162902832031250e-01
-1.884166479110717773e+00
-1.318367123603820801e+00
-2.250475883483886719e+00
-6.474672555923461914e-01
1.424030065536499023e-01
-2.133766412734985352e+00
-1.605568289756774902e+00
-6.310656070709228516e-01
-1.883621096611022949e+00
-2.202253103256225586e+00
-2.516808748245239258e+00
-3.186878442764282227e+00
-1.816885828971862793e+00
-1.644879698753356934e+00
-1.448760747909545898e+00
-1.059126973152160645e+00
-2.225200176239013672e+00
-2.366891622543334961e+00
-1.228555917739868164e+00
-2.281012535095214844e+00
-9.449169635772705078e-01
4.688964411616325378e-02
-2.701333761215209961e+00
-1.504629969596862793e+00
-2.048175096511840820e+00
-2.535266399383544922e+00
-1.513796329498291016e+00
-2.257209062576293945e+00
-5.380773544311523438e-01
-3.881518840789794922e-01
-9.286711812019348145e-01
-1.681560397148132324e+00
-1.956139951944351196e-01
-1.368479609489440918e+00
-6.691983938217163086e-01
-1.689200878143310547e+00
-1.047970652580261230e+00
-1.140712022781372070e+00
-1.781788945198059082e+00
-1.503823161125183105e+00
-4.716396331787109375e-02
-1.299036860466003418e+00
-1.761153101921081543e+00
-2.275874376296997070e+00
-9.504552483558654785e-01
-1.832793802022933960e-01
-2.088436126708984375e+00
-2.304480314254760742e+00
-2.338072061538696289e+00
-3.869265019893646240e-01
-6.140268445014953613e-01
-2.242589473724365234e+00
-1.364524126052856445e+00
-9.137634038925170898e-01
-1.084379911422729492e+00
-1.112524151802062988e+00
-2.033812522888183594e+00
-1.351641416549682617e+00
-7.235233187675476074e-01
-1.343402624130249023e+00
-1.488769412040710449e+00
-8.673353791236877441e-01
-1.392728328704833984e+00
-9.351534843444824219e-01
-2.946788787841796875e+00
-9.094367623329162598e-01
-3.239276170730590820e+00
5.509520880877971649e-03
-2.438824653625488281e+00
-1.756367564201354980e+00
-1.112499475479125977e+00
-1.495441913604736328e+00
-2.744780302047729492e+00
-2.808454990386962891e+00
-1.379530578851699829e-01
-1.780445098876953125e+00
-1.937091469764709473e+00
-2.195964097976684570e+00
-6.172806620597839355e-01
-1.148766875267028809e+00
-2.107128858566284180e+00
-8.081266283988952637e-01
-2.018321275711059570e+00
-3.223661899566650391e+00
-4.929886460304260254e-01
-7.584156394004821777e-01
-8.936643004417419434e-01
-8.443651795387268066e-01
-1.954558253288269043e+00
-2.013436317443847656e+00
5.731939524412155151e-02
-4.482943713665008545e-01
-2.573187828063964844e+00
-1.734564185142517090e+00
-3.018043994903564453e+00
-2.367615222930908203e+00
-1.428933262825012207e+00
-1.519621133804321289e+00
-9.731000661849975586e-01
-1.462634563446044922e+00
-2.653268575668334961e+00
-1.377836823463439941e+00
-7.582501173019409180e-01
-1.573835015296936035e+00
-2.353807449340820312e+00
-1.777385473251342773e+00
-1.698038935661315918e+00
-2.235426425933837891e+00
-2.594933986663818359e+00
-3.163715839385986328e+00
-2.097943305969238281e+00
-1.530809283256530762e+00
-2.045503139495849609e+00
-1.882892847061157227e+00
-2.515262603759765625e+00
-1.273682355880737305e+00
-3.072672605514526367e+00
-2.220184087753295898e+00
-6.787840127944946289e-01
-2.211834430694580078e+00
-1.722766041755676270e+00
-1.816399931907653809e+00
-2.206104040145874023e+00
-7.911977767944335938e-01
-1.931307792663574219e+00
-2.200746059417724609e+00
-2.539319992065429688e+00
-1.623608827590942383e+00
-3.268262743949890137e-01
-1.740271687507629395e+00
-1.620945215225219727e+00
-1.174616813659667969e+00
-9.499920606613159180e-01
-1.428906679153442383e+00
-1.945200920104980469e+00
-4.780656099319458008e-01
-2.092323780059814453e+00
-1.902475595474243164e+00
-2.022730350494384766e+00
-3.992443084716796875e-01
-9.379177093505859375e-01
-6.562424898147583008e-01
-1.163697481155395508e+00
-1.845778942108154297e+00
-1.943650245666503906e+00
-1.872775197029113770e+00
-2.360957622528076172e+00
-9.922987818717956543e-01
-2.354718208312988281e+00
-1.224765419960021973e+00
-2.066582441329956055e+00
-8.055231571197509766e-01
-7.303187847137451172e-01
-1.446871161460876465e+00
-1.993482351303100586e+00
-1.185931444168090820e+00
-1.105745315551757812e+00
-7.928426265716552734e-01
-9.044942855834960938e-01
-9.405230879783630371e-01
-7.766520977020263672e-01
-8.418793678283691406e-01
-1.002926349639892578e+00
-1.189396142959594727e+00
-4.184543713927268982e-02
-1.157468318939208984e+00
-6.496770977973937988e-01
-2.327543020248413086e+00
-2.940612137317657471e-01
-1.684943199157714844e+00
-1.326333999633789062e+00
-2.734838247299194336e+00
-1.785419106483459473e+00
-2.158663511276245117e+00
-7.709261178970336914e-01
-2.915873050689697266e+00
-3.032706975936889648e+00
-1.355003952980041504e+00
-2.464817762374877930e+00
-9.486434459686279297e-01
-7.408084720373153687e-02
-1.593705892562866211e+00
-6.897894740104675293e-01
-1.317635655403137207e+00
-1.474591493606567383e+00
-2.516327142715454102e+00
-2.571980476379394531e+00
-1.413604736328125000e+00
-1.597977638244628906e+00
-1.906085848808288574e+00
-1.536064743995666504e+00
-1.633725523948669434e+00
-5.861719250679016113e-01
-2.144933700561523438e+00
-2.170744895935058594e+00
-2.082810401916503906e+00
-2.527189970016479492e+00
-6.224166154861450195e-01
-1.359170317649841309e+00
-1.913203120231628418e+00
-2.138727188110351562e+00
-2.029758930206298828e+00
-1.361013293266296387e+00
-2.158188819885253906e+00
-1.490820765495300293e+00
-1.627050638198852539e+00
-2.487339526414871216e-01
-6.896618008613586426e-01
-1.969323277473449707e+00
-3.064074754714965820e+00
-2.005723714828491211e+00
-1.188662648200988770e+00
-2.003293514251708984e+00
-2.079564332962036133e+00
-2.920879840850830078e+00
-2.396094560623168945e+00
-8.317546248435974121e-01
-6.166198849678039551e-01
-2.885084629058837891e+00
-1.985555291175842285e+00
-2.324735879898071289e+00
-2.714804649353027344e+00
-2.082025527954101562e+00
-7.573311328887939453e-01
-1.574133753776550293e+00
-1.094459176063537598e+00
-2.407002449035644531e+00
-2.218096256256103516e+00
-1.124229311943054199e+00
-8.089380264282226562e-01
-9.755528569221496582e-01
-1.889073610305786133e+00
-2.367165327072143555e+00
-1.572337508201599121e+00
-1.904678583145141602e+00
-2.232778549194335938e+00
-1.637674212455749512e+00
-1.102548003196716309e+00
-2.106400251388549805e+00
-1.748471140861511230e+00
-2.066500663757324219e+00
-1.368880510330200195e+00
-1.966379761695861816e+00
-1.657299876213073730e+00
-1.608224868774414062e+00
-1.233441352844238281e+00
-1.197305917739868164e+00
-8.792610168457031250e-01
-9.806932210922241211e-01
-7.768496274948120117e-01
-2.191371917724609375e+00
-4.748239219188690186e-01
-1.230527162551879883e+00
-2.031104326248168945e+00
-1.823725104331970215e+00
-2.427566289901733398e+00
-1.753118634223937988e+00
-5.425087213516235352e-01
-1.242189049720764160e+00
-2.411875247955322266e+00
-2.743796348571777344e+00
-9.894633889198303223e-01
-1.035137921571731567e-01
-1.688960313796997070e+00
-2.605903863906860352e+00
-9.145824313163757324e-01
-1.477845430374145508e+00
-1.205011248588562012e+00
-9.501106142997741699e-01
-1.109028816223144531e+00
-3.334308266639709473e-01
-7.897924184799194336e-01
-2.038506507873535156e+00
-6.818283796310424805e-01
-1.653886556625366211e+00
-1.479148149490356445e+00
-1.906511664390563965e+00
-1.835978984832763672e+00
-1.104243516921997070e+00
-2.186365604400634766e+00
1.850803196430206299e-02
-8.283864855766296387e-01
-6.320599913597106934e-01
-1.327454447746276855e+00
-2.142565727233886719e+00
-1.722813963890075684e+00
-2.570139169692993164e-01
-2.355466842651367188e+00
-1.542980194091796875e+00
-2.016688823699951172e+00
-1.960575580596923828e+00
1.869433671236038208e-01
-2.921319246292114258e+00
-1.327503681182861328e+00
2.429404705762863159e-01
-3.275977134704589844e+00
-5.759240388870239258e-01
-1.474692940711975098e+00
-1.298906922340393066e+00
-1.654122352600097656e+00
-1.742166876792907715e+00
-9.395711421966552734e-01
-1.670136809349060059e+00
-2.133836984634399414e+00
-1.455657124519348145e+00
-2.091658353805541992e+00
-3.641631007194519043e-01
-1.288689374923706055e+00
-2.302143573760986328e+00
-2.199061393737792969e+00
-2.793592929840087891e+00
-6.292604804039001465e-01
-3.014893829822540283e-01
-1.128284633159637451e-01
-1.874735832214355469e+00
-2.137413263320922852e+00
1.746513843536376953e-01
-7.426460981369018555e-01
-2.133654356002807617e+00
-2.985460281372070312e+00
-7.070205211639404297e-01
-1.399617075920104980e+00
-1.626369237899780273e+00
-1.895803809165954590e+00
-1.131017446517944336e+00
-1.392046570777893066e+00
-2.310455322265625000e+00
-1.100351929664611816e+00
2.707242965698242188e-01
-9.590212106704711914e-01
-2.575056791305541992e+00
-6.595807075500488281e-01
-7.651588916778564453e-01
-1.215145587921142578e+00
-4.848736822605133057e-01
-2.117323577404022217e-01
-8.481692075729370117e-01
-1.908400297164916992e+00
-7.386293411254882812e-01
-1.211490750312805176e+00
-2.113848447799682617e+00
-8.806774020195007324e-01
-2.248752593994140625e+00
-1.437062501907348633e+00
5.765272304415702820e-02
-9.169334769248962402e-01
-1.395122885704040527e+00
-1.441821575164794922e+00
-1.353874206542968750e+00
-1.611834764480590820e+00
-1.018597722053527832e+00
-8.017563223838806152e-01
-1.216292977333068848e+00
-1.785250306129455566e+00
-1.208408355712890625e+00
-3.262716829776763916e-01
-8.921043276786804199e-01
4.876733124256134033e-01
-6.797505617141723633e-01
-2.025955438613891602e+00
-6.635231375694274902e-01
-1.765316367149353027e+00
-1.057880282402038574e+00
-1.523094892501831055e+00
-2.311208963394165039e+00
-9.002928733825683594e-01
-2.360099315643310547e+00
-1.027474522590637207e+00
-1.946276903152465820e+00
-1.400119066238403320e+00
-3.176074981689453125e+00
-1.262375712394714355e+00
-1.035876750946044922e+00
-6.807579994201660156e-01
-4.235968589782714844e-01
-2.005450963973999023e+00
-1.094573020935058594e+00
-9.294332265853881836e-01
-5.516516566276550293e-01
-1.909417390823364258e+00
-1.872802257537841797e+00
-1.083551168441772461e+00
-3.652328550815582275e-01
-2.166841506958007812e+00
-1.610145926475524902e+00
-1.879761338233947754e+00
-4.543064534664154053e-01
-6.240180134773254395e-01
-1.904234409332275391e+00
-2.093430519104003906e+00
3.765786811709403992e-02
-2.232582569122314453e+00
-8.907880783081054688e-01
-1.699898362159729004e+00
-2.843238592147827148e+00
-2.290453195571899414e+00
-2.258272647857666016e+00
-1.639042019844055176e+00
-1.695059776306152344e+00
-1.632868051528930664e+00
-4.404279887676239014e-01
-3.058831930160522461e+00
-2.294182777404785156e+00
-1.632337689399719238e+00
-1.903042435646057129e+00
-1.166880369186401367e+00
-1.091504693031311035e+00
-1.172595620155334473e+00
-8.051658272743225098e-01
-2.127413988113403320e+00
-2.048420906066894531e-01
-1.491815596818923950e-01
-4.562303423881530762e-02
-8.913943171501159668e-01
-1.031081318855285645e+00
-8.130785822868347168e-01
-1.965206027030944824e+00
-2.815496444702148438e+00
-1.636970996856689453e+00
-3.314734220504760742e+00
-2.338659286499023438e+00
-8.196311593055725098e-01
-6.753706336021423340e-01
-1.698897838592529297e+00
-8.633870482444763184e-01
-2.968333721160888672e+00
-1.061394929885864258e+00
-7.935231924057006836e-01
-7.769051790237426758e-01
-9.045696854591369629e-01
-1.673002839088439941e+00
-1.424173712730407715e+00
-1.362943649291992188e+00
-1.623387336730957031e+00
-2.039092540740966797e+00
-8.821137547492980957e-01
-2.225273370742797852e+00
4.755472242832183838e-01
-1.519502997398376465e+00
-2.094257026910781860e-01
-8.802812099456787109e-01
-1.010062098503112793e+00
-1.409294962882995605e+00
-2.168416023254394531e+00
-1.682777166366577148e+00
-1.649783968925476074e+00
-4.748694300651550293e-01
-2.570205926895141602e+00
-1.621095776557922363e+00
-1.323860764503479004e+00
-1.173527240753173828e+00
-1.253062963485717773e+00
-1.391832947731018066e+00
-1.814304113388061523e+00
2.043250501155853271e-01
3.512378036975860596e-01
-9.455608725547790527e-01
-1.831147789955139160e+00
-6.048376560211181641e-01
-1.850044488906860352e+00
-1.388542413711547852e+00
-2.301990509033203125e+00
-1.880672097206115723e+00
-2.387258768081665039e+00
-1.684224963188171387e+00
-1.452152252197265625e+00
-2.343335866928100586e+00
-1.290970206260681152e+00
-1.532433867454528809e+00
-2.290089845657348633e+00
-7.813920974731445312e-01
-1.155532956123352051e+00
-2.180017948150634766e+00
-1.843095779418945312e+00
-9.964582920074462891e-01
-1.548658013343811035e+00
-3.035905361175537109e+00
-1.598238587379455566e+00
-4.486985802650451660e-01
-1.372323751449584961e+00
-1.501151323318481445e+00
-1.326537430286407471e-01
-2.356103897094726562e+00
-2.005342483520507812e+00
-2.248004198074340820e+00
-1.014675974845886230e+00
-9.431806802749633789e-01
1.578226238489151001e-01
-8.068147897720336914e-01
-2.367658615112304688e+00
-2.246879637241363525e-01
-6.382485032081604004e-01
5.355501174926757812e-01
-1.906328678131103516e+00
-2.322346925735473633e+00
-9.700797796249389648e-01
-7.675518393516540527e-01
-2.480938434600830078e+00
-1.780234694480895996e+00
-1.948281049728393555e+00
-9.658384919166564941e-01
-6.676263213157653809e-01
-9.366794228553771973e-01
-6.132478713989257812e-01
-1.782801628112792969e+00
-6.564246416091918945e-01
-1.275035381317138672e+00
-1.874165892601013184e+00
-6.753615736961364746e-01
-8.815388083457946777e-01
-1.826012372970581055e+00
-2.502768278121948242e+00
-2.039278507232666016e+00
-1.366153120994567871e+00
-1.558355450630187988e+00
-1.505820751190185547e+00
-4.940036535263061523e-01
-2.062694787979125977e+00
-6.709266304969787598e-01
-2.173842906951904297e+00
-2.385223150253295898e+00
-1.779898524284362793e+00
-1.451004862785339355e+00
-7.807852029800415039e-01
-1.744321346282958984e+00
-2.254681110382080078e+00
-8.812730908393859863e-01
-6.845141649246215820e-01
1.838417202234268188e-01
-4.379037320613861084e-01
-2.247694492340087891e+00
-1.495470523834228516e+00
-1.970657110214233398e+00
-3.689693212509155273e-01
-1.656340718269348145e+00
-1.541319727897644043e+00
-1.049529552459716797e+00
-1.996440052986145020e+00
-2.390254259109497070e+00
-1.228506803512573242e+00
-1.048510313034057617e+00
-1.472502350807189941e+00
-1.178367257118225098e+00
-1.862169861793518066e+00
-2.305076122283935547e+00
3.089419379830360413e-02
-1.170917868614196777e+00
-2.200393199920654297e+00
-1.814217090606689453e+00
-2.286770820617675781e+00
-3.149536609649658203e+00
-3.239421606063842773e+00
-1.081669479608535767e-01
-2.151677370071411133e+00
-2.045227289199829102e+00
-1.894368410110473633e+00
-5.688259005546569824e-01
-2.683381795883178711e+00
-1.743237257003784180e+00
-1.244811892509460449e+00
-1.038790941238403320e+00
-1.765297293663024902e+00
-1.379500627517700195e+00
-1.706148862838745117e+00
-7.980744838714599609e-01
-9.278022646903991699e-01
-1.307965278625488281e+00
-1.493792414665222168e+00
-2.370585203170776367e+00
-2.798224925994873047e+00
-8.046440482139587402e-01
-4.726526886224746704e-02
-1.295247316360473633e+00
-2.347098827362060547e+00
-1.945301145315170288e-01
-1.103485941886901855e+00
-2.861772537231445312e+00
-1.390420317649841309e+00
-1.808441877365112305e+00
-3.083711147308349609e+00
-1.544371604919433594e+00
-1.615989565849304199e+00
-2.132980346679687500e+00
-8.706824183464050293e-01
-2.080535411834716797e+00
-1.521953225135803223e+00
-9.813716411590576172e-01
-8.460816144943237305e-01
-1.174843668937683105e+00
-2.212712049484252930e+00
-2.304388761520385742e+00
-2.574269473552703857e-01
-1.246369481086730957e+00
-2.695836067199707031e+00
-9.663429260253906250e-01
-2.292111158370971680e+00
-1.962857842445373535e+00
-2.750931739807128906e+00
-7.136116623878479004e-01
-1.556052207946777344e+00
-1.810198426246643066e+00
-2.171087980270385742e+00
-1.529150366783142090e+00
-1.076037049293518066e+00
-1.254689216613769531e+00
-1.294433474540710449e+00
-2.402636289596557617e+00
-4.360970854759216309e-01
-1.967204332351684570e+00
-2.045295476913452148e+00
-1.268219590187072754e+00
-7.742251157760620117e-01
-1.037158250808715820e+00
-1.570619583129882812e+00
-1.408738374710083008e+00
-2.523393630981445312e+00
-5.322014912962913513e-02
-1.514396071434020996e+00
-7.057557106018066406e-01
-1.995738029479980469e+00
-6.511797308921813965e-01
-2.813296914100646973e-01
-1.253140211105346680e+00
-6.757233142852783203e-01
-2.858819007873535156e+00
-1.952027797698974609e+00
-1.067934751510620117e+00
-1.864627838134765625e+00
-1.084567070007324219e+00
-9.145656228065490723e-01
-1.959853470325469971e-01
-5.122024416923522949e-01
2.592254281044006348e-01
-5.827752947807312012e-01
-9.892857670783996582e-01
-1.028980493545532227e+00
-2.115550994873046875e+00
-2.845826864242553711e+00
-2.351099729537963867e+00
1.350991427898406982e-01
-1.755834221839904785e+00
-2.047773599624633789e+00
-3.742054402828216553e-01
-2.078054904937744141e+00
-2.140726804733276367e+00
-2.050836324691772461e+00
-2.318475723266601562e+00
-9.784908294677734375e-01
-6.318024992942810059e-01
-1.467576384544372559e+00
-1.631805658340454102e+00
-9.935070276260375977e-01
-6.647266149520874023e-01
-1.771601557731628418e+00
-1.528704762458801270e+00
-2.265227556228637695e+00
-2.179960250854492188e+00
-2.120657116174697876e-01
-2.073495388031005859e+00
2.933910116553306580e-02
-6.982700228691101074e-01
-8.779064416885375977e-01
-2.150676250457763672e+00
-3.249099969863891602e+00
-1.408150315284729004e+00
-8.502048254013061523e-01
-3.244057893753051758e+00
4.484975337982177734e-01
-1.696226954460144043e+00
-9.888933300971984863e-01
-1.782430529594421387e+00
-8.238347768783569336e-01
-1.606661677360534668e+00
-3.141750335693359375e+00
-6.031802892684936523e-01
-1.269516706466674805e+00
-1.761655569076538086e+00
-1.153071761131286621e+00
-1.427674174308776855e+00
-1.430108070373535156e+00
-1.330451011657714844e+00
-1.639897108078002930e+00
-1.302293896675109863e+00
-2.801366567611694336e+00
-2.040674924850463867e+00
-7.547251582145690918e-01
-2.147198677062988281e+00
-1.747263789176940918e+00
-2.573868513107299805e+00
-1.331256389617919922e+00
-1.519701480865478516e+00
3.457397967576980591e-02
-8.433710336685180664e-01
-2.717801034450531006e-01
-1.879820108413696289e+00
-1.384406805038452148e+00
-2.257145404815673828e+00
-2.046543598175048828e+00
-1.186881303787231445e+00
-2.059566020965576172e+00
-1.500585794448852539e+00
-2.102936029434204102e+00
-1.246424674987792969e+00
7.607451826333999634e-02
-1.395526528358459473e+00
-1.120667219161987305e+00
-2.030488967895507812e+00
-3.182408094406127930e+00
-1.473358869552612305e+00
-1.108720898628234863e+00
-2.427132606506347656e+00
-1.632510066032409668e+00
-3.828173130750656128e-02
5.017935037612915039e-01
1.262432485818862915e-01
-2.246366024017333984e+00
-1.997960686683654785e+00
1.677191406488418579e-01
-1.611561059951782227e+00
-9.973093271255493164e-01
-2.241032838821411133e+00
-2.071426630020141602e+00
-1.124566197395324707e+00
-1.383406162261962891e+00
-2.683047294616699219e+00
2.692796848714351654e-02
-6.053555607795715332e-01
-2.257624715566635132e-01
-1.867844462394714355e+00
-2.961532354354858398e+00
-1.956001996994018555e+00
-2.079205989837646484e+00
-1.990652203559875488e+00
-8.221800923347473145e-01
-1.733955860137939453e+00
-1.588630557060241699e+00
-1.408985614776611328e+00
-3.096359014511108398e+00
-2.103616952896118164e+00
-3.055058002471923828e+00
-1.582096099853515625e+00
-2.716345548629760742e+00
-3.018539905548095703e+00
-4.974073469638824463e-01
-1.550352215766906738e+00
-2.139575958251953125e+00
-2.858676671981811523e+00
-2.669655799865722656e+00
-2.371468067169189453e+00
-2.766297340393066406e+00
-2.080907344818115234e+00
-1.928963303565979004e+00
-1.988286852836608887e+00
-1.614197611808776855e+00
-1.441644310951232910e+00
-1.217505335807800293e+00
-7.961250543594360352e-01
-2.597122430801391602e+00
-9.970581531524658203e-01
-2.361993551254272461e+00
-2.938519001007080078e+00
-8.842958807945251465e-01
-2.130228519439697266e+00
-1.838359087705612183e-01
-1.457932591438293457e+00
-2.717978239059448242e+00
-2.002071142196655273e+00
-8.268186450004577637e-01
-1.550898313522338867e+00
-2.897526025772094727e+00
-1.409669876098632812e+00
-2.345527887344360352e+00
-8.341047763824462891e-01
-1.999086856842041016e+00
-2.065805196762084961e+00
-2.168844938278198242e+00
-7.800815105438232422e-01
-1.787123918533325195e+00
-8.184359669685363770e-01
-2.256849050521850586e+00
-2.635034561157226562e+00
-1.728715896606445312e+00
-1.585061907768249512e+00
-2.359258413314819336e+00
-2.492381334304809570e+00
-1.829773783683776855e+00
-2.485973834991455078e+00
3.032214939594268799e-01
-2.327087402343750000e+00
-1.650167346000671387e+00
-2.388937950134277344e+00
-1.960232734680175781e+00
-1.804316163063049316e+00
-2.656295776367187500e+00
-1.375203847885131836e+00
-1.657759904861450195e+00
-2.806224524974822998e-01
-1.858429074287414551e+00
-2.537836790084838867e+00
-2.444954633712768555e+00
-1.558854818344116211e+00
-3.186047315597534180e+00
-2.807184696197509766e+00
-8.971130251884460449e-01
-1.640768289566040039e+00
-1.365087032318115234e+00
-1.234032511711120605e+00
-2.071291685104370117e+00
-2.076435565948486328e+00
-2.358781576156616211e+00
-2.923043489456176758e+00
-2.917327880859375000e+00
-1.665347576141357422e+00
-1.506933569908142090e-01
-1.867635726928710938e+00
-1.386116385459899902e+00
-2.463343381881713867e+00
-1.632608771324157715e+00
-1.545163869857788086e+00
-1.753792285919189453e+00
-2.329921960830688477e+00
-8.289306759834289551e-01
-2.571909427642822266e+00
-2.659594535827636719e+00
-2.221873998641967773e+00
-1.714320659637451172e+00
-2.657719612121582031e+00
-8.370187133550643921e-02
-2.253027915954589844e+00
-2.908604621887207031e+00
-1.217686295509338379e+00
-2.707013607025146484e+00
-2.007340908050537109e+00
-2.510643005371093750e+00
-9.568062424659729004e-01
-2.199065208435058594e+00
-1.776411533355712891e+00
-1.444583892822265625e+00
-1.459179639816284180e+00
-1.957866072654724121e+00
-1.613806009292602539e+00
-4.665435850620269775e-01
-2.242823362350463867e+00
-2.508894205093383789e+00
-2.532259941101074219e+00
-2.771107435226440430e+00
-2.169286727905273438e+00
-1.940675616264343262e+00
-2.479110956192016602e+00
-1.302989840507507324e+00
-1.089409589767456055e+00
-2.515098333358764648e+00
-1.226683497428894043e+00
-1.655032634735107422e+00
-1.166939616203308105e+00
-2.343787193298339844e+00
-2.197762966156005859e+00
-2.733576059341430664e+00
-3.920244276523590088e-01
-1.734984874725341797e+00
-1.566323518753051758e+00
-1.926359981298446655e-01
-2.066867113113403320e+00
-2.777973413467407227e+00
-3.069592237472534180e+00
-1.367309093475341797e+00
-1.910703063011169434e+00
-2.968865871429443359e+00
-2.038544654846191406e+00
-1.990790069103240967e-01
-5.067218542098999023e-01
-2.285099506378173828e+00
-3.099793195724487305e+00
-1.885574340820312500e+00
-2.364165306091308594e+00
-1.131876349449157715e+00
-9.214472770690917969e-01
-2.718335866928100586e+00
-3.232451438903808594e+00
9.319186210632324219e-02
-1.659366488456726074e+00
-2.589768409729003906e+00
-1.381685256958007812e+00
-1.658126354217529297e+00
-1.576070666313171387e+00
-8.559565544128417969e-01
-3.052747488021850586e+00
-1.988226652145385742e+00
-2.013533830642700195e+00
-1.710419178009033203e+00
-1.968598008155822754e+00
-2.591479539871215820e+00
-1.165362000465393066e+00
-1.754253268241882324e+00
-2.573527336120605469e+00
-1.646679162979125977e+00
-2.011360168457031250e+00
-2.237671852111816406e+00
-1.967805862426757812e+00
-3.100398778915405273e+00
-2.371963262557983398e+00
-2.208347320556640625e+00
-2.002001762390136719e+00
-2.478983402252197266e+00
-4.401847720146179199e-01
-1.908547401428222656e+00
-2.961986541748046875e+00
-1.719173669815063477e+00
-2.294851541519165039e+00
-1.311552047729492188e+00
-3.100341320037841797e+00
-2.698159217834472656e+00
-2.757162332534790039e+00
-6.364794373512268066e-01
-1.638441443443298340e+00
-3.056287527084350586e+00
-3.272033452987670898e+00
-2.995027780532836914e+00
-1.934430718421936035e+00
-2.784859657287597656e+00
-1.934219360351562500e+00
-1.080351471900939941e+00
-1.580042481422424316e+00
-3.087430953979492188e+00
-1.553639173507690430e+00
-1.285840511322021484e+00
1.112111210823059082e-01
-2.171018362045288086e+00
-2.631171226501464844e+00
-4.445970654487609863e-01
-2.073943853378295898e+00
-2.220761299133300781e+00
-2.494237899780273438e+00
-2.527480840682983398e+00
-1.143033429980278015e-01
-3.179055452346801758e+00
-1.068635702133178711e+00
-2.690820455551147461e+00
-1.684693932533264160e+00
-3.296729922294616699e-01
-1.914416790008544922e+00
-7.548202872276306152e-01
-2.030055999755859375e+00
-2.757728815078735352e+00
-9.340143799781799316e-01
-1.481723427772521973e+00
-1.457185506820678711e+00
-2.276323795318603516e+00
-7.797459363937377930e-01
-8.394064754247665405e-02
-2.581332206726074219e+00
-2.460819005966186523e+00
-1.763584613800048828e+00
-2.189723253250122070e+00
-2.644122242927551270e-01
-1.479004740715026855e+00
-8.513748049736022949e-01
-3.015260219573974609e+00
-2.081253051757812500e+00
-8.300865292549133301e-01
-2.117481231689453125e+00
-1.208670973777770996e+00
-1.990491032600402832e+00
-2.048931837081909180e+00
-1.374189853668212891e+00
-2.470566272735595703e+00
-1.356797337532043457e+00
-2.561087131500244141e+00
2.216880321502685547e-01
-9.112533330917358398e-01
-5.609088540077209473e-01
-2.101303577423095703e+00
-1.535341262817382812e+00
-1.205724477767944336e+00
-1.977592945098876953e+00
-3.182986736297607422e+00
-1.389271616935729980e+00
-1.996491909027099609e+00
-2.168330430984497070e+00
-1.298918485641479492e+00
-1.794010400772094727e+00
-1.401839017868041992e+00
-2.939228057861328125e+00
-1.630175471305847168e+00
3.785149753093719482e-01
-3.259297609329223633e+00
-1.368148922920227051e+00
-2.576910018920898438e+00
-7.501275539398193359e-01
-2.799766778945922852e+00
-1.186095714569091797e+00
-2.150603771209716797e+00
-1.974189162254333496e+00
-1.798436880111694336e+00
-1.470314383506774902e+00
-9.645279049873352051e-01
-2.358961105346679688e+00
-3.184952735900878906e+00
-2.459864377975463867e+00
-9.219344258308410645e-01
-7.510931491851806641e-01
-6.972239613533020020e-01
-1.735848069190979004e+00
-2.215901374816894531e+00
-1.530918359756469727e+00
-2.009499549865722656e+00
-8.311460018157958984e-01
-3.212486028671264648e+00
-1.344799280166625977e+00
-1.700634241104125977e+00
-1.251872301101684570e+00
-1.340679287910461426e+00
-9.369674324989318848e-01
-2.777992963790893555e+00
-2.380436897277832031e+00
-2.296485900878906250e+00
-6.740137934684753418e-01
-1.265613913536071777e+00
-1.484978199005126953e+00
-1.344594955444335938e+00
-2.036007165908813477e+00
-2.549113035202026367e+00
-1.790823101997375488e+00
-4.516691863536834717e-01
-1.179624915122985840e+00
-1.393389701843261719e+00
-2.583995819091796875e+00
-1.596171498298645020e+00
-1.138697981834411621e+00
-1.893641591072082520e+00
-3.031855821609497070e+00
-2.842740058898925781e+00
-1.609915614128112793e+00
-2.852718591690063477e+00
-1.520493507385253906e+00
-2.074092626571655273e+00
-3.260009288787841797e-01
-2.283209323883056641e+00
-3.117802858352661133e+00
-1.710957884788513184e+00
-4.270074069499969482e-01
-1.600432515144348145e+00
-2.422248125076293945e+00
-1.805250525474548340e+00
-1.424383044242858887e+00
-2.789465427398681641e+00
-2.087202548980712891e+00
-2.327332973480224609e+00
-1.411227822303771973e+00
-1.763332128524780273e+00
-1.931976795196533203e+00
-1.545497894287109375e+00
-1.957693219184875488e+00
-2.584429264068603516e+00
-1.892903327941894531e+00
-1.142785310745239258e+00
-9.580979347229003906e-01
-1.525325894355773926e+00
-8.162346482276916504e-01
-1.694760680198669434e+00
-1.704405546188354492e+00
-5.922749638557434082e-01
-1.315871596336364746e+00
-2.038411617279052734e+00
-1.338245511054992676e+00
-1.821984052658081055e+00
-2.887547254562377930e+00
-2.712862253189086914e+00
-2.120395898818969727e+00
-2.541654825210571289e+00
-1.262568593025207520e+00
-3.076494455337524414e+00
-1.410007357597351074e+00
-2.398176670074462891e+00
-2.813336372375488281e+00
-2.651737689971923828e+00
-2.658091068267822266e+00
-1.566843628883361816e+00
-1.919440388679504395e+00
-2.605601549148559570e+00
-8.931830525398254395e-01
-1.789718151092529297e+00
-1.850654721260070801e+00
-6.200094819068908691e-01
-2.540567874908447266e+00
-1.114487409591674805e+00
-1.850781440734863281e+00
-2.063738584518432617e+00
-1.001621007919311523e+00
-1.552662968635559082e+00
-1.628066182136535645e+00
-2.551072597503662109e+00
-1.435875058174133301e+00
-5.725893378257751465e-01
-3.076045036315917969e+00
-2.347677469253540039e+00
-1.769162893295288086e+00
-1.873474478721618652e+00
-7.477887272834777832e-01
-1.212675452232360840e+00
-1.316744208335876465e+00
-2.238354206085205078e+00
-2.178533077239990234e+00
-1.643516063690185547e+00
-8.098304271697998047e-01
-3.158384799957275391e+00
-3.198630809783935547e+00
-2.558217287063598633e+00
-8.052888512611389160e-01
-1.264850378036499023e+00
-1.009454369544982910e+00
-2.244014739990234375e+00
-1.312003374099731445e+00
-2.099522829055786133e+00
-8.642756938934326172e-01
-2.082440376281738281e+00
-2.195775508880615234e+00
-1.494108080863952637e+00
-2.807126045227050781e+00
-1.138553261756896973e+00
-1.177493929862976074e+00
-1.915643095970153809e+00
-1.863393306732177734e+00
-2.212000846862792969e+00
-1.476570606231689453e+00
-2.758382320404052734e+00
-1.981717944145202637e+00
-1.169747829437255859e+00
-1.549421399831771851e-01
-1.343214869499206543e+00
-2.735641717910766602e+00
-3.083983182907104492e+00
-1.200585484504699707e+00
-1.285856604576110840e+00
-2.114061594009399414e+00
-2.204889297485351562e+00
-9.802621603012084961e-01
-1.361957430839538574e+00
-6.260409951210021973e-01
-2.267406225204467773e+00
-1.775224924087524414e+00
-2.001468658447265625e+00
-1.976251959800720215e+00
-2.036650657653808594e+00
-1.699393033981323242e+00
-2.331915616989135742e+00
-1.921315789222717285e+00
-1.926882266998291016e+00
-1.940927028656005859e+00
-2.177139043807983398e+00
-1.998952746391296387e+00
-1.649617552757263184e+00
-1.106581926345825195e+00
-3.119229316711425781e+00
-2.585772514343261719e+00
-7.321212887763977051e-01
-1.780503392219543457e+00
-1.674867153167724609e+00
-3.217384099960327148e+00
-2.180000543594360352e+00
-8.733202219009399414e-01
-1.611918330192565918e+00
-1.117201805114746094e+00
-1.333966732025146484e+00
-1.489980459213256836e+00
-2.236453533172607422e+00
-1.546825170516967773e+00
-9.052979946136474609e-01
-5.248121023178100586e-01
-1.869932413101196289e+00
-1.730935692787170410e+00
-5.667506456375122070e-01
-1.158994793891906738e+00
-1.288069844245910645e+00
-4.224306941032409668e-01
-3.077200651168823242e+00
-1.377530574798583984e+00
-3.208869457244873047e+00
-1.590843439102172852e+00
-2.402073621749877930e+00
-1.068316817283630371e+00
-1.583275914192199707e+00
-2.081609725952148438e+00
-2.088730335235595703e+00
-1.370851159095764160e+00
-2.224181413650512695e+00
-2.943896055221557617e+00
-3.206087112426757812e+00
-4.130094051361083984e-01
-1.389882206916809082e+00
-2.603417158126831055e+00
-3.135537624359130859e+00
-8.410798907279968262e-01
-2.351932525634765625e+00
-2.113898992538452148e+00
-2.605712711811065674e-01
-1.690457224845886230e+00
-6.008825898170471191e-01
-7.077205777168273926e-01
-1.774932384490966797e+00
-5.678654909133911133e-01
-1.059595584869384766e+00
-2.303862810134887695e+00
-1.642017364501953125e+00
-1.071194052696228027e+00
-1.874858021736145020e+00
-2.166569948196411133e+00
-1.011811733245849609e+00
-7.994060516357421875e-01
-2.632827758789062500e+00
-1.211070939898490906e-01
-1.403417110443115234e+00
-1.142675876617431641e+00
-1.834367632865905762e+00
-2.115554809570312500e+00
-1.187645435333251953e+00
-6.864638924598693848e-01
-1.185654044151306152e+00
-2.448013544082641602e+00
-1.091983556747436523e+00
3.580534160137176514e-01
-2.128176927566528320e+00
-1.588335871696472168e+00
-5.666748285293579102e-01
-1.743618965148925781e+00
-1.126322150230407715e+00
-1.638075828552246094e+00
-5.052990317344665527e-01
-2.308099746704101562e+00
-2.116146802902221680e+00
-2.594827413558959961e-01
-1.597684860229492188e+00
-2.403055667877197266e+00
-6.820020079612731934e-01
-1.596872448921203613e+00
-1.581215023994445801e+00
-1.192864775657653809e+00
-2.644030570983886719e+00
-2.191428184509277344e+00
-1.231961846351623535e-01
-1.387417316436767578e+00
-2.817799568176269531e+00
-1.435747742652893066e+00
-3.250566124916076660e-01
-6.227733492851257324e-01
-2.499756813049316406e+00
-9.563085436820983887e-01
-2.326490879058837891e+00
-2.285943031311035156e+00
-2.236126661300659180e+00
-1.511418700218200684e+00
-1.695773005485534668e+00
-4.682845473289489746e-01
-1.488578081130981445e+00
-2.237787723541259766e+00
-2.429649680852890015e-01
-1.734482884407043457e+00
-2.660827636718750000e+00
-2.792336940765380859e+00
-7.376222014427185059e-01
-1.194527745246887207e+00
-2.124408960342407227e+00
-2.018225193023681641e+00
-1.367367386817932129e+00
-1.038141101598739624e-01
-2.912919521331787109e+00
-1.659714102745056152e+00
-1.628800034523010254e+00
-2.013605117797851562e+00
-3.214417457580566406e+00
-2.962768316268920898e+00
-2.107398509979248047e+00
-1.669046521186828613e+00
-5.713856220245361328e-01
-1.554435014724731445e+00
-6.054289340972900391e-01
-5.203611254692077637e-01
-2.888115644454956055e+00
-1.286839246749877930e+00
-1.373104095458984375e+00
-2.348123788833618164e+00
-1.083706021308898926e+00
-2.124628543853759766e+00
-1.666887044906616211e+00
-1.718353033065795898e+00
-1.780499219894409180e+00
-1.681524038314819336e+00
-8.715980648994445801e-01
2.199305593967437744e-01
-1.530213832855224609e+00
-2.416038990020751953e+00
-5.296604633331298828e-01
-6.202303767204284668e-01
-2.663568973541259766e+00
-1.285694003105163574e+00
-2.208803892135620117e+00
-1.227540612220764160e+00
-3.238286256790161133e+00
-1.471617221832275391e+00
-8.941780924797058105e-01
-5.952441692352294922e-01
-2.011931419372558594e+00
-2.449247598648071289e+00
-2.078098773956298828e+00
3.524872064590454102e-01
-1.492921710014343262e+00
-3.070075511932373047e+00
-8.305853009223937988e-01
-1.935137629508972168e+00
-4.231530427932739258e-02
-1.879584312438964844e+00
-2.935679256916046143e-01
-8.274707198143005371e-01
-8.712717890739440918e-01
-3.091070175170898438e+00
-1.476312637329101562e+00
-1.284595370292663574e+00
-2.520409584045410156e+00
-2.356692552566528320e+00
-1.355898082256317139e-01
-5.796899199485778809e-01
-2.369467020034790039e+00
-7.471548914909362793e-01
-2.040225505828857422e+00
-2.103792428970336914e+00
-1.918762922286987305e+00
-1.126415729522705078e+00
1.341685205698013306e-01
-6.191405057907104492e-01
-2.844722986221313477e+00
-1.602515220642089844e+00
-7.667785882949829102e-01
-1.284358501434326172e+00
-1.293719887733459473e+00
-2.575670242309570312e+00
-1.130472302436828613e+00
-8.357812762260437012e-01
-1.378421068191528320e+00
-2.506432533264160156e+00
-2.363069057464599609e+00
-8.108571171760559082e-01
-1.815641641616821289e+00
-1.821467995643615723e+00
-2.075782537460327148e+00
-2.175713539123535156e+00
-2.147136449813842773e+00
-1.611482262611389160e+00
-1.691635966300964355e+00
-1.487720727920532227e+00
-8.365826606750488281e-01
-2.261784553527832031e+00
-3.264956712722778320e+00
-2.541593790054321289e+00
-1.767326354980468750e+00
-1.691500425338745117e+00
-3.082718372344970703e+00
-2.562834501266479492e+00
-2.599006891250610352e+00
-2.932942152023315430e+00
-1.866975307464599609e+00
-2.020942211151123047e+00
-1.493395805358886719e+00
3.498213887214660645e-01
-9.457837939262390137e-01
-2.016672849655151367e+00
-1.863691806793212891e+00
-1.295877337455749512e+00
-9.441865682601928711e-01
-5.674763321876525879e-01
-1.351139068603515625e+00
-2.865938425064086914e+00
-1.452659606933593750e+00
-2.098188161849975586e+00
-2.626410484313964844e+00
-2.787013530731201172e+00
-2.654346227645874023e+00
-1.560794711112976074e+00
-1.731961488723754883e+00
-1.826771616935729980e+00
-2.141550540924072266e+00
-1.925449609756469727e+00
-3.191179990768432617e+00
-3.048504590988159180e+00
-1.619266033172607422e+00
-1.508762359619140625e+00
-3.012848377227783203e+00
-2.415648698806762695e+00
-2.013176679611206055e+00
-3.115240335464477539e+00
-2.683387517929077148e+00
-2.341435670852661133e+00
-1.690204977989196777e+00
-8.318922519683837891e-01
-3.106905698776245117e+00
-2.649909496307373047e+00
-2.662180423736572266e+00
-1.751125216484069824e+00
-2.347964048385620117e+00
-2.568449020385742188e+00
-2.128144502639770508e+00
-2.022865772247314453e+00
-2.917799711227416992e+00
-1.105148792266845703e+00
-9.347588419914245605e-01
-3.056694746017456055e+00
-1.478942513465881348e+00
-1.964498519897460938e+00
-2.466145515441894531e+00
-2.686334848403930664e+00
-2.050937891006469727e+00
-1.606344223022460938e+00
-1.764090418815612793e+00
-1.899611711502075195e+00
-1.630834102630615234e+00
-2.315430164337158203e+00
-1.748185992240905762e+00
-2.249621629714965820e+00
-9.603631496429443359e-01
-1.762507200241088867e+00
-2.753366708755493164e+00
-1.600717306137084961e+00
-1.611815571784973145e+00
-1.978777289390563965e+00
-1.535198330879211426e+00
-1.785006642341613770e+00
-8.663959503173828125e-01
-1.526872634887695312e+00
-2.789817810058593750e+00
-3.148358821868896484e+00
-2.920978069305419922e+00
-1.552829623222351074e+00
-1.687245845794677734e+00
-1.586381077766418457e+00
-1.806480646133422852e+00
-2.258062362670898438e+00
-3.165827274322509766e+00
-2.291506290435791016e+00
-3.144984722137451172e+00
-3.090273618698120117e+00
-2.278394699096679688e+00
-3.047474622726440430e+00
-1.885703682899475098e+00
-1.061107277870178223e+00
-2.738008737564086914e+00
-2.795485258102416992e+00
-1.954561710357666016e+00
-1.389655351638793945e+00
-1.152148365974426270e+00
-1.907188415527343750e+00
-3.094741582870483398e+00
-7.347968220710754395e-01
-1.385325074195861816e+00
-9.775886535644531250e-01
-2.652679204940795898e+00
-3.168700933456420898e+00
-5.214072465896606445e-01
-1.492297530174255371e+00
-2.799601078033447266e+00
-1.673892974853515625e+00
-1.541560053825378418e+00
-1.117908477783203125e+00
-2.126622915267944336e+00
-1.958891391754150391e+00
-2.419190883636474609e+00
-3.149195432662963867e+00
-2.889813661575317383e+00
-1.553606629371643066e+00
-2.070276021957397461e+00
-2.614511251449584961e+00
-1.874707698822021484e+00
-2.777259349822998047e+00
-9.244591593742370605e-01
-2.200419187545776367e+00
-2.967585563659667969e+00
-2.508146524429321289e+00
-2.093944311141967773e+00
-2.802089214324951172e+00
-2.852735280990600586e+00
-2.029814958572387695e+00
-1.807352781295776367e+00
-2.018576622009277344e+00
-1.875465631484985352e+00
-2.283658742904663086e+00
-1.845516204833984375e+00
-1.890270948410034180e+00
-2.682309150695800781e+00
-2.215077877044677734e+00
-2.573177814483642578e+00
-8.409159183502197266e-01
-2.496335983276367188e+00
-2.016139507293701172e+00
-1.481836557388305664e+00
-1.284656405448913574e+00
-1.738758325576782227e+00
-3.132100820541381836e+00
-1.219296216964721680e+00
-2.600092172622680664e+00
-1.506134033203125000e+00
-3.132313489913940430e+00
-1.790292382240295410e+00
-3.243966341018676758e+00
-9.681010246276855469e-01
-2.919589757919311523e+00
-1.496965289115905762e+00
-2.707549333572387695e+00
-1.888949990272521973e+00
-1.831700921058654785e+00
-2.496575355529785156e+00
-3.244847297668457031e+00
-2.136105775833129883e+00
-2.726019382476806641e+00
-2.640727281570434570e+00
-2.295303344726562500e+00
-2.133892297744750977e+00
-1.054105162620544434e+00
-2.903856754302978516e+00
-2.693141222000122070e+00
-2.828509807586669922e+00
-8.980513215065002441e-01
-2.944201231002807617e+00
-2.026911973953247070e+00
-2.565269470214843750e+00
-9.629758596420288086e-01
-2.851345777511596680e+00
-2.553252935409545898e+00
-1.575717210769653320e+00
-2.427482604980468750e+00
-1.426114320755004883e+00
-3.196741819381713867e+00
-1.589240670204162598e+00
-3.237048625946044922e+00
-2.353763580322265625e+00
-2.236871004104614258e+00
-6.290013790130615234e-01
-2.431907892227172852e+00
-3.091853857040405273e+00
-1.845476388931274414e+00
-6.361342072486877441e-01
-2.943196535110473633e+00
-1.830627918243408203e+00
-3.020178794860839844e+00
-2.606043577194213867e+00
-1.533682346343994141e+00
-3.243235349655151367e+00
-3.178044795989990234e+00
-1.442165851593017578e+00
-7.708361744880676270e-01
-2.830202102661132812e+00
-2.161842823028564453e+00
-2.230602025985717773e+00
-1.004272818565368652e+00
-1.688639163970947266e+00
-1.712495803833007812e+00
-2.363576412200927734e+00
-1.543948531150817871e+00
-2.689143180847167969e+00
-1.303615927696228027e+00
-3.022346735000610352e+00
-1.970069646835327148e+00
-2.255985498428344727e+00
-2.472811222076416016e+00
-2.841545581817626953e+00
-1.459862351417541504e+00
-2.398249626159667969e+00
-2.203586339950561523e+00
-3.194562196731567383e+00
-2.431249141693115234e+00
-2.212966918945312500e+00
-3.053447723388671875e+00
-9.418393373489379883e-01
-1.458198070526123047e+00
-1.498638868331909180e+00
-1.130385041236877441e+00
-1.879921197891235352e+00
-2.482733488082885742e+00
-1.508542656898498535e+00
-2.930662870407104492e+00
-2.253302574157714844e+00
-1.328563213348388672e+00
-1.830590367317199707e+00
-2.115309238433837891e+00
-9.140754938125610352e-01
-2.667316675186157227e+00
-1.911878466606140137e+00
-2.494745016098022461e+00
-2.544582605361938477e+00
-1.168926835060119629e+00
-1.618929386138916016e+00
-1.770155549049377441e+00
-1.591068625450134277e+00
-2.450803756713867188e+00
-1.443855404853820801e+00
-2.373945951461791992e+00
-1.710526704788208008e+00
-1.706544280052185059e+00
-2.664374351501464844e+00
-2.257303476333618164e+00
-1.661317825317382812e+00
-2.136138439178466797e+00
-2.775393486022949219e+00
-2.846712350845336914e+00
-2.632566690444946289e+00
-2.412647962570190430e+00
-1.451120972633361816e+00
-1.561654210090637207e+00
-2.821512699127197266e+00
-1.687194824218750000e+00
-2.293453931808471680e+00
-2.714611291885375977e+00
-1.765003442764282227e+00
-3.047704696655273438e+00
-2.012867689132690430e+00
-2.199219703674316406e+00
-7.955341339111328125e-01
-1.981978416442871094e+00
-1.691244959831237793e+00
-1.682851552963256836e+00
-7.142751216888427734e-01
-2.208688259124755859e+00
-1.950747013092041016e+00
-2.612217187881469727e+00
-2.471435546875000000e+00
-1.582929730415344238e+00
-1.824678063392639160e+00
-1.891244173049926758e+00
-9.039043188095092773e-01
-1.933175325393676758e+00
-3.020326375961303711e+00
-2.119893789291381836e+00
-1.867219090461730957e+00
-1.432957172393798828e+00
-2.831847429275512695e+00
-1.254850268363952637e+00
-2.807123661041259766e+00
-2.252283334732055664e+00
-1.861488819122314453e+00
-1.912316083908081055e+00
-2.272287368774414062e+00
-3.099067449569702148e+00
-1.589800238609313965e+00
-2.852391958236694336e+00
-2.328666687011718750e+00
-2.907672882080078125e+00
-2.847052574157714844e+00
-2.428126096725463867e+00
-4.135933220386505127e-01
-1.805298328399658203e+00
-1.960002899169921875e+00
-2.018683195114135742e+00
-1.521915197372436523e+00
-1.686692357063293457e+00
-2.544093370437622070e+00
-9.200224876403808594e-01
-1.648580789566040039e+00
-1.425529956817626953e+00
-1.612514495849609375e+00
-1.513259410858154297e+00
-1.922953486442565918e+00
-2.982928514480590820e+00
-8.764216303825378418e-01
-1.788314819335937500e+00
-2.035931110382080078e+00
-2.141689777374267578e+00
-3.173827171325683594e+00
-2.440433979034423828e+00
-1.447768688201904297e+00
-2.957997560501098633e+00
-2.159950733184814453e+00
-2.269317865371704102e+00
-9.780734181404113770e-01
-2.359288215637207031e+00
-1.336853265762329102e+00
-1.876197338104248047e+00
-2.369013786315917969e+00
-3.332350730895996094e+00
-1.677590370178222656e+00
-1.523153781890869141e+00
1.532559990882873535e-01
-1.129832744598388672e+00
-9.138373732566833496e-01
-3.155813217163085938e+00
-2.420767784118652344e+00
-2.949323415756225586e+00
-1.955567240715026855e+00
-3.193510532379150391e+00
-2.063759565353393555e+00
-1.534388303756713867e+00
-1.150739669799804688e+00
-1.425260305404663086e+00
-1.733214020729064941e+00
-1.239742517471313477e+00
-3.126695632934570312e+00
-2.716922521591186523e+00
-1.472594857215881348e+00
-2.230412006378173828e+00
-1.358916759490966797e+00
-1.556632518768310547e+00
-1.740839242935180664e+00
-3.143095731735229492e+00
-2.889654636383056641e+00
-2.829303979873657227e+00
-1.843895673751831055e+00
-1.759661793708801270e+00
-2.964735507965087891e+00
-3.091101408004760742e+00
-6.878050416707992554e-02
-1.444137454032897949e+00
-1.569707393646240234e+00
-2.384045362472534180e+00
-1.472728967666625977e+00
-8.637923002243041992e-01
-2.291055440902709961e+00
-1.464191317558288574e+00
-2.213411331176757812e+00
-1.399095296859741211e+00
-2.097559452056884766e+00
-2.666450500488281250e+00
-1.180882573127746582e+00
-5.511241555213928223e-01
-1.954320669174194336e+00
-3.187554597854614258e+00
-1.956087231636047363e+00
-2.240711450576782227e+00
-8.956405520439147949e-01
-2.531780242919921875e+00
-2.701128721237182617e+00
-1.252502083778381348e+00
-3.176116943359375000e+00
-2.705879449844360352e+00
-2.206058502197265625e+00
-2.047764301300048828e+00
-2.684150457382202148e+00
-1.925504326820373535e+00
-1.582372069358825684e+00
-1.821848511695861816e+00
-2.961129665374755859e+00
-1.084705829620361328e+00
-3.082001924514770508e+00
-2.057515621185302734e+00
-3.081963062286376953e+00
-2.311884403228759766e+00
-6.353045701980590820e-01
-1.935470104217529297e+00
-3.112717151641845703e+00
-1.611686468124389648e+00
-2.825467109680175781e+00
-1.785733580589294434e+00
-8.097658753395080566e-01
-1.996941208839416504e+00
-2.377301454544067383e+00
-1.592668533325195312e+00
-1.992928504943847656e+00
-2.551333427429199219e+00
-2.196359634399414062e+00
-1.835772991180419922e+00
-2.227938652038574219e+00
-1.933742284774780273e+00
-5.793592929840087891e-01
-2.501944541931152344e+00
-1.868958234786987305e+00
-2.346692085266113281e+00
-2.944520235061645508e+00
-1.689721107482910156e+00
-1.796201467514038086e+00
-9.062015414237976074e-01
-1.062761902809143066e+00
-1.214255571365356445e+00
-2.747204303741455078e+00
-1.634237766265869141e+00
-2.522738456726074219e+00
-3.660337626934051514e-01
-1.488444685935974121e+00
-1.757134437561035156e+00
-7.058880329132080078e-01
-2.058685302734375000e+00
-2.526216983795166016e+00
-4.185882508754730225e-01
-1.927710533142089844e+00
-6.802539229393005371e-01
-3.163618564605712891e+00
-1.884928584098815918e+00
-3.198186635971069336e+00
-1.891872286796569824e+00
-2.846359014511108398e+00
-1.986126303672790527e+00
-3.102930545806884766e+00
-2.614309549331665039e+00
-3.249915361404418945e+00
-1.533207654953002930e+00
-1.699769973754882812e+00
-2.979737520217895508e+00
-1.969538092613220215e+00
-2.603848218917846680e+00
-1.552124738693237305e+00
-6.868324279785156250e-01
-7.398850917816162109e-01
-2.612011432647705078e+00
-2.601272583007812500e+00
-3.261969804763793945e+00
-1.138727068901062012e+00
-2.540019989013671875e+00
-2.731053352355957031e+00
-2.294384002685546875e+00
-2.483790636062622070e+00
-2.924774646759033203e+00
-2.359682798385620117e+00
-1.573757410049438477e+00
-1.521714687347412109e+00
-1.550402164459228516e+00
-2.343396902084350586e+00
-2.661057949066162109e+00
-1.017572283744812012e+00
-2.546693325042724609e+00
-2.573915719985961914e+00
-1.744184017181396484e+00
-1.575509309768676758e+00
-1.256387472152709961e+00
-2.017842054367065430e+00
-2.742236137390136719e+00
-2.429896831512451172e+00
-2.892813682556152344e+00
-1.290657758712768555e+00
-1.482230186462402344e+00
-2.609352827072143555e+00
-2.917878627777099609e+00
-2.534368991851806641e+00
-2.148350954055786133e+00
-7.852977514266967773e-01
-5.237786769866943359e-01
-3.298939228057861328e+00
-1.394476771354675293e+00
-1.855075716972351074e+00
-2.527136564254760742e+00
-1.405358791351318359e+00
-2.919491052627563477e+00
-1.617223739624023438e+00
-1.514692783355712891e+00
-3.103846311569213867e+00
-4.846117496490478516e-01
-2.382753849029541016e+00
-2.499614715576171875e+00
-2.003408908843994141e+00
-8.915927410125732422e-01
-6.366658806800842285e-01
-6.495621800422668457e-01
-1.863377332687377930e+00
-2.619790554046630859e+00
-2.042077541351318359e+00
-2.070430278778076172e+00
-1.547370195388793945e+00
-2.714359045028686523e+00
-2.065453052520751953e+00
-1.604032516479492188e+00
-9.482212662696838379e-01
-2.861245870590209961e+00
-2.874413013458251953e+00
-3.159400463104248047e+00
-2.451302289962768555e+00
-1.618886590003967285e+00
-2.248318910598754883e+00
-2.112011909484863281e+00
-1.810503602027893066e+00
-2.104521989822387695e+00
-3.063353061676025391e+00
-2.700184822082519531e+00
-2.699790477752685547e+00
-2.496836662292480469e+00
-1.570677757263183594e+00
-2.718937397003173828e+00
-1.885557651519775391e+00
-2.424216747283935547e+00
-1.200778007507324219e+00
-2.925761222839355469e+00
-6.671671271324157715e-01
-2.076245307922363281e+00
-1.573454976081848145e+00
-3.246300697326660156e+00
-2.532253742218017578e+00
-3.403004705905914307e-01
-2.312944889068603516e+00
-1.471767902374267578e+00
-2.729975938796997070e+00
-2.769637584686279297e+00
-2.107910394668579102e+00
-1.441661357879638672e+00
-1.511617302894592285e+00
-2.317040443420410156e+00
-1.520919442176818848e+00
-3.238150358200073242e+00
-2.443871259689331055e+00
-1.752112030982971191e+00
-5.788374543190002441e-01
-1.459043622016906738e+00
-3.151813507080078125e+00
-3.140284299850463867e+00
-2.442902803421020508e+00
-2.993942737579345703e+00
-7.205542325973510742e-01
-2.881257534027099609e+00
-5.650778412818908691e-01
-3.280204057693481445e+00
-1.885492920875549316e+00
-1.918168544769287109e+00
-1.118072152137756348e+00
-3.057545900344848633e+00
-3.052008628845214844e+00
-1.715279579162597656e+00
-2.258476495742797852e+00
-1.519490242004394531e+00
-2.550918102264404297e+00
-2.629719018936157227e+00
-1.940313458442687988e+00
-2.911505222320556641e+00
-2.701286792755126953e+00
-2.076704502105712891e+00
-3.107361793518066406e+00
-2.179293632507324219e+00
-1.573728084564208984e+00
-2.598573207855224609e+00
-2.322309494018554688e+00
-2.979697227478027344e+00
-2.235123872756958008e+00
-1.447866320610046387e+00
-1.824452519416809082e+00
-2.067528009414672852e+00
-2.089271306991577148e+00
-1.584225296974182129e+00
-1.540387511253356934e+00
-1.460860848426818848e+00
-3.091027975082397461e+00
-1.944048047065734863e+00
-1.049106955528259277e+00
-7.008888721466064453e-01
-2.283820390701293945e+00
-1.771807909011840820e+00
-2.462683677673339844e+00
-2.090616226196289062e+00
-2.012398958206176758e+00
-1.892033338546752930e+00
-3.192756414413452148e+00
-2.330008149147033691e-01
-2.576972723007202148e+00
-4.800349771976470947e-01
-2.923355102539062500e+00
-2.854962110519409180e+00
-2.767790555953979492e+00
-7.943948507308959961e-01
-1.169959187507629395e+00
-1.842453718185424805e+00
-2.239727497100830078e+00
-3.301590681076049805e+00
-2.028983831405639648e+00
-7.815470695495605469e-01
-1.681078314781188965e+00
-2.446050643920898438e+00
-2.270093679428100586e+00
-3.139739274978637695e+00
-3.248317956924438477e+00
-3.137038350105285645e-01
-2.092710018157958984e+00
-2.348364353179931641e+00
-1.220322489738464355e+00
-3.208195686340332031e+00
-2.070481061935424805e+00
-2.599693536758422852e+00
-1.751202344894409180e+00
-2.145823240280151367e+00
-2.089100599288940430e+00
-2.542149066925048828e+00
-2.132891178131103516e+00
-2.497675418853759766e+00
-2.239890813827514648e+00
-1.583056688308715820e+00
-2.970955371856689453e+00
-2.501166105270385742e+00
-1.954539537429809570e+00
-2.576459407806396484e+00
-2.475373744964599609e+00
-2.949952602386474609e+00
-2.614506959915161133e+00
-2.828147411346435547e+00
-2.505052566528320312e+00
-2.979890823364257812e+00
-8.601354956626892090e-01
-1.571757197380065918e+00
-2.743437767028808594e+00
-2.804511785507202148e+00
-7.133583426475524902e-01
-5.691803693771362305e-01
-2.206780433654785156e+00
-2.481915712356567383e+00
-1.832211494445800781e+00
-1.174889445304870605e+00
-3.058602094650268555e+00
-2.585157155990600586e+00
-1.642115831375122070e+00
-2.817941904067993164e+00
-2.574867248535156250e+00
-1.235158443450927734e+00
-2.930620431900024414e+00
-1.766893565654754639e-01
-1.510277748107910156e+00
-2.346256732940673828e+00
-2.014283657073974609e+00
-1.580841898918151855e+00
-1.916452407836914062e+00
-1.608267188072204590e+00
-1.880779385566711426e+00
-2.368677377700805664e+00
-2.799581766128540039e+00
-1.416227817535400391e+00
-1.134612679481506348e+00
-1.598567128181457520e+00
-3.161905050277709961e+00
-1.920203804969787598e+00
-1.976685881614685059e+00
-2.993466138839721680e+00
-1.695645451545715332e+00
-1.704682350158691406e+00
-1.031836628913879395e+00
-2.601326704025268555e+00
-2.314123153686523438e+00
-2.732713222503662109e+00
-8.811993896961212158e-02
-3.012869834899902344e+00
-2.667985677719116211e+00
-1.945910930633544922e+00
-2.482682704925537109e+00
-2.562035799026489258e+00
-1.587302088737487793e+00
-1.845807909965515137e+00
-2.443447828292846680e+00
-1.721339821815490723e+00
-1.179713249206542969e+00
-2.467177629470825195e+00
-1.120511889457702637e+00
-3.146974802017211914e+00
-3.039512395858764648e+00
-2.114197254180908203e+00
-1.247009634971618652e+00
-2.137444496154785156e+00
-2.798094749450683594e+00
-2.415757894515991211e+00
-2.936078071594238281e+00
-2.797240257263183594e+00
-6.296323537826538086e-01
-1.628690242767333984e+00
-1.751729607582092285e+00
-8.898116946220397949e-01
-2.281693696975708008e+00
-1.490450143814086914e+00
-1.852272510528564453e+00
-2.997630596160888672e+00
-2.419100522994995117e+00
-2.764530658721923828e+00
-6.435922980308532715e-01
-2.104785442352294922e+00
-1.978995561599731445e+00
-1.327163577079772949e+00
-1.530567049980163574e+00
-2.526313543319702148e+00
-2.303380489349365234e+00
-2.193766832351684570e+00
-5.080363154411315918e-01
-2.813861608505249023e+00
-9.520419836044311523e-01
-3.057140827178955078e+00
-1.353669047355651855e+00
-1.971359848976135254e+00
-2.045424938201904297e+00
-1.643924832344055176e+00
-1.909559130668640137e+00
-2.580880165100097656e+00
-1.824823737144470215e+00
-3.144333362579345703e+00
-2.157893419265747070e+00
-1.635789394378662109e+00
-8.501907587051391602e-01
-1.537175893783569336e+00
-9.642414450645446777e-01
-3.030361652374267578e+00
-1.972435951232910156e+00
-7.513344287872314453e-01
-2.605620622634887695e+00
-2.123077154159545898e+00
-2.493987560272216797e+00
-2.623696804046630859e+00
-8.313810825347900391e-02
-9.884765148162841797e-01
-1.575704336166381836e+00
-1.665616035461425781e+00
-2.815984249114990234e+00
-2.242792248725891113e-01
-2.991233110427856445e+00
-3.153053522109985352e+00
-2.572529077529907227e+00
-2.602398157119750977e+00
-1.998295545578002930e+00
-2.853367328643798828e+00
-2.544684171676635742e+00
-2.501842021942138672e+00
-8.867551088333129883e-01
-2.636565923690795898e+00
-2.120641708374023438e+00
-2.810858964920043945e+00
-3.706327080726623535e-01
-2.653581619262695312e+00
-1.825696945190429688e+00
-1.421338558197021484e+00
-3.133891105651855469e+00
-1.627216458320617676e+00
-8.420365452766418457e-01
-3.116862535476684570e+00
-1.017699480056762695e+00
-1.419299364089965820e+00
6.932689249515533447e-02
-7.627783417701721191e-01
-3.227320909500122070e+00
-2.561903715133666992e+00
-2.600664854049682617e+00
-9.004877209663391113e-01
-5.064347982406616211e-01
-1.785673260688781738e+00
-1.626516342163085938e+00
-1.997949123382568359e+00
-9.322725534439086914e-01
-2.032863378524780273e+00
-2.062302112579345703e+00
-1.374878525733947754e+00
-1.413396716117858887e+00
-2.838038444519042969e+00
-2.001219987869262695e+00
-8.627197742462158203e-01
-2.447008848190307617e+00
-3.137243032455444336e+00
-2.967204332351684570e+00
-4.686351418495178223e-01
-2.480626106262207031e+00
-3.063384056091308594e+00
-1.075960516929626465e+00
-2.369922161102294922e+00
-1.683208703994750977e+00
-4.618256986141204834e-01
-2.215719699859619141e+00
-2.353782415390014648e+00
-2.041844606399536133e+00
-2.190568208694458008e+00
-2.358569622039794922e+00
-2.659477710723876953e+00
-2.551448822021484375e+00
-2.312091588973999023e+00
-1.689990282058715820e+00
-1.000220656394958496e+00
-7.117165923118591309e-01
-2.564360857009887695e+00
-1.481344580650329590e+00
-3.110109806060791016e+00
-2.499742984771728516e+00
-1.620021939277648926e+00
-1.148501157760620117e+00
-2.653891086578369141e+00
-2.719770193099975586e+00
-2.748439073562622070e+00
-1.212037563323974609e+00
-1.961665272712707520e+00
-3.150536060333251953e+00
-1.645647644996643066e+00
-1.300041556358337402e+00
-2.265718877315521240e-01
-1.666463851928710938e+00
-3.165097236633300781e+00
-2.316823959350585938e+00
-1.683290839195251465e+00
-2.001461982727050781e+00
-2.608947753906250000e+00
-2.224061250686645508e+00
-1.919250488281250000e+00
-1.511094450950622559e+00
-2.589827537536621094e+00
-2.132968187332153320e+00
-5.787267684936523438e-01
-2.291834115982055664e+00
-2.408076047897338867e+00
-2.028931617736816406e+00
-1.907884359359741211e+00
-1.856844186782836914e+00
-1.590342640876770020e+00
-2.682687759399414062e+00
-8.709492683410644531e-01
-2.200213432312011719e+00
-1.975667357444763184e+00
-2.440725564956665039e+00
-2.732475519180297852e+00
-2.752306461334228516e+00
-1.382154941558837891e+00
-3.256253242492675781e+00
2.974083274602890015e-02
-2.143690109252929688e+00
-2.305181264877319336e+00
-8.443731069564819336e-01
-1.984587788581848145e+00
-2.555656433105468750e+00
-2.989156723022460938e+00
-3.114846706390380859e+00
-1.643257021903991699e+00
-5.561394095420837402e-01
-1.581560373306274414e+00
-1.821330547332763672e+00
-2.139423847198486328e+00
-8.396953940391540527e-01
-1.839462637901306152e+00
-1.608170151710510254e+00
-1.907154440879821777e+00
-1.331461668014526367e+00
-3.258466720581054688e+00
-1.475137948989868164e+00
-1.413153290748596191e+00
-2.931601047515869141e+00
-1.538460493087768555e+00
-1.322291016578674316e+00
-1.977850437164306641e+00
-1.137961745262145996e+00
-7.661222815513610840e-01
-3.140242576599121094e+00
-2.937305212020874023e+00
-1.980046749114990234e+00
-2.634343624114990234e+00
-5.669053196907043457e-01
-1.137134671211242676e+00
-2.608219623565673828e+00
-1.282427191734313965e+00
-2.374140501022338867e+00
-3.135627746582031250e+00
-2.131829738616943359e+00
-2.833483695983886719e+00
-2.614704608917236328e+00
-1.679528832435607910e+00
-2.969105005264282227e+00
-7.688241004943847656e-01
-1.482158541679382324e+00
-1.207790970802307129e+00
-1.790668487548828125e+00
-1.898212790489196777e+00
-1.523913741111755371e+00
-2.939376592636108398e+00
-1.263755559921264648e+00
-1.524317741394042969e+00
-3.014878511428833008e+00
-1.839188814163208008e+00
-2.810300827026367188e+00
-1.515253424644470215e+00
-1.764542579650878906e+00
-8.674443960189819336e-01
-3.072814702987670898e+00
-2.321703433990478516e+00
-5.274320244789123535e-01
-7.777583003044128418e-01
-1.514631509780883789e+00
-2.349592208862304688e+00
-2.555581092834472656e+00
-5.717626810073852539e-01
-2.925769567489624023e+00
-2.042766571044921875e+00
-2.472762823104858398e+00
-2.824681282043457031e+00
-6.667874455451965332e-01
-2.969810485839843750e+00
-1.698006868362426758e+00
-5.924898386001586914e-01
-1.214560747146606445e+00
-2.950621366500854492e+00
3.830598890781402588e-01
-1.308641195297241211e+00
-2.655172586441040039e+00
-1.442820549011230469e+00
-1.515940070152282715e+00
-1.337285161018371582e+00
-1.002002716064453125e+00
-3.342233598232269287e-01
-1.750237703323364258e+00
-2.147526025772094727e+00
-1.507865309715270996e+00
-2.020031929016113281e+00
-9.791978001594543457e-01
-2.070890426635742188e+00
-3.969162702560424805e-01
-1.796128153800964355e+00
