4.745189216919243336e-04
-8.142210841178894043e-01
-1.464941978454589844e+00
-1.179794073104858398e+00
3.369248658418655396e-02
-3.048358261585235596e-01
-8.720607161521911621e-01
-1.997075825929641724e-01
-6.518194079399108887e-01
-3.939431309700012207e-01
-1.277578234672546387e+00
-3.599226176738739014e-01
-1.039579510688781738e-01
-1.107602953910827637e+00
-2.481698691844940186e-01
-2.180105075240135193e-02
-1.291290372610092163e-01
-1.377667546272277832e+00
-4.720424413681030273e-01
-1.393680453300476074e+00
1.076661422848701477e-01
-7.350805997848510742e-01
-1.348937153816223145e+00
-1.517396330833435059e+00
-1.294043421745300293e+00
-6.101174950599670410e-01
-1.233424544334411621e+00
-5.128977298736572266e-01
2.570787072181701660e-01
-8.309704065322875977e-01
1.489945501089096069e-01
-2.963970005512237549e-01
3.642972558736801147e-02
-1.386161446571350098e+00
-2.149710208177566528e-01
-4.379175901412963867e-01
-1.418707966804504395e+00
-5.752952098846435547e-01
1.764395534992218018e-01
-1.138769745826721191e+00
4.405331611633300781e-01
-5.478025078773498535e-01
-7.365338802337646484e-01
6.497333198785781860e-02
-1.097528100013732910e+00
-1.408966302871704102e+00
-2.132201343774795532e-01
-1.795565336942672729e-01
-3.080026209354400635e-01
-1.030510291457176208e-01
6.219035983085632324e-01
-2.543541193008422852e-01
-1.234715104103088379e+00
-1.741525888442993164e+00
-9.407760500907897949e-01
-1.294870615005493164e+00
-1.265684723854064941e+00
-1.167643293738365173e-01
-4.710574746131896973e-01
-7.070525884628295898e-01
1.673587784171104431e-02
-7.860941290855407715e-01
-3.347911536693572998e-01
-1.304999291896820068e-01
-1.390205144882202148e+00
-1.143747866153717041e-01
3.262571394443511963e-01
4.999356865882873535e-01
-1.036868095397949219e+00
-1.095801591873168945e+00
-3.521018326282501221e-01
-1.216906785964965820e+00
-8.466205596923828125e-01
-1.380568504333496094e+00
-1.205986738204956055e+00
2.945215106010437012e-01
-1.576394200325012207e+00
8.782086521387100220e-02
-2.380216568708419800e-01
-9.120991230010986328e-01
-1.052773833274841309e+00
-5.518034696578979492e-01
-5.234061479568481445e-01
-9.165880680084228516e-01
-2.301996797323226929e-01
-1.199173852801322937e-01
-9.131331741809844971e-02
-6.636340618133544922e-01
-9.384261369705200195e-01
-1.680133461952209473e+00
-1.286700129508972168e+00
-9.165652394294738770e-01
-2.932651340961456299e-01
-8.480307459831237793e-01
-7.839441895484924316e-01
-8.011566400527954102e-01
-1.453749895095825195e+00
-6.538619752973318100e-03
3.251510858535766602e-01
-4.341694414615631104e-01
-2.981891334056854248e-01
-8.206381797790527344e-01
-3.806765973567962646e-01
-1.001764655113220215e+00
-1.168612122535705566e+00
-9.705001115798950195e-01
-1.061134576797485352e+00
-7.949000597000122070e-01
-7.691363692283630371e-01
-9.272636771202087402e-01
-6.039655208587646484e-01
4.878912866115570068e-01
-1.793657302856445312e+00
-1.217054724693298340e+00
-1.307992458343505859e+00
-1.302236199378967285e+00
-4.365642070770263672e-01
-1.429284453392028809e+00
-6.734115481376647949e-01
-1.132467389106750488e+00
4.923077300190925598e-02
-1.493320226669311523e+00
-1.413064360618591309e+00
3.149723708629608154e-01
-7.249625921249389648e-01
-6.960333585739135742e-01
5.356206893920898438e-01
-2.581682503223419189e-01
-1.167180657386779785e+00
-6.816707849502563477e-01
-1.308222055435180664e+00
-2.552068829536437988e-01
-4.552909135818481445e-01
-1.973552107810974121e-01
-1.117786884307861328e+00
-1.245718836784362793e+00
-2.683178782463073730e-01
-1.612838625907897949e+00
9.194978326559066772e-02
-1.101966381072998047e+00
-5.959311127662658691e-01
-5.653567314147949219e-01
-6.183472275733947754e-01
-2.678198218345642090e-01
-7.576815485954284668e-01
-1.450846672058105469e+00
1.884024217724800110e-02
-2.744690179824829102e-01
-1.385745167732238770e+00
-7.859856486320495605e-01
1.009266078472137451e-01
-9.708541035652160645e-01
-1.568677544593811035e+00
-1.460822224617004395e+00
5.631824731826782227e-01
2.534030750393867493e-02
-1.527718782424926758e+00
-1.153885364532470703e+00
-8.980925381183624268e-02
-1.269507169723510742e+00
-3.501938581466674805e-01
-1.296439170837402344e+00
-5.192461013793945312e-01
5.628813505172729492e-01
-2.993952035903930664e-01
-3.163910210132598877e-01
-1.404711961746215820e+00
-1.596768498420715332e-01
-1.520929038524627686e-01
-3.616565167903900146e-01
-6.821961402893066406e-01
-6.915193200111389160e-01
-6.443986296653747559e-01
-8.352147936820983887e-01
-6.861414313316345215e-01
-1.592755556106567383e+00
-4.096458852291107178e-01
-8.763631582260131836e-01
-1.517581105232238770e+00
-6.437240839004516602e-01
-1.492491006851196289e+00
-1.332284569740295410e+00
-1.271916031837463379e+00
-7.279728353023529053e-02
-9.884982109069824219e-01
-4.849935173988342285e-01
-5.837635397911071777e-01
-1.365587949752807617e+00
-5.705289244651794434e-01
-7.208206653594970703e-01
-9.252046942710876465e-01
-1.284011244773864746e+00
-1.437894105911254883e-01
-1.396575689315795898e+00
-2.594199180603027344e-01
-3.392505943775177002e-01
-2.099754363298416138e-01
-1.227753043174743652e+00
-1.374034285545349121e+00
-7.772352695465087891e-01
-1.791354656219482422e+00
-1.243476748466491699e+00
-1.955635100603103638e-01
-4.180778861045837402e-01
4.192680865526199341e-02
-1.149520874023437500e+00
-1.070105910301208496e+00
-7.208930253982543945e-01
-3.470320254564285278e-02
-3.737029731273651123e-01
-2.557410597801208496e-01
-9.235568642616271973e-01
-1.589752435684204102e+00
-1.284516334533691406e+00
-1.512286663055419922e+00
-1.207962155342102051e+00
-1.134442448616027832e+00
-1.113812088966369629e+00
-3.671008944511413574e-01
-4.597802460193634033e-01
-5.809910893440246582e-01
-8.295558691024780273e-01
-3.385008871555328369e-01
-1.454860329627990723e+00
-9.216658473014831543e-01
-8.447945863008499146e-02
-1.433769941329956055e+00
-3.400712013244628906e-01
-1.411156892776489258e+00
-1.137719079852104187e-01
1.026481315493583679e-01
-1.256424039602279663e-01
-1.572543740272521973e+00
-1.078309416770935059e+00
-7.001435756683349609e-01
1.707418560981750488e-01
1.295877695083618164e-01
-4.583851993083953857e-02
-9.838817715644836426e-01
-4.164225459098815918e-01
-8.746610283851623535e-01
-1.417330950498580933e-01
-1.068282723426818848e+00
-1.446717500686645508e+00
-1.535945177078247070e+00
-7.594659924507141113e-01
-1.213157534599304199e+00
-1.184862375259399414e+00
1.101526692509651184e-01
-2.143740355968475342e-01
-6.267594695091247559e-01
6.651142239570617676e-02
-5.860136747360229492e-01
-8.726903796195983887e-01
-5.165679454803466797e-01
-7.617102265357971191e-01
-1.711825966835021973e+00
-1.207485198974609375e+00
-1.681380391120910645e+00
8.214535191655158997e-03
-1.321322679519653320e+00
-2.298958152532577515e-01
-6.666796207427978516e-01
-5.648982524871826172e-01
-1.322162270545959473e+00
-2.415245771408081055e-01
-1.617736339569091797e+00
-1.737769842147827148e+00
-1.217606902122497559e+00
-5.878254771232604980e-01
-1.227025091648101807e-01
-1.377032518386840820e+00
-1.178066208958625793e-01
-1.244228720664978027e+00
-9.674210548400878906e-01
-9.460318088531494141e-01
-2.242427468299865723e-01
-6.788727641105651855e-01
-1.743059515953063965e+00
-9.842708706855773926e-01
-3.491072058677673340e-01
-3.767002373933792114e-02
-1.669590353965759277e+00
-1.604753732681274414e+00
-1.731795787811279297e+00
-7.516415119171142578e-01
-1.557145357131958008e+00
-9.217497110366821289e-01
-5.311812162399291992e-01
-1.344430446624755859e+00
-1.652977585792541504e+00
-3.049802780151367188e-01
-2.703212797641754150e-01
1.567189097404479980e-01
-4.657364189624786377e-01
-9.144138693809509277e-01
-1.116437792778015137e+00
-1.002935692667961121e-01
-8.549957871437072754e-01
-1.469772577285766602e+00
-1.293967247009277344e+00
-4.596479833126068115e-01
-7.031101584434509277e-01
-1.230615228414535522e-01
-4.329025745391845703e-01
-1.303581237792968750e+00
-5.747172832489013672e-01
-7.843691110610961914e-01
-1.394935697317123413e-01
-2.082751244306564331e-01
-1.135170578956604004e+00
-1.690629959106445312e+00
-6.183063983917236328e-01
-9.880325198173522949e-01
1.403967589139938354e-01
1.690108776092529297e-01
-1.701639294624328613e-01
-9.286461472511291504e-01
-1.406511545181274414e+00
-1.341297745704650879e+00
-4.809497594833374023e-01
-3.379947543144226074e-01
-1.018525004386901855e+00
-1.442432522773742676e+00
-1.750040769577026367e+00
-5.736807584762573242e-01
-1.169001221656799316e+00
-9.268999695777893066e-01
1.569468080997467041e-01
-6.995894312858581543e-01
1.695655584335327148e-01
-1.774900674819946289e+00
-1.674780488014221191e+00
-9.626066684722900391e-01
-1.485438227653503418e+00
-8.411328196525573730e-01
-1.467597007751464844e+00
-4.247812181711196899e-02
-6.784366369247436523e-01
-1.676787734031677246e+00
-7.809868454933166504e-01
-7.759156227111816406e-01
-4.394698143005371094e-01
-1.207392811775207520e-01
-9.453652799129486084e-02
-1.131456375122070312e+00
-5.024908185005187988e-01
-1.210775375366210938e+00
-4.114208221435546875e-01
-1.109726309776306152e+00
-1.317721366882324219e+00
-1.074687719345092773e+00
-1.150589942932128906e+00
-1.574698925018310547e+00
-4.986846446990966797e-01
-1.084079146385192871e+00
-2.537191510200500488e-01
-4.060896337032318115e-01
-3.188863396644592285e-01
-9.635400772094726562e-01
-7.119073271751403809e-01
-5.149238705635070801e-01
-1.143038272857666016e+00
-1.096360683441162109e+00
-1.671142935752868652e+00
-6.638742089271545410e-01
-1.462310075759887695e+00
-1.566569328308105469e+00
-8.539008498191833496e-01
-1.576135516166687012e+00
2.055474556982517242e-02
-4.356451034545898438e-01
-1.357137084007263184e+00
-3.927934765815734863e-01
-5.418485775589942932e-02
1.038729492574930191e-02
-1.321749687194824219e+00
-8.915422558784484863e-01
-8.301669955253601074e-01
-1.222430706024169922e+00
-7.004157453775405884e-02
-1.674707889556884766e+00
-1.002729177474975586e+00
1.719054877758026123e-01
-1.538114905357360840e+00
-8.397324085235595703e-01
-9.355605840682983398e-01
-4.741659462451934814e-01
-1.645390868186950684e+00
1.274626255035400391e-01
-1.376493334770202637e+00
-1.317937970161437988e+00
-1.194863796234130859e+00
-2.282866686582565308e-01
-5.606032013893127441e-01
-1.795552372932434082e+00
6.822006404399871826e-02
-1.647595167160034180e+00
-1.331213355064392090e+00
-1.381589412689208984e+00
-1.778949499130249023e+00
-8.327992558479309082e-01
-1.500691920518875122e-01
-8.838496208190917969e-01
-1.242900848388671875e+00
-5.349167585372924805e-01
-1.058531641960144043e+00
-7.668741941452026367e-01
-1.737721800804138184e+00
-8.870368003845214844e-01
1.150722801685333252e-01
-3.891656100749969482e-01
-1.703027725219726562e+00
-1.251845121383666992e+00
-4.597781002521514893e-01
-1.782698273658752441e+00
-1.075102448463439941e+00
-6.096155643463134766e-01
-1.484295964241027832e+00
-1.094951272010803223e+00
-1.158151388168334961e+00
-4.685626924037933350e-01
-9.036340117454528809e-01
-8.756492137908935547e-01
-4.290308356285095215e-01
5.759916827082633972e-02
-1.098885416984558105e+00
-7.565587759017944336e-01
-6.537970304489135742e-01
-5.645591020584106445e-01
-1.287521481513977051e+00
-1.182843089103698730e+00
-4.927333891391754150e-01
-6.707640886306762695e-01
-1.166629672050476074e+00
-1.096544146537780762e+00
-1.615632891654968262e+00
-1.359096765518188477e+00
-1.405008673667907715e+00
-2.620667591691017151e-02
-9.096557497978210449e-01
-8.511684536933898926e-01
-3.598896563053131104e-01
-8.846632838249206543e-01
-1.001721262931823730e+00
1.600290387868881226e-01
-6.876466870307922363e-01
-4.130515754222869873e-01
4.476638510823249817e-02
-5.392180085182189941e-01
-9.851393699645996094e-01
-1.107968449592590332e+00
-1.444820165634155273e+00
-1.513171195983886719e+00
-4.121358096599578857e-01
-9.413592219352722168e-01
-1.342187047004699707e+00
-1.259209871292114258e+00
-1.323676228523254395e+00
-1.000115513801574707e+00
-1.496268630027770996e+00
-1.773700594902038574e+00
-1.606516361236572266e+00
-9.227802753448486328e-01
-5.601717904210090637e-02
2.532701240852475166e-03
-2.891829907894134521e-01
-1.599516868591308594e+00
-4.267230629920959473e-02
-1.007304430007934570e+00
-6.655357480049133301e-01
-8.576303720474243164e-02
-7.473307251930236816e-01
-1.126590490341186523e+00
-3.134854435920715332e-01
-3.536107540130615234e-01
-4.965951740741729736e-01
-4.608486592769622803e-01
1.345628947019577026e-01
-1.752994179725646973e+00
-1.275639653205871582e+00
1.650272458791732788e-01
-2.004225850105285645e-01
-1.551174402236938477e+00
-4.828874468803405762e-01
-8.535248637199401855e-01
-1.557772040367126465e+00
-9.082030057907104492e-01
-7.231124639511108398e-01
1.064519956707954407e-01
-5.243359208106994629e-01
-1.642134338617324829e-01
-3.467808365821838379e-01
-6.211274266242980957e-01
-5.695489421486854553e-02
-3.438281714916229248e-01
-5.118229985237121582e-01
-1.050001621246337891e+00
-1.013607829809188843e-01
-3.924928903579711914e-01
-1.780752420425415039e+00
-1.496881723403930664e+00
-1.113580465316772461e+00
-4.086609184741973877e-01
-1.254362225532531738e+00
-9.043719768524169922e-01
-1.391568541526794434e+00
-1.094348579645156860e-01
-7.634363174438476562e-01
-9.051846265792846680e-01
-3.851518929004669189e-01
-2.781565785408020020e-01
1.529058814048767090e-01
-1.536516398191452026e-01
-1.084311127662658691e+00
1.645770370960235596e-01
1.771864295005798340e-01
-1.664544105529785156e+00
-3.353591859340667725e-01
-5.611233413219451904e-02
-6.784459948539733887e-01
-1.109769344329833984e+00
-1.546739578247070312e+00
-1.528981447219848633e+00
-2.317344956099987030e-02
-8.922588080167770386e-02
-2.735338807106018066e-01
1.711093932390213013e-01
-6.929146051406860352e-01
-1.312841773033142090e+00
-1.270470738410949707e+00
-1.237287074327468872e-01
-1.040650606155395508e+00
-6.558346748352050781e-01
-1.489163398742675781e+00
1.391695812344551086e-02
-8.957756161689758301e-01
7.501092553138732910e-02
-3.443709015846252441e-01
-1.274720668792724609e+00
-7.965449094772338867e-01
1.789351403713226318e-01
-1.165831923484802246e+00
-1.145480871200561523e+00
-1.600274682044982910e+00
-7.502643465995788574e-01
-1.664211153984069824e+00
-4.873808324337005615e-01
-1.559415817260742188e+00
-2.475052177906036377e-01
3.222141787409782410e-02
-1.600733757019042969e+00
-7.491980195045471191e-01
-6.332588195800781250e-01
-1.678265929222106934e+00
-2.645758986473083496e-01
-1.059182167053222656e+00
-1.368865013122558594e+00
-2.808070778846740723e-01
-4.221041500568389893e-01
-1.505673885345458984e+00
-1.400567293167114258e+00
-1.166718974709510803e-01
-1.226929426193237305e+00
-1.691425889730453491e-01
-1.774147272109985352e+00
2.821460366249084473e-02
-1.119817852973937988e+00
-1.704492807388305664e+00
-1.812683701515197754e+00
-4.345147907733917236e-01
-1.054736733436584473e+00
-1.619482994079589844e+00
-1.966064274311065674e-01
7.779749482870101929e-02
-3.124624192714691162e-01
-3.893857002258300781e-01
5.634434893727302551e-02
-9.251680970191955566e-01
-5.381304621696472168e-01
-1.713292300701141357e-01
-1.789048314094543457e+00
-1.179659724235534668e+00
-8.575752377510070801e-01
-8.402889966964721680e-01
-6.913475990295410156e-01
-5.823923647403717041e-02
-1.561718344688415527e+00
-2.181657850742340088e-01
-2.893812656402587891e-01
-1.519684433937072754e+00
-1.742185592651367188e+00
-5.166468024253845215e-01
-5.058859586715698242e-01
-1.442157745361328125e+00
-1.561280369758605957e+00
-1.627978980541229248e-01
-6.275970935821533203e-01
9.073696285486221313e-02
-1.300436258316040039e+00
9.383472800254821777e-02
-1.537061214447021484e+00
-4.662564396858215332e-01
-1.389682173728942871e+00
-9.919078946113586426e-01
-1.189050912857055664e+00
-1.689207077026367188e+00
-9.451639652252197266e-01
-2.688423097133636475e-01
6.158856675028800964e-02
-9.101331830024719238e-01
1.140791177749633789e-01
-1.258546233177185059e+00
-3.635724782943725586e-01
-1.487151265144348145e+00
-1.645512104034423828e+00
-1.611978411674499512e+00
-1.427816510200500488e+00
1.214715912938117981e-01
-3.477756083011627197e-01
-1.216130137443542480e+00
-6.662214994430541992e-01
-5.714935064315795898e-01
-1.037428975105285645e+00
-6.156023144721984863e-01
-1.403838753700256348e+00
-7.980839610099792480e-01
-6.656026244163513184e-01
-1.800188064575195312e+00
-1.776968479156494141e+00
-4.649347066879272461e-01
-9.165717661380767822e-02
-2.507388293743133545e-01
-5.475696325302124023e-01
-4.119374155998229980e-01
-6.097276210784912109e-01
-1.777081042528152466e-01
1.359702795743942261e-01
-3.654561564326286316e-02
-9.555813670158386230e-01
-1.596669316291809082e+00
-1.051258683204650879e+00
-5.733112096786499023e-01
-8.215343952178955078e-02
-4.197550415992736816e-01
-1.123861432075500488e+00
1.377117335796356201e-01
-9.200782775878906250e-01
-1.147144958376884460e-01
-4.715307652950286865e-01
-1.287239551544189453e+00
1.403639465570449829e-01
-1.252380490303039551e+00
-4.283239543437957764e-01
6.943164020776748657e-02
-3.725123405456542969e-01
-1.593178808689117432e-01
-4.503624439239501953e-01
-1.577376484870910645e+00
-1.375403761863708496e+00
-5.244281888008117676e-01
-5.849545598030090332e-01
-5.191484689712524414e-01
-1.370477795600891113e+00
1.387559920549392700e-01
-1.437789678573608398e+00
7.517846673727035522e-02
-1.403479218482971191e+00
-9.435755610466003418e-01
-3.137473464012145996e-01
8.338269591331481934e-02
-1.954029798507690430e-01
-2.804317474365234375e-01
1.097349170595407486e-02
-1.294628977775573730e+00
8.869942277669906616e-02
-1.185040831565856934e+00
-1.608649492263793945e+00
-7.121421098709106445e-01
1.517352312803268433e-01
-8.806284517049789429e-02
-7.225730419158935547e-01
-1.578481912612915039e+00
-4.754200875759124756e-01
-1.117408514022827148e+00
7.742925733327865601e-02
-4.628194123506546021e-02
-3.679040372371673584e-01
-1.485220313072204590e+00
-1.004843711853027344e+00
-1.246918916702270508e+00
-1.409855246543884277e+00
1.112637668848037720e-02
-1.110825181007385254e+00
-1.621973633766174316e+00
-3.368942141532897949e-01
8.829220384359359741e-02
-9.652656316757202148e-01
-5.505445003509521484e-01
-1.485390663146972656e+00
-9.878416061401367188e-01
-1.392078042030334473e+00
-8.156768083572387695e-01
-8.101277351379394531e-01
-5.341710448265075684e-01
-1.561677694320678711e+00
-9.974910020828247070e-01
-1.350582856684923172e-02
4.035535827279090881e-02
-6.344237327575683594e-01
-3.278740644454956055e-01
-1.337336748838424683e-01
-7.411819696426391602e-01
-1.646332859992980957e+00
-6.194638013839721680e-01
-5.438576452434062958e-03
-1.331856012344360352e+00
1.155167222023010254e-01
7.982116192579269409e-02
-3.540557920932769775e-01
-8.822252154350280762e-01
-1.075550436973571777e+00
-1.652568578720092773e+00
-6.916895508766174316e-01
-5.988785624504089355e-01
-1.385825157165527344e+00
-3.470151424407958984e-01
-7.127176523208618164e-01
-5.407826304435729980e-01
-9.552173614501953125e-01
9.141424298286437988e-02
-1.457077145576477051e+00
-1.379123210906982422e+00
-3.055096864700317383e-01
-1.226611137390136719e+00
-1.245496153831481934e+00
-1.072422027587890625e+00
-5.416254401206970215e-01
-1.814442992210388184e+00
-1.722748517990112305e+00
-1.104548096656799316e+00
-1.202904224395751953e+00
-1.570620298385620117e+00
-1.533821463584899902e+00
-8.015111684799194336e-01
1.380790919065475464e-01
-1.779664039611816406e+00
-1.307573556900024414e+00
-8.990584313869476318e-02
-1.359587550163269043e+00
-6.154745072126388550e-02
-1.374358534812927246e+00
-2.597936689853668213e-01
-1.378464460372924805e+00
-1.186074838042259216e-01
-4.391826689243316650e-01
1.003181412816047668e-01
-1.640515565872192383e+00
-1.652022957801818848e+00
-1.095172405242919922e+00
-1.201275810599327087e-01
-7.888885140419006348e-01
-1.094244122505187988e+00
-1.257429122924804688e+00
-1.642407178878784180e+00
-1.345833539962768555e+00
-1.215666651725769043e+00
-8.678957819938659668e-01
-1.180105209350585938e+00
-7.592365145683288574e-01
-8.704130649566650391e-01
-1.571677207946777344e+00
-2.729963660240173340e-01
-1.275756359100341797e-01
-9.036600589752197266e-01
-9.748682975769042969e-01
-7.055266499519348145e-01
-1.845502555370330811e-01
-1.212087035179138184e+00
-1.399448752403259277e+00
-8.943693041801452637e-01
-1.571085929870605469e+00
-1.301295518875122070e+00
-8.773781061172485352e-01
-1.666838169097900391e+00
9.452181309461593628e-02
-7.108291238546371460e-02
-7.996935844421386719e-01
-1.320957541465759277e+00
-1.014059185981750488e+00
-3.530643880367279053e-01
-2.914603352546691895e-01
-5.179113522171974182e-02
-3.705320060253143311e-01
-9.078418612480163574e-01
-3.630486428737640381e-01
-1.645961999893188477e-01
-7.818570733070373535e-02
1.583123654127120972e-01
-3.569527268409729004e-01
-1.374205946922302246e+00
5.134603008627891541e-02
-8.350175619125366211e-01
-1.537375688552856445e+00
-5.553109049797058105e-01
-1.185154795646667480e+00
1.071504428982734680e-01
-1.687942385673522949e+00
-1.193019866943359375e+00
-4.646375775337219238e-01
-1.039464697241783142e-01
8.407241106033325195e-02
-3.104944229125976562e-01
-1.719163775444030762e+00
1.177864298224449158e-01
-4.306381344795227051e-01
-4.305890500545501709e-01
-1.678450703620910645e+00
-1.220692276954650879e+00
-1.679548978805541992e+00
-1.119351506233215332e+00
-1.243120431900024414e+00
-1.772162795066833496e+00
-1.573175191879272461e+00
-6.168749332427978516e-01
-3.117062151432037354e-01
-1.363688707351684570e+00
-1.462424397468566895e+00
-5.169968605041503906e-01
-4.758291244506835938e-01
-1.241730093955993652e+00
-5.045082569122314453e-01
-1.432304263114929199e+00
-1.681638836860656738e+00
-1.390730381011962891e+00
-2.526614665985107422e-01
-2.931039333343505859e-01
-1.656836509704589844e+00
-1.536852359771728516e+00
-8.158954381942749023e-01
-3.994778990745544434e-01
3.956862166523933411e-02
-1.315171957015991211e+00
-1.403152346611022949e+00
-1.395280003547668457e+00
-1.243693113327026367e+00
-2.483239583671092987e-02
-1.789484381675720215e+00
-4.230435192584991455e-01
-1.612073421478271484e+00
-9.007175564765930176e-01
-1.040903925895690918e+00
-4.971724748611450195e-01
-1.675562262535095215e+00
-2.661953270435333252e-01
-1.736814856529235840e+00
-1.640489697456359863e+00
-1.086582541465759277e+00
-1.567431092262268066e-01
-9.900756478309631348e-01
-1.094716548919677734e+00
-6.521078944206237793e-01
-5.133473277091979980e-01
-2.474838346242904663e-01
-1.121394753456115723e+00
-6.558546423912048340e-01
-1.251448094844818115e-01
-8.356595039367675781e-01
-6.107929944992065430e-01
-1.754602670669555664e+00
-1.370170712471008301e+00
-2.133177667856216431e-01
1.753749549388885498e-01
-1.060531973838806152e+00
-1.248553514480590820e+00
-1.734681963920593262e+00
-3.370183706283569336e-02
-1.361377120018005371e+00
-9.979889988899230957e-01
-2.970243394374847412e-01
-5.011807084083557129e-01
-8.826453089714050293e-01
-1.560178041458129883e+00
-1.321033835411071777e+00
-8.461610674858093262e-01
-9.623985290527343750e-01
-8.438453078269958496e-01
-1.204519867897033691e+00
-1.345163345336914062e+00
-4.539786577224731445e-01
-7.636528015136718750e-01
-2.731361389160156250e-01
-5.020125508308410645e-01
-1.726790517568588257e-02
-6.897662300616502762e-03
2.825700864195823669e-02
-7.146494984626770020e-01
-1.361434698104858398e+00
-2.482469230890274048e-01
-1.129004478454589844e+00
-6.276341527700424194e-02
-7.410803437232971191e-01
1.422787159681320190e-01
-8.371225744485855103e-02
-9.160532057285308838e-02
-1.656974673271179199e+00
-9.117370247840881348e-01
-3.420657217502593994e-01
-3.639837205410003662e-01
-5.126043558120727539e-01
-7.893906831741333008e-01
-5.479609370231628418e-01
-2.053706645965576172e-01
-1.097258567810058594e+00
-7.661438584327697754e-01
-9.433143585920333862e-02
-6.726505160331726074e-01
-1.178711771965026855e+00
-4.239799380302429199e-01
-5.793124437332153320e-01
-4.607815444469451904e-01
-1.422444939613342285e+00
-7.862591184675693512e-03
-1.295335054397583008e+00
-1.398588657379150391e+00
-4.741579592227935791e-01
-1.261579751968383789e+00
-1.530631542205810547e+00
-3.505337238311767578e-01
-7.239931821823120117e-01
-1.055638790130615234e+00
-5.195521116256713867e-01
-1.504116177558898926e+00
1.326421624980866909e-04
-1.175079941749572754e+00
-1.785486340522766113e+00
1.852201670408248901e-01
-1.037020683288574219e+00
3.298705071210861206e-02
-5.755835175514221191e-01
-1.127486899495124817e-01
-8.217486739158630371e-01
-5.204630494117736816e-01
-1.001490354537963867e+00
8.420702069997787476e-02
-1.435350060462951660e+00
-8.401567339897155762e-01
5.475195497274398804e-02
-1.146811060607433319e-02
-1.440992116928100586e+00
-4.553298354148864746e-01
-4.178479313850402832e-01
-1.143148899078369141e+00
-1.804499983787536621e+00
1.626965962350368500e-02
-4.716607034206390381e-01
-1.311840176582336426e+00
-5.590278506278991699e-01
-3.066724240779876709e-01
-1.717019915580749512e+00
-1.548258900642395020e+00
-2.739666700363159180e-01
-8.935012221336364746e-01
-8.662990331649780273e-01
-1.465893536806106567e-01
-1.553873777389526367e+00
-5.995453000068664551e-01
2.427823543548583984e-01
-9.141758829355239868e-02
-5.099207162857055664e-01
-5.089466571807861328e-01
4.731731861829757690e-02
-7.295098900794982910e-01
1.254377216100692749e-01
3.447779268026351929e-02
1.257479488849639893e-01
2.443411387503147125e-02
-6.750243902206420898e-01
-4.877117574214935303e-01
-1.678233742713928223e+00
-1.603759765625000000e+00
9.613472968339920044e-02
-1.440626502037048340e+00
-1.460032582283020020e+00
-1.766997426748275757e-01
-5.434391275048255920e-02
-1.008039951324462891e+00
-1.390596508979797363e+00
-1.263291001319885254e+00
-1.566870689392089844e+00
-2.272214144468307495e-01
-6.354674100875854492e-01
-1.627573251724243164e+00
-1.374239802360534668e+00
-7.221176624298095703e-01
-4.559717774391174316e-01
-1.430238008499145508e+00
-8.125209808349609375e-01
-9.178123474121093750e-01
2.113773077726364136e-01
-4.085499048233032227e-01
-1.625835061073303223e+00
-1.259453654289245605e+00
-4.379738271236419678e-01
-1.052367687225341797e+00
-8.671546578407287598e-01
-1.702954053878784180e+00
-9.455519914627075195e-01
-5.561349391937255859e-01
-3.176003396511077881e-01
-1.009914159774780273e+00
-1.401012778282165527e+00
-1.776774525642395020e+00
-1.482588410377502441e+00
-1.311778903007507324e+00
-3.665151298046112061e-01
-2.404381707310676575e-02
-1.523905545473098755e-01
-3.526680469512939453e-01
-1.377248167991638184e+00
-7.789178490638732910e-01
-1.773312687873840332e+00
-1.315048813819885254e+00
-1.193728923797607422e+00
-5.092707276344299316e-01
-1.482160329818725586e+00
-1.457346558570861816e+00
-6.931964755058288574e-01
-1.750341802835464478e-01
-7.671267390251159668e-01
-1.346274971961975098e+00
-1.656335711479187012e+00
-1.154394626617431641e+00
1.209986656904220581e-01
1.172402277588844299e-01
-5.981274247169494629e-01
-6.300942599773406982e-02
-8.364831805229187012e-01
-1.097666263580322266e+00
-7.257382869720458984e-01
-2.287251055240631104e-01
-1.564180135726928711e+00
-6.732371449470520020e-02
-1.003947496414184570e+00
-2.232473790645599365e-01
-1.744546532630920410e+00
-6.101680994033813477e-01
-6.076968908309936523e-01
-5.698951482772827148e-01
-1.750069141387939453e+00
-1.004597067832946777e+00
-1.579628586769104004e+00
-1.068302035331726074e+00
-7.518673539161682129e-01
-6.640673279762268066e-01
-1.447832942008972168e+00
-2.315961197018623352e-02
-1.765310168266296387e+00
-1.658463716506958008e+00
-1.158121705055236816e+00
-5.433658137917518616e-02
-5.846905708312988281e-01
-3.570960164070129395e-01
-2.218935042619705200e-01
-1.024293661117553711e+00
-1.533769130706787109e+00
-4.351281225681304932e-01
-1.637249112129211426e+00
-1.304631710052490234e+00
-1.376642704010009766e+00
-1.076841354370117188e+00
-1.239149093627929688e+00
-1.028695702552795410e+00
-6.934307813644409180e-01
-1.371694803237915039e+00
-1.261680960655212402e+00
-1.870848983526229858e-01
-1.448352575302124023e+00
-4.275801479816436768e-01
-1.739401966333389282e-01
-1.750414967536926270e+00
-1.312797427177429199e+00
-6.308420300483703613e-01
-1.453816890716552734e+00
-6.393170356750488281e-01
3.526078537106513977e-02
-9.207659959793090820e-01
-1.575302124023437500e+00
-1.476063489913940430e+00
1.645119041204452515e-01
9.751297533512115479e-02
-1.533565640449523926e+00
-3.438788354396820068e-01
-6.856242418289184570e-01
-1.714520454406738281e+00
-3.801148831844329834e-01
-7.266588807106018066e-01
-4.664193093776702881e-01
-1.635433435440063477e+00
-1.634426832199096680e+00
-4.651828408241271973e-01
-1.361115455627441406e+00
-1.777981966733932495e-01
-3.777195215225219727e-01
-3.220158815383911133e-01
-1.456091403961181641e+00
-5.637869834899902344e-01
-6.015391349792480469e-01
-3.592756092548370361e-01
5.825356394052505493e-02
5.445190146565437317e-02
-8.599730730056762695e-01
-1.243613123893737793e+00
-8.095727562904357910e-01
-6.562839150428771973e-01
-9.777985811233520508e-01
-8.529260158538818359e-01
-3.307178914546966553e-01
-4.982475340366363525e-01
-1.382772326469421387e+00
-4.140871763229370117e-02
-1.243796110153198242e+00
-8.284762501716613770e-01
-2.139244042336940765e-02
-1.456491351127624512e+00
-2.253896147012710571e-01
5.108349397778511047e-02
-1.296483278274536133e+00
-1.631802916526794434e+00
-9.523879289627075195e-01
-7.679919600486755371e-01
-3.819958865642547607e-01
-1.642029285430908203e-01
-1.243179291486740112e-01
-1.221305251121520996e+00
-1.438250422477722168e+00
-5.506142973899841309e-01
-1.369874596595764160e+00
-8.245335221290588379e-01
-1.171756625175476074e+00
-4.832232296466827393e-01
-9.833440184593200684e-01
-5.287001132965087891e-01
-7.756158709526062012e-01
-4.573950767517089844e-01
-1.392226099967956543e+00
9.159500896930694580e-02
-1.092851877212524414e+00
-4.340239763259887695e-01
-1.200289487838745117e+00
-1.190011978149414062e+00
-1.713171243667602539e+00
-1.683589339256286621e+00
4.516349732875823975e-01
-2.701090574264526367e-01
5.915569514036178589e-02
-1.095683574676513672e+00
-8.621945977210998535e-01
-2.962910532951354980e-01
-2.418955415487289429e-01
-1.324893593788146973e+00
-1.645729184150695801e+00
-8.697634339332580566e-01
-1.489628672599792480e+00
-1.623365730047225952e-01
-1.500965714454650879e+00
-1.988482028245925903e-01
-1.455173492431640625e+00
-3.869247734546661377e-01
2.438548393547534943e-02
-1.343614339828491211e+00
-7.540435791015625000e-01
-1.177664160728454590e+00
-7.355346083641052246e-01
-1.450683474540710449e+00
-1.338561773300170898e+00
-3.113547265529632568e-01
-1.371386528015136719e+00
-1.764590263366699219e+00
-1.260417819023132324e+00
-1.594102084636688232e-01
-1.553844064474105835e-01
-5.307146310806274414e-01
-2.849925756454467773e-01
-8.026050329208374023e-01
-1.330388307571411133e+00
-1.646867632865905762e+00
-2.870936095714569092e-01
-1.093121409416198730e+00
-1.403009414672851562e+00
-1.944943219423294067e-01
-8.706460595130920410e-01
-1.649622917175292969e+00
-3.333610296249389648e-01
-1.240280628204345703e+00
-1.620371490716934204e-01
-1.059981107711791992e+00
-6.650768220424652100e-02
-1.788254499435424805e+00
-1.691840291023254395e+00
-1.229425430297851562e+00
-1.329222202301025391e+00
-3.881228389218449593e-03
-9.824159741401672363e-02
-1.086259603500366211e+00
-3.356247246265411377e-01
-4.472364783287048340e-01
-2.965748123824596405e-02
-2.176077365875244141e-01
-8.723521828651428223e-01
-1.635578632354736328e+00
-1.434321045875549316e+00
-5.163552165031433105e-01
3.567058220505714417e-02
-1.507407575845718384e-01
-1.609728455543518066e+00
-1.785658359527587891e+00
-7.486492395401000977e-01
3.026036545634269714e-02
-1.574259638786315918e+00
-1.552656412124633789e+00
-1.027727603912353516e+00
-2.402918636798858643e-01
-1.198631227016448975e-01
-8.933627605438232422e-01
-3.621676564216613770e-01
5.085450783371925354e-02
5.862311273813247681e-02
-1.217967033386230469e+00
1.720275916159152985e-02
-8.672227263450622559e-01
-4.821788668632507324e-01
-3.955235183238983154e-01
-1.347478270530700684e+00
1.658330112695693970e-01
-6.302892565727233887e-01
-8.079029619693756104e-02
-1.216997861862182617e+00
-3.461529687047004700e-02
-1.220530390739440918e+00
-1.286067366600036621e+00
-3.149643242359161377e-01
-1.143879741430282593e-01
-8.951482772827148438e-01
-5.368185639381408691e-01
-2.210184931755065918e-01
-4.432684481143951416e-01
-6.744058132171630859e-01
5.321492627263069153e-02
8.702123165130615234e-02
7.116122543811798096e-02
-1.117676019668579102e+00
-1.205294251441955566e+00
-9.441385865211486816e-01
-2.153185606002807617e-01
-1.349683403968811035e+00
-3.323539495468139648e-01
-2.300785183906555176e-01
-6.957121938467025757e-02
-3.540205061435699463e-01
-1.723107695579528809e+00
-8.873790502548217773e-01
-1.396833181381225586e+00
-1.513471961021423340e+00
-5.322176814079284668e-01
-9.837661385536193848e-01
-3.496570512652397156e-02
-4.062394797801971436e-01
-6.448831558227539062e-01
-1.439324021339416504e+00
1.230568252503871918e-02
3.072074614465236664e-02
6.536443531513214111e-02
-1.011956810951232910e+00
-3.919375538825988770e-01
-5.092380642890930176e-01
-1.181105375289916992e+00
2.426548749208450317e-01
-4.485759139060974121e-01
-1.336907967925071716e-02
-1.193009257316589355e+00
-1.148316979408264160e+00
-1.382158279418945312e+00
-1.046050071716308594e+00
-1.610885381698608398e+00
-5.223488211631774902e-01
-7.128387093544006348e-01
-7.998105287551879883e-01
-8.665653318166732788e-02
-1.020695209503173828e+00
-3.305047750473022461e-01
-1.259811997413635254e+00
-2.162544876337051392e-01
-7.812895178794860840e-01
-2.591649293899536133e-01
-1.137816235423088074e-01
-4.529464244842529297e-01
-1.332564115524291992e+00
-1.109167218208312988e+00
-6.494871973991394043e-01
-1.147050142288208008e+00
-7.070220708847045898e-01
-1.660654425621032715e+00
-1.832785755395889282e-01
-1.376584470272064209e-01
-7.436683773994445801e-01
-4.022779166698455811e-01
-1.141601875424385071e-01
-2.180520445108413696e-02
-1.628117561340332031e+00
-1.402778506278991699e+00
-9.924581646919250488e-01
-5.469367504119873047e-01
-1.578802943229675293e+00
-2.997741401195526123e-01
-8.945555686950683594e-01
-1.428002119064331055e-01
-1.302805662155151367e+00
-4.239104688167572021e-01
-8.796002864837646484e-01
-1.397349715232849121e+00
-8.520630598068237305e-01
-1.528190851211547852e+00
-4.936670660972595215e-01
-8.608824014663696289e-01
-1.372963786125183105e+00
-1.236916422843933105e+00
-1.094821691513061523e+00
-1.769635081291198730e+00
-1.153845906257629395e+00
-8.931818008422851562e-01
-1.303450226783752441e+00
4.745693504810333252e-02
-1.165528655052185059e+00
-1.136703848838806152e+00
-1.297087907791137695e+00
-3.276662826538085938e-01
-8.136373758316040039e-01
-6.888029575347900391e-01
-1.096450090408325195e+00
-5.707410573959350586e-01
-7.501802444458007812e-01
-7.782620787620544434e-01
-1.121495127677917480e+00
-8.442314863204956055e-01
-1.165471076965332031e+00
-4.029084742069244385e-02
-3.704744949936866760e-02
-1.099645018577575684e+00
-1.741424947977066040e-01
-4.943243563175201416e-01
1.197586581110954285e-02
1.125882640480995178e-01
-1.011014580726623535e+00
-1.625652313232421875e+00
-1.730730682611465454e-01
-5.955623984336853027e-01
-9.278178215026855469e-02
-1.361434102058410645e+00
-3.458328545093536377e-01
-2.009652256965637207e-01
-6.185823082923889160e-01
-1.584660172462463379e+00
-1.578881263732910156e+00
-3.209101259708404541e-01
-1.820859193801879883e+00
-4.435853958129882812e-01
-3.316995501518249512e-01
1.565229147672653198e-01
-1.527908325195312500e+00
-8.414551019668579102e-01
-1.606756329536437988e+00
-1.191084384918212891e+00
-1.203295230865478516e+00
2.006914094090461731e-02
-1.193284869194030762e+00
-1.722241640090942383e+00
-1.150230765342712402e+00
-6.317993998527526855e-01
-6.518169045448303223e-01
-1.509254455566406250e+00
-1.468891739845275879e+00
1.304428372532129288e-02
-6.328938007354736328e-01
-1.647025108337402344e+00
-6.989549994468688965e-01
-8.520759344100952148e-01
-6.223326325416564941e-01
-5.676804184913635254e-01
-1.424243450164794922e+00
-8.299049139022827148e-01
5.522872209548950195e-01
-1.764025211334228516e+00
-1.662783503532409668e+00
-2.024361491203308105e-02
-2.289899885654449463e-01
-6.540473699569702148e-01
1.397185027599334717e-01
-1.419099092483520508e+00
-6.862594485282897949e-01
-9.865672588348388672e-01
-3.873350918292999268e-01
-1.388441562652587891e+00
-1.369211435317993164e+00
-9.922408461570739746e-01
-6.156683564186096191e-01
-1.411788582801818848e+00
-8.064259290695190430e-01
-1.404173672199249268e-01
-7.573125362396240234e-01
-1.790772914886474609e+00
9.030283242464065552e-02
-1.766816496849060059e+00
-1.755094170570373535e+00
-2.465430200099945068e-01
-8.485012501478195190e-02
-4.038340151309967041e-01
-1.505341529846191406e-01
-1.081431955099105835e-01
-1.551416277885437012e+00
-1.566281437873840332e+00
-1.708573222160339355e+00
-1.424478888511657715e-01
-1.176861763000488281e+00
-1.451560854911804199e+00
-1.421773433685302734e+00
-1.184509515762329102e+00
-6.984379291534423828e-01
-1.539601087570190430e+00
-1.491606473922729492e+00
-1.364310622215270996e+00
5.462449789047241211e-02
-5.912490487098693848e-01
-9.418684244155883789e-01
-1.224992990493774414e+00
-1.391086339950561523e+00
-2.869793474674224854e-01
-4.585084617137908936e-01
-9.442110061645507812e-01
-6.292741745710372925e-02
-3.269836306571960449e-01
-4.770464599132537842e-01
-1.477545350790023804e-01
-8.755711913108825684e-01
-1.348117709159851074e+00
-1.171732425689697266e+00
-1.116252169013023376e-01
-1.232287734746932983e-01
-9.045335650444030762e-01
-1.635452389717102051e+00
-7.079297900199890137e-01
-1.611688852310180664e+00
-4.084954857826232910e-01
-8.486198782920837402e-01
-2.193690985441207886e-01
-1.526567339897155762e+00
-5.714400410652160645e-01
-1.428011178970336914e+00
-5.704883337020874023e-01
-9.680812358856201172e-01
-1.423032760620117188e+00
-8.849299550056457520e-01
-1.167048811912536621e+00
-1.079795956611633301e+00
-1.644881486892700195e+00
-1.055665612220764160e+00
-1.783717751502990723e+00
1.170137971639633179e-01
-1.659058809280395508e+00
-1.617014527320861816e+00
-3.919477388262748718e-02
1.147758290171623230e-01
-1.298819184303283691e+00
-1.058419495820999146e-01
-1.278763771057128906e+00
-1.090720415115356445e+00
-3.151579499244689941e-01
-1.318577289581298828e+00
-1.465347170829772949e+00
-1.705865263938903809e+00
-1.436672687530517578e+00
-1.080648541450500488e+00
-8.772923797369003296e-02
-5.973274707794189453e-01
-3.006944954395294189e-01
-1.135771512985229492e+00
-9.189925193786621094e-01
-1.058414340019226074e+00
-1.529615998268127441e+00
-4.483911991119384766e-01
-1.962402760982513428e-01
-2.123258411884307861e-01
-1.312410116195678711e+00
-2.038118988275527954e-01
-7.952154278755187988e-01
-8.759381175041198730e-01
-1.676911711692810059e+00
-4.323411732912063599e-02
-7.311170920729637146e-03
-4.004264175891876221e-01
-5.088235139846801758e-01
-6.247479319572448730e-01
-2.113802433013916016e-01
-1.173788070678710938e+00
-1.586106270551681519e-01
-1.648646354675292969e+00
-5.022576451301574707e-01
-8.621327877044677734e-01
-4.401301443576812744e-01
-9.799991734325885773e-03
1.122663822025060654e-02
-3.559916615486145020e-01
-2.876557111740112305e-01
-1.562634944915771484e+00
-1.692880988121032715e+00
-5.151628851890563965e-01
-6.013473272323608398e-01
-6.654157042503356934e-01
-8.485345840454101562e-01
-6.384394168853759766e-01
9.602409601211547852e-02
-6.452626585960388184e-01
-1.261325120925903320e+00
-7.764911651611328125e-02
-7.854315638542175293e-01
-1.318729519844055176e+00
-1.729815602302551270e+00
3.188209235668182373e-01
-1.784859895706176758e+00
-9.935631155967712402e-01
-1.634360551834106445e+00
-1.336699604988098145e+00
-1.324729204177856445e+00
-1.367366552352905273e+00
3.655548691749572754e-01
-1.204350233078002930e+00
-1.776098251342773438e+00
-4.424077868461608887e-01
-7.205031514167785645e-01
-6.428623199462890625e-01
-1.238887071609497070e+00
-1.819824799895286560e-03
1.378774642944335938e-01
1.115341708064079285e-01
-1.338470429182052612e-01
-2.958885133266448975e-01
-1.459824144840240479e-01
-1.138540267944335938e+00
-1.225554108619689941e+00
1.525585651397705078e-01
-1.586361169815063477e+00
-1.701766371726989746e+00
-1.267283797264099121e+00
-1.151452064514160156e+00
-1.187393292784690857e-01
-1.372168183326721191e+00
-1.640031933784484863e+00
-7.213035821914672852e-01
-1.337921380996704102e+00
-4.490280449390411377e-01
-7.205005884170532227e-01
-1.944727152585983276e-01
-2.662160396575927734e-01
-1.587628126144409180e+00
-4.365989267826080322e-01
-5.716475248336791992e-01
-1.570332288742065430e+00
-3.898787200450897217e-01
-1.553312420845031738e+00
-2.287849783897399902e-02
-1.555144906044006348e+00
-1.196997880935668945e+00
-1.037709474563598633e+00
-1.752172470092773438e+00
-1.499815940856933594e+00
-3.397392630577087402e-01
-1.465451121330261230e+00
-1.208579421043395996e+00
-9.940210580825805664e-01
1.574847847223281860e-01
-1.587679743766784668e+00
-5.408885329961776733e-02
-6.063620448112487793e-01
-1.473490715026855469e+00
-1.523456215858459473e+00
-5.762134864926338196e-02
-4.472455382347106934e-01
-5.885899662971496582e-01
-5.234863162040710449e-01
-1.266730546951293945e+00
-1.351482748985290527e+00
-1.274845838546752930e+00
-1.221769809722900391e+00
-4.804810285568237305e-01
-5.242768526077270508e-01
-4.228142499923706055e-01
-9.302802085876464844e-01
-8.120139837265014648e-01
-1.729015350341796875e+00
-1.016994714736938477e+00
-6.040471792221069336e-01
-9.865112900733947754e-01
-1.108050942420959473e+00
-5.330258607864379883e-01
-1.510859370231628418e+00
-1.408653259277343750e+00
-8.583233356475830078e-01
-1.754535079002380371e+00
-9.047489762306213379e-01
-3.743891119956970215e-01
-2.682093083858489990e-01
-2.588853836059570312e-01
1.007512509822845459e-01
-3.055115640163421631e-01
-1.097917199134826660e+00
-1.013944864273071289e+00
-1.692859888076782227e+00
1.541046500205993652e-01
-5.718200802803039551e-01
-5.714567303657531738e-01
-1.275962233543395996e+00
-1.412399411201477051e+00
-1.774142265319824219e+00
-1.504268169403076172e+00
-3.119654720649123192e-03
-5.288701057434082031e-01
1.603909768164157867e-02
-8.992784619331359863e-01
-1.537867665290832520e+00
-4.630727469921112061e-01
-7.429935932159423828e-01
-1.456618070602416992e+00
-1.435224533081054688e+00
-1.281791925430297852e+00
-8.702571392059326172e-01
-1.526883095502853394e-01
-3.448810279369354248e-01
-7.029641866683959961e-01
-9.686900377273559570e-01
-6.162676215171813965e-01
-4.291213452816009521e-01
-6.205905675888061523e-01
-1.338197350502014160e+00
3.460526466369628906e-02
-5.549772381782531738e-01
4.203985631465911865e-02
-1.028646349906921387e+00
-6.410214900970458984e-01
-5.071553587913513184e-01
-7.499819993972778320e-01
-1.420839667320251465e+00
-1.002088665962219238e+00
3.500365093350410461e-02
-1.757262945175170898e+00
-2.332225814461708069e-02
-1.518869280815124512e+00
-1.981694698333740234e-01
-3.214991390705108643e-01
-8.021483421325683594e-01
-4.885895252227783203e-01
-2.497504651546478271e-01
-5.538493394851684570e-01
-6.915846467018127441e-01
-1.778783559799194336e+00
-6.845424175262451172e-01
6.159444153308868408e-02
-1.155515909194946289e+00
-4.810205101966857910e-01
-9.331864118576049805e-01
1.870009675621986389e-02
-1.368464589118957520e+00
-1.010513186454772949e+00
-5.259394273161888123e-02
-4.131678938865661621e-01
-1.619590401649475098e+00
-9.401921033859252930e-01
-1.380589962005615234e+00
-8.666141629219055176e-01
-7.747634649276733398e-01
-7.182127237319946289e-01
5.468181520700454712e-02
-3.475282192230224609e-01
-4.378497600555419922e-01
-1.713642776012420654e-01
-1.168940305709838867e+00
-4.148492217063903809e-01
-1.020477890968322754e+00
-1.495815873146057129e+00
-1.551864266395568848e+00
-1.268435120582580566e+00
-1.156994581222534180e+00
-7.720034122467041016e-01
-9.410223960876464844e-01
-3.685966134071350098e-01
-5.887643694877624512e-01
-9.900249242782592773e-01
-2.189510017633438110e-01
-4.858026802539825439e-01
-1.604382693767547607e-01
5.317203328013420105e-02
-1.398353099822998047e+00
-6.673693060874938965e-01
-8.419189453125000000e-01
-2.078337818384170532e-01
-2.907488048076629639e-01
-6.986156105995178223e-01
-7.930194139480590820e-01
1.549783945083618164e-01
3.878933785017579794e-05
-1.383661031723022461e+00
1.367970257997512817e-01
-1.639713406562805176e+00
-1.243804931640625000e+00
-3.638214766979217529e-01
2.899291515350341797e-01
-3.576327562332153320e-01
1.665718853473663330e-01
-2.050978988409042358e-01
3.181345015764236450e-02
-1.027392864227294922e+00
-1.641506850719451904e-01
-1.271354913711547852e+00
-1.111702561378479004e+00
-1.396377921104431152e+00
-1.408196449279785156e+00
-6.532283425331115723e-01
-1.657598376274108887e+00
-6.593056321144104004e-01
-1.682138442993164062e-01
-6.452015638351440430e-01
-1.398611664772033691e+00
-1.258478045463562012e+00
-1.435446619987487793e+00
7.981124520301818848e-02
9.827887266874313354e-02
-3.186604082584381104e-01
-2.923793792724609375e-01
-1.284463405609130859e+00
-5.182459354400634766e-01
-7.804064154624938965e-01
-1.692227959632873535e+00
-5.101207494735717773e-01
-1.434671401977539062e+00
-2.839210033416748047e-01
-7.724860310554504395e-01
-1.627142786979675293e+00
-1.390071392059326172e+00
-1.181296855211257935e-01
-6.733617782592773438e-01
1.316859871149063110e-01
-8.045654296875000000e-01
-1.765448689460754395e+00
-1.329697608947753906e+00
-1.630580782890319824e+00
-8.670900464057922363e-01
-1.771906495094299316e+00
-3.072722852230072021e-01
-2.145094275474548340e-01
-8.437545895576477051e-01
-3.750988841056823730e-01
-8.156857490539550781e-01
-1.264797449111938477e+00
-9.261848926544189453e-01
-8.341180086135864258e-01
-2.370905727148056030e-01
-5.166186094284057617e-01
-1.367801666259765625e+00
-4.163703322410583496e-01
-1.150660634040832520e+00
-1.215295314788818359e+00
2.653540968894958496e-01
-1.620430707931518555e+00
-8.799666762351989746e-01
1.758763641119003296e-01
-2.952571213245391846e-02
-5.619857311248779297e-01
1.672658254392445087e-04
-1.325725555419921875e+00
-5.666953511536121368e-03
-1.340857744216918945e+00
-1.054015755653381348e+00
-1.365108847618103027e+00
-1.246511578559875488e+00
-1.062024354934692383e+00
-1.826838493347167969e+00
-1.540620684623718262e+00
-7.145810723304748535e-01
-1.677056312561035156e+00
-2.970454990863800049e-01
-1.510599017143249512e+00
-6.508711576461791992e-01
-1.343564152717590332e+00
-8.701591491699218750e-01
-1.698564529418945312e+00
3.451569005846977234e-02
-1.787011384963989258e+00
1.351408660411834717e-01
-2.574818432331085205e-01
-1.278704404830932617e+00
-1.215046286582946777e+00
-7.097453474998474121e-01
-9.491699337959289551e-01
-5.328130722045898438e-01
-8.904405236244201660e-01
-1.209049105644226074e+00
-1.437442898750305176e+00
4.436880946159362793e-01
-1.610047221183776855e+00
-6.097877621650695801e-01
-1.589109301567077637e+00
2.555550634860992432e-01
1.442085653543472290e-01
-4.320247769355773926e-01
-2.137595862150192261e-01
-1.586517095565795898e+00
-6.266393661499023438e-01
-6.727564930915832520e-01
-1.532643318176269531e+00
-4.323088824748992920e-01
-1.516737580299377441e+00
-1.381892085075378418e+00
-1.059532523155212402e+00
-8.330183103680610657e-03
-1.144616723060607910e+00
-1.410285234451293945e+00
-1.592690229415893555e+00
-1.515709400177001953e+00
2.041256427764892578e-02
-1.594573974609375000e+00
1.227388009428977966e-01
-1.112079143524169922e+00
4.203403368592262268e-02
-4.526996016502380371e-01
-1.560286045074462891e+00
-1.383470892906188965e+00
-1.463621258735656738e+00
-1.679403781890869141e+00
-1.558466553688049316e+00
4.163185656070709229e-01
-1.723009467124938965e+00
-6.861937046051025391e-01
-1.620590806007385254e+00
-4.434012174606323242e-01
-1.055240750312805176e+00
-8.321706205606460571e-02
-4.460913240909576416e-01
-6.806811690330505371e-02
-3.384900391101837158e-01
-1.724930047988891602e+00
-1.000495076179504395e+00
-5.077536702156066895e-01
-1.646577835083007812e+00
-1.530947536230087280e-01
-1.406476497650146484e-01
-6.686643958091735840e-01
-1.453775882720947266e+00
-5.911757797002792358e-02
1.434262245893478394e-01
-9.887968897819519043e-01
-1.702684521675109863e+00
-6.989149004220962524e-02
-1.436624825000762939e-01
-6.737052798271179199e-01
-1.775169253349304199e+00
-3.396676480770111084e-01
-9.311923384666442871e-01
-1.483768701553344727e+00
-1.397011518478393555e+00
-3.507003784179687500e-01
-1.550137400627136230e+00
-3.736337721347808838e-01
-1.330438137054443359e+00
-8.677024841308593750e-01
-1.234341621398925781e+00
-9.868583083152770996e-01
-1.686401605606079102e+00
-1.571071624755859375e+00
-7.668544054031372070e-01
-7.250446677207946777e-01
-8.820012211799621582e-01
-1.564459443092346191e+00
-9.273421168327331543e-01
-1.780697703361511230e-01
-6.903289556503295898e-01
-3.075712025165557861e-01
-1.039897084236145020e+00
-5.871040225028991699e-01
5.740771442651748657e-02
-1.101897716522216797e+00
-1.560211539268493652e+00
-1.102743625640869141e+00
-1.690831661224365234e+00
-8.231565356254577637e-01
1.209701895713806152e-01
-6.686286926269531250e-01
-1.546530276536941528e-01
-3.618800044059753418e-01
-1.770736694335937500e+00
1.286215055733919144e-02
-4.743794798851013184e-01
-1.686320662498474121e+00
-9.702959060668945312e-01
-4.520714879035949707e-01
-1.443246245384216309e+00
-1.207582116127014160e+00
-7.329388260841369629e-01
-8.841018676757812500e-01
-1.512796998023986816e+00
-2.282114475965499878e-01
-1.294860839843750000e+00
-1.124900430440902710e-01
-1.255363821983337402e+00
-1.476828455924987793e+00
-1.632386445999145508e+00
7.252860069274902344e-02
-5.233324766159057617e-01
-1.668323040008544922e+00
-2.258677929639816284e-01
5.078779160976409912e-02
-1.080671787261962891e+00
-1.620976328849792480e+00
-7.970628142356872559e-02
-1.548793554306030273e+00
-1.530638813972473145e+00
-1.629633903503417969e-01
-3.579175472259521484e-01
-1.097735643386840820e+00
-5.034976601600646973e-01
-1.295776486396789551e+00
-3.032515756785869598e-02
-1.040698528289794922e+00
-8.900259137153625488e-01
-7.278403043746948242e-01
-1.704179286956787109e+00
-1.558280825614929199e+00
-8.476198911666870117e-01
-1.096686720848083496e+00
-6.161339282989501953e-01
2.104918006807565689e-03
-1.490058470517396927e-02
-4.082796871662139893e-01
-8.623901754617691040e-02
-3.122490346431732178e-01
-7.883574366569519043e-01
-8.816342353820800781e-01
-1.641628623008728027e+00
-9.720017910003662109e-01
-9.668852686882019043e-01
-6.323072910308837891e-01
-4.853265583515167236e-01
2.351906150579452515e-02
-6.934297084808349609e-02
3.360734283924102783e-01
-9.222187995910644531e-01
-1.011147141456604004e+00
-1.527600288391113281e+00
-7.083012461662292480e-01
-2.522897534072399139e-02
-7.940686941146850586e-01
5.358521267771720886e-02
-3.606946170330047607e-01
-6.234623193740844727e-01
-1.759794831275939941e+00
-1.793140292167663574e+00
7.032401114702224731e-02
-8.269907236099243164e-01
-8.899316787719726562e-01
-1.359933137893676758e+00
-1.388182520866394043e+00
-1.666292190551757812e+00
-4.583674669265747070e-01
-1.636180877685546875e-01
-1.561440706253051758e+00
-2.516034841537475586e-01
-1.667484045028686523e+00
-6.334547400474548340e-01
-9.718912839889526367e-01
1.030104421079158783e-02
-1.653160691261291504e+00
-7.797219157218933105e-01
1.003585308790206909e-01
-1.458006739616394043e+00
-1.618540763854980469e+00
-1.485215783119201660e+00
2.781712636351585388e-02
-8.552000522613525391e-01
-1.088397741317749023e+00
-9.504156708717346191e-01
-1.512822985649108887e+00
-1.501449346542358398e+00
-9.462664127349853516e-01
-7.837042808532714844e-01
4.233065992593765259e-02
-1.058677077293395996e+00
-7.493281364440917969e-01
-1.759929776191711426e+00
-4.296914339065551758e-01
-1.426945328712463379e+00
-1.647119998931884766e+00
-1.552742868661880493e-01
-6.249537467956542969e-01
-4.899038076400756836e-01
-1.629549264907836914e+00
-1.638996362686157227e+00
-1.780339956283569336e+00
2.420285642147064209e-01
-2.692285478115081787e-01
-1.642025113105773926e+00
-1.057414650917053223e+00
-4.271368682384490967e-01
-6.018757820129394531e-01
-1.638824641704559326e-01
-3.611834049224853516e-01
-6.445682048797607422e-01
-1.163040757179260254e+00
9.509278833866119385e-02
-4.753999710083007812e-01
-1.834447383880615234e-01
-1.039251804351806641e+00
-1.594944119453430176e+00
-3.207426965236663818e-01
-1.230429530143737793e+00
2.426972687244415283e-01
4.924615025520324707e-01
-1.149362325668334961e+00
-7.237313687801361084e-02
-1.286980152130126953e+00
-5.775068402290344238e-01
-1.142105340957641602e+00
1.241514682769775391e-01
-1.604675650596618652e+00
7.389761507511138916e-02
-1.158506631851196289e+00
-1.618917226791381836e+00
-6.300904750823974609e-01
-6.883233189582824707e-01
-1.742049574851989746e+00
-2.315844446420669556e-01
3.531296737492084503e-03
-1.322535753250122070e+00
-1.139313936233520508e+00
-9.417123198509216309e-01
-4.324251711368560791e-01
-1.446451544761657715e+00
-2.812453210353851318e-01
-2.968611419200897217e-01
-5.484837293624877930e-02
-1.269012451171875000e+00
-1.651704311370849609e+00
-6.259631514549255371e-01
-1.104067921638488770e+00
-2.517673671245574951e-01
-1.090315937995910645e+00
-2.121524512767791748e-01
-1.117040514945983887e+00
-1.229891657829284668e+00
-3.879438638687133789e-01
5.279613733291625977e-01
-1.889233738183975220e-01
-7.918149232864379883e-01
-1.206189632415771484e+00
-1.716108918190002441e+00
6.005159113556146622e-03
5.919066071510314941e-02
-2.568268030881881714e-02
-5.427428483963012695e-01
-1.485855221748352051e+00
-5.667112469673156738e-01
-5.779479742050170898e-01
2.447571232914924622e-02
-6.551781296730041504e-01
-1.652595758438110352e+00
-1.126747250556945801e+00
-1.818643957376480103e-01
-1.505390644073486328e+00
-1.429876446723937988e+00
-6.168221235275268555e-01
-1.066915512084960938e+00
-1.800630569458007812e+00
-1.263225197792053223e+00
-1.908734589815139771e-01
5.228693783283233643e-02
-1.315095543861389160e+00
-1.563405275344848633e+00
-1.774759531021118164e+00
-1.320154666900634766e+00
-6.608383655548095703e-01
-2.450430095195770264e-01
-1.003370165824890137e+00
-1.572577118873596191e+00
-1.206132888793945312e+00
-7.270456850528717041e-02
1.692082881927490234e-01
-1.574038982391357422e+00
-6.848389506340026855e-01
-4.653457403182983398e-01
-1.173907399177551270e+00
-1.067076325416564941e+00
-9.614534378051757812e-01
-1.781045317649841309e+00
3.392792344093322754e-01
-1.700870513916015625e+00
-8.195264935493469238e-01
-1.488356947898864746e+00
-9.212158918380737305e-01
-4.238657057285308838e-01
4.756518006324768066e-01
-3.750191628932952881e-01
-9.796026945114135742e-01
-4.169238507747650146e-01
-1.887736469507217407e-01
-1.041002392768859863e+00
1.564651541411876678e-02
-1.298682093620300293e-01
-1.232680901885032654e-01
-1.308075428009033203e+00
-1.505718469619750977e+00
-1.043452382087707520e+00
-1.498564243316650391e+00
1.746181845664978027e-01
-5.711608529090881348e-01
-5.391939282417297363e-01
-1.237676739692687988e+00
-1.672109484672546387e+00
-1.503153443336486816e+00
-4.280905798077583313e-02
-9.100092649459838867e-01
-5.076376199722290039e-01
-9.878702163696289062e-01
-1.152302503585815430e+00
-1.120367527008056641e+00
1.176129207015037537e-01
-1.505160689353942871e+00
-1.579650640487670898e-01
-4.831880927085876465e-01
6.715328246355056763e-02
-1.025207757949829102e+00
-1.256106376647949219e+00
-8.299005031585693359e-02
-4.469505846500396729e-01
-1.783525466918945312e+00
-1.639692544937133789e+00
3.827324137091636658e-02
-8.291824460029602051e-01
-1.552123546600341797e+00
-7.603231072425842285e-01
-7.798878550529479980e-01
1.957357227802276611e-01
-1.589378237724304199e+00
-1.538020610809326172e+00
-4.361947178840637207e-01
-6.514889001846313477e-01
-5.740892291069030762e-01
-8.982245922088623047e-01
-1.040929794311523438e+00
1.000325544737279415e-03
-1.041846394538879395e+00
2.622883021831512451e-01
-1.273026347160339355e+00
4.184519052505493164e-01
-1.605815172195434570e+00
-2.641357779502868652e-01
-9.218057394027709961e-01
-1.762200474739074707e+00
-1.376701712608337402e+00
-1.537987351417541504e+00
-4.478773772716522217e-01
-4.181696474552154541e-01
-8.666664958000183105e-01
-2.531554400920867920e-01
-6.492100358009338379e-01
-6.865630745887756348e-01
-8.685861229896545410e-01
-2.379928231239318848e-01
-5.048652887344360352e-01
-1.029002428054809570e+00
-1.233184933662414551e+00
-6.238205432891845703e-01
-3.679511547088623047e-01
-1.394175767898559570e+00
-4.367981255054473877e-01
-1.438676714897155762e+00
4.651753231883049011e-02
-1.038359880447387695e+00
-1.409887671470642090e+00
-8.647113442420959473e-01
-1.794500946998596191e+00
-1.350330352783203125e+00
-4.137453734874725342e-01
-1.803344011306762695e+00
1.644059568643569946e-01
-4.995608702301979065e-02
-5.050504207611083984e-01
-6.605473160743713379e-01
1.974065154790878296e-01
4.151277616620063782e-02
-6.911036968231201172e-01
-1.365744113922119141e+00
-1.303692221641540527e+00
-1.519992351531982422e+00
-6.417704820632934570e-01
3.612644374370574951e-01
-4.806124567985534668e-01
-9.062525033950805664e-01
-1.570956945419311523e+00
1.481563001871109009e-01
-3.719073832035064697e-01
-3.293104171752929688e-01
-1.630118012428283691e+00
1.181156411767005920e-01
-1.389297008514404297e+00
-1.641718864440917969e+00
-1.836134642362594604e-01
-1.601721048355102539e+00
7.071769982576370239e-02
-1.796377897262573242e+00
-1.299469947814941406e+00
-1.058029174804687500e+00
-6.360313296318054199e-01
-1.028219223022460938e+00
-1.653347373008728027e+00
-1.440017700195312500e+00
-1.789572238922119141e+00
-1.444627285003662109e+00
-9.759734570980072021e-02
-1.225251674652099609e+00
-1.035199642181396484e+00
-1.187853068113327026e-01
-1.177244424819946289e+00
-3.586826920509338379e-01
-9.531204104423522949e-01
-2.316512316465377808e-01
-3.545265793800354004e-01
3.404841199517250061e-02
-1.081844925880432129e+00
-3.631947040557861328e-01
-6.941623091697692871e-01
-6.074275374412536621e-01
-1.393083333969116211e+00
-1.220186948776245117e+00
-1.476739794015884399e-01
-4.727778211236000061e-02
-8.631235957145690918e-01
-1.229429721832275391e+00
-8.687343448400497437e-02
-1.331731796264648438e+00
-9.460399150848388672e-01
-1.552219748497009277e+00
-2.287703603506088257e-01
-1.255350828170776367e+00
-5.857964754104614258e-01
-1.193118453025817871e+00
-3.583493530750274658e-01
-1.198368549346923828e+00
-9.720842838287353516e-01
-1.381087422370910645e+00
-7.718613743782043457e-01
-5.903698801994323730e-01
-4.651853144168853760e-01
-1.305575370788574219e+00
-1.755898475646972656e+00
-2.474130988121032715e-01
-3.155636787414550781e-02
-1.430209875106811523e+00
3.237352520227432251e-02
-9.228574484586715698e-02
-1.281248688697814941e+00
-1.404847621917724609e+00
-1.583834409713745117e+00
-1.189157128334045410e+00
-1.094055175781250000e+00
-4.143378231674432755e-03
-1.534125685691833496e+00
-1.232992410659790039e+00
-1.152333736419677734e+00
-7.278717756271362305e-01
-8.015876412391662598e-01
-1.466676473617553711e+00
5.860982462763786316e-03
-2.688416242599487305e-01
-1.384070754051208496e+00
-6.939426064491271973e-01
-2.959226965904235840e-01
-5.694738030433654785e-01
-5.691835284233093262e-01
-1.540454030036926270e+00
-1.843958199024200439e-01
-1.737634241580963135e-01
-9.386417865753173828e-01
-4.243916273117065430e-01
-1.376446247100830078e+00
-2.738543450832366943e-01
-3.641690909862518311e-01
-1.599828004837036133e+00
-1.081503748893737793e+00
-1.150930285453796387e+00
-6.585531830787658691e-01
-2.392636984586715698e-02
-3.132044076919555664e-01
-9.393877983093261719e-01
-2.730275690555572510e-01
-1.569499492645263672e+00
3.057539835572242737e-02
-1.459839105606079102e+00
-3.071625530719757080e-01
-8.337818980216979980e-01
8.778697848320007324e-01
1.607492268085479736e-01
-2.758789956569671631e-01
3.019742071628570557e-01
-1.367482095956802368e-01
1.026274934411048889e-01
2.219307571649551392e-01
-9.114117622375488281e-01
-1.464471817016601562e+00
-3.979567587375640869e-01
-3.995858430862426758e-01
5.644242465496063232e-02
-6.624238193035125732e-02
-6.283058524131774902e-01
-6.505991220474243164e-01
-1.279275417327880859e+00
-1.351249963045120239e-01
-1.004042863845825195e+00
-1.214569449424743652e+00
-8.083463311195373535e-01
5.274087786674499512e-01
8.087677955627441406e-01
7.596692442893981934e-01
-2.536312341690063477e-01
-5.465321540832519531e-01
4.295023381710052490e-01
-2.028990834951400757e-01
2.731728851795196533e-01
1.454109698534011841e-01
1.200676988810300827e-02
-7.769145965576171875e-01
4.810530841350555420e-01
-3.907755911350250244e-01
-4.060401916503906250e-01
-1.483688354492187500e-01
7.265200614929199219e-01
-1.592828333377838135e-01
-3.098182380199432373e-01
2.279122769832611084e-01
1.576434634625911713e-02
-1.592828631401062012e+00
-2.595279924571514130e-02
-4.384581148624420166e-01
1.390259414911270142e-01
-7.963452339172363281e-01
4.187441766262054443e-01
-1.601899415254592896e-02
-9.426932334899902344e-01
5.071935057640075684e-01
-5.227473378181457520e-01
5.529179796576499939e-02
6.278137117624282837e-02
-9.528108835220336914e-01
-2.868104279041290283e-01
8.538665622472763062e-02
-4.480818510055541992e-01
-1.510928511619567871e+00
-4.375236853957176208e-02
-2.353295981884002686e-01
-9.944040775299072266e-01
1.678065806627273560e-01
-4.847850278019905090e-02
4.224671795964241028e-02
-3.196138739585876465e-01
-7.233120799064636230e-01
-1.326397061347961426e+00
-7.914901375770568848e-01
-1.320736169815063477e+00
7.970867156982421875e-01
1.439673453569412231e-01
6.894031763076782227e-01
-7.173516154289245605e-01
8.909777998924255371e-01
-2.014409750699996948e-01
5.235350728034973145e-01
5.175976753234863281e-01
1.730378270149230957e-01
-7.960289716720581055e-01
-4.416797757148742676e-01
5.188578963279724121e-01
1.728648990392684937e-01
1.462324857711791992e-01
-1.208875179290771484e-01
-3.108445405960083008e-01
-9.231140017509460449e-01
2.789533436298370361e-01
-6.970535516738891602e-01
-2.124636769294738770e-01
-1.717504709959030151e-01
-1.671391010284423828e+00
-1.257725477218627930e+00
-3.808551728725433350e-01
-1.270195484161376953e+00
-1.215302467346191406e+00
-8.385932445526123047e-01
6.120455265045166016e-01
4.722909629344940186e-01
-5.110867023468017578e-01
-1.198662519454956055e+00
-9.762375950813293457e-01
-1.242215752601623535e+00
-9.962972998619079590e-01
-2.105932682752609253e-02
7.468115687370300293e-01
-1.128189802169799805e+00
5.636387467384338379e-01
-4.763513207435607910e-01
-1.551013469696044922e+00
4.139853715896606445e-01
8.413205146789550781e-01
-8.958564400672912598e-01
5.269482135772705078e-01
-1.409353494644165039e+00
1.110229641199111938e-01
-8.824768662452697754e-01
-3.784449100494384766e-01
-1.310169219970703125e+00
-2.515246570110321045e-01
1.905979402363300323e-02
-6.711711883544921875e-01
-8.065138459205627441e-01
-8.655007481575012207e-01
-6.437575072050094604e-02
7.990373969078063965e-01
-5.856369733810424805e-01
8.744109272956848145e-01
-7.279806733131408691e-01
-1.102944016456604004e+00
-1.660495281219482422e+00
-4.511220753192901611e-01
5.522099733352661133e-01
4.309020340442657471e-01
-5.204446911811828613e-01
-6.307513713836669922e-01
1.483693420886993408e-01
-4.858526289463043213e-01
6.488149613142013550e-02
-8.915187120437622070e-01
-1.019277334213256836e+00
-5.375015735626220703e-01
5.031582340598106384e-02
8.629229068756103516e-01
-9.911724328994750977e-01
3.760721385478973389e-01
5.299655795097351074e-01
9.630193933844566345e-03
-5.175345540046691895e-01
-1.998360008001327515e-01
-6.521866917610168457e-01
1.948552578687667847e-02
-9.242144227027893066e-01
-7.550613284111022949e-01
5.387699007987976074e-01
3.736214637756347656e-01
6.514335870742797852e-01
-1.991662830114364624e-01
-3.963819742202758789e-01
-3.887681961059570312e-01
1.270627677440643311e-01
-8.465109467506408691e-01
-5.536921620368957520e-01
-9.305619597434997559e-01
-9.054992198944091797e-01
-7.565962076187133789e-01
-4.030850231647491455e-01
-5.550705194473266602e-01
-9.830652475357055664e-01
-6.595981717109680176e-01
2.635244131088256836e-01
-7.001106739044189453e-01
-3.937833309173583984e-01
-1.016886010766029358e-01
-2.350000850856304169e-02
-2.556275129318237305e-01
-6.726853251457214355e-01
-1.408637166023254395e-01
3.395896404981613159e-02
-1.069851875305175781e+00
-1.446499943733215332e+00
-5.409582257270812988e-01
3.096279501914978027e-02
3.033511638641357422e-01
-8.244100809097290039e-01
1.964023150503635406e-02
-5.058923959732055664e-01
-3.478049933910369873e-01
-2.011056393384933472e-01
-9.122777581214904785e-01
-7.312501966953277588e-02
9.137041121721267700e-02
3.867502212524414062e-01
-7.650871872901916504e-01
4.846688807010650635e-01
-1.320177316665649414e+00
4.798130393028259277e-01
-3.202293813228607178e-01
1.656114012002944946e-01
6.073387265205383301e-01
4.242610037326812744e-01
-7.883401513099670410e-01
8.132278919219970703e-01
-9.684723615646362305e-02
-1.133395805954933167e-01
-1.218517422676086426e+00
-1.047682523727416992e+00
6.993141770362854004e-01
-2.654802799224853516e-01
-8.448081612586975098e-01
-5.727515220642089844e-01
3.613185286521911621e-01
-6.751143932342529297e-01
-1.099513411521911621e+00
-1.783244729042053223e+00
-7.184339761734008789e-01
4.841349422931671143e-01
3.984085917472839355e-01
-6.574554443359375000e-01
2.097049802541732788e-01
-1.670791149139404297e+00
6.011993288993835449e-01
-3.499593436717987061e-01
-3.506126105785369873e-01
-1.172503590583801270e+00
-4.939631819725036621e-01
-3.183425962924957275e-01
-1.714275836944580078e+00
-7.241147756576538086e-01
-9.084373116493225098e-01
-7.231463491916656494e-02
7.567041516304016113e-01
-8.084521889686584473e-01
-8.780475258827209473e-01
-1.824942976236343384e-01
-7.406023144721984863e-01
-6.867876648902893066e-01
-6.924182176589965820e-01
-6.071557998657226562e-01
-1.688623309135437012e+00
-1.482624053955078125e+00
-1.579657644033432007e-01
-3.475995659828186035e-01
-1.297146201133728027e+00
7.709255814552307129e-01
-1.041960716247558594e+00
-3.145825266838073730e-01
-2.797395884990692139e-01
-1.377366304397583008e+00
2.772758603096008301e-01
-1.037574052810668945e+00
3.701529502868652344e-01
-3.348608911037445068e-01
3.998058140277862549e-01
-7.509725093841552734e-01
-9.799982905387878418e-01
1.876660287380218506e-01
-9.485281705856323242e-01
-1.614575147628784180e+00
-1.505159497261047363e+00
7.057560235261917114e-02
-3.828993141651153564e-01
3.032811880111694336e-01
6.789814829826354980e-01
-1.387023329734802246e+00
-3.591577410697937012e-01
-2.804361879825592041e-01
-6.496615409851074219e-01
-4.296486079692840576e-01
-2.683463692665100098e-01
4.364157617092132568e-01
-1.089414715766906738e+00
-1.432978987693786621e+00
3.827950060367584229e-01
-5.174252390861511230e-01
9.207645803689956665e-02
-4.080121815204620361e-01
-1.370155096054077148e+00
-4.196397960186004639e-01
-1.552406311035156250e+00
-4.216704964637756348e-01
-8.726661801338195801e-01
-7.863253951072692871e-01
-1.272119760513305664e+00
-1.008566856384277344e+00
-9.562566876411437988e-03
3.213487267494201660e-01
-2.613030970096588135e-01
6.977230906486511230e-01
2.859680354595184326e-01
7.592614740133285522e-02
-6.970133781433105469e-01
3.034324645996093750e-01
4.041537642478942871e-01
-9.685977697372436523e-01
-6.859771907329559326e-02
2.073751688003540039e-01
-1.215457201004028320e+00
3.048287630081176758e-01
2.158996462821960449e-01
-1.682215213775634766e+00
-9.093924760818481445e-01
2.405493147671222687e-02
8.021118640899658203e-01
7.023785263299942017e-02
-7.740054726600646973e-01
5.519437789916992188e-01
4.081000685691833496e-01
-3.342126905918121338e-01
4.916715323925018311e-01
-6.291146278381347656e-01
3.914155662059783936e-01
5.147783160209655762e-01
-1.783695578575134277e+00
-9.340506792068481445e-01
2.124343663454055786e-01
-6.246366500854492188e-01
-5.963331460952758789e-01
3.326047360897064209e-01
1.365843564271926880e-01
6.515955924987792969e-01
7.591614723205566406e-01
-1.616530418395996094e+00
-1.212274730205535889e-01
-5.972632169723510742e-01
4.266710951924324036e-02
8.258376717567443848e-01
-9.171590805053710938e-01
6.099275946617126465e-01
7.253043055534362793e-01
-3.068272173404693604e-01
-1.709794878959655762e+00
2.930016517639160156e-01
6.452327966690063477e-01
8.662510514259338379e-01
1.652323007583618164e-01
-2.482788264751434326e-01
-2.872551083564758301e-01
-9.858253598213195801e-01
-7.646809220314025879e-01
-6.850688457489013672e-01
-1.030276417732238770e+00
-1.142748713493347168e+00
-7.830899357795715332e-01
-1.812744438648223877e-01
-1.709296822547912598e+00
-9.186347723007202148e-01
-4.638997614383697510e-01
-4.980636835098266602e-01
7.613016963005065918e-01
-8.002874255180358887e-01
-9.795491695404052734e-01
-1.112879633903503418e+00
-5.268121957778930664e-01
-8.155403733253479004e-01
-1.351905465126037598e+00
-7.560846954584121704e-02
-5.994936227798461914e-01
9.055587649345397949e-02
-3.550737202167510986e-01
4.820701777935028076e-01
-9.348621964454650879e-01
-4.004087299108505249e-02
-8.735663294792175293e-01
-1.683410763740539551e+00
-8.110202103853225708e-02
3.184926509857177734e-01
-1.357283234596252441e+00
7.742920517921447754e-02
-1.029659509658813477e+00
-1.764720529317855835e-01
-9.386490583419799805e-01
-9.543708562850952148e-01
-5.944445729255676270e-01
-6.692492961883544922e-02
-3.246989334002137184e-03
-7.314131855964660645e-01
7.111876606941223145e-01
-2.297389507293701172e-01
6.458226442337036133e-01
-4.854274168610572815e-02
1.006606966257095337e-01
-8.783677220344543457e-01
-3.531534373760223389e-01
3.713571429252624512e-01
6.366609930992126465e-01
-3.006882071495056152e-01
-1.723592281341552734e+00
3.583066761493682861e-01
-5.718669388443231583e-03
-6.120312809944152832e-01
-8.468201756477355957e-01
5.240347981452941895e-01
-2.194658815860748291e-01
8.638565987348556519e-02
5.064534544944763184e-01
8.974709510803222656e-01
2.789760828018188477e-01
-1.482202529907226562e+00
-1.742465645074844360e-01
1.486879438161849976e-01
4.552473425865173340e-01
-1.442273378372192383e+00
-1.814990937709808350e-01
4.905693233013153076e-02
1.399903465062379837e-02
5.871245265007019043e-01
8.764303326606750488e-01
-4.489532709121704102e-01
-8.954876065254211426e-01
-7.988499402999877930e-01
-8.503952622413635254e-02
8.681216835975646973e-01
-1.046962022781372070e+00
-9.838590770959854126e-02
8.949335813522338867e-01
-9.502232074737548828e-01
-6.395289301872253418e-01
-1.059134602546691895e+00
-1.689041733741760254e+00
-3.943312466144561768e-01
-2.834140658378601074e-01
1.090615428984165192e-02
6.260048598051071167e-02
-8.582802414894104004e-01
-1.005017280578613281e+00
1.569897234439849854e-01
-9.912689924240112305e-01
5.271521210670471191e-01
6.585412621498107910e-01
-1.380406260490417480e+00
-7.447500526905059814e-02
-1.681394100189208984e+00
-1.322159409523010254e+00
-8.775030076503753662e-02
-9.110677838325500488e-01
8.996226191520690918e-01
2.317199259996414185e-01
5.143743753433227539e-01
-3.097645342350006104e-01
5.295259952545166016e-01
1.013298258185386658e-01
8.572042584419250488e-01
-4.383012056350708008e-01
6.774965673685073853e-02
2.933726906776428223e-01
-4.303617477416992188e-01
-2.604624330997467041e-01
6.764768362045288086e-01
-1.997419595718383789e-01
-3.693423569202423096e-01
-9.851146340370178223e-01
4.799618124961853027e-01
5.957490801811218262e-01
-8.073623180389404297e-01
-1.152189493179321289e+00
-1.189972877502441406e+00
2.818652391433715820e-01
2.001782320439815521e-02
-1.060893654823303223e+00
9.143389761447906494e-02
4.981683194637298584e-01
1.452938914299011230e-01
1.611991375684738159e-01
-5.917225480079650879e-01
1.235335692763328552e-01
7.768234014511108398e-01
1.257068663835525513e-01
1.070573255419731140e-01
2.382072955369949341e-01
1.096319407224655151e-01
5.497589707374572754e-01
-1.412715792655944824e+00
2.334345690906047821e-02
-1.743845224380493164e+00
6.027613282203674316e-01
-9.081794619560241699e-01
-9.244825839996337891e-01
3.636745214462280273e-01
-3.831194341182708740e-02
-1.317144513130187988e+00
-1.413068890571594238e+00
8.517800569534301758e-01
-3.656162321567535400e-01
-8.508469462394714355e-01
-1.688138008117675781e+00
8.383312821388244629e-01
-3.040284812450408936e-01
-7.416123151779174805e-01
2.817372977733612061e-01
-5.330860018730163574e-01
-1.784547686576843262e+00
6.540502905845642090e-01
-6.626442074775695801e-01
5.699666738510131836e-01
-1.982024461030960083e-01
-5.479122996330261230e-01
-5.917553901672363281e-01
7.996305823326110840e-01
6.534175276756286621e-01
-1.160351395606994629e+00
-2.214663475751876831e-01
-1.632479786872863770e+00
-1.402310371398925781e+00
-4.494075477123260498e-02
-1.146312206983566284e-01
-4.994596838951110840e-01
8.717300370335578918e-03
-1.230996966361999512e+00
3.256548568606376648e-02
6.616486310958862305e-01
-1.190399765968322754e+00
-1.001058816909790039e+00
-3.437842130661010742e-01
-2.418419420719146729e-01
-8.758372664451599121e-01
-1.142760992050170898e+00
-1.770124435424804688e+00
-7.792559862136840820e-01
-8.947217464447021484e-01
-9.585545063018798828e-01
-4.610509574413299561e-01
-1.027146220207214355e+00
1.938682347536087036e-01
-1.683398485183715820e+00
-9.913628101348876953e-01
4.101867973804473877e-01
-7.114493846893310547e-01
-4.124189615249633789e-01
-7.397193908691406250e-01
-7.557529211044311523e-01
-3.695929795503616333e-02
-8.144407868385314941e-01
-8.449766635894775391e-01
-1.058852791786193848e+00
-2.068670243024826050e-01
7.771269083023071289e-01
-5.222380757331848145e-01
-1.985213458538055420e-01
2.440338730812072754e-01
-4.881905317306518555e-01
2.181953191757202148e-02
-4.128520488739013672e-01
8.909821510314941406e-01
-6.535826921463012695e-01
-6.446990966796875000e-01
-6.776806712150573730e-01
1.085480973124504089e-01
5.642486214637756348e-01
8.491459488868713379e-01
3.483327627182006836e-01
-3.939814269542694092e-01
-3.779643774032592773e-01
-3.920404016971588135e-01
-1.277572512626647949e+00
-4.814219176769256592e-01
-9.294134974479675293e-01
-1.270125061273574829e-01
-6.067700386047363281e-01
6.834754347801208496e-01
-5.394276380538940430e-01
-5.460954308509826660e-01
-1.232114553451538086e+00
-3.673889338970184326e-01
4.044663310050964355e-01
7.026855349540710449e-01
6.049324274063110352e-01
-5.971019864082336426e-01
7.296568751335144043e-01
6.512199044227600098e-01
5.146093368530273438e-01
-5.009579658508300781e-01
3.702618777751922607e-01
3.295922577381134033e-01
8.751846551895141602e-01
-9.507532119750976562e-01
7.001089304685592651e-02
-1.977172791957855225e-01
1.532863229513168335e-01
-1.241479873657226562e+00
-1.844467371702194214e-01
-1.180821418762207031e+00
-5.368076264858245850e-02
-1.406573891639709473e+00
-1.565230488777160645e+00
-2.416851520538330078e-01
-9.311429858207702637e-01
5.510906577110290527e-01
6.349042654037475586e-01
-7.118303794413805008e-03
7.917613387107849121e-01
1.790127903223037720e-01
1.834070496261119843e-02
-1.062978744506835938e+00
-1.053153395652770996e+00
-8.456993699073791504e-01
-1.120442375540733337e-01
-1.473815679550170898e+00
-5.615628138184547424e-02
-1.539784073829650879e-01
1.423238664865493774e-01
-6.177967786788940430e-01
-7.296943664550781250e-01
-6.255974769592285156e-01
-9.974405765533447266e-01
-2.515719830989837646e-01
-7.103576064109802246e-01
-8.132345080375671387e-01
-6.933985352516174316e-01
-4.596788585186004639e-01
-5.258626341819763184e-01
-7.075222134590148926e-01
-1.229200884699821472e-02
-1.692670881748199463e-01
4.328564703464508057e-01
2.537755072116851807e-01
-9.260546565055847168e-01
-1.682430028915405273e+00
-5.034189224243164062e-01
-4.497203230857849121e-01
-5.711275339126586914e-01
-1.276795268058776855e+00
-1.465282440185546875e+00
-9.835147857666015625e-01
6.252846717834472656e-01
8.953290581703186035e-01
-1.708278775215148926e+00
-1.482193112373352051e+00
-8.555232882499694824e-01
-1.248953819274902344e+00
-6.442296504974365234e-01
7.624220848083496094e-01
-1.160186827182769775e-01
4.008218646049499512e-01
-1.258814692497253418e+00
-8.136934638023376465e-01
-8.411538600921630859e-01
6.558085083961486816e-01
5.449751615524291992e-01
-1.065231561660766602e+00
-9.437879920005798340e-01
-8.085664361715316772e-02
-4.369589686393737793e-01
-7.337522506713867188e-01
-1.710775494575500488e-01
-6.729528307914733887e-01
-1.015429615974426270e+00
-1.502301990985870361e-01
-5.965201854705810547e-01
1.137851551175117493e-01
-5.144082903861999512e-01
-7.904672622680664062e-01
-1.476442068815231323e-01
-1.215892881155014038e-01
2.976966202259063721e-01
-4.998980760574340820e-01
-3.991544544696807861e-01
-5.299155116081237793e-01
-7.409644722938537598e-01
2.373538464307785034e-01
2.736493051052093506e-01
-5.727585554122924805e-01
-3.765227496623992920e-01
-9.883906245231628418e-01
-1.328263282775878906e+00
5.418161153793334961e-01
2.429369240999221802e-01
-9.807024002075195312e-01
-1.229076266288757324e+00
-2.391204684972763062e-01
8.884467482566833496e-01
-2.311030179262161255e-01
-1.055229067802429199e+00
-2.720813155174255371e-01
5.378408357501029968e-03
2.787770032882690430e-01
5.685262084007263184e-01
-5.292173624038696289e-01
8.140590786933898926e-01
7.094684243202209473e-01
-9.018978476524353027e-01
8.267001509666442871e-01
-5.227143317461013794e-02
1.983205042779445648e-02
-3.524188697338104248e-01
-2.778835892677307129e-01
4.012027978897094727e-01
-6.322847604751586914e-01
6.108561158180236816e-01
-5.688336119055747986e-02
3.440032303333282471e-01
1.418283879756927490e-01
-5.767892599105834961e-01
-1.513156592845916748e-01
-1.582971513271331787e-01
-9.020138382911682129e-01
6.242794543504714966e-02
-4.676947295665740967e-01
-4.054528176784515381e-01
8.313189148902893066e-01
-1.412424206733703613e+00
1.571999639272689819e-01
4.803722798824310303e-01
-1.775681495666503906e+00
5.433107614517211914e-01
9.753222018480300903e-02
1.686741858720779419e-01
-2.240669131278991699e-01
-8.232854008674621582e-01
5.808701515197753906e-01
-2.077493071556091309e-01
-9.979535341262817383e-01
2.038123272359371185e-02
-5.210473537445068359e-01
2.510072290897369385e-01
-7.948700785636901855e-01
-8.728456497192382812e-01
-7.367901206016540527e-01
-1.598995804786682129e+00
7.976449131965637207e-01
8.908658623695373535e-01
2.640067040920257568e-01
-4.847778081893920898e-01
-8.038742542266845703e-01
4.089715480804443359e-01
6.677438020706176758e-01
-7.231575846672058105e-01
-1.647479891777038574e+00
4.392895400524139404e-01
-1.005430370569229126e-01
-2.579230964183807373e-01
-5.296903848648071289e-01
2.695182561874389648e-01
-7.246276140213012695e-01
-1.457634568214416504e+00
-7.657930254936218262e-01
5.752847790718078613e-01
4.485920071601867676e-01
-1.255534648895263672e+00
-8.562194555997848511e-02
6.553274989128112793e-01
-4.580737948417663574e-01
7.133210897445678711e-01
-1.799749881029129028e-01
-3.506441414356231689e-01
-9.785736799240112305e-01
6.761720180511474609e-01
1.898393034934997559e-01
-7.603119015693664551e-01
3.680336773395538330e-01
-9.787732362747192383e-01
-1.592066287994384766e-01
8.478227257728576660e-01
-4.327215850353240967e-01
-9.977216273546218872e-02
-1.756107509136199951e-01
-7.664827257394790649e-02
-2.632872164249420166e-01
1.381188631057739258e-01
5.145493149757385254e-01
2.138361036777496338e-01
-5.371547341346740723e-01
-6.961122751235961914e-01
4.377476274967193604e-01
4.790159761905670166e-01
8.752097487449645996e-01
7.326022982597351074e-01
-6.151745915412902832e-01
4.527682960033416748e-01
-3.966697454452514648e-01
-3.665243685245513916e-01
-1.397602081298828125e+00
-8.668687939643859863e-01
5.023965835571289062e-01
-1.052685976028442383e+00
3.771268129348754883e-01
-9.197015762329101562e-01
-5.914772301912307739e-02
-1.779442191123962402e+00
1.069405004382133484e-01
-9.044068455696105957e-01
7.536643743515014648e-01
1.054164692759513855e-01
-1.474022507667541504e+00
6.745594739913940430e-02
5.480039715766906738e-01
8.825440406799316406e-01
-9.732577204704284668e-01
-6.363033056259155273e-01
2.177011519670486450e-01
2.564318776130676270e-01
-7.803531289100646973e-01
-1.626041382551193237e-01
-7.376648783683776855e-01
1.608569473028182983e-01
7.080801725387573242e-01
-8.602826595306396484e-01
-1.274393320083618164e+00
7.773821949958801270e-01
-9.784739613533020020e-01
-8.262683451175689697e-02
-3.754320144653320312e-01
-1.578693985939025879e+00
-8.437737822532653809e-01
-6.865873336791992188e-01
-1.650488525629043579e-01
-7.957809418439865112e-02
-9.416969418525695801e-01
2.131700366735458374e-01
-1.644727706909179688e+00
-8.520168662071228027e-01
-3.427407518029212952e-02
-6.167520284652709961e-01
2.807386219501495361e-01
3.979527950286865234e-01
3.375849127769470215e-01
-1.006319522857666016e-01
-1.307351827621459961e+00
5.011581778526306152e-01
8.388144969940185547e-01
7.301445603370666504e-01
6.160393953323364258e-01
4.577906429767608643e-01
6.866716742515563965e-01
-5.329707860946655273e-01
-1.274014711380004883e+00
-1.878235936164855957e-01
-1.822948455810546875e+00
-7.699459195137023926e-01
7.018528580665588379e-01
-2.319408208131790161e-01
-2.169556170701980591e-01
6.295709609985351562e-01
-1.527614831924438477e+00
-5.497516989707946777e-01
7.250812053680419922e-01
4.777822270989418030e-02
-2.067678719758987427e-01
-8.652611821889877319e-02
1.327290534973144531e-01
-5.036991238594055176e-01
-5.354904532432556152e-01
-4.965360462665557861e-01
6.135072112083435059e-01
-7.195519208908081055e-01
8.011136651039123535e-01
3.380923066288232803e-03
5.375067591667175293e-01
6.178183555603027344e-01
1.810060292482376099e-01
-6.698352694511413574e-01
-1.681379199028015137e+00
-1.910253465175628662e-01
-1.970034539699554443e-01
7.121520638465881348e-01
-1.107412695884704590e+00
-1.130574584007263184e+00
2.353319525718688965e-02
-5.229857191443443298e-02
1.736286282539367676e-01
-2.602527737617492676e-01
-3.418844342231750488e-01
9.737570881843566895e-01
9.026153087615966797e-01
5.677778720855712891e-01
-5.295210480690002441e-01
-2.582666873931884766e-01
-2.612039744853973389e-01
1.050106063485145569e-01
-7.523464560508728027e-01
-4.441466927528381348e-01
-9.953024983406066895e-01
-2.273980528116226196e-01
-9.315477609634399414e-01
-8.076785206794738770e-01
2.133744657039642334e-01
-4.993179067969322205e-02
-8.513415455818176270e-01
7.175503969192504883e-01
3.404134213924407959e-01
-7.490951418876647949e-01
-3.688433766365051270e-01
-5.380314588546752930e-01
-8.025743961334228516e-01
-1.560397267341613770e+00
-1.393339484930038452e-01
2.192150503396987915e-01
1.052073612809181213e-01
9.505103528499603271e-02
6.455407142639160156e-01
-8.999899029731750488e-01
-4.349014759063720703e-01
-8.041942119598388672e-01
1.076268330216407776e-01
5.824692249298095703e-01
7.187775373458862305e-01
3.383308053016662598e-01
-9.392454028129577637e-01
5.108863711357116699e-01
-6.055462360382080078e-01
7.796928882598876953e-01
-4.344389438629150391e-01
-8.900770545005798340e-01
5.382672548294067383e-01
7.466675043106079102e-01
-9.700849652290344238e-01
-3.469690382480621338e-01
-7.830047011375427246e-01
-2.416079789400100708e-01
-5.702225565910339355e-01
5.663876533508300781e-01
4.906054437160491943e-01
-3.103117942810058594e-01
8.354459404945373535e-01
-6.281152367591857910e-01
-4.053850769996643066e-01
3.105536997318267822e-01
3.047503530979156494e-01
-3.733738064765930176e-01
-1.045840501785278320e+00
-5.837041139602661133e-01
-6.301508545875549316e-01
6.471735239028930664e-02
-3.855657875537872314e-01
5.308032408356666565e-02
-6.134442687034606934e-01
8.414475917816162109e-01
-6.135811805725097656e-01
-9.290614128112792969e-01
-3.049298226833343506e-01
-2.193296700716018677e-01
7.413383126258850098e-01
-2.399089783430099487e-01
-6.696238517761230469e-01
-1.588062942028045654e-01
8.378559350967407227e-01
5.035654306411743164e-01
7.402831315994262695e-01
-7.896953821182250977e-01
-3.772839903831481934e-01
-4.256812334060668945e-01
-2.882454097270965576e-01
-1.010039567947387695e+00
-9.460580348968505859e-02
4.642898738384246826e-01
-1.488553762435913086e+00
-8.296550512313842773e-01
-3.874659538269042969e-01
4.439719915390014648e-01
2.148607745766639709e-02
-5.279918313026428223e-01
-4.054446816444396973e-01
-1.457118630409240723e+00
7.787782549858093262e-01
-8.823167681694030762e-01
-7.779430150985717773e-01
-3.549547195434570312e-01
-8.571624755859375000e-01
-1.772631645202636719e+00
-1.743778347969055176e+00
5.188037753105163574e-01
-6.237556934356689453e-01
-9.170361161231994629e-01
-2.939477264881134033e-01
4.434705078601837158e-01
-1.132909178733825684e+00
-2.715338170528411865e-01
-2.398989498615264893e-01
-3.395453989505767822e-01
-3.126875460147857666e-01
-5.115099549293518066e-01
-3.310976624488830566e-01
3.303617835044860840e-01
5.598073005676269531e-01
1.233427003026008606e-01
-3.295680508017539978e-02
-9.533600807189941406e-01
-1.305385231971740723e+00
-1.002674177289009094e-01
6.103330850601196289e-01
-5.729203820228576660e-01
-7.953237295150756836e-01
7.674948778003454208e-03
2.483842149376869202e-02
-1.402500748634338379e+00
-2.551002800464630127e-02
-8.772400021553039551e-01
-1.673818230628967285e+00
-8.566102981567382812e-01
-7.703399658203125000e-02
-6.780861020088195801e-01
5.036678314208984375e-01
-5.892375111579895020e-01
-8.304492384195327759e-02
3.952125310897827148e-01
3.110947906970977783e-01
2.914958000183105469e-01
-1.084556579589843750e+00
-9.151779413223266602e-01
4.050232172012329102e-01
2.681980729103088379e-01
-1.223233342170715332e+00
5.196611285209655762e-01
-8.073983788490295410e-01
-1.461680650711059570e+00
-1.402365446090698242e+00
3.727713227272033691e-01
-8.522846698760986328e-01
-3.648208379745483398e-01
-6.123034954071044922e-01
-8.144507408142089844e-01
4.085389375686645508e-01
2.236301600933074951e-01
-1.617069840431213379e-01
-8.837996125221252441e-01
7.184549570083618164e-01
-6.106567978858947754e-01
-1.235716700553894043e+00
1.461885571479797363e-01
-6.630941480398178101e-02
-4.320448637008666992e-01
-1.052333116531372070e+00
-4.231237173080444336e-01
-1.203983902931213379e+00
9.728575944900512695e-01
-6.846523880958557129e-01
6.699355244636535645e-01
-6.730574965476989746e-01
7.563629746437072754e-01
4.764673113822937012e-01
9.721399843692779541e-02
-8.105352520942687988e-02
-1.547453880310058594e+00
-5.689076185226440430e-01
-3.541382253170013428e-01
-5.249139666557312012e-01
2.472330182790756226e-01
4.543861746788024902e-01
-1.078500449657440186e-01
2.396390885114669800e-01
8.401805162429809570e-01
5.510699152946472168e-01
3.752541542053222656e-01
-3.327719867229461670e-01
-7.549666762351989746e-01
-1.366309404373168945e+00
-1.030101418495178223e+00
7.479231357574462891e-01
-4.285132288932800293e-01
-8.445134162902832031e-01
6.294561028480529785e-01
-1.288143992424011230e+00
-1.398905873298645020e+00
-7.406395077705383301e-01
-1.808236122131347656e+00
4.059374034404754639e-01
7.643139362335205078e-01
-7.293114662170410156e-01
-7.906491756439208984e-01
-6.120999902486801147e-02
1.119331121444702148e-01
-3.102339506149291992e-01
6.059427186846733093e-02
-8.111867308616638184e-01
-5.996811389923095703e-01
8.429787158966064453e-01
-6.267722845077514648e-01
1.133727803826332092e-01
-2.438031882047653198e-01
-5.086653828620910645e-01
-7.390416860580444336e-01
-1.772117733955383301e+00
7.127947360277175903e-02
6.391571164131164551e-01
-1.722244977951049805e+00
8.142413496971130371e-01
-8.162814974784851074e-01
-4.253770709037780762e-01
-2.191766202449798584e-01
-1.882684528827667236e-01
-1.412677466869354248e-01
-1.695719242095947266e+00
8.635176420211791992e-01
1.443869918584823608e-01
-6.179963946342468262e-01
-1.128407493233680725e-01
-1.558104995638132095e-02
3.455142723396420479e-03
1.989673636853694916e-02
-1.768565624952316284e-01
1.331861168146133423e-01
-1.440589189529418945e+00
-6.463376879692077637e-01
-7.195897400379180908e-02
-7.285847067832946777e-01
-4.115711450576782227e-01
-1.214099168777465820e+00
7.079165428876876831e-02
-1.393210440874099731e-01
7.640019059181213379e-01
6.244494915008544922e-01
2.687924206256866455e-01
-4.433219134807586670e-01
-7.054473161697387695e-01
-8.510245680809020996e-01
-8.352574706077575684e-01
1.898015588521957397e-01
-6.869413852691650391e-01
-8.158089518547058105e-01
-8.538226485252380371e-01
3.701704740524291992e-02
4.254241287708282471e-01
-6.465787291526794434e-01
4.748876392841339111e-02
-8.306560516357421875e-01
-1.777838349342346191e+00
-7.345048785209655762e-01
-4.165984690189361572e-01
-1.049751400947570801e+00
-3.713905215263366699e-01
9.667592048645019531e-01
8.809313774108886719e-01
8.120422959327697754e-01
-1.005018591880798340e+00
-7.975386977195739746e-01
3.122051358222961426e-01
-1.280248612165451050e-01
-2.795133888721466064e-01
-7.961795330047607422e-01
-6.083863973617553711e-01
3.812738358974456787e-01
-6.447046995162963867e-01
-1.162758350372314453e+00
1.035958230495452881e-01
2.678737938404083252e-01
-1.947565674781799316e-01
-3.091251254081726074e-01
-1.490209102630615234e+00
-3.734098970890045166e-01
-5.000204443931579590e-01
-5.013431310653686523e-01
-3.168517351150512695e-01
-7.703596353530883789e-01
-3.865622878074645996e-01
-5.822951793670654297e-01
-1.642648339271545410e+00
-1.304231166839599609e+00
-1.558106184005737305e+00
1.574479043483734131e-02
-1.196707129478454590e+00
-1.534513950347900391e+00
5.461115837097167969e-01
-3.074196279048919678e-01
-5.795955061912536621e-01
-1.372675776481628418e+00
-1.130521416664123535e+00
-8.108706474304199219e-01
-1.218843817710876465e+00
-5.163916349411010742e-01
-3.528863787651062012e-01
-1.176743507385253906e+00
-2.266540005803108215e-02
-1.362463593482971191e+00
6.750240456312894821e-03
8.126951009035110474e-02
-1.085340380668640137e+00
-1.575923115015029907e-01
-8.236428499221801758e-01
-1.440226316452026367e+00
-3.412501513957977295e-01
-5.871893763542175293e-01
3.498069047927856445e-01
-1.394564658403396606e-01
-1.212723016738891602e+00
-4.378734827041625977e-01
-3.485895097255706787e-01
5.121795088052749634e-02
-1.446065545082092285e+00
-8.951320648193359375e-01
-7.857807278633117676e-01
-2.823590040206909180e-01
-4.269414842128753662e-01
-8.591691255569458008e-01
-6.147657632827758789e-01
-2.681684195995330811e-01
-9.548651576042175293e-01
7.425335352309048176e-04
-7.236701250076293945e-01
-1.101595759391784668e+00
-9.105848073959350586e-01
1.852134801447391510e-02
-8.510239720344543457e-01
-1.011537313461303711e+00
-5.834996104240417480e-01
-9.244087338447570801e-01
4.957625269889831543e-01
-7.977491021156311035e-01
-5.014176666736602783e-02
-9.071128368377685547e-01
-1.565685391426086426e+00
-2.352654337882995605e-01
-1.150844097137451172e+00
-1.145460158586502075e-01
-7.613895833492279053e-02
5.589044094085693359e-01
-2.610398530960083008e-01
-1.006254553794860840e+00
-9.273689389228820801e-01
3.720533102750778198e-02
-1.696197152137756348e+00
-1.438457131385803223e+00
-6.093530058860778809e-01
-1.293833702802658081e-01
-8.979769796133041382e-02
-4.803017377853393555e-01
-6.698397397994995117e-01
-6.867129802703857422e-01
-9.832136034965515137e-01
-1.636055469512939453e+00
-1.515472769737243652e+00
-2.050862461328506470e-01
2.829117774963378906e-01
-1.148415088653564453e+00
-6.906384229660034180e-01
-1.096517562866210938e+00
-1.842691451311111450e-01
-1.201038241386413574e+00
-3.063638210296630859e-01
-9.311707019805908203e-01
-3.019864559173583984e-01
-1.406122684478759766e+00
-1.255313158035278320e+00
-8.533583879470825195e-01
-1.259969949722290039e+00
-1.355784535408020020e+00
3.842342793941497803e-01
-1.180434703826904297e+00
-1.804193973541259766e+00
8.272349834442138672e-02
-1.436571359634399414e+00
-5.944501757621765137e-01
-1.317541122436523438e+00
-7.995141744613647461e-01
-7.575767040252685547e-01
-1.122479796409606934e+00
-1.248470067977905273e+00
-5.221852287650108337e-02
-6.624198555946350098e-01
-4.052660167217254639e-01
-4.600828588008880615e-01
-9.798647165298461914e-01
-1.417507290840148926e+00
-1.244246125221252441e+00
-1.618837475776672363e+00
-7.305158376693725586e-01
-1.015496969223022461e+00
-1.046066880226135254e+00
-7.962437868118286133e-01
1.554815322160720825e-01
-1.030127882957458496e+00
-9.209050536155700684e-01
-2.011872678995132446e-01
-6.316708326339721680e-01
-9.058700799942016602e-01
-9.949354529380798340e-01
-1.324394702911376953e+00
1.721486300230026245e-01
-2.871546447277069092e-01
-1.046478897333145142e-01
1.522331535816192627e-01
-6.717375516891479492e-01
-1.400476574897766113e+00
-1.701877832412719727e+00
-4.971953332424163818e-01
-4.095779061317443848e-01
-1.534297943115234375e+00
-8.522801995277404785e-01
1.096266508102416992e-02
-1.578812450170516968e-01
-7.254573702812194824e-01
-1.619172573089599609e+00
-4.285470545291900635e-01
-8.048112392425537109e-01
-5.953723192214965820e-01
-6.253988295793533325e-02
-1.185982227325439453e+00
-1.739675998687744141e+00
1.245528310537338257e-01
-8.334942162036895752e-02
-1.044018507003784180e+00
-8.225873708724975586e-01
-7.044856250286102295e-02
1.979592442512512207e-02
5.422614142298698425e-02
-1.545345664024353027e+00
-4.302423000335693359e-01
-4.541028439998626709e-01
-1.315745413303375244e-01
-4.095534384250640869e-01
-1.083668112754821777e+00
-5.866277217864990234e-01
-1.230216383934020996e+00
-1.068590044975280762e+00
-8.212766051292419434e-01
-4.670565724372863770e-01
-1.435063958168029785e+00
-1.535599470138549805e+00
-1.598092913627624512e+00
-8.263820409774780273e-01
-6.588590145111083984e-01
-1.413272738456726074e+00
-9.335916638374328613e-01
1.257232427597045898e-01
-7.461056709289550781e-01
-1.464120507240295410e+00
-1.214990764856338501e-01
-1.493092417716979980e+00
-2.639897167682647705e-01
-1.635054111480712891e+00
-1.158920764923095703e+00
-1.236500501632690430e+00
2.402136921882629395e-01
-6.856971234083175659e-02
-1.673949599266052246e+00
-1.812537193298339844e+00
-1.615686655044555664e+00
-3.473781049251556396e-01
-1.226998686790466309e+00
-4.470433294773101807e-01
-9.953891634941101074e-01
-5.516802892088890076e-03
-1.580170392990112305e+00
4.144990071654319763e-02
-7.021083831787109375e-01
2.175741195678710938e-01
-6.265340447425842285e-01
-1.125961303710937500e+00
4.418008923530578613e-01
-5.062083005905151367e-01
-6.681572794914245605e-01
-9.918793439865112305e-01
-9.751287102699279785e-01
5.240665674209594727e-01
-1.688525080680847168e+00
-6.478136181831359863e-01
-1.348869562149047852e+00
-8.602344393730163574e-01
-2.994660437107086182e-01
-1.106064677238464355e+00
8.987542986869812012e-02
-1.228458881378173828e+00
-1.211179137229919434e+00
-3.887873291969299316e-01
8.634756505489349365e-02
1.365722864866256714e-01
-6.907867193222045898e-01
-2.210234999656677246e-01
5.526009202003479004e-02
-1.070472955703735352e+00
-9.130316376686096191e-01
-1.219754934310913086e+00
-6.430737376213073730e-01
-8.472180366516113281e-02
-9.554772973060607910e-01
-3.105411231517791748e-01
-1.522316336631774902e+00
-5.448853969573974609e-01
-4.581488668918609619e-01
-1.588611245155334473e+00
2.197651937603950500e-02
-4.199357032775878906e-01
-5.028745532035827637e-01
-1.270880222320556641e+00
-9.267285466194152832e-01
-8.302964568138122559e-01
-1.761774420738220215e+00
3.787870705127716064e-01
-7.190470397472381592e-02
-3.540502861142158508e-02
-5.501130819320678711e-01
-1.033143043518066406e+00
-3.515777885913848877e-01
-1.103149771690368652e+00
-1.768352150917053223e+00
-1.329550385475158691e+00
-4.209888875484466553e-01
-5.969955325126647949e-01
-7.739143967628479004e-01
-1.269212961196899414e+00
1.568096280097961426e-01
-1.665300726890563965e+00
-1.195715088397264481e-02
5.382304191589355469e-01
-1.751794219017028809e+00
1.093703880906105042e-01
-1.047469973564147949e+00
-2.008000612258911133e-01
-1.276161551475524902e+00
-6.486107707023620605e-01
-6.308978796005249023e-01
-1.426428675651550293e+00
-2.243504077196121216e-01
1.181687414646148682e-01
-4.702906608581542969e-01
-1.626304268836975098e+00
-1.692359328269958496e+00
-9.004482626914978027e-01
-3.134407401084899902e-01
-1.982290446758270264e-01
1.664068698883056641e-01
-1.567697405815124512e+00
-6.637804508209228516e-01
-9.744021296501159668e-01
-7.168433666229248047e-01
3.515755012631416321e-02
-1.715926766395568848e+00
-8.049594759941101074e-01
-9.902527183294296265e-02
-1.188968658447265625e+00
-1.306388229131698608e-01
-8.360835313796997070e-01
-1.251441955566406250e+00
-8.449841737747192383e-01
-7.134931087493896484e-01
-1.832407563924789429e-01
-2.852309048175811768e-01
-9.980978369712829590e-01
-3.960145115852355957e-01
-1.522606849670410156e+00
-1.712441921234130859e+00
-3.681741058826446533e-01
-2.311930954456329346e-01
-6.328590512275695801e-01
1.762100756168365479e-01
-1.319756031036376953e+00
1.663132756948471069e-02
-1.090101361274719238e+00
-3.143774271011352539e-01
-1.581074833869934082e+00
-1.376408219337463379e+00
-1.126974582672119141e+00
-1.459514856338500977e+00
7.220684736967086792e-02
-5.075393915176391602e-01
-1.811983436346054077e-01
-1.486641764640808105e+00
-1.594444513320922852e+00
-1.652819991111755371e+00
1.445486843585968018e-01
7.570890709757804871e-03
-9.013496041297912598e-01
-2.100785672664642334e-01
-9.134547710418701172e-01
-1.297756910324096680e+00
-1.569794416427612305e+00
-7.726051807403564453e-01
-9.288793802261352539e-01
-2.101164907217025757e-01
-3.461744487285614014e-01
-6.620100140571594238e-01
-1.415277719497680664e+00
-1.071103930473327637e+00
-1.085682749748229980e+00
-4.329356551170349121e-01
-8.411040306091308594e-01
5.556294694542884827e-02
-2.600609660148620605e-01
-9.830680489540100098e-01
-1.165506482124328613e+00
-3.992040753364562988e-01
-8.152897357940673828e-01
-8.573814630508422852e-01
-8.264532685279846191e-01
-8.904629349708557129e-01
-1.409690856933593750e+00
-1.203591585159301758e+00
-1.635526418685913086e+00
-1.021988749504089355e+00
-7.152602672576904297e-01
-1.601896524429321289e+00
-5.568039417266845703e-01
-9.367003440856933594e-01
-1.267409443855285645e+00
-1.101954102516174316e+00
-1.105878591537475586e+00
2.127504162490367889e-02
-1.432904243469238281e+00
-1.075415968894958496e+00
-7.077142000198364258e-01
-1.259454607963562012e+00
-4.183310568332672119e-01
-5.433601737022399902e-01
-1.715988516807556152e+00
-5.840025544166564941e-01
-2.884291410446166992e-01
-4.889225065708160400e-01
-8.181468248367309570e-01
5.501010268926620483e-02
-1.508488535881042480e+00
-1.166406750679016113e+00
1.568388342857360840e-01
-1.291002184152603149e-01
-1.580284714698791504e+00
-8.068913817405700684e-01
-1.849513053894042969e-01
-1.317228078842163086e+00
-2.070280462503433228e-01
-3.182795941829681396e-01
-1.054186582565307617e+00
-8.302071094512939453e-01
-6.357687711715698242e-01
-6.742779910564422607e-02
2.112293243408203125e-01
-1.664281725883483887e+00
-1.717274308204650879e+00
-1.049982428550720215e+00
-5.089704990386962891e-01
-3.385344743728637695e-01
3.391797840595245361e-02
-8.153768777847290039e-01
-4.493342339992523193e-01
-5.163521766662597656e-01
-3.197408616542816162e-01
-5.196186900138854980e-01
-1.266306400299072266e+00
8.147158473730087280e-02
-1.264584660530090332e+00
-2.386730611324310303e-01
-1.524921506643295288e-01
-3.705408871173858643e-01
-1.025700211524963379e+00
-6.744503378868103027e-01
-4.644905328750610352e-01
-1.326193094253540039e+00
-4.131097495555877686e-01
-1.127385973930358887e+00
6.040759384632110596e-02
-1.033220171928405762e+00
-1.215166330337524414e+00
-1.594083547592163086e+00
-1.737309098243713379e-01
-7.056314498186111450e-02
-5.290982127189636230e-01
-6.527888178825378418e-01
-7.843996286392211914e-01
9.654625505208969116e-02
-2.785650789737701416e-01
-7.081444859504699707e-01
-7.981505990028381348e-01
-4.248425066471099854e-01
-4.727289676666259766e-01
-6.957563757896423340e-01
-7.177775502204895020e-01
-1.486687779426574707e+00
-3.234676718711853027e-01
-3.694702982902526855e-01
-9.597817063331604004e-01
-5.960116982460021973e-01
-4.940811097621917725e-01
-5.401592329144477844e-02
-1.017029061913490295e-01
-1.639623045921325684e+00
-1.060877561569213867e+00
-1.854574829339981079e-01
-8.335765600204467773e-01
-1.029582768678665161e-01
-1.702463030815124512e+00
-7.670250535011291504e-01
2.042724192142486572e-01
-3.653003275394439697e-02
1.090460419654846191e-01
-3.351778686046600342e-01
-5.019459724426269531e-01
-1.354577302932739258e+00
3.755870461463928223e-02
-3.836078345775604248e-01
-1.855887472629547119e-01
-2.896905541419982910e-01
-1.673502922058105469e-01
3.093259632587432861e-01
-1.803112030029296875e-01
-7.416252046823501587e-02
1.105284318327903748e-01
-1.600967884063720703e+00
-1.183424830436706543e+00
-1.704849362373352051e+00
-1.414339393377304077e-01
-8.755708336830139160e-01
-4.570098593831062317e-02
1.213348587043583393e-03
-5.249816775321960449e-01
-1.205361723899841309e+00
-3.885341286659240723e-01
-6.691094636917114258e-01
-1.440157771110534668e+00
-1.753050208091735840e+00
4.800257384777069092e-01
6.371222436428070068e-02
-1.060902833938598633e+00
-1.642229557037353516e+00
-7.353210449218750000e-01
-8.041610717773437500e-01
-1.594608187675476074e+00
-5.492110550403594971e-02
-6.981576085090637207e-01
-2.467366605997085571e-01
-2.734962664544582367e-02
-1.965436041355133057e-01
4.579702317714691162e-01
-1.649734675884246826e-01
-7.446783185005187988e-01
-4.020304605364799500e-02
-3.011828102171421051e-02
-2.666245996952056885e-01
-6.448109149932861328e-01
-8.870779871940612793e-01
2.276282906532287598e-01
-1.118120074272155762e+00
7.375432550907135010e-02
-4.912586510181427002e-01
-4.179620742797851562e-01
-2.609895169734954834e-01
-6.978157758712768555e-01
-5.991734266281127930e-01
-4.146456122398376465e-01
-1.012727499008178711e+00
-9.591931700706481934e-01
2.978720963001251221e-01
8.614977598190307617e-01
-1.329915404319763184e+00
-1.158044673502445221e-02
8.277899622917175293e-01
-8.456404209136962891e-01
-8.134632706642150879e-01
-7.033205628395080566e-01
-1.027542538940906525e-02
-9.490694403648376465e-01
-5.263952016830444336e-01
3.860129714012145996e-01
-2.061470001935958862e-01
-1.023371934890747070e+00
2.056858092546463013e-01
-3.907640874385833740e-01
-1.978214085102081299e-01
-7.313253879547119141e-01
-1.113065481185913086e+00
-6.298326849937438965e-01
6.252200007438659668e-01
-7.303521037101745605e-01
-1.331617116928100586e+00
9.629090875387191772e-02
2.823341488838195801e-01
7.947698235511779785e-01
-1.004184365272521973e+00
-6.663261651992797852e-01
-9.836205840110778809e-01
-9.293796420097351074e-01
-6.623130440711975098e-01
8.373342454433441162e-02
-3.431424200534820557e-01
-4.043187201023101807e-02
1.474818438291549683e-01
-6.728585362434387207e-01
2.798002958297729492e-01
-3.575199842453002930e-01
-1.118781089782714844e+00
-1.275267124176025391e+00
6.160544753074645996e-01
2.159579247236251831e-01
-1.660869240760803223e+00
-4.794606864452362061e-01
3.995053470134735107e-02
9.560095071792602539e-01
-1.416266798973083496e+00
-8.039000630378723145e-02
-2.737277448177337646e-01
-6.416399478912353516e-01
-1.769433379173278809e+00
-1.513004660606384277e+00
-9.847261905670166016e-01
-2.951025068759918213e-01
9.427869319915771484e-02
-1.396066844463348389e-01
-1.102494373917579651e-01
9.153253436088562012e-01
-1.454677224159240723e+00
-7.517240941524505615e-02
-2.772702872753143311e-01
-1.002987146377563477e+00
-9.392261505126953125e-01
-1.660292744636535645e+00
-2.947823107242584229e-01
-5.399660468101501465e-01
-2.497124373912811279e-01
-1.185943707823753357e-01
4.140830934047698975e-01
5.705308318138122559e-01
-1.329441834241151810e-02
-8.465933799743652344e-01
1.591307818889617920e-01
1.231903359293937683e-01
-1.180510878562927246e+00
-7.526782751083374023e-01
-8.158352375030517578e-01
-5.772240757942199707e-01
-1.784040212631225586e+00
1.477256566286087036e-01
-1.681275218725204468e-01
7.697809934616088867e-01
-4.403259754180908203e-01
-1.007073402404785156e+00
-7.041052579879760742e-01
7.781037092208862305e-01
-1.956016197800636292e-02
-1.643238663673400879e+00
5.029762983322143555e-01
-5.649590492248535156e-01
3.659928739070892334e-01
-3.135316669940948486e-01
2.789004147052764893e-01
5.812349915504455566e-01
-3.695955574512481689e-01
-1.597733020782470703e+00
-2.550430595874786377e-01
8.356565237045288086e-02
-1.060626626014709473e+00
-8.406298756599426270e-01
9.731196761131286621e-01
8.389904499053955078e-01
-8.212618231773376465e-01
-1.826962232589721680e-01
-6.847705841064453125e-01
-7.719641923904418945e-01
-1.019287943840026855e+00
-5.315591096878051758e-01
6.762632727622985840e-01
8.018931746482849121e-01
-1.398730278015136719e+00
-5.896010901778936386e-03
-3.005295991897583008e-01
-8.031226992607116699e-01
-5.974004268646240234e-01
-1.725550889968872070e+00
-6.430512070655822754e-01
1.602957248687744141e-01
-8.322417736053466797e-01
-1.692939043045043945e+00
-8.238925337791442871e-01
-2.848920524120330811e-01
-2.417944967746734619e-01
-1.348095655441284180e+00
-1.196218729019165039e+00
-6.108712553977966309e-01
-5.712327361106872559e-01
-2.544398419559001923e-03
-1.181838393211364746e+00
1.310447901487350464e-01
-1.379216164350509644e-01
-1.110946774482727051e+00
-1.781569361686706543e+00
-1.068462491035461426e+00
-8.874477148056030273e-01
-2.200570851564407349e-01
-1.610244750976562500e+00
-1.022766351699829102e+00
-1.389649271965026855e+00
-1.434401869773864746e+00
-2.874176204204559326e-01
-5.486394762992858887e-01
3.606121242046356201e-02
5.290017724037170410e-01
-3.958873152732849121e-01
-4.482647180557250977e-01
-1.039762377738952637e+00
-1.268040299415588379e+00
-1.068825125694274902e-01
-1.177157834172248840e-01
-5.108034610748291016e-01
-1.517060399055480957e+00
-9.280551671981811523e-01
-5.596854090690612793e-01
-1.085554599761962891e+00
-1.376954197883605957e+00
-1.091458678245544434e+00
-5.115783214569091797e-01
-1.628212034702301025e-01
-1.319940090179443359e+00
-6.108493804931640625e-01
-1.385114669799804688e+00
-1.751109123229980469e+00
-1.562371730804443359e+00
-1.558069884777069092e-01
-1.306397199630737305e+00
-1.529112339019775391e+00
-9.006040692329406738e-01
-4.313766956329345703e-01
-1.616801023483276367e+00
-1.153251886367797852e+00
-7.810381054878234863e-01
-1.123329699039459229e-01
6.653358787298202515e-02
-1.769055962562561035e+00
-1.249480009078979492e+00
-1.119538187980651855e+00
-1.613443642854690552e-01
-7.990189194679260254e-01
-1.111240267753601074e+00
-6.156554222106933594e-01
-1.539613246917724609e+00
-1.423256754875183105e+00
3.493377938866615295e-02
-9.607368707656860352e-02
-1.730344891548156738e+00
1.230176463723182678e-01
-4.638381898403167725e-01
-9.400965571403503418e-01
-1.205816507339477539e+00
-4.599610567092895508e-01
-1.226930737495422363e+00
-2.029250264167785645e-01
-1.004540205001831055e+00
-1.115968152880668640e-01
-7.536746859550476074e-01
-8.777377605438232422e-01
-6.935482621192932129e-01
-4.062758982181549072e-01
-2.011140286922454834e-01
-1.226093053817749023e+00
-1.077663779258728027e+00
-7.159628868103027344e-01
-1.725511431694030762e+00
6.183086708188056946e-02
-8.208606243133544922e-01
-3.934870064258575439e-01
-1.001129269599914551e+00
-1.273157596588134766e+00
-1.646401882171630859e+00
-1.430204153060913086e+00
3.053898923099040985e-02
-1.129987165331840515e-01
1.363020390272140503e-02
-1.922695487737655640e-01
-7.877020835876464844e-01
-1.703597068786621094e+00
-7.721955180168151855e-01
-1.728172183036804199e+00
-1.632795095443725586e+00
-7.555940747261047363e-01
-1.580760598182678223e+00
-2.922128140926361084e-01
-9.635870456695556641e-01
-1.465100765228271484e+00
-1.277951359748840332e+00
-7.553017735481262207e-01
-8.397530764341354370e-02
-6.864206790924072266e-01
-5.683627128601074219e-01
-1.693018198013305664e+00
-8.013948798179626465e-01
3.072160296142101288e-02
4.441710934042930603e-02
-1.233757138252258301e+00
-1.664406776428222656e+00
-1.333709508180618286e-01
7.944215089082717896e-02
-1.470954298973083496e+00
-3.320541381835937500e-01
4.103717207908630371e-02
-2.938935458660125732e-01
-5.664232969284057617e-01
-1.116910696029663086e+00
-8.803960084915161133e-01
-1.685148954391479492e+00
-1.393464803695678711e+00
-5.226043518632650375e-03
-5.129595994949340820e-01
-1.201975107192993164e+00
-1.327332258224487305e+00
-1.296677589416503906e+00
-6.444057822227478027e-01
-6.420727372169494629e-01
-1.449415802955627441e+00
-1.038381338119506836e+00
-6.593887209892272949e-01
-1.308091521263122559e+00
-1.337630987167358398e+00
-5.020318031311035156e-01
-1.410644412040710449e+00
-1.205803632736206055e+00
-1.371216416358947754e+00
-1.774150371551513672e+00
-2.478258013725280762e-01
-6.767722368240356445e-01
-1.290410280227661133e+00
-6.601203083992004395e-01
-1.129992961883544922e+00
-3.779150918126106262e-02
-9.620009660720825195e-01
-4.530438780784606934e-01
8.699534833431243896e-02
-6.968740224838256836e-01
-1.546996831893920898e-01
-1.621062397956848145e+00
-7.321371436119079590e-01
-1.041774034500122070e+00
-1.186362862586975098e+00
-1.652762055397033691e+00
-9.549643397331237793e-01
-1.752196788787841797e+00
-4.447495043277740479e-01
-1.426500678062438965e+00
1.119649261236190796e-01
-1.172229290008544922e+00
-3.292078375816345215e-01
-1.599130749702453613e+00
-9.736085534095764160e-01
-1.735763549804687500e+00
-5.630875825881958008e-01
-1.197321176528930664e+00
-1.104715466499328613e+00
-7.807435393333435059e-01
-5.679964423179626465e-01
-1.727886497974395752e-01
-1.487728834152221680e+00
-1.255071163177490234e+00
-1.317458152770996094e+00
-3.538814187049865723e-01
-1.454396009445190430e+00
-4.578489959239959717e-01
-1.057624578475952148e+00
-5.686016380786895752e-02
-1.363712191581726074e+00
-1.013876438140869141e+00
-1.075370311737060547e+00
-9.297263026237487793e-01
-5.964074134826660156e-01
-1.755256175994873047e+00
-3.012775443494319916e-02
-1.784079432487487793e+00
-1.464109420776367188e+00
-6.480110287666320801e-01
-8.644021302461624146e-02
-8.775843977928161621e-01
-1.585321068763732910e+00
-1.006096005439758301e+00
-9.086481481790542603e-02
-1.416675329208374023e+00
-2.433829307556152344e-01
-1.509247422218322754e+00
-1.064926743507385254e+00
-1.260425686836242676e+00
-1.794903397560119629e+00
-1.790123224258422852e+00
-3.985178768634796143e-01
-1.716420203447341919e-01
-1.285550355911254883e+00
-6.320824623107910156e-01
-8.496875166893005371e-01
-8.890567719936370850e-02
-3.024011850357055664e-01
-4.627081155776977539e-01
-8.205873370170593262e-01
6.764537096023559570e-02
-1.489541053771972656e+00
-8.837848901748657227e-01
-1.685479164123535156e+00
-3.570780754089355469e-01
-8.911278843879699707e-01
-9.391464591026306152e-01
-1.571899414062500000e+00
-9.105768799781799316e-01
-1.212929725646972656e+00
-1.768113136291503906e+00
-1.718706250190734863e+00
-9.053914546966552734e-01
-6.527598500251770020e-01
-1.532801747322082520e+00
-3.160670772194862366e-02
1.224570199847221375e-01
5.578885227441787720e-02
-5.887470245361328125e-01
-1.449049592018127441e+00
-9.753063917160034180e-01
8.942792564630508423e-02
-1.418367147445678711e+00
-7.570641636848449707e-01
-3.959315717220306396e-01
-2.371014356613159180e-01
-5.813623666763305664e-01
-8.927925229072570801e-01
-1.152184128761291504e+00
-4.890933930873870850e-01
-1.019649624824523926e+00
-1.150938272476196289e+00
-8.532404303550720215e-01
-1.689698174595832825e-02
-1.884371787309646606e-01
-7.920399904251098633e-01
-9.299416542053222656e-01
1.227449923753738403e-01
-8.652613162994384766e-01
-1.322114169597625732e-01
-1.177679300308227539e-01
-1.145209312438964844e+00
-7.081752419471740723e-01
-7.846460342407226562e-01
-5.696195960044860840e-01
-1.324175953865051270e+00
-1.446314811706542969e+00
-1.120802164077758789e+00
-8.628638386726379395e-01
1.651109158992767334e-01
-1.046038508415222168e+00
-1.324877023696899414e+00
-1.595021724700927734e+00
-1.325073838233947754e+00
-1.174062848091125488e+00
-1.792062968015670776e-01
-1.604299545288085938e+00
-4.370794594287872314e-01
-6.631627678871154785e-01
-3.293609917163848877e-01
-1.106940865516662598e+00
-1.143474459648132324e+00
-1.420588612556457520e+00
1.314351856708526611e-01
-6.090602874755859375e-01
-3.856718838214874268e-01
-1.075205087661743164e+00
-9.310321211814880371e-01
-1.477615721523761749e-02
-2.919162213802337646e-01
-1.008762717247009277e+00
-5.911253094673156738e-01
-3.852680027484893799e-01
-1.500228285789489746e+00
-5.478424429893493652e-01
-1.496567010879516602e+00
1.624679416418075562e-01
-1.671038866043090820e+00
-6.826683878898620605e-01
-1.309472560882568359e+00
-8.817597627639770508e-01
-4.557445645332336426e-01
-3.564160466194152832e-01
-9.224840998649597168e-01
-1.612568616867065430e+00
3.745718672871589661e-02
-1.349952936172485352e+00
-1.164486885070800781e+00
-1.752819538116455078e+00
-1.338527441024780273e+00
-8.760012388229370117e-01
-9.738346189260482788e-02
-2.376535236835479736e-01
-4.870210587978363037e-01
-1.226574301719665527e+00
-9.508656859397888184e-01
-1.160195112228393555e+00
-1.005212426185607910e+00
-2.349040284752845764e-02
-5.846397206187248230e-02
-9.379022121429443359e-01
-2.144782245159149170e-02
9.386900067329406738e-02
-4.002210795879364014e-01
-1.492433309555053711e+00
-3.627335429191589355e-01
-8.101078271865844727e-01
-4.849976897239685059e-01
-5.719647407531738281e-01
-1.670385599136352539e+00
-8.986492156982421875e-01
1.488669961690902710e-01
-1.453336715698242188e+00
-6.322723031044006348e-01
-1.465206146240234375e+00
-8.415886163711547852e-01
-8.215655684471130371e-01
-1.934032291173934937e-01
-3.633655607700347900e-01
-8.622519969940185547e-01
-1.829346776008605957e+00
-8.764068037271499634e-02
-1.001692056655883789e+00
4.597133994102478027e-01
8.941191434860229492e-02
-1.352307479828596115e-02
-1.729981899261474609e+00
-1.039531707763671875e+00
-1.480627655982971191e+00
-4.059096574783325195e-01
-1.778544068336486816e+00
-1.610360860824584961e+00
6.229472905397415161e-02
8.567553758621215820e-02
-1.598316431045532227e-01
-1.220647096633911133e+00
1.737712323665618896e-01
-1.645371198654174805e+00
-1.486638784408569336e+00
1.356420516967773438e-01
-6.857139468193054199e-01
-7.595077157020568848e-01
2.868486940860748291e-02
-1.199855685234069824e+00
-1.670752525329589844e+00
-1.400746822357177734e+00
-1.311437010765075684e+00
-2.884382009506225586e-01
-9.518557190895080566e-01
-1.618319272994995117e+00
-1.689328074455261230e+00
1.145813837647438049e-01
1.169165074825286865e-01
-8.982683648355305195e-04
-8.254368305206298828e-01
-1.000096797943115234e+00
-3.777205348014831543e-01
-1.426513195037841797e+00
8.331252634525299072e-02
-6.753823161125183105e-01
1.303668618202209473e-01
-6.354830861091613770e-01
-1.231186032295227051e+00
-6.348807215690612793e-01
-2.179032936692237854e-02
-1.431418657302856445e+00
-1.701197743415832520e+00
-1.039426922798156738e+00
-7.066087126731872559e-01
-2.843392193317413330e-01
-1.354417800903320312e+00
-1.155092120170593262e+00
-7.149277329444885254e-01
-1.686792612075805664e+00
-1.159711956977844238e+00
-6.533514261245727539e-01
-6.380740404129028320e-01
-1.147430539131164551e+00
-3.488641977310180664e-01
-2.660616040229797363e-01
-4.437920451164245605e-01
-1.421906232833862305e+00
-6.041295528411865234e-01
-1.634673714637756348e+00
-5.017637610435485840e-01
-1.569412827491760254e+00
-7.575554847717285156e-01
-1.638197451829910278e-01
-3.670965135097503662e-01
-1.743366241455078125e+00
-1.203507259488105774e-01
-1.378398299217224121e+00
-3.465734124183654785e-01
-7.603474855422973633e-01
-4.084322750568389893e-01
-7.860581278800964355e-01
-1.067085005342960358e-02
-1.650809168815612793e+00
-1.012263774871826172e+00
-5.706498622894287109e-01
-3.886261284351348877e-01
-1.587020158767700195e+00
-3.598334789276123047e-01
-7.743030041456222534e-02
-1.269111156463623047e+00
-3.148354887962341309e-01
-7.952185273170471191e-01
-1.420316338539123535e+00
-1.154750347137451172e+00
-2.109714746475219727e-01
7.259318977594375610e-02
-4.903804659843444824e-01
-6.909675598144531250e-01
-1.201406717300415039e+00
-4.100854992866516113e-01
-9.947618842124938965e-01
-2.597520053386688232e-01
1.412406414747238159e-01
-4.651546180248260498e-01
2.637381553649902344e-01
-4.738380312919616699e-01
-1.095151782035827637e+00
1.428085267543792725e-01
-3.463867604732513428e-01
-1.429142653942108154e-01
-1.684459090232849121e+00
-6.055726408958435059e-01
-1.700043678283691406e+00
-9.552265405654907227e-01
-1.302633523941040039e+00
-4.053088426589965820e-01
-1.634796738624572754e+00
-1.084306955337524414e+00
-1.776594519615173340e+00
-2.028383612632751465e-01
-4.785873591899871826e-01
-1.481137156486511230e+00
-1.468807935714721680e+00
-1.088514685630798340e+00
-1.027174711227416992e+00
2.015294134616851807e-01
-2.216908931732177734e-01
-1.125229835510253906e+00
-1.034878134727478027e+00
-1.804744958877563477e+00
-6.990761756896972656e-01
-1.014986038208007812e+00
-1.230265617370605469e+00
-7.339771389961242676e-01
-1.219971179962158203e+00
-1.425317764282226562e+00
-9.997029900550842285e-01
3.157495334744453430e-02
-1.074010133743286133e+00
-3.438871800899505615e-01
-8.186520338058471680e-01
-1.153145074844360352e+00
-4.741701185703277588e-01
-1.265629053115844727e+00
-1.215833663940429688e+00
-1.367528289556503296e-01
-1.677545458078384399e-01
-1.041243553161621094e+00
-6.792914867401123047e-01
-1.239602923393249512e+00
-1.659189701080322266e+00
-1.336913228034973145e+00
-7.802300453186035156e-01
1.239539161324501038e-01
-1.166135787963867188e+00
-1.392298340797424316e+00
-1.009726881980895996e+00
-5.853549242019653320e-01
-1.885299682617187500e-01
3.827851414680480957e-01
-1.780145645141601562e+00
1.451720446348190308e-01
-4.005764424800872803e-01
-1.089954376220703125e+00
1.462450176477432251e-01
-1.503087043762207031e+00
-3.489022329449653625e-02
-1.324639201164245605e+00
-1.692377805709838867e+00
-3.653895109891891479e-02
-1.094284415245056152e+00
-1.000920534133911133e+00
-4.423237442970275879e-01
4.200779274106025696e-02
-2.276891283690929413e-02
-8.755901455879211426e-02
-2.765210270881652832e-01
-1.102453708648681641e+00
-5.065634846687316895e-01
-1.554730772972106934e+00
-3.367582857608795166e-01
-1.189391732215881348e+00
-5.311465263366699219e-01
-1.579328030347824097e-01
-3.974772989749908447e-01
-1.363739490509033203e+00
-1.384010672569274902e+00
-1.659687042236328125e+00
-9.169036149978637695e-01
-3.987753880210220814e-04
-1.727691054344177246e+00
-5.250213146209716797e-01
-1.285616278648376465e+00
-6.601496338844299316e-01
-1.564666628837585449e+00
-1.191012859344482422e+00
-1.194322347640991211e+00
-9.711163043975830078e-01
-7.378781437873840332e-01
-1.209561944007873535e+00
-3.098277747631072998e-01
-8.717712163925170898e-01
-6.433386206626892090e-01
-1.420238614082336426e+00
-4.408937692642211914e-01
-4.980168342590332031e-01
2.641282416880130768e-02
-1.778467535972595215e+00
-1.323184967041015625e+00
2.206925600767135620e-01
-1.120573997497558594e+00
1.385829597711563110e-01
-1.186049103736877441e+00
-1.398133754730224609e+00
-5.745555758476257324e-01
1.283311247825622559e-01
-1.339588284492492676e+00
-7.750620245933532715e-01
-9.676736593246459961e-01
-1.739929080009460449e+00
-9.099667668342590332e-01
-5.664176344871520996e-01
9.226652979850769043e-02
1.264227926731109619e-01
-1.735903978347778320e+00
-1.674446940422058105e+00
-1.002969980239868164e+00
-1.515207767486572266e+00
-1.906905621290206909e-01
-1.378696441650390625e+00
-1.288097165524959564e-02
-1.789083957672119141e+00
-1.144792675971984863e+00
-6.413240432739257812e-01
-8.425959348678588867e-01
-1.561095952987670898e+00
-1.632682800292968750e+00
-1.209672212600708008e+00
-1.786322474479675293e+00
7.493531703948974609e-02
-1.006501317024230957e+00
-1.359355330467224121e+00
-7.470375299453735352e-01
-1.403050184249877930e+00
-1.190336942672729492e+00
-5.233482122421264648e-01
-1.628184556961059570e+00
-6.037894487380981445e-01
-2.943859100341796875e-01
-1.084487318992614746e+00
-7.744972705841064453e-01
-1.482645392417907715e+00
-6.696198582649230957e-01
-1.172739267349243164e+00
-2.542097568511962891e-01
-1.574506282806396484e+00
-5.149860382080078125e-01
-5.881551653146743774e-02
1.283207070082426071e-02
-5.774759054183959961e-01
-1.712898850440979004e+00
-3.792473673820495605e-01
-4.262896478176116943e-01
-4.248160719871520996e-01
-1.777745008468627930e+00
-1.876426786184310913e-01
-1.217253088951110840e+00
-1.640770435333251953e+00
-5.790518522262573242e-01
-1.007953524589538574e+00
-1.686357378959655762e+00
4.278612434864044189e-01
-1.199413895606994629e+00
2.901217341423034668e-02
-1.418274998664855957e+00
-1.619412541389465332e+00
-1.274964809417724609e+00
3.773362189531326294e-02
-3.127286136150360107e-01
-2.646734416484832764e-01
-6.998218894004821777e-01
-1.819213628768920898e+00
-4.366347789764404297e-01
-3.177248537540435791e-01
-8.007911592721939087e-02
-9.069154262542724609e-01
-6.932003498077392578e-01
-1.762345552444458008e+00
-1.785895109176635742e+00
3.371147811412811279e-01
-5.316919684410095215e-01
-1.172591090202331543e+00
-6.981175541877746582e-01
-1.771864295005798340e+00
-5.175660848617553711e-01
-1.044550776481628418e+00
-1.756965667009353638e-01
-5.705712437629699707e-01
-1.272147178649902344e+00
-1.015701532363891602e+00
-5.694619417190551758e-01
-9.800203442573547363e-01
-6.724398732185363770e-01
1.438780571334064007e-03
-1.482800960540771484e+00
-9.569495320320129395e-01
-8.197082877159118652e-01
-1.087145328521728516e+00
-9.517173171043395996e-01
-1.488959431648254395e+00
-1.066283106803894043e+00
-1.318087816238403320e+00
-9.710991978645324707e-01
-1.450813531875610352e+00
-3.640052676200866699e-01
-6.898533701896667480e-01
-1.205430507659912109e+00
-1.285507440567016602e+00
-4.952056705951690674e-01
-2.470947615802288055e-02
-1.046486139297485352e+00
-1.016265749931335449e+00
-1.237446069717407227e+00
-8.930343985557556152e-01
-1.722451329231262207e+00
-1.157426595687866211e+00
-6.141066178679466248e-02
-1.366369724273681641e+00
-1.181042790412902832e+00
-4.143258929252624512e-01
-1.583226680755615234e+00
-1.474289298057556152e-01
6.849494576454162598e-02
-1.473047733306884766e+00
-7.824293971061706543e-01
-1.568892002105712891e-01
-4.977665543556213379e-01
-1.147668361663818359e+00
-1.372702956199645996e+00
-1.757443904876708984e+00
-1.646557211875915527e+00
1.439898908138275146e-01
-2.190771251916885376e-01
-3.895257413387298584e-02
-1.780379652976989746e+00
-1.488272666931152344e+00
-4.160183072090148926e-01
-1.593279957771301270e+00
-8.685231953859329224e-02
-1.151931881904602051e-01
-1.911819577217102051e-01
-1.078660964965820312e+00
-7.502255439758300781e-01
-1.234360814094543457e+00
1.603100001811981201e-01
-1.520391225814819336e+00
-1.426699757575988770e+00
-3.749008774757385254e-01
-9.221101403236389160e-01
-1.036628723144531250e+00
-1.367554306983947754e+00
-1.372341752052307129e+00
-9.106549620628356934e-01
-1.244803816080093384e-01
-9.313474893569946289e-01
-9.305420517921447754e-01
-5.303077101707458496e-01
-1.674409627914428711e+00
-1.544901847839355469e+00
-5.313448309898376465e-01
-3.443689346313476562e-01
-5.525195598602294922e-01
-1.286493539810180664e+00
-8.991412520408630371e-01
-1.419397354125976562e+00
-1.285601973533630371e+00
-4.525961875915527344e-01
-1.114980459213256836e+00
-1.682927012443542480e-01
1.906179822981357574e-02
-8.516603708267211914e-01
1.116557717323303223e-01
-2.355239689350128174e-01
-1.487973690032958984e+00
-8.853255510330200195e-01
-1.306047558784484863e+00
-1.006030887365341187e-01
-8.574858307838439941e-01
-3.891080915927886963e-01
-4.989871382713317871e-01
8.684875071048736572e-02
-9.986776709556579590e-01
-7.697914242744445801e-01
-6.582235097885131836e-01
1.074038445949554443e-01
-1.349643468856811523e+00
2.015623636543750763e-02
-1.611844182014465332e+00
-8.424704670906066895e-01
-4.024494588375091553e-01
-5.661545395851135254e-01
-3.340619429945945740e-02
-3.918895423412322998e-01
-1.393565654754638672e+00
-3.868768215179443359e-01
-1.632533073425292969e+00
-5.912865996360778809e-01
-2.789250947535037994e-02
-1.737126521766185760e-02
-6.348489969968795776e-02
-5.844286456704139709e-02
-1.516672015190124512e+00
-4.149342775344848633e-01
-5.282437801361083984e-01
-1.083921194076538086e+00
-5.704770088195800781e-01
-9.850333929061889648e-01
-1.406321763992309570e+00
-4.075534641742706299e-02
1.015581265091896057e-01
3.890421986579895020e-02
-5.942085385322570801e-02
-1.442232608795166016e+00
3.967476785182952881e-01
-1.443514943122863770e+00
-1.690833449363708496e+00
-1.071226000785827637e+00
-1.076585769653320312e+00
-5.768287777900695801e-01
-1.658992528915405273e+00
-1.139968991279602051e+00
-1.628613710403442383e+00
-2.767149806022644043e-01
-1.273746967315673828e+00
-5.438362360000610352e-01
-1.309745311737060547e+00
9.006787836551666260e-02
-1.389984488487243652e+00
-2.743562757968902588e-01
-8.470364212989807129e-01
-1.609279036521911621e+00
-1.849542371928691864e-02
-3.158896267414093018e-01
-1.625759124755859375e+00
-5.005708932876586914e-01
-3.882648050785064697e-01
1.556822806596755981e-01
9.168584644794464111e-02
-1.740815758705139160e+00
-1.021029591560363770e+00
-1.093039989471435547e+00
-3.648659288883209229e-01
3.669717162847518921e-02
-2.196081876754760742e-01
-6.280045509338378906e-01
-4.330651760101318359e-01
-7.980784773826599121e-02
-8.312336802482604980e-01
-5.958370566368103027e-01
8.475760370492935181e-02
1.472888886928558350e-01
-1.604302883148193359e+00
-9.028049707412719727e-01
-6.486408710479736328e-01
-8.919867873191833496e-01
-1.663642287254333496e+00
-1.541213989257812500e+00
1.544111520051956177e-01
-1.269705295562744141e+00
-1.599694967269897461e+00
-1.582084745168685913e-01
-8.722379207611083984e-01
-8.551427721977233887e-01
2.832152545452117920e-01
-1.411138772964477539e+00
-1.567732334136962891e+00
-9.283705949783325195e-01
-6.399229168891906738e-01
-8.118191957473754883e-01
-1.124631881713867188e+00
-1.150054812431335449e+00
-1.439113378524780273e+00
-1.128003150224685669e-01
-1.435400992631912231e-01
1.286478936672210693e-01
-1.466554284095764160e+00
1.106925755739212036e-01
-1.619221210479736328e+00
-9.478632211685180664e-01
-1.119071841239929199e+00
-2.318362593650817871e-01
-1.224813222885131836e+00
-1.171711444854736328e+00
-1.474102735519409180e+00
9.212449938058853149e-02
-4.199279546737670898e-01
-1.639023423194885254e+00
-7.964739948511123657e-02
-4.521279335021972656e-01
-4.408431053161621094e-02
-6.925944983959197998e-02
-1.680786848068237305e+00
-1.248101592063903809e+00
-1.028870463371276855e+00
-1.489887595176696777e+00
-1.117962241172790527e+00
-9.009823203086853027e-01
-3.558342754840850830e-01
3.944018855690956116e-02
-1.135240674018859863e+00
-5.531180500984191895e-01
-9.069664776325225830e-02
-1.793108820915222168e+00
-1.109447360038757324e+00
-4.984548985958099365e-01
-3.392228186130523682e-01
-2.728152573108673096e-01
-1.356696128845214844e+00
-1.168526768684387207e+00
-7.708366513252258301e-01
-1.341071963310241699e+00
-1.537821888923645020e+00
-9.012423157691955566e-01
-1.480295300483703613e+00
-1.244763731956481934e+00
-7.616518437862396240e-02
-1.791178464889526367e+00
2.608780860900878906e-01
-1.681710362434387207e+00
-1.385223627090454102e+00
6.144901365041732788e-02
-1.163021087646484375e+00
-1.133773207664489746e+00
-1.492092013359069824e+00
-1.686634778976440430e+00
-3.799926117062568665e-02
2.292448580265045166e-01
1.498985756188631058e-02
-2.312949448823928833e-01
-1.695013523101806641e+00
8.378465473651885986e-02
-3.912575244903564453e-01
-7.414663434028625488e-01
-1.392321228981018066e+00
-5.466528534889221191e-01
-1.773177742958068848e+00
-2.116183638572692871e-01
-5.563253164291381836e-01
-1.427035927772521973e+00
-1.038716793060302734e+00
-7.760536074638366699e-01
-1.481035828590393066e+00
-3.103792369365692139e-01
1.961286514997482300e-01
-1.631692767143249512e+00
-1.424647569656372070e+00
-3.864725828170776367e-01
-1.109067916870117188e+00
-3.488906659185886383e-03
8.867183327674865723e-02
-1.065366148948669434e+00
1.838972419500350952e-01
-8.259712457656860352e-01
-1.727424383163452148e+00
-1.044195771217346191e+00
-1.308249473571777344e+00
-1.123085618019104004e+00
-2.258588224649429321e-01
-1.566320776939392090e+00
9.359125792980194092e-02
1.337950527667999268e-01
-3.670637905597686768e-01
-1.307578682899475098e+00
-4.674611389636993408e-01
6.649935990571975708e-02
-1.469565510749816895e+00
-7.539897561073303223e-01
8.067059516906738281e-02
-1.557678103446960449e+00
-1.005373120307922363e+00
-1.718883872032165527e+00
1.026546806097030640e-01
-1.856710910797119141e-01
-3.106203675270080566e-01
-1.566430687904357910e+00
-7.694417238235473633e-01
1.431223303079605103e-01
-2.676752805709838867e-01
1.213527377694845200e-02
-1.512562632560729980e+00
-1.159314155578613281e+00
-4.056589901447296143e-01
-1.481576085090637207e+00
-4.930911958217620850e-01
-9.878480434417724609e-01
-1.311536192893981934e+00
1.700505465269088745e-01
-1.438827514648437500e+00
-4.045797586441040039e-01
-3.844327628612518311e-01
-6.549764275550842285e-01
-1.765674591064453125e+00
4.276106655597686768e-01
-6.045959591865539551e-01
-1.133087158203125000e+00
1.339700073003768921e-01
7.066532969474792480e-02
-8.208087086677551270e-01
-8.378233313560485840e-01
5.201132297515869141e-01
-1.630536615848541260e-01
-1.106430768966674805e+00
-9.842024445533752441e-01
-4.659827947616577148e-01
-4.305458366870880127e-01
-5.301645398139953613e-01
2.075146287679672241e-01
-2.094859629869461060e-01
