{"loss": 0.0017527195159345865, "_timestamp": 1721212881.448014, "_runtime": 135.36317896842957, "_step": 185}