-1.017565965652465820e+00
-1.149699091911315918e+00
-1.893230557441711426e+00
-3.347788810729980469e+00
-1.495022177696228027e+00
-1.956606507301330566e+00
-1.849115371704101562e+00
-2.662943601608276367e+00
-2.762535333633422852e+00
-2.708083868026733398e+00
-2.564342021942138672e+00
-2.766074180603027344e+00
-2.757718563079833984e+00
-3.084533214569091797e+00
-2.293516397476196289e+00
-2.890541315078735352e+00
-2.837641716003417969e+00
-2.941504001617431641e+00
-1.791664123535156250e+00
-3.084670782089233398e+00
-2.622056961059570312e+00
-3.259862661361694336e+00
-2.963699579238891602e+00
-3.376393079757690430e+00
-2.602580547332763672e+00
-2.874578714370727539e+00
-3.003299713134765625e+00
-3.103161334991455078e+00
-1.887861490249633789e+00
-2.504257917404174805e+00
-1.729132056236267090e+00
-2.743861198425292969e+00
-2.463212013244628906e+00
-3.486213922500610352e+00
-1.628241181373596191e+00
-2.667964458465576172e+00
-3.711137533187866211e+00
-2.440469264984130859e+00
-1.767957210540771484e+00
-3.610237598419189453e+00
-2.185236454010009766e+00
-3.120504140853881836e+00
-2.076627254486083984e+00
-2.971278905868530273e+00
-2.817893981933593750e+00
-3.316502571105957031e+00
-1.717382311820983887e+00
-2.482553005218505859e+00
-2.659337759017944336e+00
-2.856188058853149414e+00
-1.214238286018371582e+00
-2.464448928833007812e+00
-3.028511047363281250e+00
-4.112897396087646484e+00
-2.362028360366821289e+00
-3.400430202484130859e+00
-3.362815856933593750e+00
-2.746983051300048828e+00
-2.004863023757934570e+00
-3.157315492630004883e+00
-1.617847442626953125e+00
-2.706359148025512695e+00
-1.881445884704589844e+00
-2.685429573059082031e+00
-3.565417528152465820e+00
-2.861419439315795898e+00
-1.591307640075683594e+00
-2.231934070587158203e+00
-3.148025035858154297e+00
-3.718633413314819336e+00
-3.168873310089111328e+00
-3.266692399978637695e+00
-3.412821292877197266e+00
-3.555123329162597656e+00
-2.701663494110107422e+00
-2.587409973144531250e+00
-3.738966226577758789e+00
-2.761299133300781250e+00
-2.934871673583984375e+00
-2.748452663421630859e+00
-3.495985269546508789e+00
-2.977324247360229492e+00
-1.960029721260070801e+00
-3.079342603683471680e+00
-1.816777467727661133e+00
-1.516443610191345215e+00
-2.496198654174804688e+00
-2.856930255889892578e+00
-3.469314813613891602e+00
-3.069595098495483398e+00
-2.993275880813598633e+00
-3.184801578521728516e+00
-2.684951305389404297e+00
-2.996756553649902344e+00
-2.133681774139404297e+00
-3.698712825775146484e+00
-3.705931186676025391e+00
-1.962651371955871582e+00
-1.918820977210998535e+00
-2.763483524322509766e+00
-2.942746877670288086e+00
-3.260499715805053711e+00
-2.127961158752441406e+00
-3.729031085968017578e+00
-3.213668107986450195e+00
-2.138253450393676758e+00
-2.428035020828247070e+00
-3.066427469253540039e+00
-2.574459314346313477e+00
-3.074960708618164062e+00
-2.228358983993530273e+00
-1.676271557807922363e+00
-4.125414848327636719e+00
-3.494862079620361328e+00
-2.861853837966918945e+00
-3.343313455581665039e+00
-1.938220024108886719e+00
-3.273384094238281250e+00
-2.252561807632446289e+00
-2.734673738479614258e+00
-3.109014511108398438e+00
-3.854953050613403320e+00
-3.322319030761718750e+00
-2.042273759841918945e+00
-2.554438114166259766e+00
-3.184528827667236328e+00
-1.399796605110168457e+00
-2.759550809860229492e+00
-3.877998828887939453e+00
-2.088548898696899414e+00
-2.584333181381225586e+00
-2.138014554977416992e+00
-2.731440305709838867e+00
-2.595359802246093750e+00
-2.309949159622192383e+00
-3.207325220108032227e+00
-3.200763225555419922e+00
-3.866056919097900391e+00
-1.535761594772338867e+00
-3.152969121932983398e+00
-2.864595890045166016e+00
-3.181952714920043945e+00
-1.699342727661132812e+00
-2.490177154541015625e+00
-3.168162584304809570e+00
-4.062145233154296875e+00
-2.399460315704345703e+00
-2.672476530075073242e+00
-4.142045021057128906e+00
-3.195239782333374023e+00
-2.295107841491699219e+00
-2.931877851486206055e+00
-3.994978427886962891e+00
-4.116895675659179688e+00
-1.313946247100830078e+00
-1.673009991645812988e+00
-3.354725837707519531e+00
-3.306997299194335938e+00
-2.082586288452148438e+00
-2.862985134124755859e+00
-2.426918268203735352e+00
-3.695299625396728516e+00
-2.861522436141967773e+00
-1.900092005729675293e+00
-1.716943025588989258e+00
-2.764267921447753906e+00
-3.706073045730590820e+00
-2.207373857498168945e+00
-1.862737774848937988e+00
-3.116742849349975586e+00
-3.422219991683959961e+00
-2.848542928695678711e+00
-2.852865219116210938e+00
-2.466817140579223633e+00
-3.366832017898559570e+00
-3.177254438400268555e+00
-2.864176750183105469e+00
-3.398057460784912109e+00
-3.233015537261962891e+00
-2.536870479583740234e+00
-3.630313396453857422e+00
-2.315394878387451172e+00
-3.480903148651123047e+00
-2.458004951477050781e+00
-3.025917291641235352e+00
-2.706531524658203125e+00
-2.618937492370605469e+00
-3.723852872848510742e+00
-2.450748205184936523e+00
-2.834627628326416016e+00
-3.257889986038208008e+00
-3.743480682373046875e+00
-2.351383447647094727e+00
-3.316938877105712891e+00
-2.989395856857299805e+00
-3.288099527359008789e+00
-2.993163824081420898e+00
-3.628612995147705078e+00
-4.124589920043945312e+00
-3.447386980056762695e+00
-4.043231964111328125e+00
-3.501349925994873047e+00
-2.742620706558227539e+00
-3.609138011932373047e+00
-2.165693044662475586e+00
-2.520141839981079102e+00
-2.893711805343627930e+00
-3.033247470855712891e+00
-2.408507823944091797e+00
-1.662602424621582031e+00
-2.535018682479858398e+00
-3.657952785491943359e+00
-3.982946634292602539e+00
-3.430708646774291992e+00
-2.755492925643920898e+00
-3.300251722335815430e+00
-3.554183721542358398e+00
-2.844602584838867188e+00
-2.431318283081054688e+00
-2.880499839782714844e+00
-3.477158784866333008e+00
-3.185413599014282227e+00
-2.561083078384399414e+00
-3.829246997833251953e+00
-3.399042129516601562e+00
-2.608813047409057617e+00
-3.584449768066406250e+00
-2.918032407760620117e+00
-4.171980857849121094e+00
-2.307317018508911133e+00
-2.310787439346313477e+00
-2.287509918212890625e+00
-3.663964271545410156e+00
-2.197897434234619141e+00
-2.727498292922973633e+00
-2.321061611175537109e+00
-2.983551263809204102e+00
-2.586056470870971680e+00
-2.961723566055297852e+00
-2.595539569854736328e+00
-3.081444501876831055e+00
-2.079385042190551758e+00
-3.000473499298095703e+00
-3.342833042144775391e+00
-3.210766315460205078e+00
-3.564423322677612305e+00
-3.499050855636596680e+00
-3.446992874145507812e+00
-3.141020536422729492e+00
-2.870128154754638672e+00
-1.901849150657653809e+00
-2.513193607330322266e+00
-2.473929882049560547e+00
-2.354871034622192383e+00
-2.754533767700195312e+00
-3.309999227523803711e+00
-3.764710426330566406e+00
-3.482352495193481445e+00
-3.828046560287475586e+00
-1.165969133377075195e+00
-3.271430730819702148e+00
-3.214833974838256836e+00
-2.557490348815917969e+00
-3.303688764572143555e+00
-3.293558597564697266e+00
-2.764444351196289062e+00
-4.040241718292236328e+00
-3.681260108947753906e+00
-2.291806697845458984e+00
-3.227834701538085938e+00
-3.051651477813720703e+00
-3.671183824539184570e+00
-2.793885946273803711e+00
-4.035031318664550781e+00
-3.537616729736328125e+00
-3.311400413513183594e+00
-2.812515974044799805e+00
-3.431263446807861328e+00
-4.477991580963134766e+00
-2.892740964889526367e+00
-2.759834527969360352e+00
-2.279474973678588867e+00
-3.776839017868041992e+00
-3.938427686691284180e+00
-3.457599163055419922e+00
-2.983232736587524414e+00
-4.131252288818359375e+00
-3.241675138473510742e+00
-3.238099813461303711e+00
-3.382857322692871094e+00
-3.781233549118041992e+00
-2.968296527862548828e+00
-2.470427036285400391e+00
-2.160372257232666016e+00
-2.973631858825683594e+00
-3.780230522155761719e+00
-3.529858827590942383e+00
-2.813355922698974609e+00
-2.928847789764404297e+00
-3.210588455200195312e+00
-2.922785043716430664e+00
-2.979576587677001953e+00
-3.110953092575073242e+00
-2.858062982559204102e+00
-2.344018697738647461e+00
-3.575832843780517578e+00
-2.635549545288085938e+00
-1.982842564582824707e+00
-2.741475582122802734e+00
-2.327764511108398438e+00
-2.979377031326293945e+00
-4.189456462860107422e+00
-3.223024129867553711e+00
-3.416747570037841797e+00
-2.328989028930664062e+00
-2.437427997589111328e+00
-2.915567874908447266e+00
-1.878898978233337402e+00
-3.409485578536987305e+00
-3.067506551742553711e+00
-3.345541477203369141e+00
-2.992290735244750977e+00
-3.322604179382324219e+00
-3.885313510894775391e+00
-4.088320255279541016e+00
-3.188771724700927734e+00
-2.441442251205444336e+00
-3.406265258789062500e+00
-2.821039915084838867e+00
-2.057934999465942383e+00
-2.406573295593261719e+00
-3.534728765487670898e+00
-3.526366472244262695e+00
-3.170791625976562500e+00
-3.371211051940917969e+00
-2.137510538101196289e+00
-3.893515825271606445e+00
-2.669821739196777344e+00
-2.473973035812377930e+00
-3.496042728424072266e+00
-3.060847997665405273e+00
-3.339669942855834961e+00
-2.698367357254028320e+00
-2.436267137527465820e+00
-2.676726579666137695e+00
-3.574110984802246094e+00
-2.992902755737304688e+00
-3.302342414855957031e+00
-3.411327123641967773e+00
-3.524635076522827148e+00
-3.650976419448852539e+00
-3.439232826232910156e+00
-3.475610017776489258e+00
-3.788459539413452148e+00
-2.552105665206909180e+00
-3.378526926040649414e+00
-1.281386852264404297e+00
-2.715642690658569336e+00
-1.892528891563415527e+00
-2.839279413223266602e+00
-2.591081142425537109e+00
-2.774318933486938477e+00
-3.408718824386596680e+00
-3.396578311920166016e+00
-3.457190036773681641e+00
-2.828034162521362305e+00
-3.648190975189208984e+00
-3.482866764068603516e+00
-2.914702892303466797e+00
-3.579894781112670898e+00
-2.793739080429077148e+00
-2.896028280258178711e+00
-3.443145036697387695e+00
-2.925856351852416992e+00
-2.656323432922363281e+00
-2.369577646255493164e+00
-3.752631902694702148e+00
-3.435374021530151367e+00
-3.787023305892944336e+00
-3.025553703308105469e+00
-2.569349765777587891e+00
-3.443588733673095703e+00
-3.191801071166992188e+00
-2.463853836059570312e+00
-3.325349807739257812e+00
-3.283215045928955078e+00
-3.750706672668457031e+00
-3.069386959075927734e+00
-4.010620594024658203e+00
-2.427540302276611328e+00
-3.668821573257446289e+00
-3.877499580383300781e+00
-3.418430805206298828e+00
-2.548363685607910156e+00
-3.203550577163696289e+00
-3.727341890335083008e+00
-2.913310289382934570e+00
-3.907382726669311523e+00
-4.016886711120605469e+00
-3.799493312835693359e+00
-3.977513790130615234e+00
-3.246812820434570312e+00
-2.775748252868652344e+00
-3.650759220123291016e+00
-2.875455856323242188e+00
-1.783761024475097656e+00
-2.982837677001953125e+00
-3.061644554138183594e+00
-3.870989561080932617e+00
-2.727357864379882812e+00
-2.209856986999511719e+00
-3.333037376403808594e+00
-3.881461620330810547e+00
-3.453682899475097656e+00
-2.774113655090332031e+00
-4.189905166625976562e+00
-3.509302616119384766e+00
-1.783943057060241699e+00
-2.693259716033935547e+00
-3.361066818237304688e+00
-3.632456064224243164e+00
-2.893226385116577148e+00
-3.223879814147949219e+00
-3.179353952407836914e+00
-2.964009523391723633e+00
-2.331128120422363281e+00
-3.176445245742797852e+00
-2.268410682678222656e+00
-3.314779043197631836e+00
-2.683910608291625977e+00
-2.728570699691772461e+00
-3.285122871398925781e+00
-2.667675018310546875e+00
-2.974212646484375000e+00
-3.019797801971435547e+00
-3.022671699523925781e+00
-3.050269365310668945e+00
-3.568209409713745117e+00
-3.718589305877685547e+00
-2.092304706573486328e+00
-3.194571733474731445e+00
-3.469069719314575195e+00
-1.383081912994384766e+00
-2.977620363235473633e+00
-3.228139400482177734e+00
-1.392696738243103027e+00
-3.227794647216796875e+00
-2.847595930099487305e+00
-2.616258859634399414e+00
-3.290537118911743164e+00
-3.303566932678222656e+00
-3.412067651748657227e+00
-3.533367633819580078e+00
-3.747184991836547852e+00
-2.579977750778198242e+00
-3.291073322296142578e+00
-3.271078586578369141e+00
-3.352901220321655273e+00
-3.487844228744506836e+00
-2.866263151168823242e+00
-3.603515625000000000e+00
-3.981257200241088867e+00
-3.172619819641113281e+00
-3.392043113708496094e+00
-2.439559221267700195e+00
-2.622962236404418945e+00
-3.049656629562377930e+00
-3.568399190902709961e+00
-1.714431166648864746e+00
-3.605687856674194336e+00
-3.202625751495361328e+00
-2.601865768432617188e+00
-2.246322870254516602e+00
-3.888878107070922852e+00
-3.060949563980102539e+00
-2.768301963806152344e+00
-2.935672998428344727e+00
-2.217633485794067383e+00
-2.478530168533325195e+00
-3.374601840972900391e+00
-3.657784700393676758e+00
-1.946779847145080566e+00
-2.114332199096679688e+00
-3.657041311264038086e+00
-2.463357210159301758e+00
-2.866030454635620117e+00
-3.716820716857910156e+00
-3.255787611007690430e+00
-2.980450630187988281e+00
-2.257450819015502930e+00
-2.934594392776489258e+00
-2.094307899475097656e+00
-2.556212663650512695e+00
-3.036487102508544922e+00
-2.639764308929443359e+00
-2.975915193557739258e+00
-3.081771373748779297e+00
-3.035908222198486328e+00
-2.784495592117309570e+00
-3.034974813461303711e+00
-3.313411474227905273e+00
-3.629133701324462891e+00
-3.515271425247192383e+00
-2.738309144973754883e+00
-3.082984685897827148e+00
-3.162607192993164062e+00
-3.290273427963256836e+00
-1.301070213317871094e+00
-3.184036970138549805e+00
-2.763344764709472656e+00
-2.600314378738403320e+00
-2.727598667144775391e+00
-2.456127643585205078e+00
-3.262413263320922852e+00
-3.117086172103881836e+00
-2.443654060363769531e+00
-2.673793792724609375e+00
-3.597363710403442383e+00
-2.446023941040039062e+00
-2.649943590164184570e+00
-3.359808206558227539e+00
-3.505836725234985352e+00
-3.789398670196533203e+00
-4.369698524475097656e+00
-2.818519592285156250e+00
-2.670667171478271484e+00
-2.727120637893676758e+00
-2.266206026077270508e+00
-3.637034893035888672e+00
-3.327235937118530273e+00
-3.640701293945312500e+00
-1.502670407295227051e+00
-3.827966690063476562e+00
-2.822223186492919922e+00
-3.190492391586303711e+00
-2.327167749404907227e+00
-3.370212316513061523e+00
-2.462823867797851562e+00
-2.952033042907714844e+00
-3.360622406005859375e+00
-3.212481260299682617e+00
-2.329555988311767578e+00
-3.270528078079223633e+00
-3.248186111450195312e+00
-3.889070987701416016e+00
-3.481241464614868164e+00
-4.134625911712646484e+00
-3.109751701354980469e+00
-3.960509777069091797e+00
-3.067511081695556641e+00
-2.497408628463745117e+00
-3.795182704925537109e+00
-3.195423841476440430e+00
-3.119407653808593750e+00
-3.489246368408203125e+00
-2.801581144332885742e+00
-2.159297227859497070e+00
-3.464587688446044922e+00
-2.823021650314331055e+00
-2.439466476440429688e+00
-3.519304513931274414e+00
-3.099743843078613281e+00
-3.048815488815307617e+00
-3.392135858535766602e+00
-2.446204423904418945e+00
-3.874867916107177734e+00
-2.746546030044555664e+00
-3.197413682937622070e+00
-3.406751871109008789e+00
-3.875299453735351562e+00
-2.508954524993896484e+00
-3.087105989456176758e+00
-3.340818166732788086e+00
-2.321357488632202148e+00
-2.652374982833862305e+00
-1.746571540832519531e+00
-2.731256961822509766e+00
-2.388775110244750977e+00
-2.887358903884887695e+00
-2.274861812591552734e+00
-2.572030544281005859e+00
-3.459245204925537109e+00
-2.369753599166870117e+00
-2.957314968109130859e+00
-2.744205951690673828e+00
-1.899434089660644531e+00
-2.657659769058227539e+00
-3.510152339935302734e+00
-2.598711013793945312e+00
-2.516826868057250977e+00
-3.934957742691040039e+00
-4.180837631225585938e+00
-2.415270090103149414e+00
-2.948100566864013672e+00
-3.770228624343872070e+00
-4.182204246520996094e+00
-2.685882329940795898e+00
-2.975373029708862305e+00
-2.963892936706542969e+00
-3.914028644561767578e+00
-2.624474763870239258e+00
-3.836750268936157227e+00
-3.112249374389648438e+00
-3.518219470977783203e+00
-1.694736480712890625e+00
-3.615259647369384766e+00
-3.330637693405151367e+00
-3.162837982177734375e+00
-2.575000762939453125e+00
-2.050830125808715820e+00
-3.021382808685302734e+00
-2.459557771682739258e+00
-3.636987209320068359e+00
-2.663793325424194336e+00
-3.217498779296875000e+00
-3.658857107162475586e+00
-3.951514482498168945e+00
-3.352603197097778320e+00
-1.918137788772583008e+00
-2.765534162521362305e+00
-3.566160917282104492e+00
-3.016281127929687500e+00
-2.738760232925415039e+00
-2.685425758361816406e+00
-2.962368965148925781e+00
-3.585888385772705078e+00
-2.996816158294677734e+00
-3.188868045806884766e+00
-3.728021383285522461e+00
-3.343318223953247070e+00
-2.706936836242675781e+00
-2.010234594345092773e+00
-2.555877685546875000e+00
-2.267277717590332031e+00
-2.764904975891113281e+00
-2.838959932327270508e+00
-2.819776535034179688e+00
-2.656672716140747070e+00
-2.614158868789672852e+00
-3.046719551086425781e+00
-3.213440179824829102e+00
-2.601156473159790039e+00
-2.743360757827758789e+00
-1.729940533638000488e+00
-3.169809341430664062e+00
-4.055752277374267578e+00
-2.760964632034301758e+00
-3.333261966705322266e+00
-2.799458742141723633e+00
-3.193405866622924805e+00
-3.580566406250000000e+00
-2.398372173309326172e+00
-3.733048200607299805e+00
-2.396560907363891602e+00
-1.938737750053405762e+00
-2.683357000350952148e+00
-2.138610839843750000e+00
-2.610795259475708008e+00
-3.592215061187744141e+00
-3.100209236145019531e+00
-1.782186746597290039e+00
-2.313766002655029297e+00
-2.966391801834106445e+00
-3.438486576080322266e+00
-2.382882833480834961e+00
-3.771019220352172852e+00
-2.826040029525756836e+00
-3.246034860610961914e+00
-3.071216821670532227e+00
-2.837325811386108398e+00
-2.748409509658813477e+00
-3.085329532623291016e+00
-2.730810642242431641e+00
-3.320006132125854492e+00
-3.773424863815307617e+00
-2.907205820083618164e+00
-3.253432273864746094e+00
-3.692376375198364258e+00
-3.123677968978881836e+00
-1.800042271614074707e+00
-2.524574518203735352e+00
-2.625164985656738281e+00
-2.453480958938598633e+00
-2.195710659027099609e+00
-2.910001754760742188e+00
-2.056421995162963867e+00
-2.726293087005615234e+00
-2.883398056030273438e+00
-3.454585313796997070e+00
-2.135205507278442383e+00
-3.345169544219970703e+00
-3.668179988861083984e+00
-1.329636931419372559e+00
-3.033539295196533203e+00
-3.626232147216796875e+00
-2.786284685134887695e+00
-2.662489891052246094e+00
-3.476417064666748047e+00
-3.367270946502685547e+00
-2.961859703063964844e+00
-2.102647781372070312e+00
-2.967269420623779297e+00
-3.438307762145996094e+00
-3.424944400787353516e+00
-2.453795433044433594e+00
-3.935519218444824219e+00
-3.058988094329833984e+00
-1.653890132904052734e+00
-2.584020137786865234e+00
-1.429486036300659180e+00
-2.559570550918579102e+00
-2.841950416564941406e+00
-3.418789386749267578e+00
-4.000527381896972656e+00
-2.788534164428710938e+00
-2.594906568527221680e+00
-3.652319192886352539e+00
-1.423663854598999023e+00
-2.412474393844604492e+00
-2.967448949813842773e+00
-3.381349086761474609e+00
-2.935823917388916016e+00
-3.870340108871459961e+00
-3.567188501358032227e+00
-3.166708469390869141e+00
-3.850947380065917969e+00
-2.901226520538330078e+00
-3.274459362030029297e+00
-2.226225614547729492e+00
-1.711119055747985840e+00
-2.518193006515502930e+00
-3.226547956466674805e+00
-3.429738521575927734e+00
-2.765186071395874023e+00
-3.186209440231323242e+00
-3.284164190292358398e+00
-3.424344539642333984e+00
-1.853046178817749023e+00
-4.013084888458251953e+00
-3.468374729156494141e+00
-3.264904260635375977e+00
-3.465144395828247070e+00
-3.400795698165893555e+00
-3.308970451354980469e+00
-3.127508163452148438e+00
-2.567845344543457031e+00
-3.885955572128295898e+00
-3.298591136932373047e+00
-2.886602640151977539e+00
-3.548414468765258789e+00
-2.376782178878784180e+00
-3.464275598526000977e+00
-2.555638551712036133e+00
-4.056772708892822266e+00
-1.967912793159484863e+00
-1.522853851318359375e+00
-1.800193309783935547e+00
-3.467132806777954102e+00
-3.580693244934082031e+00
-2.299029827117919922e+00
-2.253861904144287109e+00
-3.447536468505859375e+00
-3.318037986755371094e+00
-3.521429538726806641e+00
-3.456788778305053711e+00
-2.491237401962280273e+00
-3.720071077346801758e+00
-2.676796913146972656e+00
-3.267453432083129883e+00
-2.534387826919555664e+00
-3.563237190246582031e+00
-3.989893913269042969e+00
-2.533480167388916016e+00
-2.935540676116943359e+00
-3.562865734100341797e+00
-3.045088052749633789e+00
-3.102626085281372070e+00
-2.914014101028442383e+00
-3.545279264450073242e+00
-2.574100494384765625e+00
-3.750025749206542969e+00
-3.301782369613647461e+00
-3.445313453674316406e+00
-3.083175897598266602e+00
-2.249803066253662109e+00
-2.270983457565307617e+00
-2.706639528274536133e+00
-3.306735277175903320e+00
-2.849108219146728516e+00
-2.986563920974731445e+00
-2.057304143905639648e+00
-2.945215940475463867e+00
-1.541705965995788574e+00
-2.505727529525756836e+00
-3.465214729309082031e+00
-3.184654951095581055e+00
-2.826801061630249023e+00
-2.406261682510375977e+00
-2.810348987579345703e+00
-2.941238403320312500e+00
-3.824453830718994141e+00
-2.396193504333496094e+00
-3.253716707229614258e+00
-3.612329959869384766e+00
-2.523584127426147461e+00
-3.261333465576171875e+00
-2.164859533309936523e+00
-3.724063873291015625e+00
-3.441821813583374023e+00
-2.361857175827026367e+00
-2.586032390594482422e+00
-2.403016567230224609e+00
-2.097552776336669922e+00
-3.738831520080566406e+00
-2.002014875411987305e+00
-3.555682182312011719e+00
-2.101768493652343750e+00
-3.448050737380981445e+00
-3.198060512542724609e+00
-3.895353078842163086e+00
-3.653336763381958008e+00
-2.891998052597045898e+00
-3.972387075424194336e+00
-3.950383663177490234e+00
-3.027505397796630859e+00
-2.561927318572998047e+00
-3.704215764999389648e+00
-3.824083566665649414e+00
-3.153827190399169922e+00
-2.406798839569091797e+00
-3.341611623764038086e+00
-2.463662385940551758e+00
-3.081395626068115234e+00
-2.691598415374755859e+00
-2.118025302886962891e+00
-2.032232284545898438e+00
-9.253729581832885742e-01
-3.745396852493286133e+00
-3.195383548736572266e+00
-2.497978448867797852e+00
-2.177888631820678711e+00
-1.820261836051940918e+00
-2.558144330978393555e+00
-1.968059539794921875e+00
-3.129517555236816406e+00
-3.049761772155761719e+00
-2.402761220932006836e+00
-4.422962665557861328e+00
-2.778416872024536133e+00
-3.725270509719848633e+00
-2.610731840133666992e+00
-2.138899087905883789e+00
-1.363175272941589355e+00
-3.725209951400756836e+00
-2.009518146514892578e+00
-2.846617460250854492e+00
-3.685173273086547852e+00
-3.485039472579956055e+00
-2.325922012329101562e+00
-2.840239763259887695e+00
-3.184087514877319336e+00
-1.284346342086791992e+00
-2.632007360458374023e+00
-2.498685121536254883e+00
-2.075667381286621094e+00
-2.760711908340454102e+00
-2.378243684768676758e+00
-2.322441339492797852e+00
-3.325229167938232422e+00
-4.008997917175292969e+00
-3.389896869659423828e+00
-1.657034277915954590e+00
-1.944004416465759277e+00
-3.199132680892944336e+00
-3.451032161712646484e+00
-3.497567892074584961e+00
-2.093049764633178711e+00
-3.461634397506713867e+00
-3.489670038223266602e+00
-1.990995764732360840e+00
-1.959500193595886230e+00
-2.748308181762695312e+00
-3.336444616317749023e+00
-2.358016729354858398e+00
-2.708752870559692383e+00
-2.912326574325561523e+00
-2.955645322799682617e+00
-3.221644163131713867e+00
-2.400706052780151367e+00
-1.532391071319580078e+00
-2.646879434585571289e+00
-2.171161651611328125e+00
-1.950281381607055664e+00
-2.027977943420410156e+00
-2.149798631668090820e+00
-2.976846694946289062e+00
-2.788796901702880859e+00
-2.290579319000244141e+00
-2.590512514114379883e+00
-2.435098648071289062e+00
-1.074248909950256348e+00
-2.720958948135375977e+00
-1.959642887115478516e+00
-2.146700143814086914e+00
-1.775696039199829102e+00
-3.577697038650512695e+00
-2.787847042083740234e+00
-9.423894882202148438e-01
-2.486405372619628906e+00
-1.437526464462280273e+00
-2.968750953674316406e+00
-2.801426649093627930e+00
-2.290728807449340820e+00
-2.957401275634765625e+00
-2.850055932998657227e+00
-2.540507555007934570e+00
-2.897995948791503906e+00
-2.637404918670654297e+00
-1.260524988174438477e+00
-2.862362861633300781e+00
-2.908882856369018555e+00
-2.842396497726440430e+00
-2.140554666519165039e+00
-3.360009431838989258e+00
-3.319285154342651367e+00
-2.405611753463745117e+00
-3.268177270889282227e+00
-2.504676342010498047e+00
-2.502548456192016602e+00
-2.340317249298095703e+00
-3.146237850189208984e+00
-2.145581245422363281e+00
-2.804957628250122070e+00
-1.694789648056030273e+00
-2.727307558059692383e+00
-3.088961601257324219e+00
-1.737061262130737305e+00
-1.590240716934204102e+00
-5.578993558883666992e-01
-2.234289884567260742e+00
-1.916276574134826660e+00
-2.541683673858642578e+00
-1.920201420783996582e+00
-3.217935800552368164e+00
-1.734316468238830566e+00
-3.109709024429321289e+00
-2.518573522567749023e+00
-1.032201051712036133e+00
-1.840506672859191895e+00
-1.480902671813964844e+00
-1.879749417304992676e+00
-2.166759014129638672e+00
-3.009103775024414062e+00
-3.422780513763427734e+00
-2.412995100021362305e+00
-2.578294754028320312e+00
-3.101268529891967773e+00
-1.991950631141662598e+00
-2.568744659423828125e+00
-3.536846399307250977e+00
-3.404521703720092773e+00
-2.714788913726806641e+00
-3.130909204483032227e+00
-3.035815238952636719e+00
-2.899059057235717773e+00
-3.666919469833374023e+00
-3.083800792694091797e+00
-8.974028825759887695e-01
-2.348397731781005859e+00
-2.944281101226806641e+00
-2.822089195251464844e+00
-2.528570890426635742e+00
-3.036217212677001953e+00
-2.763690233230590820e+00
-2.722063302993774414e+00
-1.192401170730590820e+00
-5.226746797561645508e-01
-1.873255372047424316e+00
-2.453090667724609375e+00
-3.260015010833740234e+00
-3.598927497863769531e+00
-2.479332208633422852e+00
-3.303281545639038086e+00
-3.379738092422485352e+00
-2.034940958023071289e+00
-1.257084369659423828e+00
-3.216999053955078125e+00
-3.137850761413574219e+00
-3.180838108062744141e+00
-1.906098723411560059e+00
-2.271722555160522461e+00
-2.134849548339843750e+00
-3.550243854522705078e+00
-3.079519748687744141e+00
-2.962286710739135742e+00
-2.742929220199584961e+00
-3.046338319778442383e+00
-1.267445802688598633e+00
-2.671993494033813477e+00
-9.627985358238220215e-01
-2.062408685684204102e+00
-3.061361789703369141e+00
-2.813620567321777344e+00
-1.054602622985839844e+00
-2.592946290969848633e+00
-2.484666824340820312e+00
-3.344367265701293945e+00
-2.550167322158813477e+00
-1.193987607955932617e+00
-1.863317489624023438e+00
-2.502147674560546875e+00
-3.047254562377929688e+00
-2.270338296890258789e+00
-3.615489959716796875e+00
-2.820912837982177734e+00
-2.451434850692749023e+00
-1.794807553291320801e+00
-8.690308332443237305e-01
-1.337249398231506348e+00
-3.438886642456054688e+00
-3.201377868652343750e+00
-3.886692285537719727e+00
-3.229234457015991211e+00
-3.089210748672485352e+00
-1.618495702743530273e+00
-3.096046447753906250e+00
-3.393866300582885742e+00
-1.331718206405639648e+00
-2.423995971679687500e+00
-2.299611330032348633e+00
-3.001430988311767578e+00
-2.350235939025878906e+00
-2.709809064865112305e+00
-1.824935793876647949e+00
-1.473461151123046875e+00
-2.381308794021606445e+00
-1.990007877349853516e+00
-2.529441118240356445e+00
-2.399622917175292969e+00
-2.980293512344360352e+00
-1.080816745758056641e+00
-4.173615455627441406e+00
-1.094664931297302246e+00
-3.202660322189331055e+00
-2.690099477767944336e+00
-4.130061626434326172e+00
-2.277753114700317383e+00
-2.944896459579467773e+00
-3.149343490600585938e+00
-3.475961685180664062e+00
-2.244553089141845703e+00
-3.680622100830078125e+00
-3.359788417816162109e+00
-3.001030921936035156e+00
-2.490231513977050781e+00
-2.709208726882934570e+00
-2.061499595642089844e+00
-3.562101125717163086e+00
-3.546651601791381836e+00
-3.368881225585937500e+00
-1.631583213806152344e+00
-2.219043493270874023e+00
-2.055157423019409180e+00
-1.936542391777038574e+00
-1.787294387817382812e+00
-3.188376903533935547e+00
-2.183509588241577148e+00
-2.023418664932250977e+00
-2.728105306625366211e+00
-3.107380867004394531e+00
-2.660650253295898438e+00
-3.069633483886718750e+00
-2.523492336273193359e+00
-2.449776411056518555e+00
-3.024451494216918945e+00
-2.626967668533325195e+00
-1.934506893157958984e+00
-3.010790586471557617e+00
-1.172138094902038574e+00
-1.683535337448120117e+00
-3.778182029724121094e+00
-2.767763376235961914e+00
-1.266720056533813477e+00
-2.712713956832885742e+00
-1.436915159225463867e+00
-1.974377870559692383e+00
-1.984023213386535645e+00
-3.577567577362060547e+00
-3.309201240539550781e+00
-1.472997069358825684e+00
-2.239774942398071289e+00
-3.997863769531250000e+00
-1.796042919158935547e+00
-1.778246283531188965e+00
-2.945286512374877930e+00
-2.795117378234863281e+00
-2.953931093215942383e+00
-2.703541517257690430e+00
-3.821941852569580078e+00
-3.704837560653686523e+00
-1.980726957321166992e+00
-2.568573474884033203e+00
-2.362971305847167969e+00
-2.399211883544921875e+00
-2.022230148315429688e+00
-3.336646318435668945e+00
-2.561737775802612305e+00
-1.597847342491149902e+00
-2.463263273239135742e+00
-2.566238641738891602e-01
-2.224817276000976562e+00
-3.114086866378784180e+00
-3.202591896057128906e+00
-2.970600366592407227e+00
-2.437480688095092773e+00
-3.117019891738891602e+00
-3.116949558258056641e+00
-1.211180925369262695e+00
-2.520393610000610352e+00
-3.613930702209472656e+00
-2.667163610458374023e+00
-3.316175699234008789e+00
-2.967185258865356445e+00
-2.574213743209838867e+00
-3.447594881057739258e+00
-1.236718535423278809e+00
-1.111493349075317383e+00
-2.587453126907348633e+00
-3.596336603164672852e+00
-2.794909238815307617e+00
-2.789699077606201172e+00
-2.321478128433227539e+00
-5.867146849632263184e-01
-2.900294303894042969e+00
-2.979370832443237305e+00
-3.396986722946166992e+00
-1.415430068969726562e+00
-3.292621374130249023e+00
-2.596478462219238281e+00
-2.953552961349487305e+00
-2.840173244476318359e+00
-2.232171773910522461e+00
-2.160298347473144531e+00
-2.805573463439941406e+00
-3.185946702957153320e+00
-2.154874324798583984e+00
-2.606770992279052734e-01
-2.575906991958618164e+00
-1.877231240272521973e+00
-2.828224897384643555e+00
-2.363461732864379883e+00
-2.859065294265747070e+00
-3.000460863113403320e+00
-5.199303627014160156e-01
-1.545691132545471191e+00
-2.601509392261505127e-01
-2.388308286666870117e+00
-2.221596956253051758e+00
-1.651651382446289062e+00
-1.766893506050109863e+00
-1.825923085212707520e+00
-2.927061796188354492e+00
-1.420501232147216797e+00
-2.790483236312866211e+00
-3.653652071952819824e-01
-2.736390590667724609e+00
-1.787177085876464844e+00
-2.074092626571655273e+00
-1.048515558242797852e+00
-2.025640964508056641e+00
-3.083354473114013672e+00
-2.663567781448364258e+00
-3.040781736373901367e+00
-2.586876630783081055e+00
-2.798559904098510742e+00
-2.027403593063354492e+00
-2.171940088272094727e+00
-3.072935104370117188e+00
-2.778941631317138672e+00
-2.848083972930908203e+00
-2.216619253158569336e+00
-1.046692728996276855e+00
-2.269319534301757812e+00
-2.306003332138061523e+00
-2.640954732894897461e+00
-3.053072214126586914e+00
-3.644738912582397461e+00
-2.469075918197631836e+00
-3.463578701019287109e+00
-2.881395101547241211e+00
-8.776479363441467285e-01
-2.705362796783447266e+00
-2.860484123229980469e+00
-2.301194429397583008e+00
-2.775408506393432617e+00
-2.094933032989501953e+00
-2.180309534072875977e+00
-1.859081506729125977e+00
-2.706281423568725586e+00
-2.578877687454223633e+00
-2.854948043823242188e+00
-2.888490200042724609e+00
-1.916588425636291504e+00
-7.011040449142456055e-01
-2.613364219665527344e+00
-2.358594894409179688e+00
-1.494173645973205566e+00
-1.005943536758422852e+00
-2.111886978149414062e+00
-3.278970718383789062e+00
-3.667730808258056641e+00
-3.469072341918945312e+00
-1.974149703979492188e+00
-2.358724355697631836e+00
-1.354655623435974121e+00
-3.888697624206542969e+00
-3.128791570663452148e+00
-1.267495751380920410e+00
-2.187568426132202148e+00
-3.858278989791870117e+00
-4.056465148925781250e+00
-2.920610189437866211e+00
-2.764607667922973633e+00
-2.289655208587646484e+00
-3.330004453659057617e+00
-2.382677793502807617e+00
-1.346230745315551758e+00
-2.250210285186767578e+00
-3.161071062088012695e+00
-1.792361974716186523e+00
-2.934511899948120117e+00
-2.384125232696533203e+00
-2.423625469207763672e+00
-3.333696842193603516e+00
-7.576065659523010254e-01
-2.675531387329101562e+00
-2.208958625793457031e+00
-3.319834470748901367e+00
-2.323222398757934570e+00
-3.092476367950439453e+00
-3.932041645050048828e+00
-2.107136726379394531e+00
-3.487707674503326416e-01
-2.879478454589843750e+00
-2.974746227264404297e+00
-2.340878248214721680e+00
-1.764914512634277344e+00
-2.413411140441894531e+00
-1.334939241409301758e+00
-2.251462936401367188e+00
-1.892749786376953125e+00
-2.975074291229248047e+00
-1.927160263061523438e+00
-2.458389759063720703e+00
-1.622594833374023438e+00
-2.733293294906616211e+00
-1.031084656715393066e+00
-1.842035770416259766e+00
-1.685691714286804199e+00
-7.114549279212951660e-01
-3.276830911636352539e+00
-2.711537361145019531e+00
-2.957803249359130859e+00
-3.072607278823852539e+00
-1.177613496780395508e+00
-2.489818572998046875e+00
-1.627415299415588379e+00
-1.787893295288085938e+00
-1.913887381553649902e+00
-3.056100606918334961e+00
-1.858968973159790039e+00
-1.330067634582519531e+00
-1.493656635284423828e+00
-2.743631124496459961e+00
-1.538500428199768066e+00
-2.272368907928466797e+00
-3.010093688964843750e+00
-8.075397014617919922e-01
-2.216789007186889648e+00
-1.911217212677001953e+00
-2.231566190719604492e+00
-2.930284738540649414e+00
-3.162033557891845703e+00
-3.101088285446166992e+00
-2.450197935104370117e+00
-1.320576786994934082e+00
-2.800556182861328125e+00
-1.627727389335632324e+00
-2.301142215728759766e+00
-2.844574689865112305e+00
-2.358991861343383789e+00
-3.280744314193725586e+00
-1.775224208831787109e+00
-2.561587810516357422e+00
-2.483456611633300781e+00
-9.451588988304138184e-01
-2.826799154281616211e+00
-2.478563547134399414e+00
-2.740228176116943359e+00
-2.872178792953491211e+00
-3.024833202362060547e+00
-1.637027382850646973e+00
-3.778044939041137695e+00
-2.450705766677856445e+00
-1.130533814430236816e+00
-2.786079883575439453e+00
-1.150175571441650391e+00
-1.282949924468994141e+00
-1.506415009498596191e+00
-3.297457695007324219e+00
-3.373919248580932617e+00
-3.265079975128173828e+00
-2.717329502105712891e+00
-4.088457107543945312e+00
-1.431016206741333008e+00
-2.051418781280517578e+00
-2.175200700759887695e+00
-2.543571233749389648e+00
-1.969368457794189453e+00
-2.609172582626342773e+00
-3.096814155578613281e+00
-2.787880897521972656e+00
-3.090434789657592773e+00
-2.088949441909790039e+00
-1.530999064445495605e+00
-2.194236993789672852e+00
-2.847805976867675781e+00
-2.878435850143432617e+00
-3.253356218338012695e+00
-2.443560600280761719e+00
-2.729172706604003906e+00
-2.703822851181030273e+00
-1.645040750503540039e+00
-2.110294103622436523e+00
-1.794047832489013672e+00
-2.710314989089965820e+00
-1.096154570579528809e+00
-2.566531419754028320e+00
-1.933676362037658691e+00
-2.189157962799072266e+00
-2.496969938278198242e+00
-2.841713666915893555e+00
-2.212227821350097656e+00
-1.986386179924011230e+00
-2.869652032852172852e+00
-1.637437105178833008e+00
-2.175879478454589844e+00
-1.967463612556457520e+00
-2.322868824005126953e+00
-2.199762344360351562e+00
-1.288151621818542480e+00
-1.926738739013671875e+00
-1.953482747077941895e+00
-2.895364522933959961e+00
-2.972517967224121094e+00
-2.193675041198730469e+00
-1.601894617080688477e+00
-1.514868974685668945e+00
-3.263391733169555664e+00
-2.332208633422851562e+00
-1.176298618316650391e+00
-2.961390733718872070e+00
-3.543223381042480469e+00
-3.672223806381225586e+00
-1.071468114852905273e+00
-3.341542959213256836e+00
-2.755601644515991211e+00
-1.610326647758483887e+00
-1.920678257942199707e+00
-3.575448513031005859e+00
-2.948071956634521484e+00
-3.115528345108032227e+00
-2.434511423110961914e+00
-3.230000257492065430e+00
-8.167855143547058105e-01
-3.033538579940795898e+00
-4.228941440582275391e+00
-3.328744411468505859e+00
-2.780116558074951172e+00
-1.499850988388061523e+00
-2.190464258193969727e+00
-3.104870080947875977e+00
-1.567141175270080566e+00
-2.375584125518798828e+00
-2.335003376007080078e+00
-2.279652357101440430e+00
-2.676486492156982422e+00
-2.187681198120117188e+00
-9.205773472785949707e-01
-2.861753702163696289e+00
-2.392692804336547852e+00
-4.338530302047729492e-01
-2.916956424713134766e+00
-2.418232679367065430e+00
-1.531078338623046875e+00
-2.071434497833251953e+00
-2.481101274490356445e+00
-1.775604367256164551e+00
-3.163236141204833984e+00
-2.536886453628540039e+00
-2.552104234695434570e+00
-2.133575677871704102e+00
-2.732509613037109375e+00
-2.776640176773071289e+00
-1.357314825057983398e+00
-2.141459465026855469e+00
-3.023584365844726562e+00
-2.137809038162231445e+00
-1.570209860801696777e+00
-2.259500741958618164e+00
-3.063350915908813477e+00
-1.303886651992797852e+00
-3.115050792694091797e+00
-3.030773401260375977e+00
-1.681544423103332520e+00
-1.005399748682975769e-01
-2.584800958633422852e+00
-1.373878240585327148e+00
-1.469843029975891113e+00
-2.909622430801391602e+00
-3.065082073211669922e+00
-3.156748533248901367e+00
-4.133045971393585205e-01
-2.989825248718261719e+00
-3.261723995208740234e+00
-2.678325176239013672e+00
-2.814243793487548828e+00
-1.131997227668762207e+00
-3.392978668212890625e+00
-3.100333213806152344e+00
-3.391663074493408203e+00
-6.554679274559020996e-01
-2.303927421569824219e+00
-2.898467540740966797e+00
-2.129536390304565430e+00
-3.221357107162475586e+00
-2.219457149505615234e+00
-1.881977081298828125e+00
-2.957481145858764648e+00
-1.987816333770751953e+00
-2.279390573501586914e+00
-2.623233556747436523e+00
-9.658520221710205078e-01
-2.929564476013183594e+00
-3.189714431762695312e+00
-3.178014755249023438e+00
-2.424671649932861328e+00
-2.234605789184570312e+00
-2.736231088638305664e+00
-3.729419946670532227e+00
-2.661629676818847656e+00
-3.363205432891845703e+00
-1.803750872611999512e+00
-3.097883939743041992e+00
-1.474341154098510742e+00
-3.426819324493408203e+00
-2.642792701721191406e+00
-2.352806091308593750e+00
-2.731010675430297852e+00
-2.860594749450683594e+00
-3.406949996948242188e+00
-3.036953449249267578e+00
-3.438085794448852539e+00
-3.129066228866577148e+00
-3.259613513946533203e+00
-2.805286169052124023e+00
-2.823934316635131836e+00
-2.063667774200439453e+00
-3.258741617202758789e+00
-3.324167728424072266e+00
-1.736085414886474609e-01
-1.369416832923889160e+00
-2.217173337936401367e+00
-2.093067407608032227e+00
-2.199450492858886719e+00
-2.633832693099975586e+00
-1.401376128196716309e+00
-3.066196680068969727e+00
-3.070122003555297852e+00
-2.540097713470458984e+00
-3.062743663787841797e+00
-2.650642633438110352e+00
-8.143508434295654297e-01
-2.454819440841674805e+00
-1.939805746078491211e+00
-2.785688877105712891e+00
-2.910294055938720703e+00
-3.263427734375000000e+00
-2.730304956436157227e+00
-1.883700013160705566e+00
-8.848010897636413574e-01
-1.349968433380126953e+00
-2.701932430267333984e+00
-2.260506391525268555e+00
-2.834038257598876953e+00
-3.090369224548339844e+00
-3.457727193832397461e+00
-2.192162036895751953e+00
-1.144423842430114746e+00
-2.055364847183227539e+00
-2.826828002929687500e+00
-1.840865492820739746e+00
-2.227318525314331055e+00
-3.102907896041870117e+00
-1.844579815864562988e+00
-3.603969097137451172e+00
-2.344796419143676758e+00
-2.760836124420166016e+00
-1.391287684440612793e+00
-1.515081286430358887e+00
-7.916015982627868652e-01
-1.828776836395263672e+00
-2.148065090179443359e+00
-2.269198417663574219e+00
-3.108015298843383789e+00
-1.785178303718566895e+00
-2.200930595397949219e+00
-1.987883090972900391e+00
-2.245222091674804688e+00
-1.166231036186218262e+00
-9.193928241729736328e-01
-2.407446384429931641e+00
-2.976720094680786133e+00
-2.113431692123413086e+00
-2.196159362792968750e+00
-2.647283792495727539e+00
-3.151260614395141602e+00
-8.717852830886840820e-01
-2.985509872436523438e+00
-1.350473880767822266e+00
-3.328467369079589844e+00
-3.022671937942504883e+00
-2.893016338348388672e+00
-3.164922475814819336e+00
-7.052455544471740723e-01
-2.189179420471191406e+00
-2.899205207824707031e+00
-2.578820228576660156e+00
-2.174084901809692383e+00
-2.430975198745727539e+00
-2.617088317871093750e+00
-1.791598916053771973e+00
-1.499174714088439941e+00
-1.670039772987365723e+00
-2.294212818145751953e+00
-2.301135301589965820e+00
-2.154345750808715820e+00
-2.235096931457519531e+00
-3.332088232040405273e+00
-1.683668851852416992e+00
-3.134460210800170898e+00
-3.249969482421875000e+00
-3.274136781692504883e+00
-2.093923330307006836e+00
-2.294809579849243164e+00
-3.333552837371826172e+00
-2.735663175582885742e+00
-2.514990568161010742e+00
-3.301689863204956055e+00
-2.161964654922485352e+00
-1.235205769538879395e+00
-2.145444393157958984e+00
-2.237711429595947266e+00
-3.473461627960205078e+00
-2.271225214004516602e+00
-2.636594295501708984e+00
-4.104066371917724609e+00
-1.858265280723571777e+00
-2.754811525344848633e+00
-1.844958305358886719e+00
-2.944924116134643555e+00
-3.604506254196166992e+00
-2.509000539779663086e+00
-2.912246942520141602e+00
-3.199499368667602539e+00
-1.430107951164245605e+00
-3.211445093154907227e+00
-1.742971658706665039e+00
-2.755153179168701172e+00
-1.156957626342773438e+00
-2.426573991775512695e+00
-1.826771497726440430e+00
-2.342525005340576172e+00
-3.322572469711303711e+00
-2.947296857833862305e+00
-2.093839406967163086e+00
-2.197278022766113281e+00
-2.353553533554077148e+00
-8.434600830078125000e-01
-3.510567903518676758e+00
-1.740761160850524902e+00
-2.048147916793823242e+00
-2.505803346633911133e+00
-1.849202752113342285e+00
-2.468400716781616211e+00
-2.478395700454711914e+00
-2.691905021667480469e+00
-2.809345960617065430e+00
-3.359876632690429688e+00
-2.681241750717163086e+00
-1.140677452087402344e+00
-2.943969726562500000e+00
-2.749705076217651367e+00
-9.342679977416992188e-01
-3.166079044342041016e+00
-2.988638162612915039e+00
-2.637127161026000977e+00
-2.890951871871948242e+00
-2.651863336563110352e+00
-1.798174738883972168e+00
-1.372739553451538086e+00
-1.471816420555114746e+00
-1.056587576866149902e+00
-2.252074480056762695e+00
-1.961117386817932129e+00
-2.911748170852661133e+00
-3.581743240356445312e+00
-2.236561536788940430e+00
-2.722468614578247070e+00
-2.848530530929565430e+00
-2.253286123275756836e+00
-2.647665023803710938e+00
-3.757985591888427734e+00
-2.330864906311035156e+00
-1.969802379608154297e+00
-2.640325069427490234e+00
-2.077150821685791016e+00
-2.787728071212768555e+00
-3.539266109466552734e+00
-2.547428131103515625e+00
-2.111570596694946289e+00
-3.026965141296386719e+00
-3.522840976715087891e+00
-2.082865715026855469e+00
-2.834818124771118164e+00
-1.524548292160034180e+00
-1.381762146949768066e+00
-2.380361318588256836e+00
-1.729726910591125488e+00
-2.286857128143310547e+00
-1.707743763923645020e+00
-2.443805217742919922e+00
-2.699716567993164062e+00
-4.304735958576202393e-01
-2.304774284362792969e+00
-2.505270004272460938e+00
-2.936322689056396484e+00
-2.585855007171630859e+00
-2.237394332885742188e+00
-2.465981483459472656e+00
-2.980436563491821289e+00
-2.622376203536987305e+00
-1.690846085548400879e+00
-3.139791488647460938e+00
-9.046929478645324707e-01
-2.910175323486328125e+00
-2.035624504089355469e+00
-8.274878263473510742e-01
-2.939771890640258789e+00
-3.194657325744628906e+00
-2.343871355056762695e+00
-1.439408302307128906e+00
-2.745299100875854492e+00
-3.937976598739624023e+00
-2.923920631408691406e+00
-1.350350379943847656e+00
-3.061817884445190430e+00
-2.192042827606201172e+00
-2.894589424133300781e+00
-2.114250183105468750e+00
-2.627873420715332031e+00
-3.199482202529907227e+00
-2.848596572875976562e+00
-2.613440513610839844e+00
-3.381052255630493164e+00
-3.356984138488769531e+00
-3.509848833084106445e+00
-3.124723434448242188e+00
-2.848847150802612305e+00
-1.842222929000854492e+00
-9.367764592170715332e-01
-2.379091262817382812e+00
-2.236797809600830078e+00
-1.509435296058654785e+00
-1.719313502311706543e+00
-2.331690549850463867e+00
-3.018485307693481445e+00
-3.835908174514770508e+00
-3.219402790069580078e+00
-3.157612323760986328e+00
-2.004121065139770508e+00
-2.478969573974609375e+00
-2.635649919509887695e+00
-1.287469983100891113e+00
-2.413780450820922852e+00
-2.777906417846679688e+00
-2.339398384094238281e+00
-1.317284822463989258e+00
-2.281603813171386719e+00
-2.279206514358520508e+00
-2.328346729278564453e+00
-1.638455867767333984e+00
-2.329435348510742188e+00
-2.112311124801635742e+00
-2.175415039062500000e+00
-2.717434883117675781e+00
-2.622194766998291016e+00
-1.738791823387145996e+00
-6.530910134315490723e-01
-3.090745210647583008e+00
-1.865361571311950684e+00
-3.170628786087036133e+00
-2.664096355438232422e+00
-2.238410234451293945e+00
-7.946043014526367188e-01
-2.105237483978271484e+00
-1.779905319213867188e+00
-2.725102424621582031e+00
-2.043886899948120117e+00
-2.950207233428955078e+00
-1.792412281036376953e+00
-2.438808917999267578e+00
-2.906867265701293945e+00
-2.270815849304199219e+00
-2.387263298034667969e+00
-2.482476949691772461e+00
-3.334564924240112305e+00
-1.362034916877746582e+00
-2.092687129974365234e+00
-2.665310144424438477e+00
-3.323890924453735352e+00
-3.272150516510009766e+00
-2.549984693527221680e+00
-2.077311515808105469e+00
-9.790083169937133789e-01
-2.309528589248657227e+00
-6.352093815803527832e-01
-2.358991146087646484e+00
-2.027109622955322266e+00
-2.972171306610107422e+00
-2.966517448425292969e+00
-2.714605093002319336e+00
-2.828112840652465820e+00
-2.482461214065551758e+00
-1.900788307189941406e+00
-3.501943826675415039e+00
-2.220032215118408203e+00
-2.100166082382202148e+00
-2.794962882995605469e+00
-2.220311641693115234e+00
-3.091701030731201172e+00
-3.659703493118286133e+00
-3.539171934127807617e+00
-3.383688926696777344e+00
-2.785059690475463867e+00
-3.559531450271606445e+00
-1.965997934341430664e+00
-2.415645122528076172e+00
-2.848078966140747070e+00
-2.635908842086791992e+00
-2.275299787521362305e+00
-2.054399013519287109e+00
-3.502599716186523438e+00
-2.943657398223876953e+00
-2.417106628417968750e+00
-2.465409278869628906e+00
-3.394608497619628906e+00
-2.397693872451782227e+00
-3.104316949844360352e+00
-3.164637088775634766e+00
-1.932483166456222534e-01
-3.427539825439453125e+00
-1.932705163955688477e+00
-1.553096771240234375e+00
-2.341081857681274414e+00
-2.330458402633666992e+00
-2.189289569854736328e+00
-3.162101745605468750e+00
-1.506725311279296875e+00
-2.282804012298583984e+00
-2.964199542999267578e+00
-3.336657047271728516e+00
-3.139552831649780273e+00
-1.736977696418762207e+00
-3.150446891784667969e+00
-3.170433044433593750e+00
-2.641769409179687500e+00
-3.615475654602050781e+00
-1.539070010185241699e+00
-3.287084817886352539e+00
-2.592244863510131836e+00
-3.163613319396972656e+00
-2.729885339736938477e+00
-2.003645658493041992e+00
-9.428439736366271973e-01
-3.554563999176025391e+00
-1.862497806549072266e+00
-2.047310829162597656e+00
-1.704576730728149414e+00
-2.996052503585815430e+00
-2.693340301513671875e+00
-2.264698505401611328e+00
-9.000861048698425293e-01
-2.156035184860229492e+00
-2.735448837280273438e+00
-3.521329641342163086e+00
-7.177213430404663086e-01
-3.235231876373291016e+00
-2.142471075057983398e+00
-3.611514568328857422e+00
-2.048153162002563477e+00
-1.849046111106872559e+00
-1.320690870285034180e+00
-1.453140854835510254e+00
-3.779634952545166016e+00
-2.921124935150146484e+00
-2.063739538192749023e+00
-2.903877258300781250e+00
-2.986321687698364258e+00
-3.720898628234863281e+00
-3.578459978103637695e+00
-3.093269348144531250e+00
-2.379914999008178711e+00
-1.940033316612243652e+00
-3.783464193344116211e+00
-2.919572353363037109e+00
-3.928554296493530273e+00
-1.540418267250061035e+00
-3.594793081283569336e+00
-1.577611088752746582e+00
-2.702887773513793945e+00
-9.368489980697631836e-01
-1.275766015052795410e+00
-3.427240371704101562e+00
-3.139888286590576172e+00
-3.154079198837280273e+00
-2.163446426391601562e+00
-3.152463674545288086e+00
-1.173417329788208008e+00
-3.263451814651489258e+00
-2.558834791183471680e+00
-2.946903228759765625e+00
-1.324473857879638672e+00
-2.548164844512939453e+00
-1.769889116287231445e+00
-1.132287025451660156e+00
-1.226153373718261719e+00
-1.901182889938354492e+00
-2.929552316665649414e+00
-2.444799423217773438e+00
-2.379776716232299805e+00
-3.608935356140136719e+00
-2.268220663070678711e+00
-1.453387141227722168e+00
-2.467726230621337891e+00
-2.632704734802246094e+00
-2.447910308837890625e+00
-1.849619865417480469e+00
-3.000594854354858398e+00
-3.708402156829833984e+00
-2.042548656463623047e+00
-2.077072143554687500e+00
-2.018204927444458008e+00
-3.043949604034423828e+00
-1.957554459571838379e+00
-2.873659372329711914e+00
-3.238029479980468750e+00
-2.544885396957397461e+00
-2.211065292358398438e+00
-3.630088806152343750e+00
-2.434307336807250977e+00
-2.522869110107421875e+00
-2.369081258773803711e+00
-2.816144227981567383e+00
-3.010058641433715820e+00
-3.028413772583007812e+00
-3.551733970642089844e+00
-3.153305053710937500e+00
-2.752699136734008789e+00
-2.989553213119506836e+00
-3.562812328338623047e+00
-2.865337371826171875e+00
-2.452044725418090820e+00
-2.062686920166015625e+00
-2.685907363891601562e+00
-3.449418783187866211e+00
-2.052270174026489258e+00
-2.017450332641601562e+00
-3.385555744171142578e+00
-3.607463359832763672e+00
-3.160522222518920898e+00
-3.675617694854736328e+00
-2.791917562484741211e+00
-2.925083875656127930e+00
-2.247583627700805664e+00
-1.511090517044067383e+00
-1.927139759063720703e+00
-3.712442159652709961e+00
-2.354294061660766602e+00
-3.028609991073608398e+00
-3.595870971679687500e+00
-3.009793758392333984e+00
-3.375808715820312500e+00
-3.950729370117187500e+00
-2.834818840026855469e+00
-2.758748531341552734e+00
-3.573787689208984375e+00
-3.480819463729858398e+00
-2.193510532379150391e+00
-3.808039188385009766e+00
-1.381086230278015137e+00
-3.582067728042602539e+00
-3.547541141510009766e+00
-3.879343032836914062e+00
-1.454215168952941895e+00
-1.651203036308288574e+00
-2.985650539398193359e+00
-1.313039302825927734e+00
-1.205058574676513672e+00
-1.221544504165649414e+00
-2.651074409484863281e+00
-1.529064655303955078e+00
-2.568117618560791016e+00
-2.633687734603881836e+00
-9.774212837219238281e-01
-1.554024577140808105e+00
-2.320861101150512695e+00
-9.413097500801086426e-01
-2.344239473342895508e+00
-1.247845053672790527e+00
-2.191020488739013672e+00
-1.330129981040954590e+00
-1.813502550125122070e+00
-2.518535375595092773e+00
-1.705685257911682129e+00
-2.334993124008178711e+00
-2.590033769607543945e+00
-2.222649812698364258e+00
-1.761048078536987305e+00
-8.974838852882385254e-01
-1.714555144309997559e+00
-1.903481483459472656e+00
-1.504118323326110840e+00
-1.270027160644531250e+00
-2.558516740798950195e+00
-2.898401975631713867e+00
-2.538551092147827148e+00
-2.203627347946166992e+00
-2.341043472290039062e+00
-1.997324228286743164e+00
-1.683690905570983887e+00
-1.643292784690856934e+00
-1.640673875808715820e-01
-2.766154050827026367e+00
-2.234515190124511719e+00
-2.763402700424194336e+00
-8.838275671005249023e-01
-1.751716375350952148e+00
-1.868650317192077637e+00
-1.737546682357788086e+00
-2.053060293197631836e+00
-2.094143867492675781e+00
-3.233599424362182617e+00
-3.374187707901000977e+00
-1.719013571739196777e+00
-2.616055727005004883e+00
-2.161460876464843750e+00
-2.858981132507324219e+00
-1.922734379768371582e+00
-3.022385597229003906e+00
-1.233823299407958984e+00
-1.272052288055419922e+00
-3.118471622467041016e+00
-1.798770427703857422e+00
-2.893183469772338867e+00
-2.570132732391357422e+00
-2.446701765060424805e+00
-3.737497702240943909e-02
-3.329311847686767578e+00
-2.798652887344360352e+00
-1.687850356101989746e+00
-2.945163488388061523e+00
-3.166567802429199219e+00
-3.180242300033569336e+00
-1.215465188026428223e+00
-2.715693712234497070e+00
-2.843386888504028320e+00
-1.763377428054809570e+00
-3.096436500549316406e+00
-3.260002136230468750e+00
-2.489477157592773438e+00
-1.870588183403015137e+00
-1.952643632888793945e+00
-2.954344034194946289e+00
-2.691972017288208008e+00
-3.447409868240356445e+00
-1.348107218742370605e+00
-1.797470569610595703e+00
-3.350417137145996094e+00
-2.310829401016235352e+00
-2.978264570236206055e+00
-2.523285627365112305e+00
-2.300573825836181641e+00
-3.553054094314575195e+00
-4.301967144012451172e+00
-1.637535572052001953e+00
-2.092945337295532227e+00
-3.098063468933105469e+00
-3.320198535919189453e+00
-2.716068983078002930e+00
-2.666584968566894531e+00
-1.468551516532897949e+00
-1.957071781158447266e+00
-2.263161420822143555e+00
-3.005166769027709961e+00
-1.287676095962524414e+00
-1.914592027664184570e+00
-2.507780790328979492e+00
-3.494785070419311523e+00
-3.874055862426757812e+00
-1.799032688140869141e+00
-2.996135950088500977e+00
-8.993981480598449707e-01
-9.835426807403564453e-01
-3.033554792404174805e+00
-2.062492132186889648e+00
-1.589308500289916992e+00
-2.481589555740356445e+00
-2.835072517395019531e+00
-1.812966227531433105e+00
-2.254333496093750000e+00
-2.060559272766113281e+00
-2.229117631912231445e+00
-3.018316268920898438e+00
-2.141273975372314453e+00
-2.307567119598388672e+00
-2.763428211212158203e+00
-2.001877069473266602e+00
-1.754620790481567383e+00
-2.700140476226806641e+00
-2.677045583724975586e+00
-2.369927644729614258e+00
-2.117038965225219727e+00
-1.667580485343933105e+00
-1.776665925979614258e+00
-1.492795705795288086e+00
-1.445551276206970215e+00
-2.784183502197265625e+00
-2.867268562316894531e+00
-2.234239339828491211e+00
-2.466066837310791016e+00
-1.921042919158935547e+00
-2.696797370910644531e+00
-1.316321849822998047e+00
-2.380924224853515625e+00
-2.512004137039184570e+00
-1.998368501663208008e+00
-7.350007295608520508e-01
-2.019006252288818359e+00
-2.194839239120483398e+00
-2.604558706283569336e+00
-3.189546823501586914e+00
-7.885878682136535645e-01
-1.862838387489318848e+00
-1.860062599182128906e+00
-2.368956804275512695e+00
-3.264682054519653320e+00
-2.265391349792480469e+00
-2.587943792343139648e+00
-2.562509059906005859e+00
-2.350722074508666992e+00
-3.502599239349365234e+00
-2.080045461654663086e+00
-2.582180261611938477e+00
-2.589081764221191406e+00
-3.303105831146240234e+00
-1.497438192367553711e+00
-2.388165712356567383e+00
-3.124122381210327148e+00
-3.007583379745483398e+00
-2.259215593338012695e+00
-2.530331611633300781e+00
-2.538197040557861328e+00
-4.025475978851318359e+00
-3.089687347412109375e+00
-3.378225088119506836e+00
-2.644774913787841797e+00
-2.223119497299194336e+00
-2.396130323410034180e+00
-3.530575513839721680e+00
-3.086758136749267578e+00
-1.848194956779479980e+00
-9.355878829956054688e-01
-3.397600412368774414e+00
-2.524732351303100586e+00
-1.666077733039855957e+00
-3.103229999542236328e+00
-2.877782106399536133e+00
-2.549914836883544922e+00
-2.816660642623901367e+00
-4.859859049320220947e-01
-3.636698007583618164e+00
-1.892590641975402832e+00
-3.203239202499389648e+00
-2.374136447906494141e+00
-9.402211904525756836e-01
-8.117460012435913086e-01
-2.113606214523315430e+00
-2.640230655670166016e+00
-2.185488939285278320e+00
-1.440253257751464844e+00
-2.872773885726928711e+00
-8.032502532005310059e-01
-1.919226527214050293e+00
-9.429376721382141113e-01
-2.935264348983764648e+00
-3.226962566375732422e+00
-2.774269580841064453e+00
-3.047922849655151367e+00
-1.756007671356201172e+00
-1.248812198638916016e+00
-1.318573474884033203e+00
-2.985259532928466797e+00
-3.157072544097900391e+00
-1.901715755462646484e+00
-2.090820789337158203e+00
-2.821296453475952148e+00
-2.420798063278198242e+00
-2.216583013534545898e+00
-3.340374469757080078e+00
-2.147361516952514648e+00
-1.002026677131652832e+00
-2.444149494171142578e+00
-2.644869565963745117e+00
-1.231252908706665039e+00
-1.982306361198425293e+00
-2.995913267135620117e+00
-3.571313619613647461e+00
-2.243162393569946289e+00
-2.411506891250610352e+00
-3.525999307632446289e+00
-2.338251352310180664e+00
-2.085438013076782227e+00
-2.399051189422607422e+00
-3.369373798370361328e+00
-3.011640310287475586e+00
-2.758403778076171875e+00
-1.060978174209594727e+00
-3.464641809463500977e+00
-4.020386219024658203e+00
-1.812786340713500977e+00
-2.607591867446899414e+00
-2.757781982421875000e+00
-2.196958541870117188e+00
-3.235247373580932617e+00
-2.357143402099609375e+00
-3.205118656158447266e+00
-1.543289303779602051e+00
-3.417625188827514648e+00
-1.674043655395507812e+00
-3.130829334259033203e+00
-1.699641227722167969e+00
-2.786656141281127930e+00
-2.921063661575317383e+00
-3.158097505569458008e+00
-3.630246400833129883e+00
-2.023127079010009766e+00
-2.163379669189453125e+00
-2.808211088180541992e+00
-1.817845940589904785e+00
-1.679570913314819336e+00
-1.773200988769531250e+00
-1.234684228897094727e+00
-1.169563174247741699e+00
-1.565749645233154297e+00
-1.978487968444824219e+00
-2.226722478866577148e+00
-1.731565713882446289e+00
-6.642804145812988281e-01
-2.236529827117919922e+00
-1.441630244255065918e+00
-1.640962958335876465e+00
-1.102370142936706543e+00
-2.177649259567260742e+00
-2.265345096588134766e+00
-2.041242837905883789e+00
-2.616583824157714844e+00
-2.283797979354858398e+00
-1.421280503273010254e+00
-2.498428821563720703e+00
-2.732829153537750244e-01
-9.586855769157409668e-01
-1.606944322586059570e+00
-1.917135477066040039e+00
-9.063626527786254883e-01
-1.170540571212768555e+00
-1.750625133514404297e+00
-1.410174369812011719e+00
-2.326045513153076172e+00
-2.230968713760375977e+00
-1.956557989120483398e+00
-2.776616811752319336e-01
-1.152051687240600586e+00
-2.185928821563720703e+00
-2.566790342330932617e+00
-5.111351609230041504e-01
-7.907862067222595215e-01
-1.687916636466979980e+00
-2.198152542114257812e+00
-1.145572543144226074e+00
-2.495268583297729492e+00
-2.553997516632080078e+00
-1.496137261390686035e+00
-2.668655633926391602e+00
-2.024685621261596680e+00
-3.720267534255981445e+00
-3.165714025497436523e+00
-2.057744264602661133e+00
-2.721397399902343750e+00
-2.983580827713012695e+00
-2.949938058853149414e+00
-3.194495439529418945e+00
-3.584870815277099609e+00
-3.174514532089233398e+00
-1.070360064506530762e+00
-3.105858087539672852e+00
-2.882385969161987305e+00
-2.056564092636108398e+00
-2.107224702835083008e+00
-1.204290747642517090e+00
-2.847629547119140625e+00
-2.489782571792602539e+00
-2.600004673004150391e+00
-2.174672365188598633e+00
-2.963916063308715820e+00
-2.596454620361328125e+00
-2.915423870086669922e+00
-2.182337284088134766e+00
-2.586397409439086914e+00
-3.542598962783813477e+00
-2.394685029983520508e+00
-2.303208589553833008e+00
-2.194325685501098633e+00
-2.959800481796264648e+00
-1.613591074943542480e+00
-2.242336273193359375e+00
-3.053236484527587891e+00
-3.702736854553222656e+00
-1.288909792900085449e+00
-3.319580554962158203e+00
-1.925830960273742676e+00
-2.539477586746215820e+00
-1.724814534187316895e+00
-3.351305961608886719e+00
-3.023385763168334961e+00
-3.482949495315551758e+00
-2.433234214782714844e+00
-2.146225452423095703e+00
-1.959830284118652344e+00
-3.649693965911865234e+00
-3.917185544967651367e+00
-1.677397489547729492e+00
-1.598740816116333008e+00
-3.250403642654418945e+00
-1.564431190490722656e+00
-2.442532539367675781e+00
-3.629450321197509766e+00
-3.709498167037963867e+00
-3.827963113784790039e+00
-3.808705568313598633e+00
-2.985750198364257812e+00
-2.387321949005126953e+00
-2.895284652709960938e+00
-3.619663715362548828e+00
-3.469062089920043945e+00
-2.424798727035522461e+00
-2.254412651062011719e+00
-2.741443157196044922e+00
-1.692598700523376465e+00
-1.740698099136352539e+00
-2.680757999420166016e+00
-1.698240041732788086e+00
-1.748611927032470703e+00
-1.171851277351379395e+00
-1.113384127616882324e+00
-2.720838308334350586e+00
-1.364951610565185547e+00
-1.520817756652832031e+00
-2.303519248962402344e+00
-1.790457606315612793e+00
-2.745355844497680664e+00
-1.766152977943420410e+00
-1.072499155998229980e+00
-3.077544450759887695e+00
-2.528909444808959961e+00
-2.799729108810424805e+00
-1.940018415451049805e+00
-9.772213697433471680e-01
-1.995282649993896484e+00
-1.963581204414367676e+00
-9.933394789695739746e-01
-2.463081836700439453e+00
-1.416317582130432129e+00
-1.812864422798156738e+00
-1.649030804634094238e+00
-2.344473123550415039e+00
-2.240899801254272461e-01
-9.863439202308654785e-01
-1.179307937622070312e+00
-9.624960422515869141e-01
-1.728106141090393066e+00
-1.479157686233520508e+00
-1.228933691978454590e+00
-2.229275941848754883e+00
-2.738748073577880859e+00
-1.319739699363708496e+00
-1.337336063385009766e+00
-1.429451584815979004e+00
-1.463537096977233887e+00
-2.474283933639526367e+00
-1.648561954498291016e+00
-3.059054851531982422e+00
-1.788453817367553711e+00
-2.047215461730957031e+00
-2.138366699218750000e+00
-2.780089139938354492e+00
-1.280838131904602051e+00
-1.251703381538391113e+00
-1.273551821708679199e+00
-1.660874962806701660e+00
-2.318614244461059570e+00
-1.661401748657226562e+00
-2.229874849319458008e+00
-1.505972385406494141e+00
-9.621904492378234863e-01
-1.769790291786193848e+00
-2.591959714889526367e+00
-7.551258802413940430e-01
-2.423095703125000000e+00
-2.573269605636596680e+00
-1.810207009315490723e+00
-1.319612503051757812e+00
-1.824910402297973633e+00
-2.587451696395874023e+00
-2.125988006591796875e+00
-2.091411828994750977e+00
-3.573073863983154297e+00
-2.099304914474487305e+00
-2.253180742263793945e+00
-1.899703025817871094e+00
-2.440521955490112305e+00
-1.435364484786987305e+00
-1.564545035362243652e+00
-2.237748861312866211e+00
-1.312684535980224609e+00
-2.757576227188110352e+00
-1.399023532867431641e+00
-2.145185947418212891e+00
-3.175877332687377930e+00
-1.604673027992248535e+00
-7.930945158004760742e-01
-2.037974357604980469e+00
-2.307280778884887695e+00
-1.116155505180358887e+00
-1.697790145874023438e+00
-2.299173593521118164e+00
-1.692734956741333008e+00
-1.943818449974060059e+00
-8.540748357772827148e-01
-2.088292837142944336e+00
-1.994783639907836914e+00
-2.664088964462280273e+00
-2.506464481353759766e+00
-2.312179088592529297e+00
-5.026757717132568359e-01
-1.614416837692260742e+00
-6.613784432411193848e-01
-1.551929950714111328e+00
-1.110165715217590332e+00
-2.057865142822265625e+00
-1.136931896209716797e+00
-1.281202197074890137e+00
-1.399799823760986328e+00
-2.391622304916381836e+00
-2.193726301193237305e+00
-6.625035405158996582e-01
-1.152250647544860840e+00
-1.577239274978637695e+00
-1.639243364334106445e+00
-9.712784886360168457e-01
-2.370717048645019531e+00
-1.112876653671264648e+00
-2.024518251419067383e+00
-8.143062591552734375e-01
-1.831893563270568848e+00
-2.335311412811279297e+00
-2.660076379776000977e+00
-2.051368474960327148e+00
-2.678754568099975586e+00
-2.499086618423461914e+00
-2.404959440231323242e+00
-3.713351786136627197e-01
-8.049546480178833008e-01
-2.018408775329589844e+00
-2.768597602844238281e+00
-2.572809696197509766e+00
-2.865858316421508789e+00
-2.673350095748901367e+00
-1.790042400360107422e+00
5.469310283660888672e-02
-2.835589408874511719e+00
-1.184187769889831543e+00
-1.951907038688659668e+00
-2.824304580688476562e+00
-6.980261802673339844e-01
-6.229485273361206055e-01
-2.501255273818969727e+00
-1.125582218170166016e+00
-2.848729848861694336e+00
-1.572524428367614746e+00
-2.433201313018798828e+00
-2.096735477447509766e+00
-2.866921663284301758e+00
-2.120484352111816406e+00
-1.619427561759948730e+00
-1.678689360618591309e+00
-1.994442939758300781e+00
-2.391582727432250977e+00
-1.945536255836486816e+00
-7.077487111091613770e-01
-2.227566719055175781e+00
-1.367346286773681641e+00
-2.425570249557495117e+00
-2.990906953811645508e+00
-2.295251369476318359e+00
-2.116157054901123047e+00
-1.549823403358459473e+00
-1.497466325759887695e+00
-2.255330801010131836e+00
-2.311642646789550781e+00
-1.848152756690979004e+00
-2.298002004623413086e+00
-1.557521104812622070e+00
-2.669851064682006836e+00
-2.112833499908447266e+00
-2.285889863967895508e+00
-5.709650516510009766e-01
-1.726204872131347656e+00
-2.248645305633544922e+00
-1.949641466140747070e+00
-1.066053271293640137e+00
-2.116854906082153320e+00
-3.002806901931762695e+00
-2.308837890625000000e+00
-2.457548618316650391e+00
-2.666405200958251953e+00
-2.927092552185058594e+00
-3.012969732284545898e+00
-2.062077373266220093e-01
-1.975410938262939453e+00
-1.761194109916687012e+00
-2.467726469039916992e+00
-2.673069000244140625e+00
-2.105411529541015625e+00
-2.061495065689086914e+00
-2.827157974243164062e+00
-2.895107746124267578e+00
-1.999330163002014160e+00
-1.752453327178955078e+00
-2.699081420898437500e+00
-2.338982820510864258e+00
-2.473584651947021484e+00
-2.885061264038085938e+00
-1.867240905761718750e+00
-1.029382586479187012e+00
-2.582482099533081055e+00
-2.368549823760986328e+00
-2.116165399551391602e+00
-1.835627079010009766e+00
-1.584824919700622559e+00
-2.539061307907104492e+00
-1.795609354972839355e+00
-1.876844048500061035e+00
-1.960265278816223145e+00
-3.269308805465698242e+00
-2.268477678298950195e+00
-1.803420066833496094e+00
-1.116311669349670410e+00
-2.707119941711425781e+00
-2.056146144866943359e+00
-2.522866010665893555e+00
-2.240371942520141602e+00
-2.059842109680175781e+00
-2.534394502639770508e+00
-1.960579991340637207e+00
-1.855974555015563965e+00
-1.560530304908752441e+00
-2.266194343566894531e+00
-1.555485367774963379e+00
-3.174127101898193359e+00
-1.402690410614013672e+00
-2.194641828536987305e+00
-1.019211649894714355e+00
-7.030521631240844727e-01
-6.561689972877502441e-01
-2.562558412551879883e+00
-4.922116398811340332e-01
-1.870329618453979492e+00
-1.889365434646606445e+00
-2.097663640975952148e+00
-2.519427537918090820e+00
-1.015278220176696777e+00
-2.261686801910400391e+00
-2.256765365600585938e+00
-2.480687379837036133e+00
-1.448876738548278809e+00
-2.149235248565673828e+00
-2.928569793701171875e+00
-3.148682355880737305e+00
-2.240943193435668945e+00
-1.348141670227050781e+00
-7.169615030288696289e-01
-2.406635761260986328e+00
-1.711237430572509766e+00
-2.497702836990356445e+00
-1.458951354026794434e+00
-1.454143762588500977e+00
-2.269268751144409180e+00
-2.966248512268066406e+00
-1.971747279167175293e+00
-1.304655194282531738e+00
-3.044292688369750977e+00
-2.221761226654052734e+00
-1.865894794464111328e+00
-8.448716998100280762e-01
-6.558785438537597656e-01
-2.349296092987060547e+00
-2.116562366485595703e+00
-1.890174627304077148e+00
-1.676282882690429688e+00
-2.274458646774291992e+00
-2.524773120880126953e+00
-2.508641004562377930e+00
-2.156329393386840820e+00
-2.279988527297973633e+00
-1.840439796447753906e+00
-1.983116626739501953e+00
-1.928402900695800781e+00
-8.366302251815795898e-01
-1.776761054992675781e+00
-1.998472332954406738e+00
-2.284429073333740234e+00
-2.861733198165893555e+00
-1.069231510162353516e+00
-2.673933506011962891e+00
-1.430711388587951660e+00
-2.008347749710083008e+00
-1.337236404418945312e+00
-2.569132328033447266e+00
-2.342110157012939453e+00
-1.628992199897766113e+00
-2.302132368087768555e+00
-3.233567237854003906e+00
-2.959085702896118164e+00
-7.027121782302856445e-01
-1.869394063949584961e+00
-1.362885236740112305e+00
-1.234075188636779785e+00
-2.436718225479125977e+00
-2.105062246322631836e+00
-1.832887411117553711e+00
-1.650540590286254883e+00
-2.243780851364135742e+00
-2.219012975692749023e+00
-1.158959627151489258e+00
-2.859736680984497070e+00
-3.371739625930786133e+00
-1.529196500778198242e+00
-2.673043251037597656e+00
-1.701307892799377441e+00
-2.013957977294921875e+00
-3.130035400390625000e+00
-2.384107112884521484e+00
-2.701785087585449219e+00
-2.390045642852783203e+00
-2.540236949920654297e+00
-2.525066614151000977e+00
-3.127207756042480469e+00
-2.245846986770629883e+00
-2.099785566329956055e+00
-1.658655285835266113e+00
-2.094545125961303711e+00
-1.104740142822265625e+00
-1.168189525604248047e+00
-1.599660992622375488e+00
-2.345562458038330078e+00
-1.539105534553527832e+00
-1.478258848190307617e+00
-2.920941591262817383e+00
-2.046577215194702148e+00
-1.978877663612365723e+00
-2.884503126144409180e+00
-7.247606515884399414e-01
-1.607006072998046875e+00
-3.471507549285888672e+00
-2.317345380783081055e+00
-2.073754310607910156e+00
-1.373954653739929199e+00
-2.082621335983276367e+00
-2.639343023300170898e+00
-1.186723232269287109e+00
-1.849749565124511719e+00
-2.283099412918090820e+00
-1.343467950820922852e+00
-2.031391859054565430e+00
-1.636860251426696777e+00
-1.512670397758483887e+00
-2.384964227676391602e+00
-2.449218273162841797e+00
-1.818836808204650879e+00
-1.812294125556945801e+00
-1.429448127746582031e+00
-1.279897093772888184e+00
-2.290661096572875977e+00
-1.594616055488586426e+00
-2.098018378019332886e-01
-3.387276649475097656e+00
-2.263370513916015625e+00
-2.641479969024658203e+00
-1.780238986015319824e+00
-9.445366263389587402e-01
-2.441086053848266602e+00
-1.180933833122253418e+00
-3.010917901992797852e-01
-2.112079381942749023e+00
-3.388118267059326172e+00
-1.033507347106933594e+00
-1.695115447044372559e+00
-1.509822010993957520e+00
-2.353021860122680664e+00
-2.624488592147827148e+00
-1.219096899032592773e+00
-2.869308948516845703e+00
-2.302018642425537109e+00
-2.948412656784057617e+00
-3.336039781570434570e+00
-2.040252208709716797e+00
-2.947012662887573242e+00
-2.643884658813476562e+00
-2.864319086074829102e+00
-3.117676734924316406e+00
-1.384783983230590820e+00
-2.660218238830566406e+00
-1.473950386047363281e+00
-2.659134387969970703e+00
-2.258875608444213867e+00
-2.715269804000854492e+00
-1.657468914985656738e+00
-2.817124128341674805e+00
-2.598596096038818359e+00
-2.739737749099731445e+00
-2.179023027420043945e+00
-1.859299540519714355e+00
-2.442908525466918945e+00
-1.787919759750366211e+00
-2.350428342819213867e+00
-1.528967738151550293e+00
-3.307457685470581055e+00
-3.584980249404907227e+00
-1.977572083473205566e+00
-1.960566282272338867e+00
-3.585891485214233398e+00
-2.065994024276733398e+00
-2.799527645111083984e+00
-2.091037034988403320e+00
-3.266187429428100586e+00
-3.345191955566406250e+00
-3.156719684600830078e+00
-1.349891066551208496e+00
-1.862641692161560059e+00
-3.645846605300903320e+00
-1.501212477684020996e+00
-2.834442138671875000e+00
-9.593977928161621094e-01
-2.812569141387939453e+00
-2.743747711181640625e+00
-3.462774276733398438e+00
-2.185446739196777344e+00
-1.951546311378479004e+00
-2.354512929916381836e+00
-3.048695802688598633e+00
-3.719938516616821289e+00
-1.865846514701843262e+00
-1.884211659431457520e+00
-3.101953744888305664e+00
-3.324764490127563477e+00
-2.393838882446289062e+00
-2.072004556655883789e+00
-2.979080438613891602e+00
-2.145958185195922852e+00
-1.518549203872680664e+00
-2.673267602920532227e+00
-2.436396121978759766e+00
-2.562074422836303711e+00
-2.108223676681518555e+00
-1.933221220970153809e+00
-2.837768316268920898e+00
-2.386773109436035156e+00
-2.253853321075439453e+00
-2.389419794082641602e+00
-1.507482051849365234e+00
-1.542153477668762207e+00
-2.771375179290771484e+00
-2.251645088195800781e+00
-3.107614994049072266e+00
-1.899981856346130371e+00
-7.917002439498901367e-01
-2.641690969467163086e+00
-1.986052393913269043e+00
-1.570723891258239746e+00
-2.858365774154663086e+00
-3.008046865463256836e+00
-3.292902946472167969e+00
-4.018888473510742188e+00
-2.306107759475708008e+00
-1.947554111480712891e+00
-1.942157387733459473e+00
-1.277024149894714355e+00
-2.364450216293334961e+00
-2.535980463027954102e+00
-1.421543002128601074e+00
-2.771792173385620117e+00
-1.456441044807434082e+00
-6.526575684547424316e-01
-2.841320037841796875e+00
-1.824136137962341309e+00
-2.307249307632446289e+00
-2.498350620269775391e+00
-1.808923006057739258e+00
-2.587466716766357422e+00
-8.354954719543457031e-01
-1.081058740615844727e+00
-1.232351660728454590e+00
-2.427611112594604492e+00
-2.112716287374496460e-01
-1.405485272407531738e+00
-1.084013700485229492e+00
-2.166824340820312500e+00
-1.063003420829772949e+00
-1.351315736770629883e+00
-2.483485698699951172e+00
-2.014711856842041016e+00
-2.615657150745391846e-01
-1.798302173614501953e+00
-2.050114154815673828e+00
-2.662911176681518555e+00
-1.251465916633605957e+00
-4.588406980037689209e-01
-2.735735654830932617e+00
-2.821939945220947266e+00
-2.672529697418212891e+00
-1.446567416191101074e+00
-1.517546653747558594e+00
-2.848092317581176758e+00
-1.636673212051391602e+00
-9.870496392250061035e-01
-1.412876963615417480e+00
-1.182966589927673340e+00
-2.741307735443115234e+00
-1.901573300361633301e+00
-1.609722971916198730e+00
-2.094815254211425781e+00
-2.124298095703125000e+00
-1.299379348754882812e+00
-2.134780406951904297e+00
-1.507648944854736328e+00
-3.327101469039916992e+00
-1.269288063049316406e+00
-3.646351337432861328e+00
-1.392427921295166016e+00
-2.690927505493164062e+00
-1.964800715446472168e+00
-1.637601375579833984e+00
-1.662285685539245605e+00
-3.072142124176025391e+00
-2.914221286773681641e+00
-1.043584942817687988e+00
-2.178008317947387695e+00
-2.725274324417114258e+00
-2.742673873901367188e+00
-1.387609243392944336e+00
-1.515187621116638184e+00
-2.586845874786376953e+00
-1.231742739677429199e+00
-2.631417751312255859e+00
-3.563755989074707031e+00
-8.254976272583007812e-01
-1.269751429557800293e+00
-1.406125664710998535e+00
-1.524361252784729004e+00
-2.574548721313476562e+00
-2.544288396835327148e+00
-4.497292637825012207e-01
-8.318726420402526855e-01
-3.131253719329833984e+00
-2.413070201873779297e+00
-3.444169521331787109e+00
-2.832538843154907227e+00
-2.260894775390625000e+00
-2.469571113586425781e+00
-1.625880956649780273e+00
-1.876142024993896484e+00
-2.722650527954101562e+00
-1.608634591102600098e+00
-1.258810162544250488e+00
-1.790408611297607422e+00
-2.679446697235107422e+00
-1.826108098030090332e+00
-1.731072068214416504e+00
-2.560263395309448242e+00
-2.810313701629638672e+00
-3.117558002471923828e+00
-2.449169635772705078e+00
-1.605794191360473633e+00
-2.218429565429687500e+00
-2.236652851104736328e+00
-2.667104482650756836e+00
-1.435599446296691895e+00
-3.068833589553833008e+00
-2.064393043518066406e+00
-6.635324954986572266e-01
-2.424570322036743164e+00
-2.104807853698730469e+00
-2.246938705444335938e+00
-2.626428842544555664e+00
-8.984154462814331055e-01
-2.614537954330444336e+00
-2.416214466094970703e+00
-2.569274187088012695e+00
-1.564396619796752930e+00
-6.772105693817138672e-01
-2.024372100830078125e+00
-2.211772441864013672e+00
-1.642792582511901855e+00
-1.398806810379028320e+00
-1.539964795112609863e+00
-2.149645566940307617e+00
-1.030509471893310547e+00
-2.840397357940673828e+00
-2.295155048370361328e+00
-2.173650503158569336e+00
-1.032687187194824219e+00
-2.212878704071044922e+00
-2.026463508605957031e+00
-1.832262873649597168e+00
-3.146000146865844727e+00
-3.196825742721557617e+00
-2.783720970153808594e+00
-2.732270002365112305e+00
-1.946974515914916992e+00
-3.695243358612060547e+00
-2.186327219009399414e+00
-3.233733892440795898e+00
-2.222616910934448242e+00
-2.272041559219360352e+00
-2.156210422515869141e+00
-3.223801851272583008e+00
-2.114755868911743164e+00
-2.359448909759521484e+00
-9.325168132781982422e-01
-2.161365509033203125e+00
-2.144771099090576172e+00
-2.259796857833862305e+00
-2.478245019912719727e+00
-1.980577707290649414e+00
-2.868889570236206055e+00
-1.588519334793090820e+00
-2.261136054992675781e+00
-1.957507729530334473e+00
-3.427305698394775391e+00
-1.539578795433044434e+00
-2.753943920135498047e+00
-2.621038436889648438e+00
-3.445093393325805664e+00
-2.680346727371215820e+00
-2.338573455810546875e+00
-2.105296373367309570e+00
-3.830656290054321289e+00
-3.100320100784301758e+00
-1.909036993980407715e+00
-2.932898044586181641e+00
-2.029116392135620117e+00
-1.472400426864624023e+00
-2.498970985412597656e+00
-1.968729496002197266e+00
-2.033963918685913086e+00
-1.445313572883605957e+00
-3.171575069427490234e+00
-2.448593139648437500e+00
-1.741329908370971680e+00
-2.167949199676513672e+00
-2.682213544845581055e+00
-2.301977396011352539e+00
-1.967995524406433105e+00
-1.632099866867065430e+00
-2.570629358291625977e+00
-2.185467004776000977e+00
-2.160479545593261719e+00
-2.809729337692260742e+00
-1.289666771888732910e+00
-2.060948133468627930e+00
-2.599132776260375977e+00
-2.821579694747924805e+00
-2.505187034606933594e+00
-1.653978228569030762e+00
-2.452289581298828125e+00
-1.859817862510681152e+00
-2.117676019668579102e+00
-8.791781663894653320e-01
-8.422333002090454102e-01
-1.891018152236938477e+00
-3.592713832855224609e+00
-2.220325469970703125e+00
-1.500848412513732910e+00
-2.051157712936401367e+00
-2.399092197418212891e+00
-3.001401424407958984e+00
-2.810820817947387695e+00
-1.544968724250793457e+00
-8.255178928375244141e-01
-2.723215103149414062e+00
-2.152991771697998047e+00
-2.657376527786254883e+00
-2.776365041732788086e+00
-2.452688217163085938e+00
-1.521993637084960938e+00
-2.273703575134277344e+00
-2.416084289550781250e+00
-3.087913274765014648e+00
-3.560403108596801758e+00
-2.127126693725585938e+00
-1.712059855461120605e+00
-1.837521672248840332e+00
-2.779148817062377930e+00
-3.027735710144042969e+00
-2.504788398742675781e+00
-3.287079572677612305e+00
-3.288355588912963867e+00
-1.618352293968200684e+00
-2.425171852111816406e+00
-2.779542684555053711e+00
-2.926509380340576172e+00
-3.445766210556030273e+00
-2.319862604141235352e+00
-3.180162191390991211e+00
-3.102295160293579102e+00
-2.432569503784179688e+00
-2.561867475509643555e+00
-2.480708360671997070e+00
-1.900812745094299316e+00
-2.762246847152709961e+00
-2.655342102050781250e+00
-3.905005931854248047e+00
-2.036920785903930664e+00
-2.519348382949829102e+00
-3.502764463424682617e+00
-3.612290859222412109e+00
-3.858061790466308594e+00
-2.265139341354370117e+00
-1.715299487113952637e+00
-1.817198634147644043e+00
-3.622815608978271484e+00
-4.030898094177246094e+00
-2.207436084747314453e+00
-1.728085517883300781e+00
-3.071280479431152344e+00
-3.810193538665771484e+00
-2.741042137145996094e+00
-2.951370000839233398e+00
-2.585088253021240234e+00
-1.061839699745178223e+00
-2.270486116409301758e+00
-4.167026281356811523e-01
-1.656427621841430664e+00
-2.817659139633178711e+00
-1.583302855491638184e+00
-2.309261798858642578e+00
-2.113392591476440430e+00
-2.464472532272338867e+00
-1.826629161834716797e+00
-2.041327238082885742e+00
-2.768143892288208008e+00
-1.055447936058044434e+00
-1.362972497940063477e+00
-1.614172220230102539e+00
-2.251556158065795898e+00
-2.651786327362060547e+00
-2.108819961547851562e+00
-8.318462371826171875e-01
-3.290822744369506836e+00
-1.465058445930480957e+00
-2.435753583908081055e+00
-2.244314670562744141e+00
-3.174380362033843994e-01
-3.065257072448730469e+00
-1.855362415313720703e+00
-7.749069929122924805e-01
-3.388281106948852539e+00
-8.951577544212341309e-01
-1.873307585716247559e+00
-1.895934462547302246e+00
-1.574731111526489258e+00
-2.339481353759765625e+00
-1.425388097763061523e+00
-2.089153528213500977e+00
-2.300603628158569336e+00
-1.911435246467590332e+00
-2.446395158767700195e+00
-1.286715626716613770e+00
-2.122420310974121094e+00
-2.056291580200195312e+00
-2.373105764389038086e+00
-2.451884984970092773e+00
-7.016111612319946289e-01
-3.602685034275054932e-02
-1.389750987291336060e-01
-1.849421739578247070e+00
-1.991878747940063477e+00
1.715275794267654419e-01
-6.503985524177551270e-01
-1.907790899276733398e+00
-2.665698051452636719e+00
-4.907742142677307129e-01
-1.156363844871520996e+00
-1.448591351509094238e+00
-1.964487791061401367e+00
-1.201110839843750000e+00
-1.400892138481140137e+00
-1.921321988105773926e+00
-1.073122739791870117e+00
-1.722181290388107300e-01
-1.004707455635070801e+00
-2.478942632675170898e+00
-1.009083747863769531e+00
-5.898464322090148926e-01
-1.345667839050292969e+00
-5.585618019104003906e-01
-3.581321537494659424e-01
-1.231923937797546387e+00
-2.115193128585815430e+00
-7.217225432395935059e-01
-1.365429401397705078e+00
-2.106180667877197266e+00
-1.325634598731994629e+00
-2.476748466491699219e+00
-1.612694144248962402e+00
-1.249561682343482971e-01
-1.412065505981445312e+00
-1.605471134185791016e+00
-1.542194366455078125e+00
-1.395394086837768555e+00
-1.663098454475402832e+00
-9.817610383033752441e-01
-1.023351788520812988e+00
-1.456618189811706543e+00
-2.242974758148193359e+00
-1.564359545707702637e+00
-6.100655198097229004e-01
-1.280212998390197754e+00
2.202893346548080444e-01
-9.248202443122863770e-01
-2.385968685150146484e+00
-1.083036541938781738e+00
-1.668651700019836426e+00
-1.177215695381164551e+00
-1.710674762725830078e+00
-2.455492973327636719e+00
-1.261866331100463867e+00
-2.679929256439208984e+00
-1.531937956809997559e+00
-2.205381155014038086e+00
-1.656729221343994141e+00
-3.331893444061279297e+00
-1.238412499427795410e+00
-1.478475570678710938e+00
-9.768183231353759766e-01
-7.972608208656311035e-01
-2.339423894882202148e+00
-1.151044964790344238e+00
-1.329302668571472168e+00
-8.290714025497436523e-01
-2.512394666671752930e+00
-2.258546590805053711e+00
-1.534216403961181641e+00
-1.308935284614562988e+00
-2.231078386306762695e+00
-2.269121408462524414e+00
-2.230062961578369141e+00
-1.530321359634399414e+00
-1.353284597396850586e+00
-1.885343074798583984e+00
-2.300389051437377930e+00
-9.099184870719909668e-01
-2.328093767166137695e+00
-1.724578619003295898e+00
-1.951055407524108887e+00
-2.732575178146362305e+00
-2.468899250030517578e+00
-2.911953926086425781e+00
-2.633012056350708008e+00
-2.241460561752319336e+00
-1.955432891845703125e+00
-1.014049887657165527e+00
-3.690528154373168945e+00
-2.505385160446166992e+00
-2.388921499252319336e+00
-2.292253494262695312e+00
-2.230877876281738281e+00
-2.132155179977416992e+00
-2.216279983520507812e+00
-1.407856702804565430e+00
-2.551928281784057617e+00
-5.620290040969848633e-01
-1.372918367385864258e+00
-7.425288558006286621e-01
-1.933019280433654785e+00
-1.675565242767333984e+00
-2.169297695159912109e+00
-3.248474836349487305e+00
-3.694790601730346680e+00
-2.858156681060791016e+00
-4.545183181762695312e+00
-2.943035602569580078e+00
-2.061450004577636719e+00
-1.884832262992858887e+00
-2.398149251937866211e+00
-1.102894425392150879e+00
-4.087309837341308594e+00
-2.581916809082031250e+00
-2.606412649154663086e+00
-2.197896480560302734e+00
-2.204786300659179688e+00
-2.437434196472167969e+00
-2.252372026443481445e+00
-2.176162958145141602e+00
-2.166520118713378906e+00
-2.818161964416503906e+00
-1.562870740890502930e+00
-3.134865522384643555e+00
-1.332174420356750488e+00
-2.851314544677734375e+00
-6.790274381637573242e-01
-1.920683264732360840e+00
-1.429242134094238281e+00
-2.264213085174560547e+00
-2.959941148757934570e+00
-2.352527141571044922e+00
-2.699386358261108398e+00
-1.559108376502990723e+00
-3.212137937545776367e+00
-2.421285867691040039e+00
-1.952126383781433105e+00
-2.283301353454589844e+00
-2.318716287612915039e+00
-2.146990060806274414e+00
-2.649725437164306641e+00
-2.947484254837036133e-01
-2.553574442863464355e-01
-2.087624073028564453e+00
-2.627451181411743164e+00
-1.580825209617614746e+00
-2.405282974243164062e+00
-2.452777862548828125e+00
-3.278425931930541992e+00
-2.785686016082763672e+00
-3.381613492965698242e+00
-2.501812696456909180e+00
-2.505807161331176758e+00
-3.066766262054443359e+00
-2.366028785705566406e+00
-2.521466255187988281e+00
-3.244887351989746094e+00
-1.605673074722290039e+00
-2.097317218780517578e+00
-3.238277196884155273e+00
-2.772335290908813477e+00
-1.307575821876525879e+00
-2.524613857269287109e+00
-3.778744220733642578e+00
-2.426006078720092773e+00
-9.480801820755004883e-01
-2.307742834091186523e+00
-2.304531812667846680e+00
-1.026682615280151367e+00
-3.612873792648315430e+00
-3.198168992996215820e+00
-3.366265773773193359e+00
-1.415995359420776367e+00
-2.540367126464843750e+00
-3.662524819374084473e-01
-1.469546318054199219e+00
-2.608003616333007812e+00
-1.306289076805114746e+00
-2.268745183944702148e+00
-8.875458836555480957e-01
-3.351555585861206055e+00
-3.645130395889282227e+00
-2.425369739532470703e+00
-1.469944953918457031e+00
-2.665512561798095703e+00
-2.665352821350097656e+00
-2.847357273101806641e+00
-1.787466049194335938e+00
-2.202322483062744141e+00
-2.541941881179809570e+00
-1.751609086990356445e+00
-2.672267198562622070e+00
-1.380789518356323242e+00
-2.824716806411743164e+00
-2.097436666488647461e+00
-2.158073902130126953e+00
-1.888636589050292969e+00
-2.666334390640258789e+00
-3.398604154586791992e+00
-3.279236555099487305e+00
-2.327813625335693359e+00
-2.646406650543212891e+00
-1.664447307586669922e+00
-1.983114004135131836e+00
-3.260515213012695312e+00
-1.741158604621887207e+00
-2.807523250579833984e+00
-3.477505207061767578e+00
-2.642009735107421875e+00
-2.002640247344970703e+00
-1.819101333618164062e+00
-3.057993650436401367e+00
-3.332818984985351562e+00
-2.257612705230712891e+00
-1.072014927864074707e+00
-3.220756053924560547e-01
-1.709451556205749512e+00
-3.195885658264160156e+00
-2.712055206298828125e+00
-2.575037956237792969e+00
-1.271643757820129395e+00
-3.124816417694091797e+00
-2.720835685729980469e+00
-2.041197299957275391e+00
-3.161790132522583008e+00
-2.549006223678588867e+00
-1.688196182250976562e+00
-2.518771409988403320e+00
-2.907599687576293945e+00
-2.342432022094726562e+00
-2.938894987106323242e+00
-2.938546657562255859e+00
-1.647629857063293457e+00
-2.415636301040649414e+00
-2.908683061599731445e+00
-2.925668954849243164e+00
-3.274163484573364258e+00
-3.802704572677612305e+00
-3.646046876907348633e+00
-1.476397514343261719e+00
-2.997532844543457031e+00
-2.186155796051025391e+00
-2.535183429718017578e+00
-1.361416697502136230e+00
-3.314166545867919922e+00
-2.615626335144042969e+00
-2.068892717361450195e+00
-1.757322430610656738e+00
-2.734874248504638672e+00
-1.609495639801025391e+00
-2.348092079162597656e+00
-1.290162920951843262e+00
-1.960343599319458008e+00
-2.315222978591918945e+00
-2.263963699340820312e+00
-3.208036899566650391e+00
-3.418810606002807617e+00
-9.995870590209960938e-01
-8.966464996337890625e-01
-1.804718613624572754e+00
-3.499273777008056641e+00
-1.338204860687255859e+00
-1.526965379714965820e+00
-3.392079830169677734e+00
-2.011579513549804688e+00
-2.751120805740356445e+00
-3.572432518005371094e+00
-2.507471323013305664e+00
-2.194362878799438477e+00
-2.765843391418457031e+00
-1.578518509864807129e+00
-3.073296308517456055e+00
-2.290671110153198242e+00
-1.921698093414306641e+00
-1.671671986579895020e+00
-2.306911945343017578e+00
-2.794647455215454102e+00
-3.159208536148071289e+00
-1.342549085617065430e+00
-2.113150358200073242e+00
-3.728411436080932617e+00
-1.696723103523254395e+00
-3.091285467147827148e+00
-3.070715427398681641e+00
-3.663026571273803711e+00
-1.424828767776489258e+00
-2.250180721282958984e+00
-2.631018161773681641e+00
-3.058221340179443359e+00
-2.191772460937500000e+00
-2.063557147979736328e+00
-2.654931068420410156e+00
-2.098285436630249023e+00
-3.364631414413452148e+00
-1.283141493797302246e+00
-2.533672809600830078e+00
-3.123447179794311523e+00
-2.046918392181396484e+00
-1.577943801879882812e+00
-2.038274765014648438e+00
-2.733680725097656250e+00
-2.340081930160522461e+00
-3.075641870498657227e+00
-1.349640727043151855e+00
-2.546821355819702148e+00
-1.769226908683776855e+00
-2.796445131301879883e+00
-1.220142960548400879e+00
-1.367057323455810547e+00
-2.084276437759399414e+00
-1.119164466857910156e+00
-3.739726305007934570e+00
-2.989337205886840820e+00
-1.436473011970520020e+00
-2.700293302536010742e+00
-2.249821662902832031e+00
-1.747417807579040527e+00
-1.142675638198852539e+00
-1.447309374809265137e+00
-9.524984955787658691e-01
-1.702054023742675781e+00
-2.208924293518066406e+00
-1.395340800285339355e+00
-2.789222955703735352e+00
-3.406085491180419922e+00
-2.859178781509399414e+00
-1.103321433067321777e+00
-2.210540056228637695e+00
-2.533489942550659180e+00
-1.743102788925170898e+00
-3.176550626754760742e+00
-3.025756597518920898e+00
-2.683496713638305664e+00
-2.984343290328979492e+00
-1.832523703575134277e+00
-1.460285902023315430e+00
-2.113088846206665039e+00
-2.462525367736816406e+00
-1.369103550910949707e+00
-2.197644710540771484e+00
-3.069120168685913086e+00
-2.312133073806762695e+00
-3.679915428161621094e+00
-2.976459503173828125e+00
-1.985969781875610352e+00
-2.567897558212280273e+00
-7.265897393226623535e-01
-2.432443380355834961e+00
-2.543422937393188477e+00
-3.109203577041625977e+00
-4.174277782440185547e+00
-2.173992156982421875e+00
-2.534112691879272461e+00
-4.105169296264648438e+00
-1.526788830757141113e+00
-2.547883749008178711e+00
-2.898368120193481445e+00
-2.201132535934448242e+00
-9.570618271827697754e-01
-3.136364221572875977e+00
-4.048738956451416016e+00
-1.953713655471801758e+00
-2.497370719909667969e+00
-2.404791831970214844e+00
-2.613080263137817383e+00
-2.557391166687011719e+00
-2.153463363647460938e+00
-2.438690900802612305e+00
-2.791143417358398438e+00
-2.489201545715332031e+00
-3.555140495300292969e+00
-2.916500329971313477e+00
-2.068606615066528320e+00
-2.693459033966064453e+00
-2.459224939346313477e+00
-3.232651710510253906e+00
-2.812302112579345703e+00
-2.511929035186767578e+00
-1.122563600540161133e+00
-2.092990398406982422e+00
-1.279555439949035645e+00
-2.585222005844116211e+00
-2.592531919479370117e+00
-2.919010639190673828e+00
-2.904238700866699219e+00
-2.508939504623413086e+00
-3.123734712600708008e+00
-2.063036203384399414e+00
-3.472377061843872070e+00
-2.285601615905761719e+00
-1.609988689422607422e+00
-2.320806503295898438e+00
-2.058839797973632812e+00
-2.607818365097045898e+00
-3.960020065307617188e+00
-2.476357698440551758e+00
-2.696899652481079102e+00
-2.645559310913085938e+00
-2.728989124298095703e+00
-1.608628511428833008e+00
-7.885813117027282715e-01
-1.837862730026245117e+00
-2.828410387039184570e+00
-2.896777868270874023e+00
-9.834786057472229004e-01
-3.282176494598388672e+00
-3.016993761062622070e+00
-3.015245199203491211e+00
-2.675709247589111328e+00
-2.613487958908081055e+00
-2.665672779083251953e+00
-4.130545616149902344e+00
-1.336000680923461914e+00
-1.917799592018127441e+00
-1.435926318168640137e+00
-2.726373195648193359e+00
-3.867521047592163086e+00
-3.094239473342895508e+00
-3.336077928543090820e+00
-2.075988292694091797e+00
-1.246146321296691895e+00
-2.729633569717407227e+00
-2.170603036880493164e+00
-2.271567344665527344e+00
-4.109753131866455078e+00
-3.195654153823852539e+00
-4.165285110473632812e+00
-1.984824061393737793e+00
-3.976260662078857422e+00
-4.173911571502685547e+00
-1.210793733596801758e+00
-2.455834150314331055e+00
-3.414043188095092773e+00
-3.507737636566162109e+00
-2.808608531951904297e+00
-3.494293928146362305e+00
-3.515938043594360352e+00
-2.814906120300292969e+00
-2.593767404556274414e+00
-3.206131935119628906e+00
-2.557804107666015625e+00
-2.400757789611816406e+00
-2.132074356079101562e+00
-2.005809783935546875e+00
-3.604873657226562500e+00
-2.047837257385253906e+00
-3.098386287689208984e+00
-3.452497720718383789e+00
-1.627982854843139648e+00
-2.806329250335693359e+00
-1.140291929244995117e+00
-1.932822942733764648e+00
-3.164965391159057617e+00
-2.509535789489746094e+00
-1.108551979064941406e+00
-2.150163412094116211e+00
-3.373810291290283203e+00
-1.973778605461120605e+00
-2.992458105087280273e+00
-1.284340143203735352e+00
-2.797289133071899414e+00
-2.329631328582763672e+00
-2.708495140075683594e+00
-1.098588705062866211e+00
-2.250783681869506836e+00
-1.203643202781677246e+00
-2.933120727539062500e+00
-3.307290792465209961e+00
-2.242108821868896484e+00
-2.172913074493408203e+00
-3.134402751922607422e+00
-3.294006109237670898e+00
-2.188984394073486328e+00
-3.003906726837158203e+00
-5.408949255943298340e-01
-3.130781650543212891e+00
-2.534714698791503906e+00
-3.069170475006103516e+00
-2.926389217376708984e+00
-3.009378433227539062e+00
-3.156613111495971680e+00
-1.676386952400207520e+00
-2.574170112609863281e+00
-1.341596603393554688e+00
-2.437381982803344727e+00
-3.391079902648925781e+00
-3.295482397079467773e+00
-2.489596843719482422e+00
-4.007656097412109375e+00
-3.151659250259399414e+00
-2.120695352554321289e+00
-2.507420063018798828e+00
-1.788392305374145508e+00
-2.480472087860107422e+00
-2.262722730636596680e+00
-2.936874151229858398e+00
-3.288551807403564453e+00
-3.630487442016601562e+00
-3.704924345016479492e+00
-2.573796510696411133e+00
-1.531168580055236816e+00
-3.041928052902221680e+00
-2.570828676223754883e+00
-3.069072008132934570e+00
-2.251399517059326172e+00
-2.490436315536499023e+00
-2.674355506896972656e+00
-2.637095451354980469e+00
-1.668391108512878418e+00
-2.435937881469726562e+00
-2.955971956253051758e+00
-2.599870204925537109e+00
-2.199728250503540039e+00
-2.845508098602294922e+00
-5.153368711471557617e-01
-2.724172830581665039e+00
-3.222748517990112305e+00
-1.499881863594055176e+00
-2.867919445037841797e+00
-2.362266063690185547e+00
-2.820880889892578125e+00
-1.640451550483703613e+00
-2.653955936431884766e+00
-2.036531209945678711e+00
-1.946164369583129883e+00
-1.857056975364685059e+00
-2.211565256118774414e+00
-1.853425979614257812e+00
-7.446725964546203613e-01
-2.650739431381225586e+00
-3.174849271774291992e+00
-3.319045782089233398e+00
-3.338821411132812500e+00
-2.953679800033569336e+00
-2.772024154663085938e+00
-3.074504137039184570e+00
-1.846645474433898926e+00
-1.734543919563293457e+00
-3.200294017791748047e+00
-2.133729934692382812e+00
-2.440018892288208008e+00
-1.854903578758239746e+00
-3.063059091567993164e+00
-2.629970312118530273e+00
-3.293339014053344727e+00
-1.217297554016113281e+00
-2.742782354354858398e+00
-2.293702840805053711e+00
-6.641044616699218750e-01
-2.851005315780639648e+00
-3.386559247970581055e+00
-3.732134819030761719e+00
-1.793941855430603027e+00
-2.309918880462646484e+00
-3.452121257781982422e+00
-2.555716514587402344e+00
-1.134815812110900879e+00
-1.255202412605285645e+00
-2.667254447937011719e+00
-3.411764144897460938e+00
-2.469550609588623047e+00
-2.879890680313110352e+00
-1.911810278892517090e+00
-1.596337556838989258e+00
-3.119318723678588867e+00
-3.793369531631469727e+00
-8.179216980934143066e-01
-2.192007303237915039e+00
-3.164652585983276367e+00
-2.560354709625244141e+00
-2.105007648468017578e+00
-1.815007090568542480e+00
-6.363467574119567871e-01
-3.023910999298095703e+00
-2.206667184829711914e+00
-2.323029041290283203e+00
-1.821897983551025391e+00
-2.168184041976928711e+00
-2.696120977401733398e+00
-1.828980445861816406e+00
-1.561520695686340332e+00
-2.894462585449218750e+00
-2.261897563934326172e+00
-2.533695459365844727e+00
-2.157796859741210938e+00
-2.367951631546020508e+00
-3.340121507644653320e+00
-2.653671503067016602e+00
-2.593798637390136719e+00
-2.616642951965332031e+00
-2.676702022552490234e+00
-3.101881146430969238e-01
-2.310147762298583984e+00
-3.355426549911499023e+00
-2.527239561080932617e+00
-2.809728860855102539e+00
-2.609130859375000000e+00
-4.323297023773193359e+00
-3.734103679656982422e+00
-4.011295795440673828e+00
-2.053666353225708008e+00
-2.069672107696533203e+00
-4.188868522644042969e+00
-4.166860580444335938e+00
-3.582947254180908203e+00
-2.401514053344726562e+00
-4.042262554168701172e+00
-3.019235134124755859e+00
-1.339323043823242188e+00
-2.797633409500122070e+00
-4.317289829254150391e+00
-3.124851465225219727e+00
-2.179323196411132812e+00
-1.088955402374267578e+00
-3.464895963668823242e+00
-3.220722198486328125e+00
-1.739764451980590820e+00
-2.232569217681884766e+00
-2.737857580184936523e+00
-3.088007926940917969e+00
-3.090744256973266602e+00
-1.040956258773803711e+00
-3.306069850921630859e+00
-1.291974663734436035e+00
-3.119071006774902344e+00
-1.990809082984924316e+00
-2.786704897880554199e-01
-2.117466926574707031e+00
-1.035534501075744629e+00
-2.098072290420532227e+00
-3.078655719757080078e+00
-1.102886438369750977e+00
-2.148164033889770508e+00
-1.878446936607360840e+00
-2.739815235137939453e+00
-8.487509489059448242e-01
-3.727032840251922607e-01
-2.666104316711425781e+00
-2.542060136795043945e+00
-1.600797295570373535e+00
-2.491839408874511719e+00
-6.718607246875762939e-02
-2.092223882675170898e+00
-8.382965922355651855e-01
-3.103713989257812500e+00
-2.539897918701171875e+00
-1.512634277343750000e+00
-2.064681053161621094e+00
-1.121438980102539062e+00
-1.920558691024780273e+00
-2.792808771133422852e+00
-1.575682640075683594e+00
-2.439359664916992188e+00
-1.721593499183654785e+00
-2.524471759796142578e+00
7.120757363736629486e-03
-1.429654121398925781e+00
-8.402686715126037598e-01
-2.684607744216918945e+00
-2.005102157592773438e+00
-2.024920940399169922e+00
-2.198870897293090820e+00
-3.989648342132568359e+00
-1.764601230621337891e+00
-2.886024713516235352e+00
-2.729341983795166016e+00
-2.472352981567382812e+00
-2.335403442382812500e+00
-1.617564439773559570e+00
-3.124286651611328125e+00
-2.258818387985229492e+00
-5.512333512306213379e-01
-3.863343477249145508e+00
-1.692987918853759766e+00
-3.121143102645874023e+00
-1.197624564170837402e+00
-3.649311542510986328e+00
-1.979980468750000000e+00
-2.882783889770507812e+00
-2.365818500518798828e+00
-2.813126087188720703e+00
-1.910181164741516113e+00
-1.554632663726806641e+00
-2.302740812301635742e+00
-3.421378850936889648e+00
-2.783865690231323242e+00
-1.768904089927673340e+00
-1.118296742439270020e+00
-1.792871713638305664e+00
-2.326567888259887695e+00
-2.720691204071044922e+00
-1.847076535224914551e+00
-2.272038698196411133e+00
-1.015999436378479004e+00
-3.598099470138549805e+00
-1.757067203521728516e+00
-2.258547544479370117e+00
-1.847607016563415527e+00
-1.512223482131958008e+00
-1.123716473579406738e+00
-3.050028324127197266e+00
-2.470434188842773438e+00
-2.565334796905517578e+00
-5.481728911399841309e-01
-1.194796681404113770e+00
-1.485903263092041016e+00
-1.603400707244873047e+00
-2.104493856430053711e+00
-2.349616765975952148e+00
-1.743039131164550781e+00
-1.022623300552368164e+00
-1.174915194511413574e+00
-1.515217065811157227e+00
-2.356205463409423828e+00
-1.945921182632446289e+00
-1.252652764320373535e+00
-2.227651119232177734e+00
-3.066602945327758789e+00
-2.802853345870971680e+00
-1.585542440414428711e+00
-3.005084991455078125e+00
-1.403814673423767090e+00
-2.110274553298950195e+00
-6.141483187675476074e-01
-2.239029407501220703e+00
-3.457351446151733398e+00
-2.255615234375000000e+00
-7.389729619026184082e-01
-2.331247329711914062e+00
-3.009928703308105469e+00
-1.720440864562988281e+00
-1.403285384178161621e+00
-3.025225877761840820e+00
-2.683173179626464844e+00
-2.682557582855224609e+00
-1.515939474105834961e+00
-2.365643739700317383e+00
-2.182193756103515625e+00
-1.630633592605590820e+00
-2.270496606826782227e+00
-3.480582475662231445e+00
-2.428920984268188477e+00
-1.465250968933105469e+00
-1.537072658538818359e+00
-2.269364118576049805e+00
-1.538248538970947266e+00
-2.365986824035644531e+00
-2.025861740112304688e+00
-1.633803009986877441e+00
-1.622797727584838867e+00
-2.053818941116333008e+00
-1.739268660545349121e+00
-1.969152808189392090e+00
-3.488588809967041016e+00
-3.041380167007446289e+00
-2.854658126831054688e+00
-3.263141393661499023e+00
-1.826542735099792480e+00
-3.472199678421020508e+00
-1.680636167526245117e+00
-2.853094577789306641e+00
-3.477929353713989258e+00
-2.743445396423339844e+00
-3.288142204284667969e+00
-2.024101018905639648e+00
-2.851580142974853516e+00
-3.055095195770263672e+00
-1.497023820877075195e+00
-2.620155334472656250e+00
-1.864966392517089844e+00
-8.682545423507690430e-01
-3.083910465240478516e+00
-1.379573225975036621e+00
-2.385677814483642578e+00
-2.129645586013793945e+00
-1.732638478279113770e+00
-2.175154924392700195e+00
-1.749053239822387695e+00
-2.654443740844726562e+00
-2.112161874771118164e+00
-6.775146126747131348e-01
-3.240463495254516602e+00
-2.770081758499145508e+00
-2.325472831726074219e+00
-2.700440168380737305e+00
-1.455405235290527344e+00
-1.291437745094299316e+00
-1.318391561508178711e+00
-2.319865942001342773e+00
-2.398779630661010742e+00
-1.954730033874511719e+00
-1.010935902595520020e+00
-3.427823305130004883e+00
-3.341862440109252930e+00
-2.599525690078735352e+00
-1.101239085197448730e+00
-1.503264546394348145e+00
-1.442589163780212402e+00
-2.230622529983520508e+00
-1.270354509353637695e+00
-2.248008251190185547e+00
-1.037103891372680664e+00
-2.271737337112426758e+00
-2.308004617691040039e+00
-1.637138009071350098e+00
-3.080603361129760742e+00
-1.296727895736694336e+00
-1.632399678230285645e+00
-2.518648386001586914e+00
-2.513034582138061523e+00
-3.040422201156616211e+00
-2.387184381484985352e+00
-3.268815517425537109e+00
-2.596019029617309570e+00
-2.002867460250854492e+00
-1.031582951545715332e+00
-1.986466526985168457e+00
-3.416133880615234375e+00
-3.751148939132690430e+00
-1.800635576248168945e+00
-1.916759848594665527e+00
-2.570606708526611328e+00
-2.798949241638183594e+00
-1.914681315422058105e+00
-2.093868255615234375e+00
-1.432636976242065430e+00
-2.852897644042968750e+00
-2.202867269515991211e+00
-2.778096914291381836e+00
-2.517806768417358398e+00
-2.463753700256347656e+00
-2.176751852035522461e+00
-2.790287256240844727e+00
-2.418843269348144531e+00
-2.527879714965820312e+00
-2.652987480163574219e+00
-3.003859281539916992e+00
-2.464173555374145508e+00
-2.276732444763183594e+00
-1.789881944656372070e+00
-3.944421529769897461e+00
-3.140764236450195312e+00
-1.088054895401000977e+00
-2.108294725418090820e+00
-2.088174581527709961e+00
-3.545134067535400391e+00
-2.406960725784301758e+00
-1.398608088493347168e+00
-2.506478309631347656e+00
-1.542482376098632812e+00
-2.322804927825927734e+00
-2.049904823303222656e+00
-2.886181116104125977e+00
-2.496008396148681641e+00
-1.870972990989685059e+00
-1.005977630615234375e+00
-2.682085275650024414e+00
-2.689815521240234375e+00
-1.703737616539001465e+00
-2.306045770645141602e+00
-1.922980904579162598e+00
-1.403642416000366211e+00
-3.845127105712890625e+00
-2.384555578231811523e+00
-4.005445957183837891e+00
-2.041116237640380859e+00
-2.801213502883911133e+00
-2.395841121673583984e+00
-2.692795515060424805e+00
-2.876068353652954102e+00
-2.657589673995971680e+00
-2.320409059524536133e+00
-2.881296873092651367e+00
-3.477275371551513672e+00
-3.770984411239624023e+00
-1.283590555191040039e+00
-1.686438441276550293e+00
-2.858094453811645508e+00
-3.281596183776855469e+00
-1.139410376548767090e+00
-2.974923849105834961e+00
-2.691953182220458984e+00
-8.479924201965332031e-01
-2.219798803329467773e+00
-1.231508493423461914e+00
-7.702438235282897949e-01
-2.121018171310424805e+00
-1.373734712600708008e+00
-1.438162684440612793e+00
-2.466094255447387695e+00
-2.061182737350463867e+00
-1.427455306053161621e+00
-2.312616109848022461e+00
-2.068160533905029297e+00
-1.043082237243652344e+00
-9.507606029510498047e-01
-3.071403980255126953e+00
-5.730925202369689941e-01
-1.390920281410217285e+00
-1.519729018211364746e+00
-2.279379844665527344e+00
-1.961094617843627930e+00
-1.655914783477783203e+00
-1.523859620094299316e+00
-1.914528369903564453e+00
-2.304672718048095703e+00
-1.314144492149353027e+00
-2.683566883206367493e-02
-2.512964963912963867e+00
-1.634382247924804688e+00
-4.633082151412963867e-01
-1.858209729194641113e+00
-1.823901772499084473e+00
-1.943591833114624023e+00
-1.468006253242492676e+00
-2.976871490478515625e+00
-2.676610708236694336e+00
-9.211180210113525391e-01
-2.119388103485107422e+00
-2.573287487030029297e+00
-1.558455705642700195e+00
-1.911426186561584473e+00
-2.135501146316528320e+00
-2.215626001358032227e+00
-3.492791652679443359e+00
-2.540922164916992188e+00
-7.687623500823974609e-01
-1.822241544723510742e+00
-3.749928474426269531e+00
-1.911984324455261230e+00
-1.175304889678955078e+00
-1.127210378646850586e+00
-3.289109706878662109e+00
-9.881449937820434570e-01
-2.894635438919067383e+00
-2.760867595672607422e+00
-3.224733352661132812e+00
-2.129231691360473633e+00
-2.341246843338012695e+00
-1.522799730300903320e+00
-2.281929016113281250e+00
-2.548501014709472656e+00
-1.123865604400634766e+00
-2.349735260009765625e+00
-2.956346035003662109e+00
-3.361999511718750000e+00
-1.465816020965576172e+00
-1.914896726608276367e+00
-2.660192489624023438e+00
-2.158743143081665039e+00
-2.097272634506225586e+00
-1.104017734527587891e+00
-3.301487922668457031e+00
-2.189899682998657227e+00
-2.282858133316040039e+00
-2.725478410720825195e+00
-3.486396551132202148e+00
-3.033034801483154297e+00
-2.578808307647705078e+00
-1.942894697189331055e+00
-1.211776733398437500e+00
-1.619116783142089844e+00
-6.116014719009399414e-01
-9.156864285469055176e-01
-3.004182100296020508e+00
-1.407829761505126953e+00
-1.871007800102233887e+00
-2.750437736511230469e+00
-1.911472916603088379e+00
-2.070689678192138672e+00
-2.200402975082397461e+00
-1.675832152366638184e+00
-2.120493412017822266e+00
-1.907837629318237305e+00
-1.153887391090393066e+00
-2.098260372877120972e-01
-2.006902456283569336e+00
-2.523046493530273438e+00
-9.376845955848693848e-01
-1.378520369529724121e+00
-3.216916322708129883e+00
-1.655198097229003906e+00
-2.450612306594848633e+00
-1.859827637672424316e+00
-3.444232940673828125e+00
-1.691855907440185547e+00
-1.878465652465820312e+00
-1.298848986625671387e+00
-2.383342981338500977e+00
-2.689857721328735352e+00
-2.636098861694335938e+00
4.188750684261322021e-02
-1.615738034248352051e+00
-3.360916137695312500e+00
-1.720444321632385254e+00
-2.526347637176513672e+00
-1.284802675247192383e+00
-2.557668209075927734e+00
-1.342625379562377930e+00
-1.321002483367919922e+00
-1.572759866714477539e+00
-3.469308853149414062e+00
-1.637520790100097656e+00
-1.966680169105529785e+00
-2.810014963150024414e+00
-2.659674406051635742e+00
-8.899768590927124023e-01
-8.768610358238220215e-01
-2.764643669128417969e+00
-1.196538448333740234e+00
-2.731136322021484375e+00
-2.564656972885131836e+00
-1.940435171127319336e+00
-1.394173860549926758e+00
-5.389026403427124023e-01
-1.402829885482788086e+00
-3.077844142913818359e+00
-2.171192646026611328e+00
-1.404400229454040527e+00
-1.815889596939086914e+00
-2.036641597747802734e+00
-2.486241817474365234e+00
-1.713571667671203613e+00
-1.560226321220397949e+00
-2.056213378906250000e+00
-2.694582223892211914e+00
-2.598838567733764648e+00
-1.724610567092895508e+00
-2.379246950149536133e+00
-2.437493324279785156e+00
-2.381441116333007812e+00
-2.382663011550903320e+00
-2.591858625411987305e+00
-2.263382196426391602e+00
-2.241062879562377930e+00
-1.984236121177673340e+00
-1.090645313262939453e+00
-2.368190050125122070e+00
-3.666278600692749023e+00
-2.768380165100097656e+00
-2.191892385482788086e+00
-1.712453007698059082e+00
-3.642992734909057617e+00
-3.421211242675781250e+00
-3.350911617279052734e+00
-3.283553600311279297e+00
-2.872537136077880859e+00
-2.661451101303100586e+00
-2.391979217529296875e+00
-7.009672522544860840e-01
-1.848886013031005859e+00
-2.790820837020874023e+00
-2.391730308532714844e+00
-2.038231849670410156e+00
-1.445796489715576172e+00
-1.408199548721313477e+00
-2.388741970062255859e+00
-3.658548355102539062e+00
-2.503963947296142578e+00
-2.628650665283203125e+00
-3.123978376388549805e+00
-2.941270351409912109e+00
-3.141697883605957031e+00
-2.021702289581298828e+00
-1.978018522262573242e+00
-1.956103324890136719e+00
-2.253868818283081055e+00
-1.938055872917175293e+00
-3.278785943984985352e+00
-3.163721084594726562e+00
-1.522948265075683594e+00
-1.817976951599121094e+00
-3.083277463912963867e+00
-2.639798641204833984e+00
-2.326703071594238281e+00
-3.231152057647705078e+00
-2.882467269897460938e+00
-2.446923494338989258e+00
-1.868813872337341309e+00
-9.306111335754394531e-01
-3.589421033859252930e+00
-2.717407226562500000e+00
-2.905728578567504883e+00
-2.296842575073242188e+00
-2.930226325988769531e+00
-3.002595663070678711e+00
-2.818806171417236328e+00
-2.502631425857543945e+00
-3.529589176177978516e+00
-1.256558775901794434e+00
-1.561703562736511230e+00
-3.437731266021728516e+00
-2.090450525283813477e+00
-2.554393053054809570e+00
-2.912544250488281250e+00
-2.965717554092407227e+00
-2.654701948165893555e+00
-2.181324958801269531e+00
-2.146508693695068359e+00
-2.107920646667480469e+00
-2.035886526107788086e+00
-2.748188972473144531e+00
-2.487281560897827148e+00
-2.573973178863525391e+00
-1.539114236831665039e+00
-2.444256305694580078e+00
-3.029710054397583008e+00
-2.296614885330200195e+00
-1.821038246154785156e+00
-2.425828456878662109e+00
-1.845548033714294434e+00
-2.279665946960449219e+00
-1.890941023826599121e+00
-2.355855941772460938e+00
-3.121768236160278320e+00
-3.154224872589111328e+00
-3.464005231857299805e+00
-2.139337778091430664e+00
-2.198417663574218750e+00
-1.692447662353515625e+00
-2.145053863525390625e+00
-2.603755950927734375e+00
-3.827205419540405273e+00
-2.950016021728515625e+00
-3.654056072235107422e+00
-3.126842975616455078e+00
-2.677859544754028320e+00
-2.864172220230102539e+00
-2.121884822845458984e+00
-1.736606478691101074e+00
-2.681432723999023438e+00
-2.893202543258666992e+00
-2.349909543991088867e+00
-1.817498564720153809e+00
-1.472615242004394531e+00
-1.832068324089050293e+00
-2.889486789703369141e+00
-1.387538433074951172e+00
-1.264735698699951172e+00
-1.359751582145690918e+00
-2.828740596771240234e+00
-3.114152193069458008e+00
-9.789152145385742188e-01
-1.605169296264648438e+00
-3.074161052703857422e+00
-2.017388820648193359e+00
-1.417325854301452637e+00
-1.275842905044555664e+00
-2.244086742401123047e+00
-2.250308752059936523e+00
-2.424987316131591797e+00
-3.214108943939208984e+00
-3.051694631576538086e+00
-1.584500789642333984e+00
-2.223036527633666992e+00
-2.703906536102294922e+00
-2.317673683166503906e+00
-2.854672193527221680e+00
-1.350285172462463379e+00
-2.235605239868164062e+00
-3.471962928771972656e+00
-2.833775281906127930e+00
-2.144144296646118164e+00
-2.956479310989379883e+00
-3.159135103225708008e+00
-2.329530000686645508e+00
-2.225337505340576172e+00
-1.990546822547912598e+00
-2.532732725143432617e+00
-2.790559291839599609e+00
-2.388892412185668945e+00
-2.418312549591064453e+00
-3.497085094451904297e+00
-2.848325729370117188e+00
-3.153630971908569336e+00
-1.446596980094909668e+00
-3.205645084381103516e+00
-2.693563461303710938e+00
-2.244688749313354492e+00
-2.043533086776733398e+00
-2.439626932144165039e+00
-3.669224739074707031e+00
-1.968767046928405762e+00
-3.276640892028808594e+00
-2.484346866607666016e+00
-3.807111024856567383e+00
-2.426174402236938477e+00
-4.093626022338867188e+00
-1.796686887741088867e+00
-3.589936733245849609e+00
-2.218581676483154297e+00
-3.329017162322998047e+00
-2.585573196411132812e+00
-2.471222162246704102e+00
-2.602695703506469727e+00
-3.717306375503540039e+00
-2.818128585815429688e+00
-3.365635395050048828e+00
-2.896659135818481445e+00
-2.820539474487304688e+00
-2.813786983489990234e+00
-1.641218781471252441e+00
-3.371966361999511719e+00
-3.362876892089843750e+00
-3.151252985000610352e+00
-1.803245425224304199e+00
-3.310323238372802734e+00
-2.472544193267822266e+00
-3.003890514373779297e+00
-9.728810787200927734e-01
-3.272168636322021484e+00
-2.617882728576660156e+00
-1.552425980567932129e+00
-2.384757041931152344e+00
-1.767554998397827148e+00
-3.501298189163208008e+00
-2.174313306808471680e+00
-3.378581762313842773e+00
-2.429456233978271484e+00
-2.566741466522216797e+00
-1.122981309890747070e+00
-2.632393360137939453e+00
-3.477252006530761719e+00
-2.121004819869995117e+00
-1.260087728500366211e+00
-3.329990863800048828e+00
-2.067152976989746094e+00
-3.148968935012817383e+00
-2.824336051940917969e+00
-2.006968736648559570e+00
-3.641443014144897461e+00
-3.396881580352783203e+00
-1.930425405502319336e+00
-1.536820292472839355e+00
-3.271741628646850586e+00
-2.598678588867187500e+00
-2.487467288970947266e+00
-1.048781991004943848e+00
-1.939583539962768555e+00
-2.077878713607788086e+00
-2.563473224639892578e+00
-1.839899182319641113e+00
-3.261220216751098633e+00
-1.879008412361145020e+00
-3.248469591140747070e+00
-2.356920242309570312e+00
-2.543974637985229492e+00
-2.747240543365478516e+00
-3.305072546005249023e+00
-2.305892229080200195e+00
-2.916831016540527344e+00
-2.595039367675781250e+00
-3.442827463150024414e+00
-2.904314279556274414e+00
-2.366786479949951172e+00
-3.325298547744750977e+00
-1.335790038108825684e+00
-2.025049686431884766e+00
-1.754520058631896973e+00
-1.796056509017944336e+00
-2.024792909622192383e+00
-3.092589855194091797e+00
-2.238439798355102539e+00
-3.432096481323242188e+00
-2.829473972320556641e+00
-1.498439073562622070e+00
-2.355767011642456055e+00
-2.758680582046508789e+00
-1.195218324661254883e+00
-3.052169799804687500e+00
-2.462929487228393555e+00
-2.743620634078979492e+00
-2.941112995147705078e+00
-1.909106850624084473e+00
-2.485881567001342773e+00
-2.624424695968627930e+00
-2.241414070129394531e+00
-3.257590055465698242e+00
-2.120126008987426758e+00
-3.023054122924804688e+00
-2.520712852478027344e+00
-2.004149675369262695e+00
-3.270071268081665039e+00
-3.011383056640625000e+00
-2.081715822219848633e+00
-3.039556741714477539e+00
-3.548284292221069336e+00
-3.451972961425781250e+00
-3.094049215316772461e+00
-3.180452823638916016e+00
-2.214403152465820312e+00
-2.315741300582885742e+00
-3.363779783248901367e+00
-2.086043596267700195e+00
-2.952934741973876953e+00
-3.438860416412353516e+00
-2.518492937088012695e+00
-3.758715152740478516e+00
-2.856238365173339844e+00
-2.823983430862426758e+00
-1.009020805358886719e+00
-2.379185438156127930e+00
-2.599293947219848633e+00
-2.653167009353637695e+00
-1.067624092102050781e+00
-2.809208393096923828e+00
-2.402562618255615234e+00
-3.052741050720214844e+00
-3.106832265853881836e+00
-2.149163246154785156e+00
-2.358550310134887695e+00
-2.172106981277465820e+00
-1.945058703422546387e+00
-2.551149606704711914e+00
-3.562255382537841797e+00
-2.552758693695068359e+00
-2.003632545471191406e+00
-2.347383975982666016e+00
-2.921526908874511719e+00
-1.842186689376831055e+00
-3.311708688735961914e+00
-2.603320598602294922e+00
-2.164902687072753906e+00
-2.234447240829467773e+00
-2.467537879943847656e+00
-3.303965806961059570e+00
-1.714766740798950195e+00
-3.051064252853393555e+00
-2.384536266326904297e+00
-3.185646772384643555e+00
-3.017563343048095703e+00
-2.360810995101928711e+00
-9.079068899154663086e-01
-1.733082771301269531e+00
-1.908650994300842285e+00
-2.471709728240966797e+00
-1.989670395851135254e+00
-2.068955183029174805e+00
-2.799419164657592773e+00
-1.036245703697204590e+00
-1.777323961257934570e+00
-1.545561909675598145e+00
-1.890968918800354004e+00
-1.684724569320678711e+00
-2.021902561187744141e+00
-3.208519220352172852e+00
-1.178198099136352539e+00
-2.231215953826904297e+00
-2.226806640625000000e+00
-2.373546838760375977e+00
-3.189399957656860352e+00
-2.514555931091308594e+00
-1.672503709793090820e+00
-2.922113895416259766e+00
-2.326965093612670898e+00
-2.411436080932617188e+00
-1.413723826408386230e+00
-2.638621568679809570e+00
-1.329176783561706543e+00
-2.051641464233398438e+00
-2.482902050018310547e+00
-3.475295543670654297e+00
-1.905285358428955078e+00
-2.371810197830200195e+00
-2.774719595909118652e-01
-1.468147993087768555e+00
-1.373127818107604980e+00
-3.340774297714233398e+00
-2.815382719039916992e+00
-3.373288631439208984e+00
-2.255882978439331055e+00
-3.195803880691528320e+00
-2.677858114242553711e+00
-2.086826562881469727e+00
-1.427011489868164062e+00
-1.495096683502197266e+00
-1.778357505798339844e+00
-1.684188842773437500e+00
-3.359889984130859375e+00
-2.877409458160400391e+00
-2.022625207901000977e+00
-2.771138906478881836e+00
-2.154460668563842773e+00
-1.848366141319274902e+00
-2.244210004806518555e+00
-3.376314640045166016e+00
-2.980770826339721680e+00
-3.279501199722290039e+00
-2.214381933212280273e+00
-1.796476364135742188e+00
-2.962608814239501953e+00
-3.275262355804443359e+00
-9.037919044494628906e-01
-1.884301781654357910e+00
-2.044367790222167969e+00
-2.796690225601196289e+00
-1.852279305458068848e+00
-8.416694998741149902e-01
-2.370140552520751953e+00
-1.769716143608093262e+00
-2.250587463378906250e+00
-1.565362811088562012e+00
-2.818125486373901367e+00
-3.048467636108398438e+00
-1.803166031837463379e+00
-1.786999344825744629e+00
-2.541548252105712891e+00
-3.512733221054077148e+00
-2.348152875900268555e+00
-2.806543827056884766e+00
-1.406410574913024902e+00
-2.747895240783691406e+00
-3.283256769180297852e+00
-1.980140447616577148e+00
-3.452169895172119141e+00
-3.120615482330322266e+00
-2.682909250259399414e+00
-2.526326656341552734e+00
-3.010624647140502930e+00
-2.426517009735107422e+00
-1.733481168746948242e+00
-1.908585429191589355e+00
-3.345427036285400391e+00
-1.256376147270202637e+00
-3.436634302139282227e+00
-2.384736299514770508e+00
-3.018115997314453125e+00
-2.257774591445922852e+00
-7.847716212272644043e-01
-1.855779409408569336e+00
-2.869032144546508789e+00
-1.323008418083190918e+00
-2.809898376464843750e+00
-1.899341344833374023e+00
-1.138403415679931641e+00
-1.774613142013549805e+00
-2.380322217941284180e+00
-1.889210700988769531e+00
-2.278147935867309570e+00
-2.606147527694702148e+00
-1.960114121437072754e+00
-1.888338804244995117e+00
-2.368054866790771484e+00
-1.783109068870544434e+00
-5.896492004394531250e-01
-2.507251262664794922e+00
-2.117801189422607422e+00
-2.714611291885375977e+00
-3.601732015609741211e+00
-2.532518863677978516e+00
-2.722707271575927734e+00
-2.344110488891601562e+00
-1.958881855010986328e+00
-2.495251655578613281e+00
-3.189835309982299805e+00
-1.921038031578063965e+00
-3.213299036026000977e+00
-9.348925352096557617e-01
-2.236054420471191406e+00
-2.186110019683837891e+00
-1.558503866195678711e+00
-2.712969541549682617e+00
-2.739438056945800781e+00
-1.766446113586425781e+00
-2.730153083801269531e+00
-1.900473713874816895e+00
-3.807750701904296875e+00
-2.140271663665771484e+00
-3.776178359985351562e+00
-2.715863704681396484e+00
-3.214074611663818359e+00
-2.689603328704833984e+00
-4.104915142059326172e+00
-3.576384305953979492e+00
-4.081942558288574219e+00
-1.746178150177001953e+00
-1.859721064567565918e+00
-3.520001173019409180e+00
-2.253811597824096680e+00
-3.281644344329833984e+00
-2.426761388778686523e+00
-1.635218858718872070e+00
-1.849960088729858398e+00
-3.380859613418579102e+00
-3.369739532470703125e+00
-3.782513618469238281e+00
-1.590538501739501953e+00
-3.336264848709106445e+00
-3.507990121841430664e+00
-2.880072832107543945e+00
-2.406721115112304688e+00
-3.167266607284545898e+00
-2.335444450378417969e+00
-1.714140534400939941e+00
-2.035389184951782227e+00
-1.626196503639221191e+00
-2.500773668289184570e+00
-2.761237144470214844e+00
-1.254183888435363770e+00
-2.734026432037353516e+00
-2.525923967361450195e+00
-2.058905839920043945e+00
-1.815279006958007812e+00
-1.788804173469543457e+00
-2.148915290832519531e+00
-3.011403799057006836e+00
-2.797890186309814453e+00
-2.885087251663208008e+00
-2.113091230392456055e+00
-1.746213793754577637e+00
-2.998705863952636719e+00
-3.251418828964233398e+00
-2.898724317550659180e+00
-2.309398889541625977e+00
-1.062701582908630371e+00
-1.338894486427307129e+00
-3.691606521606445312e+00
-1.833632349967956543e+00
-2.146147251129150391e+00
-2.716923475265502930e+00
-1.841959238052368164e+00
-3.227594375610351562e+00
-2.129921197891235352e+00
-2.155932664871215820e+00
-3.270852804183959961e+00
-8.907060623168945312e-01
-2.452887773513793945e+00
-2.842192173004150391e+00
-2.430758476257324219e+00
-9.091790914535522461e-01
-1.417762160301208496e+00
-1.399447083473205566e+00
-2.524525165557861328e+00
-3.115781784057617188e+00
-2.548436403274536133e+00
-3.191142320632934570e+00
-2.233605861663818359e+00
-3.506602525711059570e+00
-2.927813768386840820e+00
-2.048044919967651367e+00
-1.257462024688720703e+00
-3.633627891540527344e+00
-3.436982393264770508e+00
-3.662212371826171875e+00
-3.233650445938110352e+00
-2.470109462738037109e+00
-2.992392063140869141e+00
-2.841124773025512695e+00
-2.563145160675048828e+00
-2.369505405426025391e+00
-3.673602104187011719e+00
-3.256308078765869141e+00
-3.226110219955444336e+00
-3.097419738769531250e+00
-1.992347598075866699e+00
-3.050794601440429688e+00
-2.152591943740844727e+00
-2.548340559005737305e+00
-1.713054895401000977e+00
-3.227829694747924805e+00
-1.426821351051330566e+00
-2.428702831268310547e+00
-1.831128001213073730e+00
-3.405759572982788086e+00
-2.526483058929443359e+00
-9.805465936660766602e-01
-2.114852428436279297e+00
-1.908518075942993164e+00
-3.117567777633666992e+00
-2.721939802169799805e+00
-2.200869560241699219e+00
-1.988113284111022949e+00
-2.007092714309692383e+00
-2.739256143569946289e+00
-2.293258428573608398e+00
-3.283459186553955078e+00
-2.721662998199462891e+00
-1.916850090026855469e+00
-6.962050795555114746e-01
-1.466084957122802734e+00
-3.016912221908569336e+00
-3.464810848236083984e+00
-2.799634456634521484e+00
-3.289826393127441406e+00
-1.323644995689392090e+00
-3.269664287567138672e+00
-1.181601285934448242e+00
-3.491710424423217773e+00
-2.468384742736816406e+00
-2.025067567825317383e+00
-1.098614811897277832e+00
-3.266065835952758789e+00
-3.305301189422607422e+00
-2.218793630599975586e+00
-2.834991216659545898e+00
-2.218926429748535156e+00
-3.086875915527343750e+00
-2.566695690155029297e+00
-2.092639446258544922e+00
-3.363687515258789062e+00
-2.871896505355834961e+00
-2.546787261962890625e+00
-3.451257705688476562e+00
-2.459733963012695312e+00
-1.800663232803344727e+00
-2.958265304565429688e+00
-2.608112096786499023e+00
-3.186425209045410156e+00
-2.560333967208862305e+00
-1.935915589332580566e+00
-1.832790136337280273e+00
-2.382528305053710938e+00
-2.390130281448364258e+00
-1.975723743438720703e+00
-1.807506799697875977e+00
-1.390385270118713379e+00
-3.094015598297119141e+00
-2.242344379425048828e+00
-1.760687828063964844e+00
-8.353542089462280273e-01
-2.709507465362548828e+00
-2.064651250839233398e+00
-2.495081663131713867e+00
-2.318100929260253906e+00
-1.989173054695129395e+00
-2.201999664306640625e+00
-3.345890283584594727e+00
-9.627843499183654785e-01
-2.766050577163696289e+00
-9.552634358406066895e-01
-2.868764162063598633e+00
-2.874871253967285156e+00
-2.729583501815795898e+00
-1.342819094657897949e+00
-1.945647358894348145e+00
-2.374015808105468750e+00
-2.484266757965087891e+00
-3.638081312179565430e+00
-2.252752304077148438e+00
-1.326732277870178223e+00
-2.161845445632934570e+00
-2.684283971786499023e+00
-2.507104158401489258e+00
-3.200026035308837891e+00
-3.569916009902954102e+00
-8.937416672706604004e-01
-2.582755088806152344e+00
-2.412267446517944336e+00
-1.641397953033447266e+00
-3.210655212402343750e+00
-2.459517717361450195e+00
-2.847572803497314453e+00
-1.969995498657226562e+00
-2.370258331298828125e+00
-2.337555885314941406e+00
-2.833717346191406250e+00
-2.473687887191772461e+00
-2.823584318161010742e+00
-2.482355356216430664e+00
-1.857300043106079102e+00
-3.552268028259277344e+00
-2.979085445404052734e+00
-2.428561449050903320e+00
-3.103783369064331055e+00
-3.191149711608886719e+00
-3.577443361282348633e+00
-3.284832715988159180e+00
-3.291441917419433594e+00
-3.231762886047363281e+00
-3.394976139068603516e+00
-1.330433726310729980e+00
-1.839059352874755859e+00
-3.295622110366821289e+00
-3.651103496551513672e+00
-1.472374320030212402e+00
-1.277588486671447754e+00
-2.484738588333129883e+00
-3.088769674301147461e+00
-2.786995172500610352e+00
-1.852234601974487305e+00
-3.416377067565917969e+00
-3.058404684066772461e+00
-1.858114957809448242e+00
-2.738952398300170898e+00
-2.939271211624145508e+00
-1.596430540084838867e+00
-3.004866361618041992e+00
-3.472749292850494385e-01
-1.705750465393066406e+00
-2.505404472351074219e+00
-2.166247129440307617e+00
-1.776612162590026855e+00
-2.194998741149902344e+00
-2.100941181182861328e+00
-2.206024169921875000e+00
-2.534202337265014648e+00
-2.970746517181396484e+00
-1.830543160438537598e+00
-1.082976818084716797e+00
-1.668104052543640137e+00
-3.191309690475463867e+00
-2.287322998046875000e+00
-1.887636780738830566e+00
-3.130010604858398438e+00
-1.909605383872985840e+00
-2.610923528671264648e+00
-1.937356472015380859e+00
-3.632638931274414062e+00
-2.986661434173583984e+00
-3.358418703079223633e+00
-1.457918763160705566e+00
-3.719707489013671875e+00
-3.102270364761352539e+00
-2.839478969573974609e+00
-3.041987657546997070e+00
-2.883836507797241211e+00
-2.388976335525512695e+00
-2.394462347030639648e+00
-3.156424045562744141e+00
-2.605489492416381836e+00
-2.445421457290649414e+00
-3.158360242843627930e+00
-2.324666738510131836e+00
-3.714306831359863281e+00
-3.926702737808227539e+00
-2.877062320709228516e+00
-1.374591827392578125e+00
-2.950304508209228516e+00
-3.264070272445678711e+00
-3.057334184646606445e+00
-3.896522045135498047e+00
-3.439696788787841797e+00
-2.007788419723510742e+00
-2.786562681198120117e+00
-2.109944581985473633e+00
-1.512596487998962402e+00
-2.344479799270629883e+00
-2.127967596054077148e+00
-2.627329587936401367e+00
-3.753953218460083008e+00
-2.993827342987060547e+00
-3.579002380371093750e+00
-1.877632975578308105e+00
-2.541342496871948242e+00
-2.776701927185058594e+00
-1.903610944747924805e+00
-1.612015008926391602e+00
-3.097563505172729492e+00
-2.609207630157470703e+00
-2.774741888046264648e+00
-1.557951569557189941e+00
-3.439178705215454102e+00
-1.848034501075744629e+00
-3.399581670761108398e+00
-2.201489925384521484e+00
-2.321839332580566406e+00
-2.643030405044555664e+00
-1.763616561889648438e+00
-2.618678331375122070e+00
-2.812307119369506836e+00
-2.257075071334838867e+00
-3.419946908950805664e+00
-2.547652482986450195e+00
-2.134618282318115234e+00
-1.438840627670288086e+00
-1.603821516036987305e+00
-1.365343332290649414e+00
-3.616878986358642578e+00
-2.601268768310546875e+00
-1.513743042945861816e+00
-2.793766736984252930e+00
-2.683933258056640625e+00
-2.853811025619506836e+00
-2.930996656417846680e+00
-2.911467552185058594e-01
-1.225497364997863770e+00
-1.959173917770385742e+00
-2.307201147079467773e+00
-3.268859148025512695e+00
-5.669206976890563965e-01
-3.521111249923706055e+00
-3.532788515090942383e+00
-2.927400827407836914e+00
-2.933819293975830078e+00
-2.511042118072509766e+00
-3.133796930313110352e+00
-2.870039939880371094e+00
-2.782166719436645508e+00
-1.352142930030822754e+00
-2.947794675827026367e+00
-2.837921380996704102e+00
-3.363990783691406250e+00
-1.102923512458801270e+00
-2.926788091659545898e+00
-2.345836162567138672e+00
-2.482032775878906250e+00
-3.301278352737426758e+00
-2.193707227706909180e+00
-1.277370572090148926e+00
-3.495578289031982422e+00
-2.056195497512817383e+00
-2.345304012298583984e+00
-8.268266320228576660e-01
-1.512990713119506836e+00
-3.651541471481323242e+00
-2.962733745574951172e+00
-3.201956033706665039e+00
-1.277912855148315430e+00
-1.115308880805969238e+00
-2.563851118087768555e+00
-2.360539674758911133e+00
-2.481727600097656250e+00
-9.678125381469726562e-01
-2.132954120635986328e+00
-2.266246795654296875e+00
-1.934957623481750488e+00
-2.118975639343261719e+00
-2.945323467254638672e+00
-2.078063964843750000e+00
-1.373399138450622559e+00
-2.724793910980224609e+00
-3.494225978851318359e+00
-3.308874368667602539e+00
-1.864702463150024414e+00
-2.601218223571777344e+00
-2.986875534057617188e+00
-1.110351681709289551e+00
-2.776988267898559570e+00
-2.468410968780517578e+00
-5.061195492744445801e-01
-2.579693555831909180e+00
-2.761526107788085938e+00
-2.554513931274414062e+00
-3.060645818710327148e+00
-3.255414247512817383e+00
-3.583054065704345703e+00
-2.846016883850097656e+00
-3.069759368896484375e+00
-2.158669233322143555e+00
-1.691854000091552734e+00
-1.590839266777038574e+00
-3.091246604919433594e+00
-2.563557147979736328e+00
-3.797400236129760742e+00
-3.039388179779052734e+00
-2.392643928527832031e+00
-1.604183077812194824e+00
-2.953202962875366211e+00
-3.386225461959838867e+00
-3.124290227890014648e+00
-1.650040507316589355e+00
-2.660746812820434570e+00
-3.396488428115844727e+00
-1.932540655136108398e+00
-1.715867400169372559e+00
-1.556199640035629272e-01
-2.020731210708618164e+00
-3.281282424926757812e+00
-2.027196645736694336e+00
-1.998745679855346680e+00
-2.135339975357055664e+00
-2.450973272323608398e+00
-2.511163473129272461e+00
-1.748499155044555664e+00
-1.630877017974853516e+00
-2.651823520660400391e+00
-2.065594911575317383e+00
-6.476503014564514160e-01
-2.575987339019775391e+00
-2.218106508255004883e+00
-2.155009508132934570e+00
-1.947927355766296387e+00
-2.053716659545898438e+00
-1.806629180908203125e+00
-2.965032815933227539e+00
-2.118311166763305664e+00
-2.704061269760131836e+00
-2.707744836807250977e+00
-3.122490882873535156e+00
-3.363706827163696289e+00
-3.788149833679199219e+00
-1.845685482025146484e+00
-4.003550052642822266e+00
-9.177916049957275391e-01
-3.266098260879516602e+00
-3.248661041259765625e+00
-1.678389310836791992e+00
-2.813346862792968750e+00
-2.942337751388549805e+00
-3.740269184112548828e+00
-4.031785488128662109e+00
-2.243939638137817383e+00
-1.733390450477600098e+00
-2.436604976654052734e+00
-2.649463415145874023e+00
-2.780139923095703125e+00
-1.337418556213378906e+00
-2.100273609161376953e+00
-2.352740764617919922e+00
-2.463958501815795898e+00
-1.625197529792785645e+00
-3.770971775054931641e+00
-1.693685412406921387e+00
-2.525499820709228516e+00
-3.629407167434692383e+00
-2.614841461181640625e+00
-1.845475554466247559e+00
-2.226222038269042969e+00
-2.200227737426757812e+00
-2.136491775512695312e+00
-3.917978048324584961e+00
-3.419676542282104492e+00
-2.613396644592285156e+00
-3.506800413131713867e+00
-1.312944412231445312e+00
-1.727751851081848145e+00
-2.733965635299682617e+00
-1.074046969413757324e+00
-2.520811557769775391e+00
-3.142711162567138672e+00
-2.072156906127929688e+00
-2.980636119842529297e+00
-2.651198863983154297e+00
-1.609143972396850586e+00
-3.136401891708374023e+00
-7.839775085449218750e-01
-1.739072084426879883e+00
-1.268599867820739746e+00
-2.287485122680664062e+00
-1.812144041061401367e+00
-1.565985202789306641e+00
-3.014154672622680664e+00
-1.555280566215515137e+00
-1.223866820335388184e+00
-3.123253107070922852e+00
-1.749871611595153809e+00
-2.538052320480346680e+00
-1.921061635017395020e+00
-2.402606487274169922e+00
-1.691736817359924316e+00
-3.637920618057250977e+00
-2.476261138916015625e+00
-1.346440434455871582e+00
-9.746105074882507324e-01
-1.961018085479736328e+00
-2.712090015411376953e+00
-2.736641168594360352e+00
-1.554415941238403320e+00
-3.327043771743774414e+00
-2.803224325180053711e+00
-2.749796152114868164e+00
-3.394202947616577148e+00
-1.604525208473205566e+00
-3.548660993576049805e+00
-1.939705252647399902e+00
-1.162871241569519043e+00
-2.094939470291137695e+00
-3.409170389175415039e+00
-4.088275134563446045e-01
-2.184705495834350586e+00
-3.606799602508544922e+00
-2.481795549392700195e+00
-2.576753854751586914e+00
-1.911189675331115723e+00
-2.004183292388916016e+00
-1.322657704353332520e+00
-2.555069923400878906e+00
-2.317525863647460938e+00
-2.494379281997680664e+00
-3.039634704589843750e+00
-2.087112665176391602e+00
-2.825425148010253906e+00
-1.488992214202880859e+00
-2.224592924118041992e+00
