-3.367944955825805664e-01
-1.373022198677062988e+00
-1.962115645408630371e+00
-2.528124332427978516e+00
-1.378123760223388672e+00
-1.707346081733703613e+00
-1.795548081398010254e+00
-2.044198274612426758e+00
-2.249373674392700195e+00
-2.324399948120117188e+00
-2.628695011138916016e+00
-2.183876991271972656e+00
-2.199463605880737305e+00
-2.738698244094848633e+00
-1.979451775550842285e+00
-2.204361677169799805e+00
-2.183004617691040039e+00
-2.843557834625244141e+00
-8.903753161430358887e-01
-2.730860710144042969e+00
-1.521820545196533203e+00
-2.494208335876464844e+00
-2.053389549255371094e+00
-3.074159860610961914e+00
-1.822429537773132324e+00
-2.388578176498413086e+00
-2.274744272232055664e+00
-2.485317468643188477e+00
-9.128192067146301270e-01
-2.261390447616577148e+00
-1.061952114105224609e+00
-2.185006856918334961e+00
-2.081570863723754883e+00
-3.122322797775268555e+00
-1.053387403488159180e+00
-2.132592201232910156e+00
-3.280948400497436523e+00
-1.738111495971679688e+00
-8.886452317237854004e-01
-2.808927059173583984e+00
-1.252336263656616211e+00
-2.573134899139404297e+00
-1.541242837905883789e+00
-1.842412590980529785e+00
-2.157964468002319336e+00
-2.055951118469238281e+00
-1.000367999076843262e+00
-1.015355467796325684e+00
-1.451429009437561035e+00
-2.232895135879516602e+00
-4.800433814525604248e-01
-1.027203679084777832e+00
-2.405663728713989258e+00
-3.472707509994506836e+00
-1.764013290405273438e+00
-2.121227741241455078e+00
-3.000989198684692383e+00
-2.134273529052734375e+00
-1.329658508300781250e+00
-2.072519540786743164e+00
-7.810212373733520508e-01
-2.022391796112060547e+00
-1.212280511856079102e+00
-1.551613688468933105e+00
-3.204107284545898438e+00
-2.263977527618408203e+00
-5.422031283378601074e-01
-1.258526325225830078e+00
-2.774061203002929688e+00
-3.021383523941040039e+00
-1.229414582252502441e+00
-2.147188425064086914e+00
-2.859182119369506836e+00
-3.178586959838867188e+00
-1.999908685684204102e+00
-1.390076756477355957e+00
-3.258303880691528320e+00
-2.092323303222656250e+00
-1.089864611625671387e+00
-2.398546218872070312e+00
-2.834668397903442383e+00
-2.510313272476196289e+00
-1.401076436042785645e+00
-2.417788743972778320e+00
-1.435322046279907227e+00
-9.047797322273254395e-01
-9.906553626060485840e-01
-2.244953155517578125e+00
-2.781384468078613281e+00
-2.568269252777099609e+00
-2.178706645965576172e+00
-2.551575422286987305e+00
-2.383781909942626953e+00
-2.691672086715698242e+00
-1.562484860420227051e+00
-2.488459587097167969e+00
-3.265495777130126953e+00
-1.139043450355529785e+00
-5.626069903373718262e-01
-2.129831075668334961e+00
-2.404681921005249023e+00
-2.721181631088256836e+00
-1.276989698410034180e+00
-2.628247737884521484e+00
-2.964394807815551758e+00
-1.460077166557312012e+00
-1.758368849754333496e+00
-2.351564645767211914e+00
-1.927597045898437500e+00
-2.706377744674682617e+00
-1.291194081306457520e+00
-3.715688884258270264e-01
-3.682998180389404297e+00
-2.984546422958374023e+00
-2.079041004180908203e+00
-2.901639938354492188e+00
-1.316349506378173828e+00
-3.069903850555419922e+00
-1.327521443367004395e+00
-1.990678548812866211e+00
-2.080834150314331055e+00
-3.439597368240356445e+00
-2.280396938323974609e+00
-6.912844777107238770e-01
-1.835177302360534668e+00
-2.747547149658203125e+00
-3.430448174476623535e-01
-1.962357640266418457e+00
-3.093451976776123047e+00
-1.846847891807556152e+00
-1.999611139297485352e+00
-1.751502633094787598e+00
-2.466746807098388672e+00
-2.176847219467163086e+00
-1.718290567398071289e+00
-2.849155902862548828e+00
-2.414702415466308594e+00
-3.420212984085083008e+00
-7.104358673095703125e-01
-2.576961994171142578e+00
-2.649610519409179688e+00
-2.536888599395751953e+00
-1.431139707565307617e+00
-1.840449810028076172e+00
-2.653174161911010742e+00
-3.215432643890380859e+00
-1.729177355766296387e+00
-1.885845899581909180e+00
-3.250757694244384766e+00
-2.674400329589843750e+00
-1.626056194305419922e+00
-2.408655405044555664e+00
-3.428310155868530273e+00
-3.034984588623046875e+00
-9.862103462219238281e-01
-8.181523084640502930e-01
-3.097673177719116211e+00
-3.051190853118896484e+00
-1.592166066169738770e+00
-2.604746580123901367e+00
-2.204870939254760742e+00
-3.170397043228149414e+00
-2.226267099380493164e+00
-1.094489455223083496e+00
-1.253087162971496582e+00
-2.476109743118286133e+00
-2.977075815200805664e+00
-1.853122472763061523e+00
-1.066496610641479492e+00
-2.454118967056274414e+00
-2.347581148147583008e+00
-2.419535160064697266e+00
-2.500623703002929688e+00
-1.632026076316833496e+00
-2.746376514434814453e+00
-2.639363288879394531e+00
-2.405479192733764648e+00
-2.874614477157592773e+00
-2.357991695404052734e+00
-2.350596189498901367e+00
-3.211917877197265625e+00
-1.768905639648437500e+00
-3.160480022430419922e+00
-2.105990648269653320e+00
-2.731810331344604492e+00
-2.360506534576416016e+00
-1.688373327255249023e+00
-3.280421018600463867e+00
-1.675806164741516113e+00
-2.478391647338867188e+00
-2.869723320007324219e+00
-3.263811349868774414e+00
-2.248748064041137695e+00
-3.102583408355712891e+00
-2.298727989196777344e+00
-2.309014797210693359e+00
-2.388040781021118164e+00
-2.962475299835205078e+00
-3.205647468566894531e+00
-2.799685478210449219e+00
-3.474903106689453125e+00
-2.993888854980468750e+00
-2.328216314315795898e+00
-2.416791915893554688e+00
-1.999552845954895020e+00
-2.149764776229858398e+00
-2.673156738281250000e+00
-2.711992740631103516e+00
-2.019186496734619141e+00
-1.392192840576171875e+00
-2.350654125213623047e+00
-2.882080078125000000e+00
-3.566295146942138672e+00
-3.042169809341430664e+00
-2.431742668151855469e+00
-2.964730501174926758e+00
-3.155473232269287109e+00
-2.904890298843383789e+00
-2.238585233688354492e+00
-2.389164447784423828e+00
-2.778459787368774414e+00
-2.678706884384155273e+00
-2.346735000610351562e+00
-3.251441955566406250e+00
-2.832424640655517578e+00
-2.083463191986083984e+00
-3.218680381774902344e+00
-2.467360258102416992e+00
-3.209678173065185547e+00
-2.124464750289916992e+00
-1.860604524612426758e+00
-2.002182960510253906e+00
-3.398089170455932617e+00
-1.727697730064392090e+00
-2.508161544799804688e+00
-2.059121370315551758e+00
-2.009547233581542969e+00
-2.166241407394409180e+00
-2.784448862075805664e+00
-2.442490577697753906e+00
-2.821435213088989258e+00
-1.453397989273071289e+00
-2.827820777893066406e+00
-3.258381843566894531e+00
-2.514810085296630859e+00
-2.882580280303955078e+00
-3.013161897659301758e+00
-3.097772121429443359e+00
-2.016327142715454102e+00
-2.317089080810546875e+00
-1.403013944625854492e+00
-1.956832408905029297e+00
-1.828003525733947754e+00
-1.950299501419067383e+00
-2.443655490875244141e+00
-2.755947351455688477e+00
-3.510823011398315430e+00
-3.059138536453247070e+00
-3.462756872177124023e+00
-8.497234582901000977e-01
-3.046707868576049805e+00
-2.253745079040527344e+00
-1.861812472343444824e+00
-2.649844169616699219e+00
-3.213416814804077148e+00
-2.274638414382934570e+00
-3.445816040039062500e+00
-3.451136350631713867e+00
-1.919229865074157715e+00
-2.726571321487426758e+00
-2.268908977508544922e+00
-3.218513965606689453e+00
-2.233044147491455078e+00
-3.310222387313842773e+00
-3.031749486923217773e+00
-2.711783409118652344e+00
-2.279607057571411133e+00
-2.692510604858398438e+00
-3.766995429992675781e+00
-2.693084478378295898e+00
-2.290930032730102539e+00
-1.885739088058471680e+00
-3.456179141998291016e+00
-3.571257591247558594e+00
-3.372333765029907227e+00
-2.661822557449340820e+00
-3.579250335693359375e+00
-2.931343555450439453e+00
-2.488584995269775391e+00
-3.246167421340942383e+00
-3.617371320724487305e+00
-2.407261848449707031e+00
-2.397137880325317383e+00
-1.812643766403198242e+00
-2.567160844802856445e+00
-3.063222408294677734e+00
-3.052709817886352539e+00
-2.166244745254516602e+00
-1.439933300018310547e+00
-2.569221973419189453e+00
-2.409146785736083984e+00
-2.424099445343017578e+00
-2.749656677246093750e+00
-2.362856864929199219e+00
-2.172919750213623047e+00
-3.136644601821899414e+00
-2.276366710662841797e+00
-1.499765038490295410e+00
-2.353486299514770508e+00
-2.122931957244873047e+00
-2.718482732772827148e+00
-3.469321727752685547e+00
-2.758201837539672852e+00
-2.827424049377441406e+00
-1.978329658508300781e+00
-2.058856010437011719e+00
-2.298665761947631836e+00
-1.647466540336608887e+00
-3.281733274459838867e+00
-2.332938194274902344e+00
-2.420519828796386719e+00
-2.505895853042602539e+00
-2.888818979263305664e+00
-3.266589164733886719e+00
-3.593237638473510742e+00
-2.588804483413696289e+00
-1.855152130126953125e+00
-2.895671129226684570e+00
-1.985651016235351562e+00
-1.807851195335388184e+00
-1.876009583473205566e+00
-3.325109004974365234e+00
-3.328932046890258789e+00
-2.763379096984863281e+00
-3.214383602142333984e+00
-1.730500698089599609e+00
-3.325755119323730469e+00
-2.217339992523193359e+00
-1.798826217651367188e+00
-3.422054052352905273e+00
-2.874767541885375977e+00
-2.794327974319458008e+00
-2.595753431320190430e+00
-2.156112194061279297e+00
-2.130142688751220703e+00
-3.092250108718872070e+00
-2.530488252639770508e+00
-3.038928985595703125e+00
-2.589645147323608398e+00
-2.989372014999389648e+00
-3.205355882644653320e+00
-3.016458749771118164e+00
-3.135680675506591797e+00
-3.351893663406372070e+00
-2.377210378646850586e+00
-2.938393831253051758e+00
-8.859326839447021484e-01
-2.471830606460571289e+00
-1.472791671752929688e+00
-2.594009399414062500e+00
-2.549317836761474609e+00
-2.543603181838989258e+00
-3.135823488235473633e+00
-2.800966978073120117e+00
-3.397240877151489258e+00
-2.610229253768920898e+00
-3.380918741226196289e+00
-3.446337223052978516e+00
-2.661499261856079102e+00
-3.230630397796630859e+00
-2.145406723022460938e+00
-2.470713138580322266e+00
-3.198009252548217773e+00
-2.256470680236816406e+00
-2.181200742721557617e+00
-2.067678213119506836e+00
-3.225778579711914062e+00
-2.873703002929687500e+00
-2.976764202117919922e+00
-2.819836616516113281e+00
-2.081421375274658203e+00
-3.218438625335693359e+00
-2.852810382843017578e+00
-2.049084424972534180e+00
-3.137405872344970703e+00
-2.727993249893188477e+00
-3.008259296417236328e+00
-2.566367387771606445e+00
-3.468023777008056641e+00
-1.970549702644348145e+00
-3.194824695587158203e+00
-3.358313798904418945e+00
-3.297575473785400391e+00
-2.275486230850219727e+00
-2.655354976654052734e+00
-2.578167438507080078e+00
-2.210725069046020508e+00
-3.393035411834716797e+00
-3.206122159957885742e+00
-3.418028831481933594e+00
-3.570706367492675781e+00
-2.712402582168579102e+00
-2.203511953353881836e+00
-2.917443037033081055e+00
-2.821255922317504883e+00
-1.244807124137878418e+00
-2.616260051727294922e+00
-2.758777856826782227e+00
-3.586123704910278320e+00
-2.746917486190795898e+00
-1.816182851791381836e+00
-2.405574560165405273e+00
-3.528501987457275391e+00
-2.950870752334594727e+00
-2.503281116485595703e+00
-3.860254287719726562e+00
-3.076260089874267578e+00
-1.748506069183349609e+00
-2.470804929733276367e+00
-3.022353649139404297e+00
-3.178749084472656250e+00
-2.550848245620727539e+00
-2.703599929809570312e+00
-2.917307853698730469e+00
-2.517607927322387695e+00
-2.028727054595947266e+00
-3.116210222244262695e+00
-1.911723971366882324e+00
-2.744014739990234375e+00
-2.365605831146240234e+00
-2.325186491012573242e+00
-3.117359876632690430e+00
-2.518583536148071289e+00
-2.649091958999633789e+00
-3.117176532745361328e+00
-2.846103429794311523e+00
-2.652350187301635742e+00
-3.407111167907714844e+00
-3.336051464080810547e+00
-2.009248971939086914e+00
-2.982130527496337891e+00
-3.020307540893554688e+00
-1.157509565353393555e+00
-2.793520927429199219e+00
-2.850524187088012695e+00
-9.875971078872680664e-01
-2.766243934631347656e+00
-2.549906969070434570e+00
-2.214249372482299805e+00
-2.812756538391113281e+00
-2.988810539245605469e+00
-2.977951526641845703e+00
-3.285153388977050781e+00
-3.237056732177734375e+00
-2.339291572570800781e+00
-2.937217235565185547e+00
-2.976977348327636719e+00
-3.244030237197875977e+00
-3.107806921005249023e+00
-2.862913846969604492e+00
-3.350942850112915039e+00
-3.515333890914916992e+00
-2.650937795639038086e+00
-2.844964504241943359e+00
-2.023325920104980469e+00
-2.133271932601928711e+00
-2.381393909454345703e+00
-3.495410919189453125e+00
-1.194988369941711426e+00
-3.027537107467651367e+00
-2.736728191375732422e+00
-2.051077127456665039e+00
-1.556640863418579102e+00
-3.273906469345092773e+00
-2.510158061981201172e+00
-2.375486612319946289e+00
-2.488631725311279297e+00
-1.546391963958740234e+00
-1.874636769294738770e+00
-3.152437686920166016e+00
-3.206456422805786133e+00
-1.705827474594116211e+00
-1.284159779548645020e+00
-3.365702390670776367e+00
-2.365958929061889648e+00
-2.697937011718750000e+00
-3.391870975494384766e+00
-2.897011995315551758e+00
-2.706529140472412109e+00
-1.842928647994995117e+00
-2.571139335632324219e+00
-1.365854024887084961e+00
-2.305671930313110352e+00
-2.476880311965942383e+00
-2.131887912750244141e+00
-2.599401950836181641e+00
-2.545320034027099609e+00
-2.770037412643432617e+00
-2.262089490890502930e+00
-2.511679887771606445e+00
-2.780697584152221680e+00
-3.228806495666503906e+00
-3.257957458496093750e+00
-2.420727491378784180e+00
-2.866247177124023438e+00
-2.761771678924560547e+00
-2.992629528045654297e+00
-8.195285797119140625e-01
-2.727785348892211914e+00
-2.729203701019287109e+00
-2.324833631515502930e+00
-2.362350702285766602e+00
-2.129761695861816406e+00
-2.218737125396728516e+00
-2.955934047698974609e+00
-2.127038002014160156e+00
-2.096567153930664062e+00
-3.642098903656005859e+00
-2.349330902099609375e+00
-2.219207763671875000e+00
-2.840175867080688477e+00
-3.070436716079711914e+00
-3.441117525100708008e+00
-3.630754470825195312e+00
-2.237806797027587891e+00
-2.309923410415649414e+00
-2.260604381561279297e+00
-1.847275495529174805e+00
-2.654923677444458008e+00
-3.154204130172729492e+00
-3.210890531539916992e+00
-1.147800445556640625e+00
-2.994600772857666016e+00
-2.577598810195922852e+00
-3.157322645187377930e+00
-2.071207046508789062e+00
-2.981375455856323242e+00
-1.963670372962951660e+00
-2.424071073532104492e+00
-3.191384792327880859e+00
-2.787029981613159180e+00
-9.204553365707397461e-01
-3.135233402252197266e+00
-3.055777549743652344e+00
-3.516766071319580078e+00
-3.021413326263427734e+00
-3.765794515609741211e+00
-2.567173480987548828e+00
-3.486313581466674805e+00
-2.483309268951416016e+00
-2.029551267623901367e+00
-3.476407289505004883e+00
-2.772080659866333008e+00
-2.825251579284667969e+00
-3.374975681304931641e+00
-2.286765575408935547e+00
-1.900041460990905762e+00
-3.240339040756225586e+00
-2.348923921585083008e+00
-2.314963817596435547e+00
-3.340661048889160156e+00
-2.114406585693359375e+00
-2.306009769439697266e+00
-2.974996805191040039e+00
-2.255707025527954102e+00
-3.865496397018432617e+00
-2.193973064422607422e+00
-3.036748170852661133e+00
-3.424815654754638672e+00
-3.717722177505493164e+00
-2.226854562759399414e+00
-2.970846891403198242e+00
-3.264820337295532227e+00
-2.067903995513916016e+00
-2.230365753173828125e+00
-1.147691845893859863e+00
-2.449558496475219727e+00
-2.169448852539062500e+00
-2.654296875000000000e+00
-2.319350719451904297e+00
-2.288941383361816406e+00
-3.446677684783935547e+00
-2.287877321243286133e+00
-2.682827949523925781e+00
-2.733307361602783203e+00
-1.740406632423400879e+00
-2.189402818679809570e+00
-3.287619829177856445e+00
-2.396564722061157227e+00
-2.140616416931152344e+00
-3.566947460174560547e+00
-3.715565919876098633e+00
-2.366377353668212891e+00
-2.645525932312011719e+00
-3.355195045471191406e+00
-3.544302940368652344e+00
-2.288070917129516602e+00
-2.520590543746948242e+00
-2.062110662460327148e+00
-3.299238443374633789e+00
-2.060963153839111328e+00
-3.358726739883422852e+00
-2.357356786727905273e+00
-3.142260313034057617e+00
-1.413085699081420898e+00
-3.096832275390625000e+00
-3.131531476974487305e+00
-2.820916175842285156e+00
-2.097646236419677734e+00
-1.901139736175537109e+00
-2.674043178558349609e+00
-2.005827426910400391e+00
-3.123128414154052734e+00
-2.338839769363403320e+00
-3.201853513717651367e+00
-3.344247817993164062e+00
-3.629310846328735352e+00
-3.036507129669189453e+00
-1.818446397781372070e+00
-2.379961729049682617e+00
-2.941277980804443359e+00
-2.674036741256713867e+00
-2.526625633239746094e+00
-2.134196519851684570e+00
-2.521240711212158203e+00
-3.024814367294311523e+00
-2.657195806503295898e+00
-2.715958356857299805e+00
-3.510668754577636719e+00
-3.305231094360351562e+00
-2.400718927383422852e+00
-1.766391515731811523e+00
-2.130048990249633789e+00
-1.623214244842529297e+00
-2.251502275466918945e+00
-2.490243911743164062e+00
-2.254638671875000000e+00
-2.077409029006958008e+00
-2.052326440811157227e+00
-2.794474124908447266e+00
-2.740199327468872070e+00
-1.769701480865478516e+00
-2.578398227691650391e+00
-1.157484292984008789e+00
-2.484551429748535156e+00
-3.273613691329956055e+00
-2.048541069030761719e+00
-2.802594423294067383e+00
-2.337968826293945312e+00
-2.508285760879516602e+00
-3.202556133270263672e+00
-1.964390397071838379e+00
-3.104553699493408203e+00
-1.517968773841857910e+00
-1.757661223411560059e+00
-2.242510080337524414e+00
-1.868857264518737793e+00
-2.303560018539428711e+00
-3.248760223388671875e+00
-3.041371583938598633e+00
-1.388576865196228027e+00
-1.294902801513671875e+00
-2.599364042282104492e+00
-3.145123004913330078e+00
-1.909467816352844238e+00
-3.418672800064086914e+00
-2.235801458358764648e+00
-3.222020864486694336e+00
-2.794751644134521484e+00
-2.344961643218994141e+00
-2.192470312118530273e+00
-2.409391880035400391e+00
-2.290558338165283203e+00
-2.167015790939331055e+00
-3.188489437103271484e+00
-1.898308157920837402e+00
-3.054254055023193359e+00
-3.448972463607788086e+00
-2.635320663452148438e+00
-1.686167836189270020e+00
-2.088242530822753906e+00
-2.471255540847778320e+00
-2.184597730636596680e+00
-2.169457912445068359e+00
-2.818588733673095703e+00
-1.988883018493652344e+00
-2.154513835906982422e+00
-2.364644765853881836e+00
-3.358463287353515625e+00
-1.718387842178344727e+00
-3.179806470870971680e+00
-3.219293832778930664e+00
-1.046620726585388184e+00
-2.785124540328979492e+00
-3.508385896682739258e+00
-2.491400480270385742e+00
-1.981261491775512695e+00
-3.017730474472045898e+00
-2.692282199859619141e+00
-2.204931735992431641e+00
-1.633006811141967773e+00
-2.410037279129028320e+00
-2.934274911880493164e+00
-2.890287637710571289e+00
-2.314291000366210938e+00
-3.482108831405639648e+00
-2.748822212219238281e+00
-1.260652661323547363e+00
-2.158002853393554688e+00
-1.261860847473144531e+00
-2.312391281127929688e+00
-2.320837736129760742e+00
-2.929098367691040039e+00
-3.382839679718017578e+00
-2.522803783416748047e+00
-2.111724376678466797e+00
-3.356777191162109375e+00
-1.068364620208740234e+00
-1.936848044395446777e+00
-2.421809911727905273e+00
-2.907939910888671875e+00
-2.174875259399414062e+00
-3.446356058120727539e+00
-2.705862283706665039e+00
-2.494545698165893555e+00
-3.280760765075683594e+00
-2.385918617248535156e+00
-2.676312446594238281e+00
-1.555974245071411133e+00
-1.501908659934997559e+00
-1.912153720855712891e+00
-3.018089532852172852e+00
-3.182395458221435547e+00
-2.273806810379028320e+00
-2.997950553894042969e+00
-2.984486341476440430e+00
-2.996144533157348633e+00
-1.215756654739379883e+00
-3.613176107406616211e+00
-3.497115373611450195e+00
-2.308018207550048828e+00
-3.210888862609863281e+00
-3.422594785690307617e+00
-3.218340158462524414e+00
-2.823537826538085938e+00
-2.166055917739868164e+00
-3.678903579711914062e+00
-3.050978183746337891e+00
-2.211912631988525391e+00
-3.338971376419067383e+00
-2.075382709503173828e+00
-3.262618064880371094e+00
-2.430647373199462891e+00
-3.116040706634521484e+00
-1.869724631309509277e+00
-1.077337503433227539e+00
-1.812682628631591797e+00
-3.436416864395141602e+00
-3.437552213668823242e+00
-2.025557994842529297e+00
-2.044168710708618164e+00
-2.808570623397827148e+00
-2.975698232650756836e+00
-3.048991203308105469e+00
-3.364170551300048828e+00
-2.060410737991333008e+00
-3.325559616088867188e+00
-2.760135173797607422e+00
-3.033007621765136719e+00
-1.849697351455688477e+00
-3.020457506179809570e+00
-3.555590867996215820e+00
-1.452946901321411133e+00
-2.362090826034545898e+00
-2.868937015533447266e+00
-2.729190587997436523e+00
-2.659700393676757812e+00
-2.389450311660766602e+00
-3.096560955047607422e+00
-2.414706707000732422e+00
-2.748211383819580078e+00
-3.097936868667602539e+00
-3.279269456863403320e+00
-2.774555921554565430e+00
-2.135020494461059570e+00
-1.991592407226562500e+00
-2.210403203964233398e+00
-2.906269311904907227e+00
-2.263130426406860352e+00
-2.832803726196289062e+00
-1.533169031143188477e+00
-2.561202526092529297e+00
-1.284929871559143066e+00
-2.241069316864013672e+00
-3.008098840713500977e+00
-2.625650405883789062e+00
-2.299210071563720703e+00
-2.113720655441284180e+00
-2.082049608230590820e+00
-2.398877859115600586e+00
-3.374295234680175781e+00
-2.014337301254272461e+00
-2.962930917739868164e+00
-3.487819194793701172e+00
-2.346325159072875977e+00
-3.014124393463134766e+00
-1.766344428062438965e+00
-3.493592500686645508e+00
-3.113012552261352539e+00
-2.285592794418334961e+00
-2.272105932235717773e+00
-2.010265827178955078e+00
-1.499752402305603027e+00
-3.498320817947387695e+00
-1.901729822158813477e+00
-2.443339586257934570e+00
-1.718171358108520508e+00
-3.481369733810424805e+00
-2.946955919265747070e+00
-3.422329902648925781e+00
-3.117276430130004883e+00
-2.270345687866210938e+00
-3.558380842208862305e+00
-3.461949825286865234e+00
-2.769762039184570312e+00
-2.387250661849975586e+00
-3.079299211502075195e+00
-3.443735837936401367e+00
-2.760258436203002930e+00
-2.263558387756347656e+00
-3.148010492324829102e+00
-2.386986732482910156e+00
-2.884981870651245117e+00
-2.365396738052368164e+00
-2.095835447311401367e+00
-1.968889355659484863e+00
-7.792343497276306152e-01
-3.240291595458984375e+00
-3.290564775466918945e+00
-2.576207160949707031e+00
-2.204354763031005859e+00
-1.857906699180603027e+00
-2.614692926406860352e+00
-1.930729985237121582e+00
-3.121843576431274414e+00
-2.928510427474975586e+00
-2.022363901138305664e+00
-3.581201314926147461e+00
-2.537632942199707031e+00
-3.305087327957153320e+00
-2.468556165695190430e+00
-1.913767218589782715e+00
-1.267791628837585449e+00
-3.490958213806152344e+00
-1.778250694274902344e+00
-2.635390281677246094e+00
-3.429923295974731445e+00
-2.792329072952270508e+00
-2.067267894744873047e+00
-2.747390031814575195e+00
-3.052221059799194336e+00
-1.084166049957275391e+00
-2.448646306991577148e+00
-2.228487253189086914e+00
-1.990465283393859863e+00
-2.676283359527587891e+00
-2.256316184997558594e+00
-2.275495767593383789e+00
-2.490192651748657227e+00
-3.531431198120117188e+00
-3.186242580413818359e+00
-1.344005942344665527e+00
-1.816347599029541016e+00
-2.915796756744384766e+00
-3.100797414779663086e+00
-3.270742416381835938e+00
-1.970113277435302734e+00
-3.215785503387451172e+00
-2.761757850646972656e+00
-1.792131543159484863e+00
-1.618555307388305664e+00
-2.607724189758300781e+00
-3.193826913833618164e+00
-2.153398275375366211e+00
-2.623932600021362305e+00
-2.765506982803344727e+00
-2.756572961807250977e+00
-2.963970184326171875e+00
-1.857664704322814941e+00
-1.448393344879150391e+00
-2.601515769958496094e+00
-2.190721988677978516e+00
-1.957743883132934570e+00
-1.877834081649780273e+00
-1.947054505348205566e+00
-2.227427721023559570e+00
-2.648597955703735352e+00
-2.046733140945434570e+00
-2.306012868881225586e+00
-1.854049921035766602e+00
-8.100462555885314941e-01
-2.665243625640869141e+00
-1.734772920608520508e+00
-2.052798986434936523e+00
-1.605951786041259766e+00
-3.355085849761962891e+00
-2.635675668716430664e+00
-8.722028732299804688e-01
-2.230090379714965820e+00
-1.323189496994018555e+00
-2.620066881179809570e+00
-2.380908727645874023e+00
-2.111840486526489258e+00
-2.588936090469360352e+00
-2.528704643249511719e+00
-2.129326105117797852e+00
-2.526842832565307617e+00
-2.501739025115966797e+00
-9.270482063293457031e-01
-2.517106533050537109e+00
-2.472767114639282227e+00
-2.325258493423461914e+00
-1.904958605766296387e+00
-3.189337015151977539e+00
-2.918855190277099609e+00
-2.117591142654418945e+00
-3.090926647186279297e+00
-2.219627618789672852e+00
-2.200189590454101562e+00
-2.136430263519287109e+00
-2.824633359909057617e+00
-2.157511234283447266e+00
-2.964351892471313477e+00
-1.826386570930480957e+00
-2.908321619033813477e+00
-3.302982330322265625e+00
-1.810853958129882812e+00
-1.733254790306091309e+00
-6.250357031822204590e-01
-2.326927900314331055e+00
-1.937419652938842773e+00
-2.659255981445312500e+00
-1.859182953834533691e+00
-2.665589332580566406e+00
-1.877576708793640137e+00
-3.238133430480957031e+00
-2.625619173049926758e+00
-1.044945716857910156e+00
-1.880192995071411133e+00
-1.591713666915893555e+00
-2.027483940124511719e+00
-2.312201261520385742e+00
-2.965788364410400391e+00
-3.370187997817993164e+00
-1.507483959197998047e+00
-2.293346166610717773e+00
-2.848024129867553711e+00
-1.686045765876770020e+00
-2.171834468841552734e+00
-3.325532197952270508e+00
-3.183609724044799805e+00
-2.285709857940673828e+00
-2.719466447830200195e+00
-2.594624757766723633e+00
-2.080079555511474609e+00
-3.431604862213134766e+00
-2.713559150695800781e+00
-6.859356164932250977e-01
-1.926684617996215820e+00
-2.409896135330200195e+00
-2.386955022811889648e+00
-2.002701759338378906e+00
-2.606471538543701172e+00
-1.745466589927673340e+00
-2.047066926956176758e+00
-8.302388191223144531e-01
-4.684059321880340576e-01
-1.686349749565124512e+00
-2.274542093276977539e+00
-3.082264423370361328e+00
-3.389329910278320312e+00
-1.670052170753479004e+00
-3.167510509490966797e+00
-3.202862262725830078e+00
-1.991422772407531738e+00
-9.320869445800781250e-01
-2.877172470092773438e+00
-2.889671564102172852e+00
-3.046051979064941406e+00
-1.737389683723449707e+00
-2.214764118194580078e+00
-1.991106152534484863e+00
-2.965020656585693359e+00
-2.978590726852416992e+00
-2.641965866088867188e+00
-2.609323740005493164e+00
-3.093262910842895508e+00
-1.331409454345703125e+00
-2.635741949081420898e+00
-1.022078752517700195e+00
-2.069210767745971680e+00
-3.190904617309570312e+00
-2.987794399261474609e+00
-1.083710432052612305e+00
-2.513421773910522461e+00
-2.520768404006958008e+00
-3.356886863708496094e+00
-2.656752824783325195e+00
-1.264845013618469238e+00
-2.095204114913940430e+00
-2.732403516769409180e+00
-3.135428905487060547e+00
-2.368830680847167969e+00
-2.966675519943237305e+00
-2.961953878402709961e+00
-2.290187358856201172e+00
-1.975863695144653320e+00
-9.575982689857482910e-01
-1.158813476562500000e+00
-3.181983470916748047e+00
-2.622349500656127930e+00
-3.559692382812500000e+00
-3.095356941223144531e+00
-2.987671613693237305e+00
-9.704363346099853516e-01
-2.974623203277587891e+00
-3.283561468124389648e+00
-1.168407082557678223e+00
-2.157027006149291992e+00
-2.197309732437133789e+00
-3.022585868835449219e+00
-2.228974103927612305e+00
-2.837344169616699219e+00
-1.654411077499389648e+00
-1.622048854827880859e+00
-2.302159309387207031e+00
-1.057455420494079590e+00
-2.293780088424682617e+00
-1.869443655014038086e+00
-2.592018842697143555e+00
-8.673929572105407715e-01
-3.569449901580810547e+00
-8.118162155151367188e-01
-2.729557991027832031e+00
-2.236587524414062500e+00
-3.623741626739501953e+00
-1.558556199073791504e+00
-2.412622451782226562e+00
-2.161537647247314453e+00
-2.877646684646606445e+00
-1.875060915946960449e+00
-3.375192403793334961e+00
-2.966703653335571289e+00
-2.618646383285522461e+00
-2.172554731369018555e+00
-2.349381208419799805e+00
-1.811907052993774414e+00
-3.409932374954223633e+00
-3.241621017456054688e+00
-2.883262634277343750e+00
-1.788650870323181152e+00
-2.373811483383178711e+00
-2.091349124908447266e+00
-1.984581708908081055e+00
-1.730728507041931152e+00
-3.286385059356689453e+00
-2.382007837295532227e+00
-2.138684272766113281e+00
-2.923527240753173828e+00
-3.160242557525634766e+00
-2.848646879196166992e+00
-3.065084934234619141e+00
-2.705865621566772461e+00
-2.538860797882080078e+00
-3.232964754104614258e+00
-2.729250907897949219e+00
-2.042200803756713867e+00
-3.164341211318969727e+00
-1.257108926773071289e+00
-1.683547854423522949e+00
-3.225897789001464844e+00
-2.772625923156738281e+00
-1.145079374313354492e+00
-2.310038089752197266e+00
-1.538110852241516113e+00
-1.827365040779113770e+00
-1.794643759727478027e+00
-3.359084367752075195e+00
-3.156726837158203125e+00
-1.438219547271728516e+00
-1.982421278953552246e+00
-3.293215036392211914e+00
-1.842270612716674805e+00
-1.633045792579650879e+00
-2.593685865402221680e+00
-2.657778739929199219e+00
-2.633129596710205078e+00
-2.506566762924194336e+00
-3.609256267547607422e+00
-3.369724750518798828e+00
-1.792530894279479980e+00
-2.351561546325683594e+00
-2.085420370101928711e+00
-2.259947299957275391e+00
-1.897504806518554688e+00
-3.229377746582031250e+00
-2.405899524688720703e+00
-1.554415702819824219e+00
-2.209260940551757812e+00
-2.896444201469421387e-01
-2.043483972549438477e+00
-2.800874233245849609e+00
-3.051376581192016602e+00
-2.707040786743164062e+00
-2.401099443435668945e+00
-2.892222166061401367e+00
-2.844920635223388672e+00
-1.094451427459716797e+00
-2.361730575561523438e+00
-3.256226778030395508e+00
-2.112057209014892578e+00
-3.085737705230712891e+00
-2.792575836181640625e+00
-1.030105233192443848e+00
-3.325772047042846680e+00
-9.512089490890502930e-01
-8.048421740531921387e-01
-2.503881931304931641e+00
-3.265685558319091797e+00
-2.451402902603149414e+00
-2.626108646392822266e+00
-2.093968391418457031e+00
-3.731370866298675537e-01
-1.978558421134948730e+00
-2.936975002288818359e+00
-3.174432516098022461e+00
-1.109308719635009766e+00
-3.119755744934082031e+00
-2.367696046829223633e+00
-2.878342866897583008e+00
-2.476253986358642578e+00
-1.909516215324401855e+00
-2.043037891387939453e+00
-2.587450742721557617e+00
-2.487150192260742188e+00
-2.122134685516357422e+00
-3.831280469894409180e-01
-2.626601219177246094e+00
-2.021371364593505859e+00
-2.973516225814819336e+00
-2.572137117385864258e+00
-3.040676355361938477e+00
-3.143001317977905273e+00
-5.806720256805419922e-01
-1.649121522903442383e+00
-3.774346411228179932e-01
-2.528942823410034180e+00
-2.405114173889160156e+00
-1.849117755889892578e+00
-1.904785156250000000e+00
-1.954849481582641602e+00
-3.114837408065795898e+00
-1.562294363975524902e+00
-2.884040355682373047e+00
-5.504561662673950195e-01
-2.868262767791748047e+00
-2.096761703491210938e+00
-2.056341409683227539e+00
-9.311889410018920898e-01
-1.781602978706359863e+00
-2.995610713958740234e+00
-2.516443014144897461e+00
-2.779368877410888672e+00
-2.502197027206420898e+00
-2.633876562118530273e+00
-1.773871898651123047e+00
-2.087956190109252930e+00
-3.000789165496826172e+00
-2.603427171707153320e+00
-2.690172672271728516e+00
-1.998909711837768555e+00
-8.600934743881225586e-01
-2.127866983413696289e+00
-2.040252208709716797e+00
-2.487684249877929688e+00
-2.792337179183959961e+00
-3.326898574829101562e+00
-2.252000093460083008e+00
-2.748743772506713867e+00
-2.865202665328979492e+00
-8.439228534698486328e-01
-2.576135158538818359e+00
-2.872727870941162109e+00
-2.200308084487915039e+00
-2.717185258865356445e+00
-2.077195882797241211e+00
-1.936781644821166992e+00
-1.721475124359130859e+00
-2.550876855850219727e+00
-2.339134693145751953e+00
-2.712793111801147461e+00
-2.922229051589965820e+00
-1.902551174163818359e+00
-6.124294400215148926e-01
-2.493394851684570312e+00
-2.148293018341064453e+00
-1.259897112846374512e+00
-9.348738193511962891e-01
-1.895641803741455078e+00
-2.564961910247802734e+00
-3.229685544967651367e+00
-3.157721519470214844e+00
-1.750695228576660156e+00
-1.879872560501098633e+00
-1.080442667007446289e+00
-3.578707933425903320e+00
-2.775884389877319336e+00
-1.189353227615356445e+00
-1.836225986480712891e+00
-3.453431367874145508e+00
-3.577507972717285156e+00
-2.477248907089233398e+00
-2.262202978134155273e+00
-2.072364568710327148e+00
-2.875862836837768555e+00
-2.055536746978759766e+00
-8.860793113708496094e-01
-2.026123285293579102e+00
-3.042398452758789062e+00
-1.549769997596740723e+00
-2.660049438476562500e+00
-2.137755155563354492e+00
-2.277456045150756836e+00
-3.015259027481079102e+00
-6.633487939834594727e-01
-2.439118146896362305e+00
-1.964348793029785156e+00
-3.039548873901367188e+00
-1.909266114234924316e+00
-2.957818984985351562e+00
-3.206835508346557617e+00
-1.833163857460021973e+00
-2.071747332811355591e-01
-2.618103981018066406e+00
-2.542175054550170898e+00
-2.157250404357910156e+00
-1.365854144096374512e+00
-2.257418870925903320e+00
-9.941501617431640625e-01
-1.925790071487426758e+00
-1.633314490318298340e+00
-2.934715270996093750e+00
-1.953240752220153809e+00
-2.510707616806030273e+00
-1.621878981590270996e+00
-2.763365507125854492e+00
-1.043805837631225586e+00
-1.993243932723999023e+00
-1.760787844657897949e+00
-8.849554657936096191e-01
-3.202802419662475586e+00
-2.348597049713134766e+00
-3.003712654113769531e+00
-2.975121259689331055e+00
-1.329284071922302246e+00
-2.623272657394409180e+00
-1.726893305778503418e+00
-1.749843001365661621e+00
-2.227924585342407227e+00
-3.121705770492553711e+00
-1.889600157737731934e+00
-1.472086906433105469e+00
-1.510403394699096680e+00
-2.786275863647460938e+00
-1.316321969032287598e+00
-2.079519271850585938e+00
-2.794253826141357422e+00
-5.997971892356872559e-01
-2.000007867813110352e+00
-1.586169481277465820e+00
-2.017582893371582031e+00
-2.736831903457641602e+00
-3.075610399246215820e+00
-2.822467088699340820e+00
-2.307961225509643555e+00
-1.079835534095764160e+00
-2.619165420532226562e+00
-1.473542690277099609e+00
-1.971016645431518555e+00
-2.671575546264648438e+00
-2.156658649444580078e+00
-3.065725326538085938e+00
-1.700131416320800781e+00
-2.380633115768432617e+00
-2.165782451629638672e+00
-3.105873465538024902e-01
-2.273323297500610352e+00
-2.165879487991333008e+00
-2.261484861373901367e+00
-2.556094884872436523e+00
-2.680947303771972656e+00
-1.288652420043945312e+00
-3.378557443618774414e+00
-2.175355434417724609e+00
-8.875531554222106934e-01
-2.517384290695190430e+00
-8.925844430923461914e-01
-1.001546382904052734e+00
-1.264289736747741699e+00
-3.225146055221557617e+00
-3.041970014572143555e+00
-2.830582618713378906e+00
-2.450897693634033203e+00
-3.328961849212646484e+00
-1.234295964241027832e+00
-1.837078690528869629e+00
-2.087018251419067383e+00
-2.637185811996459961e+00
-2.135578870773315430e+00
-2.596898794174194336e+00
-3.185920953750610352e+00
-2.684602975845336914e+00
-3.078226089477539062e+00
-2.237981081008911133e+00
-1.529341340065002441e+00
-2.078538417816162109e+00
-2.984370470046997070e+00
-2.973495483398437500e+00
-3.464507102966308594e+00
-2.367113113403320312e+00
-2.736986637115478516e+00
-2.701725482940673828e+00
-1.714392185211181641e+00
-2.002918720245361328e+00
-1.996392607688903809e+00
-2.065066814422607422e+00
-1.102316737174987793e+00
-2.632266044616699219e+00
-1.699465632438659668e+00
-2.217670917510986328e+00
-2.501136541366577148e+00
-2.792006492614746094e+00
-2.230486154556274414e+00
-1.948827624320983887e+00
-2.731402873992919922e+00
-1.345293283462524414e+00
-1.907863974571228027e+00
-1.792778611183166504e+00
-2.300637722015380859e+00
-2.065895318984985352e+00
-1.102787852287292480e+00
-1.884256124496459961e+00
-1.909814834594726562e+00
-2.812438249588012695e+00
-2.938807487487792969e+00
-2.000101804733276367e+00
-1.430584669113159180e+00
-1.331316947937011719e+00
-2.949801445007324219e+00
-2.092808723449707031e+00
-9.019845128059387207e-01
-2.521961688995361328e+00
-3.200036287307739258e+00
-3.217830657958984375e+00
-8.711518049240112305e-01
-3.099179506301879883e+00
-2.394875764846801758e+00
-1.488913536071777344e+00
-1.725331306457519531e+00
-3.273319005966186523e+00
-2.665274143218994141e+00
-2.534786462783813477e+00
-2.046105146408081055e+00
-2.884371995925903320e+00
-3.532811701297760010e-01
-2.750350952148437500e+00
-3.447984218597412109e+00
-3.068670272827148438e+00
-2.544014930725097656e+00
-1.358344674110412598e+00
-2.211832761764526367e+00
-3.090288639068603516e+00
-1.679702043533325195e+00
-2.392784357070922852e+00
-2.485881805419921875e+00
-2.366115093231201172e+00
-2.704615592956542969e+00
-2.142011165618896484e+00
-7.517837285995483398e-01
-2.985867500305175781e+00
-2.558688163757324219e+00
-1.916627883911132812e-01
-3.036574602127075195e+00
-2.549871206283569336e+00
-9.029127955436706543e-01
-1.959879398345947266e+00
-2.497153997421264648e+00
-1.781370401382446289e+00
-3.243486881256103516e+00
-2.596033573150634766e+00
-2.500766038894653320e+00
-2.168829202651977539e+00
-2.910255908966064453e+00
-2.817056655883789062e+00
-1.416494011878967285e+00
-2.182942628860473633e+00
-2.560469150543212891e+00
-2.284345388412475586e+00
-1.681377530097961426e+00
-2.434901952743530273e+00
-3.078235149383544922e+00
-1.409771084785461426e+00
-3.229878902435302734e+00
-3.114964485168457031e+00
-1.768532156944274902e+00
-1.512410342693328857e-01
-2.138608455657958984e+00
-1.514323711395263672e+00
-1.592899322509765625e+00
-2.937998533248901367e+00
-3.223214387893676758e+00
-3.250313043594360352e+00
-5.233407616615295410e-01
-2.804427862167358398e+00
-2.999029636383056641e+00
-2.344296932220458984e+00
-2.741212606430053711e+00
-8.646175265312194824e-01
-3.140682935714721680e+00
-2.832622051239013672e+00
-3.163910388946533203e+00
-4.248786866664886475e-01
-2.123496294021606445e+00
-2.624508857727050781e+00
-2.091590881347656250e+00
-3.040722608566284180e+00
-1.974042177200317383e+00
-1.710485577583312988e+00
-2.656151533126831055e+00
-1.775273561477661133e+00
-2.179377079010009766e+00
-2.433668136596679688e+00
-8.390439748764038086e-01
-2.545030355453491211e+00
-2.856352329254150391e+00
-2.778722286224365234e+00
-2.121128797531127930e+00
-1.810845017433166504e+00
-2.524422168731689453e+00
-3.233173370361328125e+00
-2.241318464279174805e+00
-3.108776092529296875e+00
-1.423175692558288574e+00
-2.695756196975708008e+00
-1.137585997581481934e+00
-3.109033823013305664e+00
-2.116279602050781250e+00
-2.153406858444213867e+00
-2.312351703643798828e+00
-2.624082088470458984e+00
-2.960339784622192383e+00
-2.636856794357299805e+00
-2.946088314056396484e+00
-2.711893081665039062e+00
-3.203906774520874023e+00
-2.680178403854370117e+00
-2.909508705139160156e+00
-1.303202152252197266e+00
-3.269456148147583008e+00
-3.246594429016113281e+00
-2.298987209796905518e-01
-1.313917279243469238e+00
-2.063446998596191406e+00
-1.981143116950988770e+00
-2.138620853424072266e+00
-2.547136545181274414e+00
-1.518439054489135742e+00
-3.122879266738891602e+00
-3.088353872299194336e+00
-2.563563585281372070e+00
-3.151529073715209961e+00
-2.730847835540771484e+00
-9.503798484802246094e-01
-2.383916378021240234e+00
-2.046519756317138672e+00
-2.673471689224243164e+00
-2.740498065948486328e+00
-2.908695697784423828e+00
-2.461812734603881836e+00
-1.676209926605224609e+00
-7.175140976905822754e-01
-1.134280443191528320e+00
-2.668945312500000000e+00
-2.091333389282226562e+00
-2.617250442504882812e+00
-2.824022293090820312e+00
-3.168891668319702148e+00
-1.975142598152160645e+00
-1.010250806808471680e+00
-1.650009155273437500e+00
-2.100316047668457031e+00
-1.538310408592224121e+00
-2.074576616287231445e+00
-2.907146215438842773e+00
-1.705782055854797363e+00
-3.324007511138916016e+00
-2.157974720001220703e+00
-2.527656316757202148e+00
-1.355052709579467773e+00
-1.640385389328002930e+00
-8.281617164611816406e-01
-1.975702524185180664e+00
-2.090897798538208008e+00
-2.250776290893554688e+00
-3.185421705245971680e+00
-1.997530937194824219e+00
-2.326853990554809570e+00
-2.124142885208129883e+00
-2.312800645828247070e+00
-1.007317066192626953e+00
-7.440574169158935547e-01
-2.362288713455200195e+00
-2.964856386184692383e+00
-2.010513782501220703e+00
-2.293948650360107422e+00
-2.702089548110961914e+00
-3.263845682144165039e+00
-8.845363259315490723e-01
-3.118622779846191406e+00
-1.335275530815124512e+00
-3.151223897933959961e+00
-2.760991096496582031e+00
-2.650908231735229492e+00
-2.920994758605957031e+00
-4.323806762695312500e-01
-1.923938751220703125e+00
-2.680753231048583984e+00
-2.305510520935058594e+00
-1.939644932746887207e+00
-2.217202901840209961e+00
-2.436578035354614258e+00
-1.605757474899291992e+00
-1.359285116195678711e+00
-1.442451715469360352e+00
-1.964191317558288574e+00
-2.059061050415039062e+00
-1.761677384376525879e+00
-2.039335489273071289e+00
-3.034861803054809570e+00
-1.363886952400207520e+00
-2.793181180953979492e+00
-3.305648326873779297e+00
-3.176253080368041992e+00
-2.039881706237792969e+00
-1.625946283340454102e+00
-3.220921516418457031e+00
-2.503690242767333984e+00
-2.520583391189575195e+00
-3.156182527542114258e+00
-2.260258436203002930e+00
-9.332361221313476562e-01
-2.089639186859130859e+00
-2.149417877197265625e+00
-3.321040391921997070e+00
-2.294674873352050781e+00
-2.581464052200317383e+00
-3.539475202560424805e+00
-1.833950638771057129e+00
-2.753353595733642578e+00
-1.590169787406921387e+00
-2.639270305633544922e+00
-3.062990665435791016e+00
-2.277813673019409180e+00
-2.769431352615356445e+00
-3.279947280883789062e+00
-1.329379558563232422e+00
-3.270939111709594727e+00
-1.715124368667602539e+00
-2.794393777847290039e+00
-1.129572510719299316e+00
-2.386238813400268555e+00
-1.778819680213928223e+00
-2.375927209854125977e+00
-3.244834899902343750e+00
-3.177956819534301758e+00
-2.047232866287231445e+00
-2.322635650634765625e+00
-2.374934196472167969e+00
-7.321935892105102539e-01
-2.883877754211425781e+00
-1.819442510604858398e+00
-2.148546934127807617e+00
-2.556108951568603516e+00
-1.808108687400817871e+00
-2.419089794158935547e+00
-2.307171821594238281e+00
-2.567577838897705078e+00
-2.664818286895751953e+00
-3.429807662963867188e+00
-2.577975511550903320e+00
-1.147940635681152344e+00
-2.908466339111328125e+00
-2.755352497100830078e+00
-9.319347739219665527e-01
-3.109669208526611328e+00
-2.913318634033203125e+00
-2.504801988601684570e+00
-2.596929550170898438e+00
-2.645801544189453125e+00
-1.854078412055969238e+00
-7.597110271453857422e-01
-1.271553516387939453e+00
-8.506885766983032227e-01
-2.200558423995971680e+00
-1.808257460594177246e+00
-2.610601186752319336e+00
-3.210112333297729492e+00
-1.759871840476989746e+00
-2.393240451812744141e+00
-2.509881973266601562e+00
-2.101519107818603516e+00
-2.287099838256835938e+00
-3.492506980895996094e+00
-1.928142905235290527e+00
-1.742954730987548828e+00
-2.380769729614257812e+00
-1.867973566055297852e+00
-2.486176252365112305e+00
-3.259021282196044922e+00
-2.318377494812011719e+00
-1.797759413719177246e+00
-2.832841396331787109e+00
-3.238893508911132812e+00
-1.868930935859680176e+00
-2.680695295333862305e+00
-1.415885329246520996e+00
-1.323767423629760742e+00
-2.396472692489624023e+00
-1.838398694992065430e+00
-2.387086868286132812e+00
-1.646300792694091797e+00
-2.540103197097778320e+00
-2.767725467681884766e+00
-4.510772526264190674e-01
-2.364190578460693359e+00
-1.903517842292785645e+00
-2.935134172439575195e+00
-2.579082727432250977e+00
-2.280690431594848633e+00
-2.472736597061157227e+00
-3.009229421615600586e+00
-2.676214456558227539e+00
-1.863787770271301270e+00
-3.151448011398315430e+00
-9.122595787048339844e-01
-2.922640562057495117e+00
-2.080196619033813477e+00
-8.216378092765808105e-01
-2.870962142944335938e+00
-2.672726392745971680e+00
-2.157863378524780273e+00
-1.283056855201721191e+00
-2.710094213485717773e+00
-3.667419672012329102e+00
-2.620170831680297852e+00
-1.173148036003112793e+00
-3.045249462127685547e+00
-2.077169418334960938e+00
-2.890513896942138672e+00
-1.964921593666076660e+00
-2.503538846969604492e+00
-2.904790878295898438e+00
-2.335961103439331055e+00
-2.508137702941894531e+00
-3.330622911453247070e+00
-3.099865674972534180e+00
-3.180502176284790039e+00
-2.868390083312988281e+00
-2.848939418792724609e+00
-1.936006546020507812e+00
-7.389652132987976074e-01
-2.493716239929199219e+00
-2.287885665893554688e+00
-1.575889825820922852e+00
-1.433750629425048828e+00
-2.237871170043945312e+00
-2.939164876937866211e+00
-3.172940969467163086e+00
-3.160000085830688477e+00
-3.086291790008544922e+00
-1.918524146080017090e+00
-2.494612693786621094e+00
-2.486516237258911133e+00
-1.190383791923522949e+00
-2.298006772994995117e+00
-2.815539598464965820e+00
-2.222720146179199219e+00
-1.129989385604858398e+00
-2.155756950378417969e+00
-2.171041965484619141e+00
-2.214679241180419922e+00
-1.488702893257141113e+00
-2.173987627029418945e+00
-1.964880824089050293e+00
-2.111613035202026367e+00
-2.400787353515625000e+00
-2.451451539993286133e+00
-1.627539038658142090e+00
-5.196456909179687500e-01
-2.970108747482299805e+00
-1.773536801338195801e+00
-3.120370388031005859e+00
-2.356565952301025391e+00
-2.201123714447021484e+00
-5.861450433731079102e-01
-2.002519369125366211e+00
-1.536740899085998535e+00
-2.031919717788696289e+00
-1.848095536231994629e+00
-2.762391805648803711e+00
-1.803834676742553711e+00
-2.400627851486206055e+00
-2.847362756729125977e+00
-2.253453493118286133e+00
-2.224924325942993164e+00
-2.503421068191528320e+00
-3.345506906509399414e+00
-1.177935361862182617e+00
-1.959852576255798340e+00
-2.525173902511596680e+00
-3.165798425674438477e+00
-3.120549201965332031e+00
-2.532023429870605469e+00
-1.890734434127807617e+00
-8.060953617095947266e-01
-2.182613611221313477e+00
-6.314980983734130859e-01
-2.266888618469238281e+00
-1.318161249160766602e+00
-2.670462369918823242e+00
-3.103120565414428711e+00
-2.335817813873291016e+00
-2.608546972274780273e+00
-2.188507795333862305e+00
-1.619269371032714844e+00
-3.424827337265014648e+00
-1.929836988449096680e+00
-2.210357904434204102e+00
-2.575194597244262695e+00
-2.019495487213134766e+00
-2.759499549865722656e+00
-3.647428274154663086e+00
-3.319460391998291016e+00
-3.413712263107299805e+00
-2.642557859420776367e+00
-3.427565336227416992e+00
-1.890027642250061035e+00
-2.228702545166015625e+00
-2.804342031478881836e+00
-2.303389787673950195e+00
-2.092820167541503906e+00
-2.189023017883300781e+00
-3.037451267242431641e+00
-2.704824686050415039e+00
-1.783853292465209961e+00
-2.429975032806396484e+00
-3.160848140716552734e+00
-2.306216001510620117e+00
-3.002355337142944336e+00
-2.957727432250976562e+00
-6.490077823400497437e-02
-3.396363735198974609e+00
-1.825357913970947266e+00
-1.355204701423645020e+00
-2.048710584640502930e+00
-2.361196517944335938e+00
-1.861454725265502930e+00
-3.143584012985229492e+00
-1.635387182235717773e+00
-1.873336911201477051e+00
-2.892119407653808594e+00
-3.011770963668823242e+00
-2.768930912017822266e+00
-1.731117486953735352e+00
-3.349482059478759766e+00
-3.232548236846923828e+00
-2.494160652160644531e+00
-3.445409297943115234e+00
-1.427101731300354004e+00
-3.176777362823486328e+00
-2.415753364562988281e+00
-3.102339982986450195e+00
-2.629041194915771484e+00
-1.927627682685852051e+00
-8.744666576385498047e-01
-3.435894489288330078e+00
-1.731515765190124512e+00
-1.888365268707275391e+00
-1.669189333915710449e+00
-2.813516855239868164e+00
-2.554584741592407227e+00
-2.181277036666870117e+00
-7.593454718589782715e-01
-1.769450187683105469e+00
-3.041000127792358398e+00
-3.174571752548217773e+00
-6.828682422637939453e-01
-2.657250881195068359e+00
-1.676081538200378418e+00
-3.029492139816284180e+00
-1.430574536323547363e+00
-1.969281792640686035e+00
-7.298819422721862793e-01
-1.197935104370117188e+00
-3.397405624389648438e+00
-2.601761341094970703e+00
-1.696653366088867188e+00
-2.449629545211791992e+00
-2.419489860534667969e+00
-3.366358518600463867e+00
-3.124897003173828125e+00
-2.910232305526733398e+00
-1.888668775558471680e+00
-1.861956119537353516e+00
-3.212011814117431641e+00
-2.506357192993164062e+00
-3.391674280166625977e+00
-1.129111409187316895e+00
-3.182411670684814453e+00
-1.579099535942077637e+00
-2.653609991073608398e+00
-8.805265426635742188e-01
-1.322980642318725586e+00
-2.996246814727783203e+00
-3.004157304763793945e+00
-3.110673666000366211e+00
-2.264310598373413086e+00
-3.174165964126586914e+00
-9.829369187355041504e-01
-3.341751575469970703e+00
-2.359249353408813477e+00
-3.083218812942504883e+00
-1.352480530738830566e+00
-2.626330852508544922e+00
-1.775229454040527344e+00
-1.205008268356323242e+00
-9.412249326705932617e-01
-1.810222864151000977e+00
-2.904726505279541016e+00
-2.570712804794311523e+00
-2.217865705490112305e+00
-3.155843019485473633e+00
-2.061202764511108398e+00
-1.339047431945800781e+00
-2.389347076416015625e+00
-2.471439123153686523e+00
-2.020918846130371094e+00
-1.876451492309570312e+00
-2.897442817687988281e+00
-3.381530523300170898e+00
-2.070364952087402344e+00
-1.759165167808532715e+00
-1.579450130462646484e+00
-2.682580471038818359e+00
-1.601193904876708984e+00
-2.502447128295898438e+00
-3.061574459075927734e+00
-2.121355533599853516e+00
-2.542247056961059570e+00
-3.427382230758666992e+00
-2.372647285461425781e+00
-2.475861072540283203e+00
-2.006384372711181641e+00
-2.729546546936035156e+00
-2.866186141967773438e+00
-2.836321830749511719e+00
-3.423772096633911133e+00
-2.821739435195922852e+00
-2.898028135299682617e+00
-2.847941875457763672e+00
-3.568296909332275391e+00
-2.964923858642578125e+00
-2.206763982772827148e+00
-1.620133399963378906e+00
-2.383977174758911133e+00
-3.064129829406738281e+00
-1.915173172950744629e+00
-1.908498525619506836e+00
-3.212293386459350586e+00
-3.519636392593383789e+00
-3.127929925918579102e+00
-3.541261196136474609e+00
-2.984254837036132812e+00
-2.206399917602539062e+00
-2.236698865890502930e+00
-7.545617818832397461e-01
-1.780004620552062988e+00
-3.824470996856689453e+00
-1.928978443145751953e+00
-2.427535772323608398e+00
-3.547204971313476562e+00
-2.982579946517944336e+00
-2.666903734207153320e+00
-3.566650152206420898e+00
-2.728956699371337891e+00
-2.000850439071655273e+00
-3.060442924499511719e+00
-3.475823640823364258e+00
-1.647163033485412598e+00
-3.326243877410888672e+00
-9.253273606300354004e-01
-3.350638389587402344e+00
-3.195353269577026367e+00
-3.570773601531982422e+00
-1.461506128311157227e+00
-1.818837881088256836e+00
-3.037251472473144531e+00
-1.438443899154663086e+00
-1.357553839683532715e+00
-1.358597755432128906e+00
-2.819663047790527344e+00
-1.497000098228454590e+00
-2.677550077438354492e+00
-2.810481071472167969e+00
-1.104424357414245605e+00
-1.780600190162658691e+00
-2.350335359573364258e+00
-1.058526515960693359e+00
-2.502250671386718750e+00
-1.447743654251098633e+00
-2.348282337188720703e+00
-1.553946495056152344e+00
-1.989601850509643555e+00
-2.607658147811889648e+00
-1.845486402511596680e+00
-2.169287681579589844e+00
-2.365934610366821289e+00
-1.974308609962463379e+00
-1.421546339988708496e+00
-6.640661954879760742e-01
-1.456923007965087891e+00
-1.638664722442626953e+00
-1.235193371772766113e+00
-1.087650895118713379e+00
-2.291450023651123047e+00
-2.796554088592529297e+00
-2.406672716140747070e+00
-2.151135206222534180e+00
-2.153814554214477539e+00
-1.622815608978271484e+00
-1.463366746902465820e+00
-1.365188360214233398e+00
1.781493276357650757e-01
-2.473076820373535156e+00
-2.303632020950317383e+00
-2.447199583053588867e+00
-1.358506560325622559e+00
-1.642901062965393066e+00
-1.940518736839294434e+00
-1.569247007369995117e+00
-2.128443717956542969e+00
-2.328126907348632812e+00
-3.256479501724243164e+00
-3.386022806167602539e+00
-1.622031927108764648e+00
-2.495296478271484375e+00
-2.367829322814941406e+00
-2.938779592514038086e+00
-1.960051178932189941e+00
-2.928754329681396484e+00
-1.184861183166503906e+00
-1.135423779487609863e+00
-3.072969913482666016e+00
-2.019139766693115234e+00
-3.079622983932495117e+00
-2.345573902130126953e+00
-2.482543468475341797e+00
-1.790497303009033203e-01
-3.350154876708984375e+00
-2.504018545150756836e+00
-1.606789708137512207e+00
-2.980109930038452148e+00
-2.927150249481201172e+00
-2.927687168121337891e+00
-8.953475952148437500e-01
-2.390520095825195312e+00
-2.649663209915161133e+00
-1.362587213516235352e+00
-3.145587921142578125e+00
-2.935345888137817383e+00
-2.572361230850219727e+00
-1.678729534149169922e+00
-1.711242079734802246e+00
-2.796540737152099609e+00
-2.579590320587158203e+00
-3.312111139297485352e+00
-1.290231943130493164e+00
-1.614343523979187012e+00
-3.081756353378295898e+00
-1.887163162231445312e+00
-2.627337455749511719e+00
-2.523975133895874023e+00
-2.105301141738891602e+00
-3.484190464019775391e+00
-3.896234273910522461e+00
-9.563357830047607422e-01
-1.907933712005615234e+00
-2.773138046264648438e+00
-3.079955816268920898e+00
-2.531106710433959961e+00
-2.513811349868774414e+00
-1.376716971397399902e+00
-1.445202946662902832e+00
-1.955900192260742188e+00
-2.987143039703369141e+00
-9.166832566261291504e-01
-1.699000597000122070e+00
-2.219048500061035156e+00
-2.922853231430053711e+00
-3.360395193099975586e+00
-1.588356971740722656e+00
-2.941956758499145508e+00
-3.432916998863220215e-01
-8.189518451690673828e-01
-3.049071788787841797e+00
-1.978760242462158203e+00
-1.448007822036743164e+00
-2.423506736755371094e+00
-2.663072347640991211e+00
-1.774369835853576660e+00
-2.072740077972412109e+00
-1.915676236152648926e+00
-1.979131817817687988e+00
-3.119905710220336914e+00
-2.210141420364379883e+00
-2.276925086975097656e+00
-2.492752552032470703e+00
-1.883525729179382324e+00
-1.588859081268310547e+00
-2.679854631423950195e+00
-2.803157567977905273e+00
-2.374060630798339844e+00
-2.254238843917846680e+00
-1.616742849349975586e+00
-1.866347312927246094e+00
-1.737360835075378418e+00
-1.513784050941467285e+00
-2.817929506301879883e+00
-2.851813793182373047e+00
-2.249483346939086914e+00
-2.607036352157592773e+00
-1.749756932258605957e+00
-2.850307703018188477e+00
-9.779052138328552246e-01
-2.476650476455688477e+00
-2.642133712768554688e+00
-1.976594686508178711e+00
-5.201690793037414551e-01
-1.900384783744812012e+00
-2.259620666503906250e+00
-2.862086057662963867e+00
-2.920410394668579102e+00
-6.170087456703186035e-01
-1.682401657104492188e+00
-1.642323970794677734e+00
-1.636039137840270996e+00
-2.976064682006835938e+00
-2.161248207092285156e+00
-2.161537408828735352e+00
-1.945895791053771973e+00
-2.338222503662109375e+00
-3.147101879119873047e+00
-1.852457642555236816e+00
-1.930288910865783691e+00
-2.410563707351684570e+00
-2.971478700637817383e+00
-1.178093552589416504e+00
-1.774547457695007324e+00
-2.998121500015258789e+00
-2.879430532455444336e+00
-2.216944456100463867e+00
-1.787552833557128906e+00
-2.037739276885986328e+00
-3.325066089630126953e+00
-2.698027133941650391e+00
-2.993417978286743164e+00
-2.317990303039550781e+00
-1.954748511314392090e+00
-2.234299659729003906e+00
-3.180897712707519531e+00
-2.811400651931762695e+00
-1.832719087600708008e+00
-6.378061771392822266e-01
-3.085590124130249023e+00
-2.336423873901367188e+00
-1.442727446556091309e+00
-2.806252002716064453e+00
-2.666437149047851562e+00
-2.447285890579223633e+00
-2.479326486587524414e+00
-2.269827574491500854e-01
-3.278289079666137695e+00
-1.719524979591369629e+00
-2.957244873046875000e+00
-2.394152164459228516e+00
-8.884242177009582520e-01
-8.268027305603027344e-01
-1.923385858535766602e+00
-2.582837820053100586e+00
-2.107332944869995117e+00
-1.093263268470764160e+00
-2.629131078720092773e+00
-8.849561214447021484e-01
-1.729880094528198242e+00
-8.021887540817260742e-01
-2.845912933349609375e+00
-3.120792627334594727e+00
-2.471884250640869141e+00
-3.058604955673217773e+00
-1.601057291030883789e+00
-9.933696389198303223e-01
-1.161195993423461914e+00
-2.716108560562133789e+00
-2.991790771484375000e+00
-2.028985500335693359e+00
-1.655967235565185547e+00
-2.406923055648803711e+00
-2.404010057449340820e+00
-2.073963642120361328e+00
-2.934001445770263672e+00
-2.024131059646606445e+00
-9.921556711196899414e-01
-2.390685558319091797e+00
-2.182779073715209961e+00
-1.317934870719909668e+00
-1.911370635032653809e+00
-2.783453464508056641e+00
-3.211434602737426758e+00
-2.066464900970458984e+00
-2.376510858535766602e+00
-3.458616495132446289e+00
-1.758330821990966797e+00
-1.924417972564697266e+00
-2.386913061141967773e+00
-3.376905679702758789e+00
-2.481462717056274414e+00
-2.704922199249267578e+00
-8.401539325714111328e-01
-3.402990818023681641e+00
-3.580702066421508789e+00
-1.690176963806152344e+00
-2.450102329254150391e+00
-2.517698764801025391e+00
-1.733593344688415527e+00
-3.027726888656616211e+00
-2.065796136856079102e+00
-2.889539241790771484e+00
-1.037637948989868164e+00
-3.142696619033813477e+00
-1.296055555343627930e+00
-2.793940544128417969e+00
-1.322396755218505859e+00
-2.746092319488525391e+00
-2.662684679031372070e+00
-3.145337820053100586e+00
-3.273096323013305664e+00
-1.808414936065673828e+00
-1.658827424049377441e+00
-2.653147220611572266e+00
-1.431511640548706055e+00
-1.873681783676147461e+00
-1.932153105735778809e+00
-1.374836325645446777e+00
-9.778970479965209961e-01
-1.710337281227111816e+00
-2.182514667510986328e+00
-2.373518705368041992e+00
-1.855547308921813965e+00
-7.979379892349243164e-01
-2.461196660995483398e+00
-1.681349515914916992e+00
-1.810579657554626465e+00
-1.248014807701110840e+00
-2.255716323852539062e+00
-2.414932966232299805e+00
-2.034145355224609375e+00
-2.889615535736083984e+00
-2.419026613235473633e+00
-1.648014068603515625e+00
-2.763548612594604492e+00
-4.346213936805725098e-01
-9.398490786552429199e-01
-1.574081659317016602e+00
-1.796122550964355469e+00
-7.071092128753662109e-01
-1.092730879783630371e+00
-1.721050620079040527e+00
-1.535767912864685059e+00
-2.184678554534912109e+00
-2.413661956787109375e+00
-1.754570603370666504e+00
-2.033722698688507080e-01
-9.079881906509399414e-01
-2.130767107009887695e+00
-2.656715869903564453e+00
-3.821642398834228516e-01
-7.131863832473754883e-01
-1.393886208534240723e+00
-2.117644548416137695e+00
-1.201389193534851074e+00
-2.613646030426025391e+00
-2.540605545043945312e+00
-1.137015581130981445e+00
-2.378698825836181641e+00
-1.601392626762390137e+00
-3.275930643081665039e+00
-2.893589973449707031e+00
-1.824431419372558594e+00
-2.229203701019287109e+00
-2.596210956573486328e+00
-2.632728815078735352e+00
-2.868560552597045898e+00
-3.255835294723510742e+00
-2.931433916091918945e+00
-7.615957260131835938e-01
-2.758407354354858398e+00
-2.571568250656127930e+00
-1.751433134078979492e+00
-1.950112581253051758e+00
-8.950089812278747559e-01
-2.463219881057739258e+00
-1.868678212165832520e+00
-1.947541475296020508e+00
-1.648206710815429688e+00
-2.540649414062500000e+00
-2.045302152633666992e+00
-2.332248687744140625e+00
-1.711252689361572266e+00
-2.015587806701660156e+00
-2.854060411453247070e+00
-1.816467523574829102e+00
-1.768302321434020996e+00
-1.659813284873962402e+00
-2.473773241043090820e+00
-1.015820622444152832e+00
-1.782966375350952148e+00
-2.559320688247680664e+00
-3.164952278137207031e+00
-9.108895659446716309e-01
-2.838578939437866211e+00
-1.411694645881652832e+00
-2.139626741409301758e+00
-1.162735819816589355e+00
-2.850809097290039062e+00
-2.550078630447387695e+00
-2.996866226196289062e+00
-1.986609339714050293e+00
-1.489591360092163086e+00
-1.329251885414123535e+00
-3.059836626052856445e+00
-3.470260620117187500e+00
-1.201250195503234863e+00
-1.049171566963195801e+00
-2.610885858535766602e+00
-1.037584662437438965e+00
-1.975073456764221191e+00
-3.107167243957519531e+00
-3.163310289382934570e+00
-3.316549301147460938e+00
-3.029564619064331055e+00
-2.397794961929321289e+00
-1.896739363670349121e+00
-2.444988250732421875e+00
-2.977386951446533203e+00
-2.931812763214111328e+00
-1.729797244071960449e+00
-2.087072372436523438e+00
-2.699158668518066406e+00
-1.562518715858459473e+00
-1.688218116760253906e+00
-2.672307014465332031e+00
-1.600629568099975586e+00
-1.738105773925781250e+00
-1.074294090270996094e+00
-1.043879866600036621e+00
-2.807642936706542969e+00
-1.369699954986572266e+00
-1.577844381332397461e+00
-2.254681825637817383e+00
-1.844323158264160156e+00
-2.673262834548950195e+00
-1.755453348159790039e+00
-8.781229257583618164e-01
-2.897685527801513672e+00
-2.460403680801391602e+00
-2.521765470504760742e+00
-2.080064058303833008e+00
-1.150625348091125488e+00
-1.733344316482543945e+00
-1.640991926193237305e+00
-8.428966999053955078e-01
-2.663394451141357422e+00
-1.201163411140441895e+00
-1.588922739028930664e+00
-1.579538464546203613e+00
-2.005367994308471680e+00
9.809422492980957031e-02
-9.618232846260070801e-01
-9.424105286598205566e-01
-8.047516942024230957e-01
-1.384609699249267578e+00
-1.345494985580444336e+00
-8.976101875305175781e-01
-2.040118694305419922e+00
-2.444531917572021484e+00
-9.746076464653015137e-01
-1.168508529663085938e+00
-1.171913385391235352e+00
-1.231936812400817871e+00
-2.024087429046630859e+00
-1.508182287216186523e+00
-2.743785858154296875e+00
-1.652155995368957520e+00
-1.804950356483459473e+00
-1.770394563674926758e+00
-2.367952585220336914e+00
-9.398640394210815430e-01
-6.784278750419616699e-01
-8.697307109832763672e-01
-1.426405191421508789e+00
-1.968895673751831055e+00
-1.201749444007873535e+00
-1.816398262977600098e+00
-1.163437128067016602e+00
-8.348606824874877930e-01
-1.518381834030151367e+00
-2.319859027862548828e+00
-4.149688482284545898e-01
-1.827901721000671387e+00
-2.003663063049316406e+00
-1.484082937240600586e+00
-1.332883358001708984e+00
-1.286536335945129395e+00
-2.255514383316040039e+00
-1.727663159370422363e+00
-1.855048298835754395e+00
-3.353277921676635742e+00
-1.887971162796020508e+00
-1.648480176925659180e+00
-1.638938426971435547e+00
-1.951771140098571777e+00
-1.122310876846313477e+00
-1.036925554275512695e+00
-2.042196512222290039e+00
-1.070989847183227539e+00
-2.345875024795532227e+00
-8.355296850204467773e-01
-1.902901053428649902e+00
-2.797570466995239258e+00
-1.417384028434753418e+00
-9.200515151023864746e-01
-2.159712553024291992e+00
-2.119700193405151367e+00
-1.183064579963684082e+00
-1.588657736778259277e+00
-2.409273386001586914e+00
-1.486986994743347168e+00
-1.645853877067565918e+00
-6.546924710273742676e-01
-1.990455746650695801e+00
-2.155990839004516602e+00
-2.813742637634277344e+00
-2.310226440429687500e+00
-2.222652673721313477e+00
-3.228261172771453857e-01
-1.532447934150695801e+00
-2.391638010740280151e-01
-1.432785153388977051e+00
-8.007771372795104980e-01
-1.851537346839904785e+00
-1.240202426910400391e+00
-1.158786296844482422e+00
-1.523714900016784668e+00
-2.350586891174316406e+00
-2.105657815933227539e+00
-4.656392633914947510e-01
-9.497388601303100586e-01
-1.563814640045166016e+00
-1.589130878448486328e+00
-9.760083556175231934e-01
-2.311746835708618164e+00
-9.257079958915710449e-01
-1.869277358055114746e+00
-7.007004618644714355e-01
-1.672333359718322754e+00
-2.340347051620483398e+00
-2.683086395263671875e+00
-1.988692283630371094e+00
-2.679043769836425781e+00
-2.305287122726440430e+00
-2.368987321853637695e+00
-4.092466235160827637e-01
-6.041662693023681641e-01
-1.906175732612609863e+00
-2.628967046737670898e+00
-2.607470750808715820e+00
-2.768100976943969727e+00
-2.549208879470825195e+00
-1.699591398239135742e+00
2.210167795419692993e-01
-2.672291755676269531e+00
-1.131333947181701660e+00
-1.935785651206970215e+00
-2.951514959335327148e+00
-7.256163954734802246e-01
-6.221410632133483887e-01
-2.461795568466186523e+00
-1.194262981414794922e+00
-2.869579792022705078e+00
-1.555547237396240234e+00
-2.491521358489990234e+00
-2.000649690628051758e+00
-2.774555921554565430e+00
-1.930023908615112305e+00
-1.730097174644470215e+00
-1.549149513244628906e+00
-1.738389134407043457e+00
-2.359430313110351562e+00
-1.653984785079956055e+00
-6.043665409088134766e-01
-2.039304971694946289e+00
-7.493800520896911621e-01
-2.514836311340332031e+00
-2.598452568054199219e+00
-2.186051368713378906e+00
-1.991305351257324219e+00
-1.219011664390563965e+00
-1.083226203918457031e+00
-2.169872999191284180e+00
-2.358853340148925781e+00
-1.538550853729248047e+00
-2.050164699554443359e+00
-1.449523329734802246e+00
-2.247275114059448242e+00
-2.210409164428710938e+00
-1.952579498291015625e+00
-2.501190900802612305e-01
-1.269919633865356445e+00
-1.823481440544128418e+00
-1.710912704467773438e+00
-6.912688016891479492e-01
-2.080002546310424805e+00
-2.574759244918823242e+00
-2.167022228240966797e+00
-2.678493738174438477e+00
-2.039871454238891602e+00
-2.806151866912841797e+00
-2.744856119155883789e+00
1.127030849456787109e-01
-1.683390021324157715e+00
-1.445967197418212891e+00
-2.312079668045043945e+00
-2.429155826568603516e+00
-2.170804977416992188e+00
-2.010191202163696289e+00
-2.772116184234619141e+00
-2.348853826522827148e+00
-1.559358358383178711e+00
-1.297796130180358887e+00
-2.220099925994873047e+00
-1.900449156761169434e+00
-2.011142253875732422e+00
-2.498590230941772461e+00
-1.478402137756347656e+00
-6.364169120788574219e-01
-2.218976020812988281e+00
-1.886520385742187500e+00
-1.631076335906982422e+00
-1.384911298751831055e+00
-1.087898969650268555e+00
-2.142085552215576172e+00
-1.368586540222167969e+00
-1.453265309333801270e+00
-1.630509257316589355e+00
-2.788550615310668945e+00
-1.945165038108825684e+00
-1.490000486373901367e+00
-6.311327219009399414e-01
-2.247035980224609375e+00
-1.552433609962463379e+00
-2.245061159133911133e+00
-1.905722975730895996e+00
-1.681396603584289551e+00
-1.819715499877929688e+00
-1.583883404731750488e+00
-1.509086847305297852e+00
-1.203190922737121582e+00
-2.073006629943847656e+00
-1.196856856346130371e+00
-2.609380722045898438e+00
-1.188263297080993652e+00
-1.895877122879028320e+00
-5.288048386573791504e-01
-4.859479367733001709e-01
-3.041679263114929199e-01
-2.136664867401123047e+00
-2.424856424331665039e-01
-1.609504222869873047e+00
-1.521511554718017578e+00
-1.937359571456909180e+00
-2.413228750228881836e+00
-6.799617409706115723e-01
-1.922800302505493164e+00
-1.910998463630676270e+00
-2.300672054290771484e+00
-8.131208419799804688e-01
-1.742429852485656738e+00
-2.668650865554809570e+00
-3.259108304977416992e+00
-2.284413814544677734e+00
-1.088336706161499023e+00
-4.207102954387664795e-01
-2.488932371139526367e+00
-1.650562405586242676e+00
-2.364938259124755859e+00
-1.371822357177734375e+00
-1.284925580024719238e+00
-2.022782802581787109e+00
-2.846120119094848633e+00
-1.994444012641906738e+00
-1.567691445350646973e+00
-3.340673923492431641e+00
-2.268100023269653320e+00
-1.639396667480468750e+00
-8.851492404937744141e-01
-4.808173775672912598e-01
-2.554344177246093750e+00
-1.904844164848327637e+00
-2.029133319854736328e+00
-1.691382288932800293e+00
-2.291318655014038086e+00
-2.426416873931884766e+00
-2.442867755889892578e+00
-2.245274543762207031e+00
-2.547771215438842773e+00
-1.919804096221923828e+00
-1.980077862739562988e+00
-2.027471303939819336e+00
-7.971361875534057617e-01
-1.759139180183410645e+00
-2.037553071975708008e+00
-2.009563446044921875e+00
-2.836110115051269531e+00
-8.918133378028869629e-01
-2.524334192276000977e+00
-1.153890371322631836e+00
-1.748033761978149414e+00
-1.143803119659423828e+00
-2.284446954727172852e+00
-2.177957296371459961e+00
-1.367551922798156738e+00
-2.202140808105468750e+00
-2.976030588150024414e+00
-2.896042585372924805e+00
-6.232789754867553711e-01
-1.746513128280639648e+00
-1.153161168098449707e+00
-9.753100275993347168e-01
-2.147667884826660156e+00
-1.829665184020996094e+00
-1.623787760734558105e+00
-1.396730899810791016e+00
-1.911481976509094238e+00
-1.777900815010070801e+00
-9.769794940948486328e-01
-2.586643695831298828e+00
-3.072649240493774414e+00
-1.266725182533264160e+00
-2.193330049514770508e+00
-1.479094743728637695e+00
-1.772848725318908691e+00
-2.586241960525512695e+00
-2.021301031112670898e+00
-2.331169843673706055e+00
-1.953688979148864746e+00
-2.291262626647949219e+00
-2.375711202621459961e+00
-2.909495592117309570e+00
-1.805636644363403320e+00
-1.611165285110473633e+00
-1.350875616073608398e+00
-1.835083484649658203e+00
-8.141165375709533691e-01
-6.969224810600280762e-01
-1.183518409729003906e+00
-2.144947528839111328e+00
-1.383741021156311035e+00
-1.010644197463989258e+00
-2.692916154861450195e+00
-1.907717108726501465e+00
-1.678138256072998047e+00
-2.897103071212768555e+00
-2.216992229223251343e-01
-1.400555253028869629e+00
-3.350265741348266602e+00
-2.371011018753051758e+00
-1.854230046272277832e+00
-1.139367222785949707e+00
-1.804318666458129883e+00
-2.610702037811279297e+00
-7.455543875694274902e-01
-1.485391855239868164e+00
-2.157609462738037109e+00
-1.301810860633850098e+00
-2.104661464691162109e+00
-1.468741774559020996e+00
-1.377834081649780273e+00
-2.607979774475097656e+00
-2.628003597259521484e+00
-1.467425227165222168e+00
-1.391240715980529785e+00
-9.839388132095336914e-01
-1.289235353469848633e+00
-1.497801303863525391e+00
-1.373872399330139160e+00
-2.371561825275421143e-01
-3.199753999710083008e+00
-2.186050653457641602e+00
-2.333310365676879883e+00
-1.802156209945678711e+00
-7.446257472038269043e-01
-2.006799459457397461e+00
-1.172418475151062012e+00
-1.885646730661392212e-01
-1.494902133941650391e+00
-3.234632492065429688e+00
-8.477068543434143066e-01
-1.098057508468627930e+00
-9.038103818893432617e-01
-2.039978742599487305e+00
-2.335063457489013672e+00
-1.426941633224487305e+00
-2.119207382202148438e+00
-2.641999006271362305e+00
-2.816149950027465820e+00
-3.136554241180419922e+00
-2.331491947174072266e+00
-2.931653976440429688e+00
-2.077152967453002930e+00
-2.582036733627319336e+00
-3.073750257492065430e+00
-1.305901527404785156e+00
-2.582748651504516602e+00
-1.012574791908264160e+00
-2.041773319244384766e+00
-2.137397289276123047e+00
-2.675396203994750977e+00
-1.756861090660095215e+00
-2.759428262710571289e+00
-2.537240505218505859e+00
-2.246042966842651367e+00
-2.093672275543212891e+00
-1.224017977714538574e+00
-2.165718555450439453e+00
-7.699355483055114746e-01
-2.418590784072875977e+00
-1.069788694381713867e+00
-2.912822008132934570e+00
-3.520479917526245117e+00
-1.315999031066894531e+00
-1.705213308334350586e+00
-3.406111478805541992e+00
-1.833397865295410156e+00
-2.722984075546264648e+00
-1.589538097381591797e+00
-3.124935865402221680e+00
-2.857042312622070312e+00
-2.589393377304077148e+00
-6.219305396080017090e-01
-1.208379745483398438e+00
-2.832148075103759766e+00
-1.229248642921447754e+00
-2.245404005050659180e+00
-3.905736505985260010e-01
-2.154541254043579102e+00
-2.113454103469848633e+00
-2.740278720855712891e+00
-1.449509143829345703e+00
-8.810971379280090332e-01
-1.628060936927795410e+00
-2.499744892120361328e+00
-3.497747659683227539e+00
-1.093927621841430664e+00
-1.361014127731323242e+00
-2.635199785232543945e+00
-2.954380512237548828e+00
-1.582013845443725586e+00
-1.348134160041809082e+00
-2.128267288208007812e+00
-1.222459673881530762e+00
-6.148820519447326660e-01
-1.794906377792358398e+00
-2.272789955139160156e+00
-2.083731651306152344e+00
-1.744466304779052734e+00
-1.462504625320434570e+00
-2.319102525711059570e+00
-2.056412696838378906e+00
-1.748374938964843750e+00
-1.863552451133728027e+00
-9.175140261650085449e-01
-1.063222050666809082e+00
-2.271985530853271484e+00
-1.714685201644897461e+00
-2.614026308059692383e+00
-1.260598301887512207e+00
-2.460549622774124146e-01
-2.147903442382812500e+00
-1.639130949974060059e+00
-1.067105054855346680e+00
-2.292471647262573242e+00
-2.508938312530517578e+00
-2.852409839630126953e+00
-3.472798347473144531e+00
-2.037249326705932617e+00
-2.003422021865844727e+00
-1.682545661926269531e+00
-1.067420125007629395e+00
-2.258943319320678711e+00
-2.519585609436035156e+00
-1.236717820167541504e+00
-2.461750030517578125e+00
-1.265853285789489746e+00
-4.001877009868621826e-01
-2.776868104934692383e+00
-1.782379627227783203e+00
-2.222649097442626953e+00
-2.527558803558349609e+00
-1.703893065452575684e+00
-2.291155338287353516e+00
-5.434983968734741211e-01
-8.441966176033020020e-01
-1.103250026702880859e+00
-1.892467498779296875e+00
-2.478123456239700317e-01
-1.406046152114868164e+00
-1.041154980659484863e+00
-1.969492554664611816e+00
-1.057408928871154785e+00
-1.357550024986267090e+00
-1.969987869262695312e+00
-1.600124239921569824e+00
-2.341415584087371826e-01
-1.391173958778381348e+00
-1.973336100578308105e+00
-2.538758039474487305e+00
-1.038563251495361328e+00
-1.420210599899291992e-01
-2.333711147308349609e+00
-2.653656959533691406e+00
-2.357027053833007812e+00
-7.822773456573486328e-01
-9.711381196975708008e-01
-2.429355859756469727e+00
-1.425173163414001465e+00
-1.114556193351745605e+00
-1.358681082725524902e+00
-1.119317293167114258e+00
-2.551073789596557617e+00
-1.840372562408447266e+00
-1.298944234848022461e+00
-1.850133776664733887e+00
-1.809509396553039551e+00
-9.478410482406616211e-01
-1.891482949256896973e+00
-1.468952298164367676e+00
-3.397904396057128906e+00
-8.914493322372436523e-01
-3.557719469070434570e+00
-6.078169345855712891e-01
-2.794526576995849609e+00
-1.935651183128356934e+00
-1.506838202476501465e+00
-1.735249757766723633e+00
-3.021207809448242188e+00
-3.015956163406372070e+00
-5.791619420051574707e-01
-2.161314725875854492e+00
-2.296770572662353516e+00
-2.448284387588500977e+00
-9.825196862220764160e-01
-1.300897479057312012e+00
-2.156595945358276367e+00
-9.045133590698242188e-01
-2.243710994720458984e+00
-3.311427116394042969e+00
-5.342985987663269043e-01
-8.465151786804199219e-01
-1.148382425308227539e+00
-1.229139804840087891e+00
-2.200321912765502930e+00
-2.307063102722167969e+00
2.283590100705623627e-02
-4.908403754234313965e-01
-2.798065900802612305e+00
-1.998279571533203125e+00
-3.188297271728515625e+00
-2.628480195999145508e+00
-1.749194979667663574e+00
-1.851870179176330566e+00
-1.334859490394592285e+00
-1.755532860755920410e+00
-2.843554258346557617e+00
-1.548066973686218262e+00
-1.071925163269042969e+00
-1.895606398582458496e+00
-2.542096138000488281e+00
-1.874404788017272949e+00
-1.712219357490539551e+00
-2.342291116714477539e+00
-2.725513458251953125e+00
-3.210851430892944336e+00
-2.316184997558593750e+00
-1.564769387245178223e+00
-2.350160598754882812e+00
-2.150420904159545898e+00
-2.639445781707763672e+00
-1.505557894706726074e+00
-3.073721170425415039e+00
-2.257028341293334961e+00
-7.368734478950500488e-01
-2.187211513519287109e+00
-1.813228011131286621e+00
-1.892472147941589355e+00
-2.433614253997802734e+00
-7.562113404273986816e-01
-2.217419385910034180e+00
-2.264664649963378906e+00
-2.540906906127929688e+00
-1.551736831665039062e+00
-3.884901404380798340e-01
-1.795713901519775391e+00
-1.892586827278137207e+00
-1.297485709190368652e+00
-1.148606061935424805e+00
-1.655448555946350098e+00
-2.011712312698364258e+00
-6.671060919761657715e-01
-2.575900316238403320e+00
-1.913393616676330566e+00
-2.162236690521240234e+00
-5.438293814659118652e-01
-1.527454257011413574e+00
-1.402315974235534668e+00
-1.773687481880187988e+00
-2.379961252212524414e+00
-2.512957572937011719e+00
-2.498513936996459961e+00
-2.366758584976196289e+00
-1.012567281723022461e+00
-3.093764305114746094e+00
-1.318518400192260742e+00
-2.789294004440307617e+00
-1.557796597480773926e+00
-1.451386451721191406e+00
-1.497900366783142090e+00
-2.539418220520019531e+00
-1.485910177230834961e+00
-1.822337627410888672e+00
-8.033701181411743164e-01
-1.546295404434204102e+00
-1.133829355239868164e+00
-1.528375864028930664e+00
-1.456085205078125000e+00
-1.658423781394958496e+00
-1.877884864807128906e+00
-6.231396794319152832e-01
-1.873646974563598633e+00
-1.178848266601562500e+00
-3.024981737136840820e+00
-5.499497056007385254e-01
-2.359772682189941406e+00
-2.076192855834960938e+00
-3.230520248413085938e+00
-2.287589788436889648e+00
-2.192160844802856445e+00
-1.245050787925720215e+00
-3.545799493789672852e+00
-3.037245273590087891e+00
-1.365580320358276367e+00
-2.825906753540039062e+00
-1.659053921699523926e+00
-8.593424558639526367e-01
-2.301466226577758789e+00
-1.495109796524047852e+00
-1.892070770263671875e+00
-1.507670760154724121e+00
-3.021901369094848633e+00
-2.577067136764526367e+00
-1.435847759246826172e+00
-2.160212516784667969e+00
-2.486171483993530273e+00
-2.097397565841674805e+00
-1.955108284950256348e+00
-1.097329616546630859e+00
-2.502187013626098633e+00
-2.203678607940673828e+00
-2.090939998626708984e+00
-2.848381996154785156e+00
-6.618975996971130371e-01
-1.972135066986083984e+00
-2.409011840820312500e+00
-2.623762369155883789e+00
-2.423157215118408203e+00
-1.614089965820312500e+00
-2.535480499267578125e+00
-1.852175593376159668e+00
-1.927250146865844727e+00
-8.235466480255126953e-01
-7.083374261856079102e-01
-2.016767501831054688e+00
-3.460856199264526367e+00
-2.277851104736328125e+00
-1.297484755516052246e+00
-2.177225589752197266e+00
-2.247541666030883789e+00
-2.954279184341430664e+00
-2.869177579879760742e+00
-1.302072286605834961e+00
-6.309460997581481934e-01
-2.890106439590454102e+00
-2.262951374053955078e+00
-2.773386001586914062e+00
-2.934585332870483398e+00
-2.419307470321655273e+00
-1.245837688446044922e+00
-2.140768051147460938e+00
-1.782773852348327637e+00
-2.448516130447387695e+00
-2.853946924209594727e+00
-1.152087092399597168e+00
-1.526292204856872559e+00
-1.513093948364257812e+00
-2.214398384094238281e+00
-2.697888135910034180e+00
-2.176726102828979492e+00
-2.505558013916015625e+00
-2.666698932647705078e+00
-1.670843243598937988e+00
-1.596439123153686523e+00
-2.116482019424438477e+00
-2.330152034759521484e+00
-2.750496864318847656e+00
-2.096323490142822266e+00
-2.546867847442626953e+00
-2.324510812759399414e+00
-2.323170423507690430e+00
-1.892465949058532715e+00
-1.841854929924011230e+00
-9.147888422012329102e-01
-1.729486823081970215e+00
-1.505791783332824707e+00
-2.914431571960449219e+00
-9.975904226303100586e-01
-1.975704550743103027e+00
-2.673054456710815430e+00
-2.549763441085815430e+00
-3.032035589218139648e+00
-2.086962461471557617e+00
-6.492491960525512695e-01
-1.275466203689575195e+00
-3.137839794158935547e+00
-3.318451166152954102e+00
-1.086830735206604004e+00
-8.552803397178649902e-01
-2.328402757644653320e+00
-2.931932687759399414e+00
-1.673197269439697266e+00
-2.052690982818603516e+00
-1.933948755264282227e+00
-9.834040999412536621e-01
-1.859436511993408203e+00
-3.489417433738708496e-01
-1.402563095092773438e+00
-2.642643451690673828e+00
-1.354044318199157715e+00
-2.183552503585815430e+00
-2.077481746673583984e+00
-2.456115961074829102e+00
-1.841836929321289062e+00
-1.812018156051635742e+00
-2.670194864273071289e+00
-7.282710671424865723e-01
-9.174994826316833496e-01
-1.358879685401916504e+00
-1.952338457107543945e+00
-2.614448785781860352e+00
-2.118902921676635742e+00
-3.606975376605987549e-01
-2.902322530746459961e+00
-1.575868248939514160e+00
-2.426523685455322266e+00
-2.228088378906250000e+00
1.625044494867324829e-01
-3.170085191726684570e+00
-1.716645956039428711e+00
-3.817733824253082275e-01
-3.434524059295654297e+00
-6.532543897628784180e-01
-1.769913315773010254e+00
-1.724795460700988770e+00
-1.686924338340759277e+00
-2.086160421371459961e+00
-1.172720670700073242e+00
-2.050679445266723633e+00
-2.169901371002197266e+00
-1.824643373489379883e+00
-2.307886123657226562e+00
-9.107303619384765625e-01
-1.821698188781738281e+00
-2.335036993026733398e+00
-2.425501108169555664e+00
-2.795715332031250000e+00
-7.764027714729309082e-01
-2.729062438011169434e-01
-2.160581499338150024e-01
-2.033486604690551758e+00
-2.096500158309936523e+00
1.617721170186996460e-01
-9.101678729057312012e-01
-2.189953565597534180e+00
-3.016843557357788086e+00
-7.060012221336364746e-01
-1.449124217033386230e+00
-1.693076252937316895e+00
-2.023196935653686523e+00
-1.277003169059753418e+00
-1.695367932319641113e+00
-2.309128522872924805e+00
-1.275191783905029297e+00
-1.703359931707382202e-01
-1.050067901611328125e+00
-2.614341735839843750e+00
-9.587903022766113281e-01
-8.988413214683532715e-01
-1.159671545028686523e+00
-7.090775966644287109e-01
-3.911225795745849609e-01
-1.145516633987426758e+00
-1.993919134140014648e+00
-8.070993423461914062e-01
-1.245339870452880859e+00
-2.142308473587036133e+00
-1.110899925231933594e+00
-2.436507463455200195e+00
-1.401986837387084961e+00
-5.239577218890190125e-02
-1.314493060111999512e+00
-1.537000536918640137e+00
-1.659115076065063477e+00
-1.477473616600036621e+00
-1.660049557685852051e+00
-1.052667617797851562e+00
-1.002903342247009277e+00
-1.322887778282165527e+00
-1.811895489692687988e+00
-1.472460031509399414e+00
-5.902721881866455078e-01
-1.123302340507507324e+00
4.268393516540527344e-01
-9.729309082031250000e-01
-2.244937658309936523e+00
-7.618482708930969238e-01
-1.798106551170349121e+00
-1.071042656898498535e+00
-1.588758587837219238e+00
-2.565997123718261719e+00
-1.155015707015991211e+00
-2.555277109146118164e+00
-1.245146155357360840e+00
-2.165008544921875000e+00
-1.625113844871520996e+00
-3.330597400665283203e+00
-1.296707987785339355e+00
-1.064460635185241699e+00
-9.842631220817565918e-01
-6.843127012252807617e-01
-2.048655986785888672e+00
-1.046646595001220703e+00
-1.098554253578186035e+00
-7.023024559020996094e-01
-2.066824436187744141e+00
-1.868460536003112793e+00
-1.459718465805053711e+00
-9.618021249771118164e-01
-2.205367088317871094e+00
-1.941347241401672363e+00
-1.919149875640869141e+00
-1.025005936622619629e+00
-9.318011403083801270e-01
-1.953813910484313965e+00
-2.177567243576049805e+00
-2.393709272146224976e-01
-2.226508617401123047e+00
-1.419078588485717773e+00
-1.646518468856811523e+00
-2.929234027862548828e+00
-2.339601039886474609e+00
-2.548049926757812500e+00
-2.145910024642944336e+00
-2.117455005645751953e+00
-1.705323934555053711e+00
-4.589450061321258545e-01
-3.402759313583374023e+00
-2.327314376831054688e+00
-2.051743030548095703e+00
-1.932704448699951172e+00
-1.713080286979675293e+00
-1.645820856094360352e+00
-1.721306562423706055e+00
-9.650967717170715332e-01
-2.163645744323730469e+00
-2.497119307518005371e-01
-8.193777203559875488e-01
-1.728451997041702271e-01
-1.460143446922302246e+00
-1.583394527435302734e+00
-1.382042288780212402e+00
-2.441146850585937500e+00
-3.168619394302368164e+00
-2.217423677444458008e+00
-3.697124481201171875e+00
-2.345757961273193359e+00
-1.333775281906127930e+00
-7.824647426605224609e-01
-2.187725782394409180e+00
-8.967334032058715820e-01
-3.380758047103881836e+00
-1.756330966949462891e+00
-1.562887907028198242e+00
-1.395602226257324219e+00
-1.548617959022521973e+00
-1.681127905845642090e+00
-1.827864170074462891e+00
-1.393655300140380859e+00
-1.633747458457946777e+00
-2.454533815383911133e+00
-9.155348539352416992e-01
-2.674108505249023438e+00
-1.816219091415405273e-01
-2.172070264816284180e+00
-3.152585625648498535e-01
-1.322544574737548828e+00
-1.055854797363281250e+00
-1.512228369712829590e+00
-2.485712289810180664e+00
-1.965345501899719238e+00
-2.053074836730957031e+00
-9.619740843772888184e-01
-2.736546039581298828e+00
-1.894671678543090820e+00
-1.336742997169494629e+00
-1.643459677696228027e+00
-1.690461516380310059e+00
-1.452869057655334473e+00
-2.197282552719116211e+00
1.784381270408630371e-01
3.161014020442962646e-01
-1.368008732795715332e+00
-2.134559392929077148e+00
-1.015018939971923828e+00
-1.857888817787170410e+00
-1.883610486984252930e+00
-2.744544267654418945e+00
-2.312525272369384766e+00
-2.782655000686645508e+00
-2.098004579544067383e+00
-1.916471362113952637e+00
-2.699869632720947266e+00
-1.721448898315429688e+00
-1.987361192703247070e+00
-2.735957145690917969e+00
-1.293741583824157715e+00
-1.638501644134521484e+00
-2.676748037338256836e+00
-2.311893463134765625e+00
-1.041778445243835449e+00
-1.712068319320678711e+00
-3.353337764739990234e+00
-2.029129028320312500e+00
-4.840442836284637451e-01
-1.855264663696289062e+00
-1.985969305038452148e+00
-2.538223266601562500e-01
-3.039198875427246094e+00
-2.664051055908203125e+00
-2.780092239379882812e+00
-1.026907801628112793e+00
-1.695269942283630371e+00
1.292594373226165771e-01
-1.175490617752075195e+00
-2.400516986846923828e+00
-2.439812421798706055e-01
-1.126866817474365234e+00
3.375746011734008789e-01
-2.576665639877319336e+00
-2.845490217208862305e+00
-1.734177947044372559e+00
-1.170438766479492188e+00
-2.486768007278442383e+00
-2.122383594512939453e+00
-1.983630776405334473e+00
-1.389292240142822266e+00
-1.170433998107910156e+00
-1.712995052337646484e+00
-7.127907872200012207e-01
-2.436601877212524414e+00
-1.342417240142822266e+00
-2.035237073898315430e+00
-1.917839527130126953e+00
-1.426858305931091309e+00
-9.217770695686340332e-01
-2.453866720199584961e+00
-3.123714447021484375e+00
-2.661069393157958984e+00
-1.460672020912170410e+00
-2.252792596817016602e+00
-1.516837120056152344e+00
-1.143445134162902832e+00
-2.618380069732666016e+00
-1.320505380630493164e+00
-2.636522531509399414e+00
-2.951692581176757812e+00
-2.377948760986328125e+00
-1.502767205238342285e+00
-1.472985625267028809e+00
-2.312774658203125000e+00
-2.695572137832641602e+00
-1.206560730934143066e+00
-6.992201209068298340e-01
1.467193961143493652e-01
-4.789212346076965332e-01
-2.708626985549926758e+00
-2.169376611709594727e+00
-2.330800533294677734e+00
-4.716550111770629883e-01
-2.384784698486328125e+00
-2.297141313552856445e+00
-1.591337203979492188e+00
-2.573013544082641602e+00
-2.422950983047485352e+00
-1.256554365158081055e+00
-1.789074897766113281e+00
-2.026250123977661133e+00
-1.805202245712280273e+00
-2.529525756835937500e+00
-2.338670015335083008e+00
-4.517253041267395020e-01
-1.781146526336669922e+00
-2.699306726455688477e+00
-2.320209980010986328e+00
-2.717746973037719727e+00
-3.500772953033447266e+00
-3.498770713806152344e+00
-7.972854375839233398e-01
-2.563125610351562500e+00
-2.058234691619873047e+00
-2.307500839233398438e+00
-1.181909084320068359e+00
-2.958986997604370117e+00
-2.190990447998046875e+00
-1.750520825386047363e+00
-1.053764581680297852e+00
-2.237119436264038086e+00
-1.388233304023742676e+00
-2.146508932113647461e+00
-8.119333386421203613e-01
-1.442265868186950684e+00
-1.788998842239379883e+00
-1.947979688644409180e+00
-2.799760818481445312e+00
-3.054647922515869141e+00
-8.492634296417236328e-01
-5.930960774421691895e-01
-1.308170795440673828e+00
-2.696602582931518555e+00
-7.561019659042358398e-01
-1.125559210777282715e+00
-3.015014886856079102e+00
-1.712770581245422363e+00
-2.243136167526245117e+00
-3.359968185424804688e+00
-1.844049572944641113e+00
-1.659916281700134277e+00
-2.471080303192138672e+00
-1.276442050933837891e+00
-2.492171049118041992e+00
-1.809605598449707031e+00
-1.439801812171936035e+00
-1.197812676429748535e+00
-1.613898873329162598e+00
-2.246568202972412109e+00
-2.619637966156005859e+00
-7.406117916107177734e-01
-1.468157649040222168e+00
-3.060104370117187500e+00
-1.236807227134704590e+00
-2.657865762710571289e+00
-2.310657978057861328e+00
-2.999528646469116211e+00
-1.157215595245361328e+00
-1.640129923820495605e+00
-2.071851968765258789e+00
-2.544631719589233398e+00
-1.552082061767578125e+00
-1.535459280014038086e+00
-1.709985375404357910e+00
-1.310437083244323730e+00
-2.809936046600341797e+00
-9.210435748100280762e-01
-2.000903367996215820e+00
-2.287393331527709961e+00
-1.564047694206237793e+00
-1.110317826271057129e+00
-1.509059309959411621e+00
-1.949636697769165039e+00
-1.789122581481933594e+00
-2.776698350906372070e+00
-4.486390948295593262e-01
-1.908111572265625000e+00
-1.088090062141418457e+00
-2.265100002288818359e+00
-9.004443287849426270e-01
-4.078866541385650635e-01
-1.604906558990478516e+00
-7.086755037307739258e-01
-3.066179275512695312e+00
-2.210649728775024414e+00
-1.101737141609191895e+00
-2.216951847076416016e+00
-1.472969889640808105e+00
-1.255068540573120117e+00
-7.558813095092773438e-01
-9.515648484230041504e-01
-2.522932291030883789e-01
-8.410606980323791504e-01
-1.528928041458129883e+00
-1.394961595535278320e+00
-2.273529767990112305e+00
-2.879007816314697266e+00
-2.443675518035888672e+00
-2.320066839456558228e-01
-1.983647942543029785e+00
-2.059044122695922852e+00
-8.663313984870910645e-01
-2.476226806640625000e+00
-2.418987512588500977e+00
-2.315665483474731445e+00
-2.550691843032836914e+00
-1.206479549407958984e+00
-9.881057143211364746e-01
-1.565851569175720215e+00
-1.826343894004821777e+00
-1.111170768737792969e+00
-1.405798554420471191e+00
-2.445174455642700195e+00
-2.179754972457885742e+00
-2.961584806442260742e+00
-2.864498615264892578e+00
-9.767053723335266113e-01
-2.106573820114135742e+00
-7.554455846548080444e-02
-1.454216837882995605e+00
-1.389017105102539062e+00
-2.723381280899047852e+00
-3.772828340530395508e+00
-2.155503749847412109e+00
-1.600106358528137207e+00
-3.818911075592041016e+00
-3.232676982879638672e-01
-1.730022430419921875e+00
-1.741081118583679199e+00
-2.111483573913574219e+00
-8.648508191108703613e-01
-2.347174644470214844e+00
-3.755690097808837891e+00
-1.246331691741943359e+00
-1.912880301475524902e+00
-1.815798282623291016e+00
-1.871914982795715332e+00
-1.835611581802368164e+00
-1.759794354438781738e+00
-1.994086265563964844e+00
-2.161412000656127930e+00
-1.965193152427673340e+00
-3.221722126007080078e+00
-2.660278797149658203e+00
-1.506031870841979980e+00
-2.438331604003906250e+00
-2.402769804000854492e+00
-3.017742156982421875e+00
-1.964273929595947266e+00
-2.142288446426391602e+00
-4.838335216045379639e-01
-1.528431415557861328e+00
-3.069989979267120361e-01
-2.418723821640014648e+00
-2.083911657333374023e+00
-2.676506757736206055e+00
-2.540939331054687500e+00
-1.867935061454772949e+00
-2.535722732543945312e+00
-1.629440546035766602e+00
-2.664658546447753906e+00
-1.796276807785034180e+00
-6.336144208908081055e-01
-1.503665208816528320e+00
-1.175152659416198730e+00
-2.072341680526733398e+00
-3.556381940841674805e+00
-2.157184123992919922e+00
-1.598044514656066895e+00
-2.601445436477661133e+00
-2.105970382690429688e+00
-6.131379008293151855e-01
2.785691618919372559e-01
-5.656299591064453125e-01
-2.279860734939575195e+00
-2.038760185241699219e+00
-2.531442642211914062e-01
-2.370323181152343750e+00
-1.495662927627563477e+00
-2.582949161529541016e+00
-2.440152168273925781e+00
-1.811211585998535156e+00
-1.494493842124938965e+00
-3.183563232421875000e+00
-1.003358215093612671e-01
-1.316717863082885742e+00
-6.234523057937622070e-01
-2.422658443450927734e+00
-3.466383934020996094e+00
-2.520404100418090820e+00
-2.688028097152709961e+00
-2.300126552581787109e+00
-9.027654528617858887e-01
-2.444241523742675781e+00
-1.648133873939514160e+00
-1.647722482681274414e+00
-3.468050479888916016e+00
-2.389762163162231445e+00
-3.602511882781982422e+00
-1.772739410400390625e+00
-3.359551191329956055e+00
-3.538551807403564453e+00
-8.816641569137573242e-01
-1.556412458419799805e+00
-2.781859874725341797e+00
-3.155035018920898438e+00
-2.702305793762207031e+00
-3.032424688339233398e+00
-3.289777278900146484e+00
-2.448092699050903320e+00
-2.226213216781616211e+00
-2.674193382263183594e+00
-2.299280405044555664e+00
-1.517659664154052734e+00
-1.270660638809204102e+00
-1.060391068458557129e+00
-3.220398187637329102e+00
-1.347108364105224609e+00
-2.712085723876953125e+00
-3.168909072875976562e+00
-1.247021675109863281e+00
-2.474493741989135742e+00
-6.666654348373413086e-01
-1.496769785881042480e+00
-2.911321640014648438e+00
-2.292888641357421875e+00
-9.091253876686096191e-01
-1.837257146835327148e+00
-3.195825576782226562e+00
-1.747460722923278809e+00
-2.600242853164672852e+00
-9.126319289207458496e-01
-2.370505094528198242e+00
-2.071995973587036133e+00
-2.477798461914062500e+00
-8.527159094810485840e-01
-1.907491326332092285e+00
-1.024277567863464355e+00
-2.490991830825805664e+00
-3.037134647369384766e+00
-2.113682508468627930e+00
-2.020717144012451172e+00
-2.739300012588500977e+00
-2.919154167175292969e+00
-1.835724592208862305e+00
-2.494155168533325195e+00
-3.019627332687377930e-01
-2.658839225769042969e+00
-2.201856374740600586e+00
-2.791146993637084961e+00
-2.455476760864257812e+00
-2.295190811157226562e+00
-3.016679048538208008e+00
-1.385602355003356934e+00
-2.104322671890258789e+00
-8.709218502044677734e-01
-2.225250482559204102e+00
-2.899322271347045898e+00
-2.801503419876098633e+00
-2.018629074096679688e+00
-3.598684310913085938e+00
-2.907528162002563477e+00
-1.567260503768920898e+00
-2.192602157592773438e+00
-1.372198343276977539e+00
-1.934550642967224121e+00
-2.077706575393676758e+00
-2.543774843215942383e+00
-2.754148483276367188e+00
-3.371251106262207031e+00
-3.308826684951782227e+00
-2.200417280197143555e+00
-8.948139548301696777e-01
-2.463963508605957031e+00
-1.987755775451660156e+00
-2.898441553115844727e+00
-2.165369749069213867e+00
-2.033843517303466797e+00
-2.296478509902954102e+00
-2.726042032241821289e+00
-1.437082529067993164e+00
-2.600103378295898438e+00
-2.781752586364746094e+00
-2.387800455093383789e+00
-1.883458614349365234e+00
-2.668125391006469727e+00
-3.276231586933135986e-01
-2.410632371902465820e+00
-3.051873207092285156e+00
-1.251333832740783691e+00
-2.773659467697143555e+00
-2.125580787658691406e+00
-2.654603004455566406e+00
-1.296765804290771484e+00
-2.375122070312500000e+00
-1.797062873840332031e+00
-1.683469653129577637e+00
-1.670713543891906738e+00
-2.053265810012817383e+00
-1.666983127593994141e+00
-5.007614493370056152e-01
-2.268234014511108398e+00
-2.700387716293334961e+00
-2.739800691604614258e+00
-2.826542139053344727e+00
-2.325147628784179688e+00
-2.135260820388793945e+00
-2.579420328140258789e+00
-1.522583365440368652e+00
-1.150707006454467773e+00
-2.683310747146606445e+00
-1.571503639221191406e+00
-1.883518218994140625e+00
-1.342394113540649414e+00
-2.574011564254760742e+00
-2.228632211685180664e+00
-2.807328701019287109e+00
-6.788809895515441895e-01
-1.967099547386169434e+00
-1.734641313552856445e+00
-3.613116145133972168e-01
-2.180899381637573242e+00
-2.937269687652587891e+00
-3.333984851837158203e+00
-1.421740889549255371e+00
-2.088243007659912109e+00
-3.204267263412475586e+00
-2.070751667022705078e+00
-6.583323478698730469e-01
-9.144946932792663574e-01
-2.519332885742187500e+00
-3.345940828323364258e+00
-2.209769725799560547e+00
-2.593697071075439453e+00
-1.186367511749267578e+00
-1.096154451370239258e+00
-2.962479829788208008e+00
-3.467939853668212891e+00
-1.934065967798233032e-01
-1.913014531135559082e+00
-2.848442554473876953e+00
-1.891512870788574219e+00
-1.966304659843444824e+00
-1.871195554733276367e+00
-9.128172993659973145e-01
-3.228774309158325195e+00
-2.360432147979736328e+00
-2.415126323699951172e+00
-1.789125680923461914e+00
-2.279188394546508789e+00
-2.695168495178222656e+00
-1.734273552894592285e+00
-1.839261412620544434e+00
-2.593711853027343750e+00
-1.879380106925964355e+00
-2.407521247863769531e+00
-2.416175603866577148e+00
-2.021397829055786133e+00
-3.366316795349121094e+00
-2.698822736740112305e+00
-2.558890104293823242e+00
-2.519851446151733398e+00
-2.797485113143920898e+00
-5.253736972808837891e-01
-2.460270404815673828e+00
-3.246430873870849609e+00
-1.726051449775695801e+00
-2.343977451324462891e+00
-1.960409998893737793e+00
-3.554961442947387695e+00
-3.108591556549072266e+00
-3.223472595214843750e+00
-1.301852107048034668e+00
-1.735609412193298340e+00
-3.475311756134033203e+00
-3.648226976394653320e+00
-2.995461225509643555e+00
-1.945611357688903809e+00
-3.326393127441406250e+00
-2.479809999465942383e+00
-1.121006250381469727e+00
-2.134808540344238281e+00
-3.666182041168212891e+00
-2.266419172286987305e+00
-1.521105647087097168e+00
7.811381015926599503e-03
-2.651035547256469727e+00
-2.944716930389404297e+00
-1.224095940589904785e+00
-2.084848165512084961e+00
-2.710627555847167969e+00
-2.968985795974731445e+00
-2.978280305862426758e+00
-8.154849410057067871e-01
-3.387373924255371094e+00
-1.070294260978698730e+00
-3.035799741744995117e+00
-1.912804961204528809e+00
-3.966777622699737549e-01
-1.952597260475158691e+00
-9.981933832168579102e-01
-2.195315361022949219e+00
-3.004477500915527344e+00
-1.020892977714538574e+00
-2.070765018463134766e+00
-1.773241281509399414e+00
-2.607944488525390625e+00
-1.066868782043457031e+00
-5.025740265846252441e-01
-2.831420898437500000e+00
-2.710303783416748047e+00
-1.868990421295166016e+00
-2.292084932327270508e+00
-3.495742976665496826e-01
-1.977364420890808105e+00
-9.668538570404052734e-01
-3.336970090866088867e+00
-2.649688482284545898e+00
-1.345764040946960449e+00
-2.223920345306396484e+00
-1.255498766899108887e+00
-2.280173778533935547e+00
-2.608010292053222656e+00
-1.676028609275817871e+00
-2.555443048477172852e+00
-1.948888778686523438e+00
-2.695460081100463867e+00
-9.602736681699752808e-02
-1.133665561676025391e+00
-1.028997540473937988e+00
-2.580083131790161133e+00
-1.541707515716552734e+00
-1.926514387130737305e+00
-2.020097970962524414e+00
-3.404791116714477539e+00
-1.456545591354370117e+00
-2.397172927856445312e+00
-2.471217155456542969e+00
-1.939912080764770508e+00
-2.030171632766723633e+00
-1.410149812698364258e+00
-2.953380107879638672e+00
-2.129213333129882812e+00
5.362995341420173645e-02
-3.543669700622558594e+00
-1.368937373161315918e+00
-2.966351985931396484e+00
-9.120004177093505859e-01
-3.148105621337890625e+00
-1.660103559494018555e+00
-2.523589849472045898e+00
-2.142815351486206055e+00
-2.213645935058593750e+00
-1.757577776908874512e+00
-1.170209288597106934e+00
-2.362227201461791992e+00
-3.373261451721191406e+00
-2.715366125106811523e+00
-1.393583774566650391e+00
-9.623227119445800781e-01
-1.238013744354248047e+00
-2.186409950256347656e+00
-2.581451892852783203e+00
-1.728784203529357910e+00
-2.052765369415283203e+00
-9.161153435707092285e-01
-3.406957387924194336e+00
-1.497730374336242676e+00
-2.034882783889770508e+00
-1.566520094871520996e+00
-1.434301972389221191e+00
-9.449994564056396484e-01
-3.050658226013183594e+00
-2.643339157104492188e+00
-2.494829893112182617e+00
-6.999779939651489258e-01
-1.350685596466064453e+00
-1.630906820297241211e+00
-1.635819911956787109e+00
-2.097550153732299805e+00
-2.570437908172607422e+00
-1.704259157180786133e+00
-9.083299040794372559e-01
-1.253823995590209961e+00
-1.619150638580322266e+00
-2.599939584732055664e+00
-1.902005553245544434e+00
-1.252919435501098633e+00
-2.186052322387695312e+00
-3.245085239410400391e+00
-3.009347438812255859e+00
-1.635595321655273438e+00
-3.028143882751464844e+00
-1.831092715263366699e+00
-2.287048101425170898e+00
-6.492254734039306641e-01
-2.303402185440063477e+00
-3.530652046203613281e+00
-2.095809221267700195e+00
-6.820297241210937500e-01
-2.184378385543823242e+00
-3.076276063919067383e+00
-1.812570214271545410e+00
-1.460128664970397949e+00
-3.129462480545043945e+00
-2.662742614746093750e+00
-2.656739711761474609e+00
-1.482211947441101074e+00
-2.296236991882324219e+00
-2.269415378570556641e+00
-1.598200798034667969e+00
-2.197588682174682617e+00
-3.209051609039306641e+00
-2.476156711578369141e+00
-1.215527296066284180e+00
-1.195308208465576172e+00
-2.126572608947753906e+00
-1.375349521636962891e+00
-2.072931766510009766e+00
-1.882198810577392578e+00
-1.350491285324096680e+00
-1.557312607765197754e+00
-2.074712991714477539e+00
-1.587874770164489746e+00
-1.831144213676452637e+00
-3.277614355087280273e+00
-3.104073047637939453e+00
-2.681832551956176758e+00
-3.043442249298095703e+00
-1.681770324707031250e+00
-3.390730619430541992e+00
-1.714378356933593750e+00
-2.740827322006225586e+00
-3.286800861358642578e+00
-2.736613750457763672e+00
-3.127002000808715820e+00
-1.923432707786560059e+00
-2.366006612777709961e+00
-2.882889270782470703e+00
-1.142840623855590820e+00
-1.972842097282409668e+00
-1.850828528404235840e+00
-6.372246742248535156e-01
-2.617719411849975586e+00
-1.199421763420104980e+00
-2.110190153121948242e+00
-2.206398487091064453e+00
-1.370372176170349121e+00
-1.698545694351196289e+00
-1.658912062644958496e+00
-2.550067424774169922e+00
-1.769151806831359863e+00
-6.463383436203002930e-01
-3.164207935333251953e+00
-2.564018726348876953e+00
-1.923236608505249023e+00
-2.138314247131347656e+00
-9.751155376434326172e-01
-1.250995755195617676e+00
-1.306379437446594238e+00
-2.237813472747802734e+00
-2.300274372100830078e+00
-1.638801336288452148e+00
-9.154691100120544434e-01
-3.112718343734741211e+00
-3.144577026367187500e+00
-2.648974895477294922e+00
-8.814653754234313965e-01
-1.429136991500854492e+00
-1.204835772514343262e+00
-2.177860736846923828e+00
-1.313220858573913574e+00
-2.147232770919799805e+00
-9.568399786949157715e-01
-2.210389137268066406e+00
-2.376262903213500977e+00
-1.436828494071960449e+00
-2.808806657791137695e+00
-1.170731425285339355e+00
-1.348501682281494141e+00
-2.034480571746826172e+00
-1.895245671272277832e+00
-2.545315742492675781e+00
-1.794243693351745605e+00
-2.980564355850219727e+00
-2.234241008758544922e+00
-1.459595203399658203e+00
-5.211604833602905273e-01
-1.662527561187744141e+00
-2.966119050979614258e+00
-3.297667264938354492e+00
-1.460318446159362793e+00
-1.411751270294189453e+00
-2.199361801147460938e+00
-2.430955410003662109e+00
-1.318622350692749023e+00
-1.549641489982604980e+00
-9.856973886489868164e-01
-2.611240625381469727e+00
-2.125419139862060547e+00
-2.245766162872314453e+00
-2.335867404937744141e+00
-2.313698291778564453e+00
-1.976141333580017090e+00
-2.343468666076660156e+00
-2.274897098541259766e+00
-2.280442476272583008e+00
-2.365994691848754883e+00
-2.501109600067138672e+00
-2.212527036666870117e+00
-1.982161760330200195e+00
-1.553372144699096680e+00
-3.316310405731201172e+00
-2.864785909652709961e+00
-8.036516308784484863e-01
-2.128293752670288086e+00
-1.683810710906982422e+00
-3.399879693984985352e+00
-2.180558443069458008e+00
-1.187903404235839844e+00
-1.959890127182006836e+00
-1.180527091026306152e+00
-1.766539454460144043e+00
-1.575055599212646484e+00
-2.267765760421752930e+00
-1.936812996864318848e+00
-1.395931720733642578e+00
-5.265561342239379883e-01
-2.233862400054931641e+00
-2.065804004669189453e+00
-1.105120658874511719e+00
-1.617205500602722168e+00
-1.335711836814880371e+00
-4.920410215854644775e-01
-3.395569801330566406e+00
-1.788751244544982910e+00
-3.405636072158813477e+00
-1.591816425323486328e+00
-2.408472776412963867e+00
-1.589978098869323730e+00
-1.990324854850769043e+00
-2.391685009002685547e+00
-2.123398780822753906e+00
-1.903660893440246582e+00
-2.309229373931884766e+00
-3.191218137741088867e+00
-3.531112194061279297e+00
-7.887224555015563965e-01
-1.390297889709472656e+00
-2.608835220336914062e+00
-3.321824312210083008e+00
-8.888143301010131836e-01
-2.575263023376464844e+00
-2.332478761672973633e+00
-6.737238764762878418e-01
-2.021357297897338867e+00
-8.296201825141906738e-01
-7.081299424171447754e-01
-1.966621637344360352e+00
-8.444830179214477539e-01
-1.080028891563415527e+00
-2.508065700531005859e+00
-1.963071584701538086e+00
-1.424027681350708008e+00
-2.062969923019409180e+00
-2.265706062316894531e+00
-1.107238769531250000e+00
-1.029770493507385254e+00
-2.744682550430297852e+00
-3.668612241744995117e-01
-1.421737670898437500e+00
-1.444973349571228027e+00
-1.959198355674743652e+00
-2.110817670822143555e+00
-1.415691375732421875e+00
-1.019907355308532715e+00
-1.322736859321594238e+00
-2.494002819061279297e+00
-1.249416708946228027e+00
3.209099769592285156e-01
-2.136078596115112305e+00
-1.731539845466613770e+00
-6.518763303756713867e-01
-1.981390833854675293e+00
-1.127683997154235840e+00
-1.853071808815002441e+00
-9.703156948089599609e-01
-2.637303352355957031e+00
-2.308358907699584961e+00
-4.738954305648803711e-01
-1.904548764228820801e+00
-2.409855604171752930e+00
-1.050287008285522461e+00
-1.732553482055664062e+00
-1.863247394561767578e+00
-1.551618337631225586e+00
-2.888957500457763672e+00
-2.392818927764892578e+00
-4.642006158828735352e-01
-1.490517973899841309e+00
-3.030203104019165039e+00
-1.615458726882934570e+00
-7.555282711982727051e-01
-8.509762883186340332e-01
-2.657163858413696289e+00
-9.578317999839782715e-01
-2.575064420700073242e+00
-2.539479255676269531e+00
-2.479358673095703125e+00
-1.899263024330139160e+00
-2.146623134613037109e+00
-1.120444297790527344e+00
-1.917435407638549805e+00
-2.242695331573486328e+00
-8.592139482498168945e-01
-2.110160589218139648e+00
-2.962176561355590820e+00
-3.110062837600708008e+00
-1.267315387725830078e+00
-1.740000486373901367e+00
-2.705469846725463867e+00
-2.197596311569213867e+00
-1.879897594451904297e+00
-7.600528597831726074e-01
-3.241753816604614258e+00
-2.090816497802734375e+00
-2.116975307464599609e+00
-2.455477237701416016e+00
-3.514302015304565430e+00
-3.110524892807006836e+00
-2.542858362197875977e+00
-2.006037235260009766e+00
-1.034354209899902344e+00
-1.762303709983825684e+00
-6.062204837799072266e-01
-7.890504002571105957e-01
-3.125341176986694336e+00
-1.300163984298706055e+00
-1.840141057968139648e+00
-2.576152324676513672e+00
-1.478100180625915527e+00
-2.151161670684814453e+00
-1.912031054496765137e+00
-1.718030810356140137e+00
-2.036243915557861328e+00
-1.930378913879394531e+00
-1.343636155128479004e+00
-2.345447242259979248e-02
-1.730792880058288574e+00
-2.669934034347534180e+00
-8.444277644157409668e-01
-1.053227543830871582e+00
-2.746390104293823242e+00
-1.550159215927124023e+00
-2.330285787582397461e+00
-1.322783589363098145e+00
-3.257606267929077148e+00
-1.470639348030090332e+00
-1.404045820236206055e+00
-9.814710617065429688e-01
-2.189240217208862305e+00
-2.535015344619750977e+00
-2.184028387069702148e+00
3.223262131214141846e-01
-1.493628144264221191e+00
-3.195444822311401367e+00
-1.232430696487426758e+00
-2.205517053604125977e+00
-5.609920024871826172e-01
-2.146188735961914062e+00
-8.725983500480651855e-01
-1.225931763648986816e+00
-1.209212303161621094e+00
-3.279435873031616211e+00
-1.478045821189880371e+00
-1.618762969970703125e+00
-2.796420812606811523e+00
-2.580403089523315430e+00
-5.977017283439636230e-01
-8.663564920425415039e-01
-2.681879520416259766e+00
-9.830562472343444824e-01
-2.444978475570678711e+00
-2.429780721664428711e+00
-2.021838665008544922e+00
-1.445746779441833496e+00
-4.090731143951416016e-01
-1.035966873168945312e+00
-3.010232686996459961e+00
-1.915222287178039551e+00
-1.256637215614318848e+00
-1.609870314598083496e+00
-1.754050493240356445e+00
-2.604612112045288086e+00
-1.476778149604797363e+00
-1.260524034500122070e+00
-1.709648013114929199e+00
-2.507749080657958984e+00
-2.457357645034790039e+00
-1.200053691864013672e+00
-2.063939332962036133e+00
-1.858582377433776855e+00
-2.116353511810302734e+00
-2.201919317245483398e+00
-2.328808784484863281e+00
-1.886580109596252441e+00
-1.932353258132934570e+00
-1.706016778945922852e+00
-8.495382070541381836e-01
-2.285956382751464844e+00
-3.464246034622192383e+00
-2.659575700759887695e+00
-1.803165435791015625e+00
-1.692356348037719727e+00
-3.315216064453125000e+00
-2.949238777160644531e+00
-2.772839307785034180e+00
-3.004814863204956055e+00
-2.333328008651733398e+00
-2.031610965728759766e+00
-2.011382341384887695e+00
-3.963402509689331055e-01
-1.405681252479553223e+00
-2.328808784484863281e+00
-2.105097055435180664e+00
-1.713234305381774902e+00
-1.004767417907714844e+00
-9.215037226676940918e-01
-1.687935352325439453e+00
-3.238826274871826172e+00
-2.041039228439331055e+00
-2.243386983871459961e+00
-2.853411197662353516e+00
-2.787554264068603516e+00
-3.148508787155151367e+00
-2.049294471740722656e+00
-2.094289779663085938e+00
-2.085402488708496094e+00
-2.398246049880981445e+00
-2.186111688613891602e+00
-3.397546052932739258e+00
-3.328354358673095703e+00
-1.621441960334777832e+00
-1.740825891494750977e+00
-3.250067472457885742e+00
-2.677240848541259766e+00
-2.333167552947998047e+00
-3.282640695571899414e+00
-2.863789558410644531e+00
-2.586714506149291992e+00
-1.989848852157592773e+00
-8.847451210021972656e-01
-3.283101320266723633e+00
-2.844302177429199219e+00
-2.922758579254150391e+00
-2.049615621566772461e+00
-2.589115142822265625e+00
-2.589097499847412109e+00
-2.423420906066894531e+00
-2.215083360671997070e+00
-3.209012031555175781e+00
-1.124071002006530762e+00
-1.164505600929260254e+00
-3.175570011138916016e+00
-1.732424855232238770e+00
-2.169075012207031250e+00
-2.764573335647583008e+00
-2.879009723663330078e+00
-2.339820623397827148e+00
-1.819878816604614258e+00
-2.018863677978515625e+00
-1.979104638099670410e+00
-1.692932486534118652e+00
-2.557073116302490234e+00
-1.964314103126525879e+00
-2.372447967529296875e+00
-1.219976425170898438e+00
-1.958266139030456543e+00
-3.020489931106567383e+00
-1.965418338775634766e+00
-1.643682360649108887e+00
-2.364459514617919922e+00
-1.724060058593750000e+00
-2.158254623413085938e+00
-1.334422230720520020e+00
-2.081664085388183594e+00
-2.889137268066406250e+00
-3.152875185012817383e+00
-3.113021612167358398e+00
-1.874918222427368164e+00
-2.017410755157470703e+00
-1.612753748893737793e+00
-2.141645908355712891e+00
-2.516166687011718750e+00
-3.437887907028198242e+00
-2.566739559173583984e+00
-3.424897670745849609e+00
-3.212532281875610352e+00
-2.569515705108642578e+00
-3.052034854888916016e+00
-2.219586133956909180e+00
-1.631622910499572754e+00
-2.660323619842529297e+00
-3.053179979324340820e+00
-2.266259193420410156e+00
-1.797904133796691895e+00
-1.515948772430419922e+00
-1.994693160057067871e+00
-3.120893955230712891e+00
-1.310863375663757324e+00
-1.393922448158264160e+00
-1.314137935638427734e+00
-2.739195346832275391e+00
-3.258967399597167969e+00
-1.121954917907714844e+00
-1.744168281555175781e+00
-3.093664646148681641e+00
-2.105814218521118164e+00
-1.733274698257446289e+00
-1.122842192649841309e+00
-2.390442609786987305e+00
-2.344109773635864258e+00
-2.635497808456420898e+00
-3.221156835556030273e+00
-3.077495098114013672e+00
-1.580032110214233398e+00
-2.285742759704589844e+00
-2.715766429901123047e+00
-2.188483476638793945e+00
-3.057155847549438477e+00
-1.239075899124145508e+00
-2.273265123367309570e+00
-3.122470855712890625e+00
-2.566861629486083984e+00
-2.277594804763793945e+00
-2.958948850631713867e+00
-2.887059211730957031e+00
-2.273013830184936523e+00
-2.138519048690795898e+00
-2.077999830245971680e+00
-2.110750436782836914e+00
-2.459659814834594727e+00
-2.072600841522216797e+00
-2.020029306411743164e+00
-2.899195432662963867e+00
-2.455181121826171875e+00
-2.729979038238525391e+00
-9.037230014801025391e-01
-2.775462627410888672e+00
-2.272986888885498047e+00
-1.637920856475830078e+00
-1.513998150825500488e+00
-1.899348855018615723e+00
-3.331657648086547852e+00
-1.533618927001953125e+00
-2.847996711730957031e+00
-1.665746688842773438e+00
-3.359666347503662109e+00
-1.930364489555358887e+00
-3.545645713806152344e+00
-1.149476051330566406e+00
-3.135979175567626953e+00
-1.739285349845886230e+00
-2.967636108398437500e+00
-2.091227054595947266e+00
-2.044497251510620117e+00
-2.522716522216796875e+00
-3.473718404769897461e+00
-2.526280641555786133e+00
-3.012396812438964844e+00
-2.853762388229370117e+00
-2.692900419235229492e+00
-2.602554321289062500e+00
-1.083730936050415039e+00
-3.165625572204589844e+00
-2.950573921203613281e+00
-3.160333871841430664e+00
-1.296236872673034668e+00
-3.190798521041870117e+00
-2.240631341934204102e+00
-2.954805612564086914e+00
-9.710856676101684570e-01
-3.163685083389282227e+00
-2.559543848037719727e+00
-1.576311707496643066e+00
-2.453283309936523438e+00
-1.747138738632202148e+00
-3.331617593765258789e+00
-1.855554819107055664e+00
-3.375900030136108398e+00
-2.332463741302490234e+00
-2.396726131439208984e+00
-1.016870379447937012e+00
-2.512953281402587891e+00
-3.285360336303710938e+00
-2.119223117828369141e+00
-8.997433781623840332e-01
-3.137202739715576172e+00
-2.024875402450561523e+00
-3.175027370452880859e+00
-2.812372207641601562e+00
-1.765143156051635742e+00
-3.490595817565917969e+00
-3.179458856582641602e+00
-1.898139357566833496e+00
-1.257916092872619629e+00
-3.116882562637329102e+00
-2.496292114257812500e+00
-2.305397272109985352e+00
-1.030555009841918945e+00
-1.822464704513549805e+00
-1.928218841552734375e+00
-2.545465230941772461e+00
-1.551227331161499023e+00
-2.935459613800048828e+00
-1.581568956375122070e+00
-3.194528341293334961e+00
-2.311224699020385742e+00
-2.504221200942993164e+00
-2.805686712265014648e+00
-3.077697038650512695e+00
-1.872038483619689941e+00
-2.684088945388793945e+00
-2.441562891006469727e+00
-3.253007888793945312e+00
-2.671202898025512695e+00
-2.541297674179077148e+00
-3.348705768585205078e+00
-9.893826246261596680e-01
-1.856181383132934570e+00
-1.581118106842041016e+00
-1.688505411148071289e+00
-1.880755662918090820e+00
-2.926445007324218750e+00
-1.985766530036926270e+00
-3.222252130508422852e+00
-2.528103828430175781e+00
-1.375205993652343750e+00
-2.172363281250000000e+00
-2.434400558471679688e+00
-1.014663219451904297e+00
-2.921856880187988281e+00
-2.175107240676879883e+00
-2.521374940872192383e+00
-2.770459890365600586e+00
-1.803804397583007812e+00
-2.147101163864135742e+00
-2.256035566329956055e+00
-1.864344120025634766e+00
-2.941759586334228516e+00
-1.965037226676940918e+00
-2.813531875610351562e+00
-2.280535697937011719e+00
-1.713081836700439453e+00
-3.061321496963500977e+00
-2.729323387145996094e+00
-1.732220053672790527e+00
-2.786212921142578125e+00
-3.232721328735351562e+00
-3.136392116546630859e+00
-2.900827884674072266e+00
-2.788068056106567383e+00
-1.888869166374206543e+00
-1.848565101623535156e+00
-3.212449312210083008e+00
-1.776211261749267578e+00
-2.736873149871826172e+00
-3.113902807235717773e+00
-2.291577100753784180e+00
-3.453737735748291016e+00
-2.460720300674438477e+00
-2.573238134384155273e+00
-8.532195091247558594e-01
-2.037023544311523438e+00
-2.206761598587036133e+00
-2.073149442672729492e+00
-8.171715140342712402e-01
-2.615386486053466797e+00
-2.322557926177978516e+00
-2.871108531951904297e+00
-2.861158370971679688e+00
-1.979416608810424805e+00
-2.216609239578247070e+00
-1.898555755615234375e+00
-1.455467343330383301e+00
-2.321717739105224609e+00
-3.401719808578491211e+00
-2.287535905838012695e+00
-1.867172837257385254e+00
-1.905017614364624023e+00
-2.872195005416870117e+00
-1.780482649803161621e+00
-3.113390684127807617e+00
-2.257387161254882812e+00
-1.881430029869079590e+00
-2.217243432998657227e+00
-2.453862667083740234e+00
-3.319333553314208984e+00
-1.885513663291931152e+00
-3.095338106155395508e+00
-2.350498437881469727e+00
-3.133633136749267578e+00
-3.059020280838012695e+00
-2.433597087860107422e+00
-8.212383985519409180e-01
-1.960699558258056641e+00
-2.113507270812988281e+00
-2.082044124603271484e+00
-1.939631700515747070e+00
-1.975564718246459961e+00
-2.819375514984130859e+00
-9.908056259155273438e-01
-1.953148484230041504e+00
-1.438688397407531738e+00
-1.869391560554504395e+00
-1.765375971794128418e+00
-1.944533824920654297e+00
-3.170081615447998047e+00
-1.281235694885253906e+00
-2.155033349990844727e+00
-2.275416374206542969e+00
-2.310029745101928711e+00
-3.335367441177368164e+00
-2.421325206756591797e+00
-1.614369988441467285e+00
-3.015075206756591797e+00
-2.321424007415771484e+00
-2.235917329788208008e+00
-1.255387425422668457e+00
-2.568698167800903320e+00
-1.337625145912170410e+00
-2.058903694152832031e+00
-2.402123451232910156e+00
-3.486953496932983398e+00
-1.926184892654418945e+00
-2.176015138626098633e+00
-1.256539523601531982e-01
-1.062075614929199219e+00
-9.572752118110656738e-01
-3.264420509338378906e+00
-2.844018697738647461e+00
-3.368071317672729492e+00
-2.227161407470703125e+00
-3.202567577362060547e+00
-2.374467372894287109e+00
-2.107735633850097656e+00
-1.177463412284851074e+00
-1.455018997192382812e+00
-1.774337649345397949e+00
-1.587564587593078613e+00
-3.364012718200683594e+00
-2.713858604431152344e+00
-1.755516648292541504e+00
-2.273216962814331055e+00
-1.975780963897705078e+00
-2.058701992034912109e+00
-2.207470417022705078e+00
-3.339993000030517578e+00
-2.915833711624145508e+00
-3.134408235549926758e+00
-2.155857563018798828e+00
-1.760645985603332520e+00
-2.969491481781005859e+00
-3.321027755737304688e+00
-6.413129568099975586e-01
-1.858382582664489746e+00
-1.952340245246887207e+00
-2.727899551391601562e+00
-1.799856662750244141e+00
-8.908595442771911621e-01
-2.325706720352172852e+00
-1.782114744186401367e+00
-2.253057718276977539e+00
-1.742025375366210938e+00
-2.399972915649414062e+00
-2.843080043792724609e+00
-1.474131226539611816e+00
-1.060908913612365723e+00
-2.273895502090454102e+00
-3.371811151504516602e+00
-1.987768054008483887e+00
-2.500041484832763672e+00
-1.346893310546875000e+00
-2.547632455825805664e+00
-2.942281484603881836e+00
-1.578832745552062988e+00
-3.337311506271362305e+00
-2.946768045425415039e+00
-2.408022880554199219e+00
-2.222870588302612305e+00
-2.765064716339111328e+00
-2.170914173126220703e+00
-1.600340008735656738e+00
-1.823262929916381836e+00
-3.111613988876342773e+00
-1.149512410163879395e+00
-3.268471717834472656e+00
-2.338163375854492188e+00
-3.261125802993774414e+00
-2.305872678756713867e+00
-8.544850349426269531e-01
-2.102452278137207031e+00
-3.055280685424804688e+00
-1.612050294876098633e+00
-2.891599416732788086e+00
-1.903852105140686035e+00
-1.130450844764709473e+00
-2.070520639419555664e+00
-2.477320194244384766e+00
-1.853527069091796875e+00
-2.267755270004272461e+00
-2.730127334594726562e+00
-2.255734920501708984e+00
-2.073843479156494141e+00
-2.397849082946777344e+00
-1.960058212280273438e+00
-6.996795535087585449e-01
-2.585946083068847656e+00
-2.016457557678222656e+00
-2.407541751861572266e+00
-3.068008422851562500e+00
-2.261022090911865234e+00
-2.335531473159790039e+00
-1.526292204856872559e+00
-1.538018107414245605e+00
-1.895885229110717773e+00
-2.973061800003051758e+00
-1.649894833564758301e+00
-2.859391689300537109e+00
-4.377245903015136719e-01
-1.818782448768615723e+00
-1.742030858993530273e+00
-1.176562666893005371e+00
-2.327639579772949219e+00
-2.526871442794799805e+00
-9.353114366531372070e-01
-2.343641757965087891e+00
-1.375495791435241699e+00
-3.578879833221435547e+00
-1.864611864089965820e+00
-3.489023208618164062e+00
-2.443309068679809570e+00
-2.871573686599731445e+00
-2.573983430862426758e+00
-3.637986898422241211e+00
-3.214457035064697266e+00
-3.834262609481811523e+00
-1.544570684432983398e+00
-1.737336397171020508e+00
-3.443156957626342773e+00
-2.012179374694824219e+00
-3.195433855056762695e+00
-2.202827453613281250e+00
-1.403085589408874512e+00
-1.472057700157165527e+00
-3.138620615005493164e+00
-3.185071945190429688e+00
-3.554040431976318359e+00
-1.218701362609863281e+00
-2.908933401107788086e+00
-3.263895273208618164e+00
-2.764342069625854492e+00
-2.470824480056762695e+00
-3.204905271530151367e+00
-2.560672044754028320e+00
-1.905864119529724121e+00
-1.967119216918945312e+00
-1.591847300529479980e+00
-2.567953348159790039e+00
-2.740577220916748047e+00
-1.066953182220458984e+00
-2.766835927963256836e+00
-2.600122928619384766e+00
-2.217073917388916016e+00
-1.939160943031311035e+00
-1.911553263664245605e+00
-2.284304380416870117e+00
-3.154064893722534180e+00
-2.628631591796875000e+00
-3.064967393875122070e+00
-1.927142977714538574e+00
-1.847947001457214355e+00
-2.886852741241455078e+00
-3.216277360916137695e+00
-2.848133563995361328e+00
-2.349956274032592773e+00
-1.038382411003112793e+00
-1.109275579452514648e+00
-3.456376791000366211e+00
-1.743649601936340332e+00
-2.064353466033935547e+00
-2.771811962127685547e+00
-1.771957635879516602e+00
-3.139682054519653320e+00
-2.064153432846069336e+00
-1.977226972579956055e+00
-3.300484418869018555e+00
-6.021363139152526855e-01
-2.388500928878784180e+00
-2.804740667343139648e+00
-2.378789663314819336e+00
-9.498175382614135742e-01
-1.188894391059875488e+00
-1.096264243125915527e+00
-2.150852680206298828e+00
-2.760079383850097656e+00
-2.331054925918579102e+00
-2.554078578948974609e+00
-1.600100874900817871e+00
-3.041337013244628906e+00
-2.481037378311157227e+00
-1.604832649230957031e+00
-9.753009676933288574e-01
-3.174772262573242188e+00
-3.198703050613403320e+00
-3.404585599899291992e+00
-2.777284622192382812e+00
-1.982633948326110840e+00
-2.701900720596313477e+00
-2.410913467407226562e+00
-2.177417278289794922e+00
-2.140753507614135742e+00
-3.354379892349243164e+00
-2.943140983581542969e+00
-3.053347349166870117e+00
-2.863322019577026367e+00
-1.815093278884887695e+00
-3.089335680007934570e+00
-2.085494041442871094e+00
-2.574864149093627930e+00
-1.496330857276916504e+00
-3.181708812713623047e+00
-1.347920298576354980e+00
-2.497845411300659180e+00
-1.868341088294982910e+00
-3.432254314422607422e+00
-2.551909208297729492e+00
-1.006555318832397461e+00
-2.320366859436035156e+00
-1.975715756416320801e+00
-3.097474813461303711e+00
-2.770148515701293945e+00
-2.134197950363159180e+00
-1.810989737510681152e+00
-1.514330863952636719e+00
-2.900145053863525391e+00
-2.185483694076538086e+00
-3.517930984497070312e+00
-2.742376327514648438e+00
-1.788990259170532227e+00
-5.793210268020629883e-01
-1.498875617980957031e+00
-3.177360773086547852e+00
-3.574727058410644531e+00
-2.823718786239624023e+00
-3.335793018341064453e+00
-1.314210414886474609e+00
-3.301566839218139648e+00
-1.082576990127563477e+00
-3.527498483657836914e+00
-2.473687171936035156e+00
-1.924821376800537109e+00
-1.144353866577148438e+00
-3.338091611862182617e+00
-3.327303171157836914e+00
-2.139474630355834961e+00
-2.737237453460693359e+00
-1.880841970443725586e+00
-3.044775485992431641e+00
-2.636154413223266602e+00
-1.979679107666015625e+00
-3.248785495758056641e+00
-2.726695775985717773e+00
-2.424728155136108398e+00
-3.413711071014404297e+00
-2.504797697067260742e+00
-1.598334074020385742e+00
-2.901732683181762695e+00
-2.556163787841796875e+00
-3.161795854568481445e+00
-2.509942770004272461e+00
-1.711893677711486816e+00
-1.851192951202392578e+00
-2.359134674072265625e+00
-2.341903924942016602e+00
-1.889549493789672852e+00
-1.871535062789916992e+00
-1.503435254096984863e+00
-3.090856313705444336e+00
-2.291304111480712891e+00
-1.503190875053405762e+00
-7.680214643478393555e-01
-2.566628932952880859e+00
-1.970558762550354004e+00
-2.466694593429565430e+00
-2.189425706863403320e+00
-2.012979984283447266e+00
-1.918384790420532227e+00
-3.325001716613769531e+00
-6.675570011138916016e-01
-2.744367361068725586e+00
-8.419473171234130859e-01
-2.985350847244262695e+00
-2.868320226669311523e+00
-2.773645877838134766e+00
-9.617329239845275879e-01
-1.592527031898498535e+00
-2.124262809753417969e+00
-2.369024991989135742e+00
-3.421766757965087891e+00
-2.219113349914550781e+00
-8.193743824958801270e-01
-1.956277251243591309e+00
-2.452444314956665039e+00
-2.377531290054321289e+00
-3.140119075775146484e+00
-3.381942987442016602e+00
-6.965270042419433594e-01
-2.283761739730834961e+00
-2.369094133377075195e+00
-1.434861540794372559e+00
-3.234875917434692383e+00
-2.252660751342773438e+00
-2.700418710708618164e+00
-1.796064019203186035e+00
-2.126977205276489258e+00
-2.164332866668701172e+00
-2.671677350997924805e+00
-2.318516731262207031e+00
-2.642153739929199219e+00
-2.261704206466674805e+00
-1.603871107101440430e+00
-3.120742082595825195e+00
-2.619609355926513672e+00
-1.957367777824401855e+00
-2.762795925140380859e+00
-2.794100522994995117e+00
-3.219087839126586914e+00
-2.862668037414550781e+00
-3.039614677429199219e+00
-2.792050838470458984e+00
-3.180217266082763672e+00
-1.093220829963684082e+00
-1.657687425613403320e+00
-2.993345975875854492e+00
-3.071650505065917969e+00
-1.059632658958435059e+00
-9.364238381385803223e-01
-2.239608526229858398e+00
-2.795154333114624023e+00
-2.157917976379394531e+00
-1.244546771049499512e+00
-3.120770454406738281e+00
-2.816427469253540039e+00
-1.660869121551513672e+00
-2.858601808547973633e+00
-2.791643857955932617e+00
-1.355404734611511230e+00
-3.116632938385009766e+00
-2.932838499546051025e-01
-1.617703557014465332e+00
-2.378132343292236328e+00
-2.214933395385742188e+00
-1.781537890434265137e+00
-2.048242568969726562e+00
-1.837646484375000000e+00
-2.135386228561401367e+00
-2.447880983352661133e+00
-2.948038816452026367e+00
-1.746232271194458008e+00
-1.171197652816772461e+00
-1.567193031311035156e+00
-3.120505809783935547e+00
-2.112314701080322266e+00
-2.002940177917480469e+00
-2.993981838226318359e+00
-1.703894495964050293e+00
-2.220340490341186523e+00
-1.292110323905944824e+00
-3.132744550704956055e+00
-2.784807443618774414e+00
-3.053332090377807617e+00
-7.569310665130615234e-01
-3.411871194839477539e+00
-2.688655376434326172e+00
-2.437647819519042969e+00
-2.800548791885375977e+00
-2.572145223617553711e+00
-1.945569157600402832e+00
-2.294742345809936523e+00
-2.808191299438476562e+00
-2.170435905456542969e+00
-1.764434218406677246e+00
-2.844466209411621094e+00
-1.762438416481018066e+00
-3.581079721450805664e+00
-3.515403270721435547e+00
-2.657578468322753906e+00
-1.253799796104431152e+00
-2.544142961502075195e+00
-3.169319868087768555e+00
-2.764538764953613281e+00
-3.297847270965576172e+00
-3.154372215270996094e+00
-1.243940472602844238e+00
-2.163261175155639648e+00
-1.778152227401733398e+00
-9.631995558738708496e-01
-2.282128334045410156e+00
-1.779151797294616699e+00
-2.242994785308837891e+00
-3.325627565383911133e+00
-2.786600351333618164e+00
-3.095902919769287109e+00
-1.300323367118835449e+00
-2.138509750366210938e+00
-2.355630397796630859e+00
-1.585502266883850098e+00
-1.537212252616882324e+00
-2.871317863464355469e+00
-2.515801906585693359e+00
-2.507191181182861328e+00
-9.163341522216796875e-01
-3.044200658798217773e+00
-1.447116136550903320e+00
-3.211212158203125000e+00
-1.695557475090026855e+00
-2.284679174423217773e+00
-2.195530652999877930e+00
-1.651964902877807617e+00
-2.194098234176635742e+00
-2.599467277526855469e+00
-2.144340753555297852e+00
-3.359213829040527344e+00
-2.344462156295776367e+00
-1.860183119773864746e+00
-1.031430959701538086e+00
-1.537982583045959473e+00
-1.011343240737915039e+00
-3.274891376495361328e+00
-2.272328138351440430e+00
-8.808302283287048340e-01
-2.555649280548095703e+00
-2.353878736495971680e+00
-2.740059614181518555e+00
-2.831191778182983398e+00
-1.883455067873001099e-01
-9.921477437019348145e-01
-1.800510883331298828e+00
-2.054569959640502930e+00
-2.983234643936157227e+00
-2.379177659749984741e-01
-3.328868865966796875e+00
-3.426437616348266602e+00
-2.906525611877441406e+00
-2.748827457427978516e+00
-2.255072355270385742e+00
-2.879475116729736328e+00
-2.807353496551513672e+00
-2.574288845062255859e+00
-1.239105820655822754e+00
-2.825009584426879883e+00
-2.436342239379882812e+00
-3.183020591735839844e+00
-4.928744137287139893e-01
-2.670095920562744141e+00
-2.262102127075195312e+00
-2.029171705245971680e+00
-3.425326108932495117e+00
-2.184980869293212891e+00
-8.937470912933349609e-01
-3.413681507110595703e+00
-1.628404855728149414e+00
-1.964178800582885742e+00
-2.276308089494705200e-01
-9.834228754043579102e-01
-3.608568191528320312e+00
-2.861731767654418945e+00
-3.026925563812255859e+00
-1.208099961280822754e+00
-1.083181500434875488e+00
-2.386928319931030273e+00
-2.196764230728149414e+00
-2.408445835113525391e+00
-9.408028125762939453e-01
-2.072707653045654297e+00
-2.398051023483276367e+00
-1.808148384094238281e+00
-1.904742121696472168e+00
-2.849495172500610352e+00
-2.071467638015747070e+00
-1.555116534233093262e+00
-2.803028345108032227e+00
-3.524236679077148438e+00
-3.202648162841796875e+00
-1.204928040504455566e+00
-2.516445398330688477e+00
-3.083487033843994141e+00
-1.116674542427062988e+00
-2.687827110290527344e+00
-2.384058237075805664e+00
-5.098662376403808594e-01
-2.385526657104492188e+00
-2.467897653579711914e+00
-2.125177145004272461e+00
-2.672290086746215820e+00
-2.809712409973144531e+00
-2.992582798004150391e+00
-2.551864147186279297e+00
-2.345787763595581055e+00
-1.716395616531372070e+00
-1.264668583869934082e+00
-9.798278808593750000e-01
-2.636556625366210938e+00
-1.865658044815063477e+00
-3.338462591171264648e+00
-2.703799486160278320e+00
-1.806743741035461426e+00
-1.188633441925048828e+00
-2.654350042343139648e+00
-3.111939191818237305e+00
-2.774447202682495117e+00
-1.242173790931701660e+00
-2.351515769958496094e+00
-3.492507934570312500e+00
-1.917809128761291504e+00
-1.685490489006042480e+00
-2.500687539577484131e-01
-1.850726366043090820e+00
-3.289611816406250000e+00
-2.316592693328857422e+00
-2.014610528945922852e+00
-2.241051673889160156e+00
-2.686632394790649414e+00
-2.461905956268310547e+00
-1.930074095726013184e+00
-1.745676755905151367e+00
-2.794358730316162109e+00
-2.297281980514526367e+00
-8.162588477134704590e-01
-2.655435562133789062e+00
-2.418840408325195312e+00
-2.311367750167846680e+00
-2.007008314132690430e+00
-2.089465379714965820e+00
-1.627858161926269531e+00
-2.693571567535400391e+00
-1.155368566513061523e+00
-2.220604419708251953e+00
-2.220531940460205078e+00
-2.702163219451904297e+00
-2.747673034667968750e+00
-3.130364179611206055e+00
-1.408669710159301758e+00
-3.474079132080078125e+00
-4.689380824565887451e-01
-2.504756689071655273e+00
-2.610442399978637695e+00
-9.028597474098205566e-01
-2.343998908996582031e+00
-2.569361209869384766e+00
-3.183911800384521484e+00
-3.409788370132446289e+00
-1.670234322547912598e+00
-1.040470600128173828e+00
-1.871032834053039551e+00
-2.151632785797119141e+00
-2.373399019241333008e+00
-8.893159627914428711e-01
-1.840161681175231934e+00
-1.837984919548034668e+00
-2.161411762237548828e+00
-1.358603715896606445e+00
-3.568828582763671875e+00
-1.481670618057250977e+00
-1.991916894912719727e+00
-3.306298255920410156e+00
-1.990293264389038086e+00
-1.335202813148498535e+00
-2.027894735336303711e+00
-1.652172923088073730e+00
-1.322688341140747070e+00
-3.458017587661743164e+00
-3.148185253143310547e+00
-2.318149805068969727e+00
-2.991161108016967773e+00
-5.785661935806274414e-01
-1.200189471244812012e+00
-2.967481851577758789e+00
-1.284174203872680664e+00
-2.777029275894165039e+00
-3.318699359893798828e+00
-2.210479497909545898e+00
-3.094944477081298828e+00
-2.862841606140136719e+00
-1.900880932807922363e+00
-3.267881631851196289e+00
-8.803915381431579590e-01
-1.844551563262939453e+00
-1.327497482299804688e+00
-2.321187257766723633e+00
-2.094645261764526367e+00
-1.799008846282958984e+00
-3.320494651794433594e+00
-1.531940937042236328e+00
-1.530951261520385742e+00
-3.190608024597167969e+00
-1.820697784423828125e+00
-2.810800075531005859e+00
-1.757225036621093750e+00
-2.239095926284790039e+00
-1.296554803848266602e+00
-3.333555459976196289e+00
-2.347865104675292969e+00
-9.546239972114562988e-01
-8.180454969406127930e-01
-1.738836169242858887e+00
-2.420439720153808594e+00
-2.556092023849487305e+00
-1.128511309623718262e+00
-3.067612171173095703e+00
-2.445606946945190430e+00
-2.611022710800170898e+00
-3.099184513092041016e+00
-1.186644673347473145e+00
-3.172163009643554688e+00
-1.703879714012145996e+00
-8.294978737831115723e-01
-1.483493328094482422e+00
-3.130773305892944336e+00
1.921302229166030884e-01
-1.623063325881958008e+00
-2.962770700454711914e+00
-1.923271894454956055e+00
-2.035105705261230469e+00
-1.364100694656372070e+00
-1.465104579925537109e+00
-8.094379305839538574e-01
-2.176643610000610352e+00
-2.148292064666748047e+00
-2.013970613479614258e+00
-2.574666023254394531e+00
-1.644329428672790527e+00
-2.487435579299926758e+00
-9.786451458930969238e-01
-1.804826140403747559e+00
