{"loss": 1141.7581787109375, "_timestamp": 1721222698.6426954, "_runtime": 123.99645137786865, "_step": 529, "_wandb": {"runtime": 123}}