-2.481731586158275604e-03
-9.835181236267089844e-01
-1.702243328094482422e+00
-1.442205905914306641e+00
-2.149324417114257812e-01
-5.324250459671020508e-01
-1.195977687835693359e+00
-4.409063756465911865e-01
-9.668117165565490723e-01
-7.640423178672790527e-01
-1.539964795112609863e+00
-7.366084456443786621e-01
-4.750618934631347656e-01
-1.445083618164062500e+00
-6.470724940299987793e-01
-3.990987539291381836e-01
-4.972022473812103271e-01
-1.675958514213562012e+00
-8.184857964515686035e-01
-1.795707225799560547e+00
8.368588984012603760e-02
-1.048824071884155273e+00
-1.352723360061645508e+00
-1.906842589378356934e+00
-1.368071436882019043e+00
-1.034388422966003418e+00
-1.624281287193298340e+00
-9.039446115493774414e-01
-1.590787023305892944e-01
-1.214073896408081055e+00
-2.041888535022735596e-01
-7.244420647621154785e-01
-3.730493485927581787e-01
-1.782752275466918945e+00
-6.175931096076965332e-01
-8.763516545295715332e-01
-1.805142998695373535e+00
-9.921177625656127930e-01
-2.673045098781585693e-01
-1.483948469161987305e+00
4.120651781558990479e-01
-9.721595644950866699e-01
-7.411869764328002930e-01
-3.955193161964416504e-01
-1.496141314506530762e+00
-1.426595330238342285e+00
-6.274517178535461426e-01
-6.128627061843872070e-01
-7.258406877517700195e-01
-5.323788523674011230e-01
5.770888924598693848e-01
-2.801367342472076416e-01
-1.239248394966125488e+00
-2.147957563400268555e+00
-9.605333209037780762e-01
-1.318188309669494629e+00
-1.670563459396362305e+00
-5.400810837745666504e-01
-4.950733780860900879e-01
-7.309591174125671387e-01
-6.820021569728851318e-02
-1.180909395217895508e+00
-3.593012690544128418e-01
-1.521605700254440308e-01
-1.799149036407470703e+00
-5.604506731033325195e-01
2.997591197490692139e-01
4.734454751014709473e-01
-1.479067802429199219e+00
-1.535374760627746582e+00
-3.795307874679565430e-01
-1.239368557929992676e+00
-1.291170001029968262e+00
-1.779585599899291992e+00
-1.228165864944458008e+00
2.683285474777221680e-01
-1.998984694480895996e+00
-3.583389222621917725e-01
-2.608351707458496094e-01
-9.337195754051208496e-01
-1.477557420730590820e+00
-9.420618414878845215e-01
-5.489739775657653809e-01
-9.377602338790893555e-01
-6.536191105842590332e-01
-5.317475795745849609e-01
-1.181530207395553589e-01
-6.873924136161804199e-01
-1.358156561851501465e+00
-2.090477228164672852e+00
-1.311498284339904785e+00
-9.398104548454284668e-01
-7.185121774673461914e-01
-1.191173911094665527e+00
-8.688527941703796387e-01
-8.229603171348571777e-01
-1.884226560592651367e+00
-4.331133365631103516e-01
2.995069921016693115e-01
-4.597908556461334229e-01
-7.108097672462463379e-01
-1.254922270774841309e+00
-4.037309288978576660e-01
-1.025540113449096680e+00
-1.597966790199279785e+00
-1.390684843063354492e+00
-1.083962559700012207e+00
-8.159350156784057617e-01
-7.737014293670654297e-01
-1.374568343162536621e+00
-6.263890862464904785e-01
4.557749927043914795e-01
-2.209324359893798828e+00
-1.632232308387756348e+00
-1.328966975212097168e+00
-1.323081374168395996e+00
-8.668891191482543945e-01
-1.866433978080749512e+00
-6.781876683235168457e-01
-1.217324733734130859e+00
-3.696885406970977783e-01
-1.916703462600708008e+00
-1.435945868492126465e+00
2.862561941146850586e-01
-1.147346615791320801e+00
-1.021290898323059082e+00
5.081419348716735840e-01
-2.839837670326232910e-01
-1.609739303588867188e+00
-6.862170696258544922e-01
-1.327729225158691406e+00
-2.805753350257873535e-01
-8.805922865867614746e-01
-6.313865780830383301e-01
-1.138379812240600586e+00
-1.270882010459899902e+00
-7.081207633018493652e-01
-2.041938304901123047e+00
8.644881099462509155e-02
-1.123541831970214844e+00
-1.019794583320617676e+00
-9.975362420082092285e-01
-6.395421624183654785e-01
-2.964953780174255371e-01
-1.192854523658752441e+00
-1.825781226158142090e+00
-9.848312474787235260e-03
-2.977146208286285400e-01
-1.827083230018615723e+00
-1.212945699691772461e+00
7.752553373575210571e-02
-9.931156635284423828e-01
-1.990318298339843750e+00
-1.890818715095520020e+00
5.329153537750244141e-01
-4.881163686513900757e-02
-1.941062331199645996e+00
-1.572510957717895508e+00
-1.152281910181045532e-01
-1.290779590606689453e+00
-7.845106720924377441e-01
-1.723972201347351074e+00
-5.481228828430175781e-01
5.335823893547058105e-01
-7.472800016403198242e-01
-7.616790533065795898e-01
-1.425458192825317383e+00
-1.829960048198699951e-01
-1.568880230188369751e-01
-7.832059264183044434e-01
-7.071401476860046387e-01
-7.153731584548950195e-01
-1.058655023574829102e+00
-9.092969894409179688e-01
-1.112815380096435547e+00
-2.003611326217651367e+00
-8.421823978424072266e-01
-1.307394146919250488e+00
-1.521863460540771484e+00
-1.071157217025756836e+00
-1.912077307701110840e+00
-1.406316041946411133e+00
-1.705426931381225586e+00
-5.243276953697204590e-01
-1.436132907867431641e+00
-9.181885123252868652e-01
-1.012917518615722656e+00
-1.767694592475891113e+00
-5.754185318946838379e-01
-1.144556879997253418e+00
-1.375219225883483887e+00
-1.674593687057495117e+00
-5.748418569564819336e-01
-1.807669162750244141e+00
-7.046768069267272949e-01
-7.770481705665588379e-01
-6.405573487281799316e-01
-1.661575078964233398e+00
-1.782217025756835938e+00
-1.230054736137390137e+00
-2.231778383255004883e+00
-1.614275693893432617e+00
-6.257020235061645508e-01
-8.522520065307617188e-01
-4.040715396404266357e-01
-1.153989911079406738e+00
-1.495125532150268555e+00
-1.149535059928894043e+00
-4.787204563617706299e-01
-7.968386411666870117e-01
-6.962783932685852051e-01
-1.342729806900024414e+00
-2.007454156875610352e+00
-1.718609452247619629e+00
-1.516682028770446777e+00
-1.656261324882507324e+00
-1.562647938728332520e+00
-1.528624773025512695e+00
-7.947958111763000488e-01
-8.885616064071655273e-01
-1.015305757522583008e+00
-1.285425901412963867e+00
-7.829904556274414062e-01
-1.879716157913208008e+00
-1.361609220504760742e+00
-5.172001719474792480e-01
-1.823003292083740234e+00
-7.783844470977783203e-01
-1.844844937324523926e+00
-5.680490732192993164e-01
-3.256478011608123779e-01
-5.584281682968139648e-01
-1.997545480728149414e+00
-1.152343511581420898e+00
-1.122387051582336426e+00
-2.669840455055236816e-01
-2.941565513610839844e-01
-4.955315887928009033e-01
-1.413373589515686035e+00
-8.462442755699157715e-01
-1.318815469741821289e+00
-1.464366167783737183e-01
-1.512811183929443359e+00
-1.885471582412719727e+00
-1.957854151725769043e+00
-1.193510770797729492e+00
-1.653662919998168945e+00
-1.595844984054565430e+00
-3.389530181884765625e-01
-6.519196033477783203e-01
-7.116545438766479492e-01
-3.732761144638061523e-01
-5.905041098594665527e-01
-1.288695335388183594e+00
-9.455800056457519531e-01
-1.204721927642822266e+00
-2.125606536865234375e+00
-1.635412812232971191e+00
-2.104656696319580078e+00
-7.672318071126937866e-02
-1.749980330467224121e+00
-6.729002594947814941e-01
-1.100839495658874512e+00
-9.931085705757141113e-01
-1.764700889587402344e+00
-6.873283386230468750e-01
-2.043161869049072266e+00
-2.165379762649536133e+00
-1.302472472190856934e+00
-1.012742519378662109e+00
-5.568025112152099609e-01
-1.809967994689941406e+00
-5.545113086700439453e-01
-1.661283135414123535e+00
-1.395393490791320801e+00
-1.376226067543029785e+00
-6.758778691291809082e-01
-1.114044189453125000e+00
-2.104025840759277344e+00
-1.406955718994140625e+00
-7.990711331367492676e-01
-4.595219492912292480e-01
-2.108089685440063477e+00
-2.023014783859252930e+00
-2.148530006408691406e+00
-1.186438798904418945e+00
-1.975972533226013184e+00
-1.339591979980468750e+00
-9.737704396247863770e-01
-1.775971293449401855e+00
-2.068493843078613281e+00
-7.343845367431640625e-01
-7.032620310783386230e-01
-2.870475053787231445e-01
-8.962808847427368164e-01
-1.341231465339660645e+00
-1.546838164329528809e+00
-5.521945357322692871e-01
-9.399037361145019531e-01
-1.903442621231079102e+00
-1.298285484313964844e+00
-8.888632059097290039e-01
-1.138470053672790527e+00
-5.591148138046264648e-01
-8.722798228263854980e-01
-1.732007265090942383e+00
-1.003956317901611328e+00
-8.692632317543029785e-01
-5.853964686393737793e-01
-6.456492543220520020e-01
-1.557024955749511719e+00
-2.122997522354125977e+00
-1.063863396644592285e+00
-1.423545956611633301e+00
-3.052841722965240479e-01
-2.760139107704162598e-01
-6.094275712966918945e-01
-1.013511776924133301e+00
-1.845129966735839844e+00
-1.746573448181152344e+00
-9.039891362190246582e-01
-7.660198807716369629e-01
-1.451947689056396484e+00
-1.869377613067626953e+00
-2.186194896697998047e+00
-9.970024228096008301e-01
-1.253858327865600586e+00
-1.342176556587219238e+00
-2.917384505271911621e-01
-7.041335701942443848e-01
-2.742500901222229004e-01
-2.209019422531127930e+00
-2.091052293777465820e+00
-1.399087190628051758e+00
-1.908431887626647949e+00
-9.260342121124267578e-01
-1.910766959190368652e+00
-4.863824546337127686e-01
-6.829640269279479980e-01
-2.097938776016235352e+00
-1.210507154464721680e+00
-1.215139269828796387e+00
-8.708348274230957031e-01
-5.665401220321655273e-01
-5.346676111221313477e-01
-1.562499880790710449e+00
-9.378766417503356934e-01
-1.656628251075744629e+00
-8.496795296669006348e-01
-1.539017319679260254e+00
-1.745558857917785645e+00
-1.519686460494995117e+00
-1.579420924186706543e+00
-2.014150857925415039e+00
-9.311880469322204590e-01
-1.508114099502563477e+00
-3.386439681053161621e-01
-8.430603742599487305e-01
-3.236552178859710693e-01
-1.396504282951354980e+00
-1.154717326164245605e+00
-9.438369870185852051e-01
-1.572959065437316895e+00
-1.522079467773437500e+00
-2.097428083419799805e+00
-1.100389122962951660e+00
-1.910405874252319336e+00
-1.993941187858581543e+00
-1.286550164222717285e+00
-2.013688802719116211e+00
-4.111277163028717041e-01
-8.544560670852661133e-01
-1.786718845367431641e+00
-8.052924275398254395e-01
-4.899311959743499756e-01
-4.329255223274230957e-01
-1.747653722763061523e+00
-1.332387089729309082e+00
-1.270305991172790527e+00
-1.663759112358093262e+00
-5.288189053535461426e-01
-2.072631359100341797e+00
-1.435528874397277832e+00
-2.778335809707641602e-01
-1.958773612976074219e+00
-1.261824607849121094e+00
-1.364870071411132812e+00
-8.886952996253967285e-01
-2.069034099578857422e+00
-3.055748939514160156e-01
-1.797240376472473145e+00
-1.743428349494934082e+00
-1.628690361976623535e+00
-6.632601618766784668e-01
-9.882943630218505859e-01
-1.880409121513366699e+00
-3.812922239303588867e-01
-2.092092514038085938e+00
-1.758695960044860840e+00
-1.805970430374145508e+00
-2.174194812774658203e+00
-1.275861263275146484e+00
-5.769681930541992188e-01
-1.309887528419494629e+00
-1.642852783203125000e+00
-6.198164224624633789e-01
-1.489564657211303711e+00
-1.204118132591247559e+00
-2.140841007232666016e+00
-1.324917793273925781e+00
-3.167513608932495117e-01
-8.269612789154052734e-01
-2.124175310134887695e+00
-1.708911776542663574e+00
-9.022150039672851562e-01
-2.206817150115966797e+00
-1.512527108192443848e+00
-1.027831315994262695e+00
-1.865146517753601074e+00
-1.531463027000427246e+00
-1.602704882621765137e+00
-9.153947234153747559e-01
-1.320456147193908691e+00
-1.292982220649719238e+00
-8.628376126289367676e-01
-3.854286968708038330e-01
-1.536774396896362305e+00
-1.195796012878417969e+00
-1.082729578018188477e+00
-1.005109071731567383e+00
-1.719141721725463867e+00
-1.623304367065429688e+00
-9.311822056770324707e-01
-1.108285307884216309e+00
-1.575433015823364258e+00
-1.528454303741455078e+00
-2.035494804382324219e+00
-1.803036093711853027e+00
-1.828947067260742188e+00
-4.582701921463012695e-01
-1.337427616119384766e+00
-1.278725147247314453e+00
-4.448098838329315186e-01
-1.310762286186218262e+00
-1.418380975723266602e+00
-2.865591645240783691e-01
-1.111338496208190918e+00
-8.580685257911682129e-01
-3.963110148906707764e-01
-9.901489019393920898e-01
-1.416405200958251953e+00
-1.547713041305541992e+00
-1.854758381843566895e+00
-1.929686784744262695e+00
-8.408380746841430664e-01
-1.382180929183959961e+00
-1.777173995971679688e+00
-1.700757980346679688e+00
-1.761826395988464355e+00
-1.433405041694641113e+00
-1.921525001525878906e+00
-2.195504665374755859e+00
-2.012883901596069336e+00
-1.345284938812255859e+00
-4.902379512786865234e-01
-4.388258159160614014e-01
-7.286515235900878906e-01
-2.049797773361206055e+00
-4.846394062042236328e-01
-1.449363827705383301e+00
-1.107088208198547363e+00
-5.276169180870056152e-01
-7.518053650856018066e-01
-1.553332090377807617e+00
-7.366167306900024414e-01
-7.965257763862609863e-01
-9.138572812080383301e-01
-8.945462107658386230e-01
-3.060888051986694336e-01
-2.162370443344116211e+00
-1.724526762962341309e+00
-2.739914655685424805e-01
-6.310921311378479004e-01
-1.994598150253295898e+00
-9.177965521812438965e-01
-1.289954185485839844e+00
-1.984428048133850098e+00
-1.347887992858886719e+00
-1.167242765426635742e+00
-3.335606157779693604e-01
-9.655860066413879395e-01
-6.021853089332580566e-01
-8.012856841087341309e-01
-1.030927181243896484e+00
-4.887195229530334473e-01
-7.848089337348937988e-01
-9.505506753921508789e-01
-1.480175375938415527e+00
-5.317361950874328613e-01
-8.139263391494750977e-01
-1.785077452659606934e+00
-1.918498039245605469e+00
-1.534253597259521484e+00
-8.444501161575317383e-01
-1.677969217300415039e+00
-1.353855371475219727e+00
-1.808720588684082031e+00
-4.303274750709533691e-01
-1.199160337448120117e+00
-1.317909479141235352e+00
-8.258093595504760742e-01
-7.052543163299560547e-01
-2.821642458438873291e-01
-6.065061688423156738e-01
-1.520061850547790527e+00
-2.803730964660644531e-01
-2.610328793525695801e-01
-2.098734855651855469e+00
-7.812350988388061523e-01
-4.987239539623260498e-01
-1.105818033218383789e+00
-1.544576764106750488e+00
-1.941560506820678711e+00
-1.939153432846069336e+00
-4.723303020000457764e-01
-5.389571785926818848e-01
-6.876466274261474609e-01
-2.724436223506927490e-01
-1.119312644004821777e+00
-1.746620774269104004e+00
-1.695592999458312988e+00
-5.683217048645019531e-01
-1.476599454879760742e+00
-1.091934204101562500e+00
-1.921683669090270996e+00
-4.354455471038818359e-01
-1.339248061180114746e+00
-3.611184060573577881e-01
-7.819631099700927734e-01
-1.681797981262207031e+00
-1.232936859130859375e+00
-2.699775099754333496e-01
-1.605275154113769531e+00
-1.592600941658020020e+00
-2.032188892364501953e+00
-1.189095020294189453e+00
-2.074052810668945312e+00
-9.381744265556335449e-01
-1.985592246055603027e+00
-6.909153461456298828e-01
-4.088630378246307373e-01
-2.003134727478027344e+00
-1.172307729721069336e+00
-1.061264276504516602e+00
-2.112932682037353516e+00
-7.104712128639221191e-01
-1.063818931579589844e+00
-1.774280428886413574e+00
-7.134301662445068359e-01
-8.522585630416870117e-01
-1.928299427032470703e+00
-1.617629766464233398e+00
-5.523441433906555176e-01
-1.662025570869445801e+00
-6.074328422546386719e-01
-2.201234340667724609e+00
-4.085694551467895508e-01
-1.555521249771118164e+00
-2.139979839324951172e+00
-2.224543809890747070e+00
-8.788977861404418945e-01
-1.498612880706787109e+00
-2.068888902664184570e+00
-6.288844347000122070e-01
-3.584899604320526123e-01
-3.173338770866394043e-01
-8.077551722526550293e-01
-3.806886374950408936e-01
-1.349990367889404297e+00
-9.732949733734130859e-01
-6.099882721900939941e-01
-2.207242727279663086e+00
-1.596523284912109375e+00
-1.297541022300720215e+00
-1.291504740715026855e+00
-6.958732008934020996e-01
-4.896846413612365723e-01
-1.995318651199340820e+00
-6.540804505348205566e-01
-7.296308875083923340e-01
-1.951028585433959961e+00
-2.171150445938110352e+00
-9.611366987228393555e-01
-9.371667504310607910e-01
-1.843979835510253906e+00
-1.972602605819702148e+00
-5.912510752677917480e-01
-1.069318771362304688e+00
-3.504198789596557617e-01
-1.726648092269897461e+00
-3.398652374744415283e-01
-1.952623963356018066e+00
-9.036191105842590332e-01
-1.828950524330139160e+00
-1.208970308303833008e+00
-1.608618021011352539e+00
-2.099200487136840820e+00
-1.383353471755981445e+00
-7.068819403648376465e-01
-3.833969831466674805e-01
-1.350322604179382324e+00
-3.379824757575988770e-01
-1.695770859718322754e+00
-7.766281366348266602e-01
-1.912876009941101074e+00
-2.083439111709594727e+00
-2.052645206451416016e+00
-1.846038579940795898e+00
-3.206417858600616455e-01
-7.858238220214843750e-01
-1.662119626998901367e+00
-1.095929622650146484e+00
-1.019899845123291016e+00
-1.041908740997314453e+00
-1.058723926544189453e+00
-1.838714480400085449e+00
-1.223849415779113770e+00
-1.083478569984436035e+00
-2.232983589172363281e+00
-2.197216272354125977e+00
-9.184536337852478027e-01
-5.359299778938293457e-01
-6.848039031028747559e-01
-5.522568225860595703e-01
-8.382640480995178223e-01
-1.051201581954956055e+00
-6.244889497756958008e-01
-3.020581305027008057e-01
-4.603230655193328857e-01
-1.376206040382385254e+00
-2.013353347778320312e+00
-1.268321037292480469e+00
-1.016258716583251953e+00
-8.725370466709136963e-02
-8.607005476951599121e-01
-1.551207304000854492e+00
-3.052242696285247803e-01
-1.366198062896728516e+00
-5.499987602233886719e-01
-9.210391044616699219e-01
-1.725048303604125977e+00
-3.060185015201568604e-01
-1.685845613479614258e+00
-8.588659167289733887e-01
-3.765021860599517822e-01
-8.288414478302001953e-01
-5.876716375350952148e-01
-8.886222839355468750e-01
-1.989179968833923340e+00
-1.805215239524841309e+00
-5.292520523071289062e-01
-8.020197153091430664e-01
-9.667698740959167480e-01
-1.797707676887512207e+00
-3.013076782226562500e-01
-1.898880243301391602e+00
-3.519846200942993164e-01
-1.845428824424743652e+00
-1.379769802093505859e+00
-7.593767046928405762e-01
-3.495802283287048340e-01
-6.232342720031738281e-01
-7.258470058441162109e-01
-4.306450784206390381e-01
-1.729272603988647461e+00
-3.546629250049591064e-01
-1.620189785957336426e+00
-2.036474704742431641e+00
-1.142734050750732422e+00
-2.866867184638977051e-01
-5.221003890037536621e-01
-1.159978985786437988e+00
-1.899371266365051270e+00
-9.145560264587402344e-01
-1.545575261116027832e+00
-3.572022914886474609e-01
-4.947376549243927002e-01
-8.155390620231628418e-01
-1.915434718132019043e+00
-1.009308576583862305e+00
-1.665852189064025879e+00
-1.823995471000671387e+00
-4.261049926280975342e-01
-1.552178502082824707e+00
-2.059094905853271484e+00
-7.672727704048156738e-01
-3.751966953277587891e-01
-1.385177969932556152e+00
-9.811468720436096191e-01
-1.489812493324279785e+00
-1.308730721473693848e+00
-1.804911255836486816e+00
-1.244999289512634277e+00
-1.255278110504150391e+00
-9.623643755912780762e-01
-1.979088783264160156e+00
-1.422890543937683105e+00
-1.853584870696067810e-02
-4.046218395233154297e-01
-9.553160667419433594e-01
-7.752625346183776855e-01
-5.786991715431213379e-01
-1.190291285514831543e+00
-2.061211347579956055e+00
-1.068768262863159180e+00
-4.535175859928131104e-01
-1.761991143226623535e+00
1.105820015072822571e-01
-3.523728549480438232e-01
-7.959228157997131348e-01
-1.331362366676330566e+00
-1.535471081733703613e+00
-2.052153587341308594e+00
-1.145828723907470703e+00
-1.021160602569580078e+00
-1.806978344917297363e+00
-7.759854197502136230e-01
-1.147503614425659180e+00
-9.872958064079284668e-01
-1.276106834411621094e+00
-3.556974232196807861e-01
-1.886560201644897461e+00
-1.824292063713073730e+00
-7.328087687492370605e-01
-1.651247501373291016e+00
-1.688357234001159668e+00
-1.489884853363037109e+00
-8.625175356864929199e-01
-2.242691755294799805e+00
-2.142675638198852539e+00
-1.542304515838623047e+00
-1.645745635032653809e+00
-1.998823046684265137e+00
-1.966989398002624512e+00
-1.249026179313659668e+00
-3.064450323581695557e-01
-2.206679105758666992e+00
-1.754863262176513672e+00
-5.355855822563171387e-01
-1.765015602111816406e+00
-5.056765079498291016e-01
-1.804721593856811523e+00
-7.177484631538391113e-01
-1.815533399581909180e+00
-5.692325830459594727e-01
-7.600747346878051758e-01
-3.436419665813446045e-01
-2.047996282577514648e+00
-2.068088054656982422e+00
-1.537294268608093262e+00
-5.684804320335388184e-01
-1.221434473991394043e+00
-1.520466208457946777e+00
-1.701946616172790527e+00
-2.074526548385620117e+00
-1.666722774505615234e+00
-1.661554217338562012e+00
-1.306342601776123047e+00
-1.612234354019165039e+00
-1.197485566139221191e+00
-1.311905026435852051e+00
-2.008114337921142578e+00
-7.201712727546691895e-01
-5.792461037635803223e-01
-1.344258427619934082e+00
-1.389433860778808594e+00
-1.140214443206787109e+00
-6.251079440116882324e-01
-1.648890614509582520e+00
-1.822227478027343750e+00
-1.332957148551940918e+00
-2.014650821685791016e+00
-1.719924926757812500e+00
-1.313258290290832520e+00
-1.987727403640747070e+00
-3.482694625854492188e-01
-5.041754841804504395e-01
-1.240585327148437500e+00
-1.325560688972473145e+00
-1.445618391036987305e+00
-7.907958626747131348e-01
-7.329298853874206543e-01
-4.951783120632171631e-01
-8.083891272544860840e-01
-1.341517448425292969e+00
-8.003629446029663086e-01
-6.124768853187561035e-01
-5.188924670219421387e-01
-2.834149003028869629e-01
-7.977473139762878418e-01
-1.801659703254699707e+00
-4.063413739204406738e-01
-1.260896205902099609e+00
-1.977135181427001953e+00
-9.915807843208312988e-01
-1.594611287117004395e+00
-3.373861610889434814e-01
-2.125324010848999023e+00
-1.636986494064331055e+00
-9.069700837135314941e-01
-5.504993200302124023e-01
-3.523063361644744873e-01
-7.491275072097778320e-01
-2.144005298614501953e+00
-3.086373507976531982e-01
-8.745370507240295410e-01
-4.354167878627777100e-01
-2.092760324478149414e+00
-1.659042835235595703e+00
-2.013692617416381836e+00
-1.553578019142150879e+00
-1.662150621414184570e+00
-2.180069684982299805e+00
-2.008983135223388672e+00
-1.057745099067687988e+00
-7.500551342964172363e-01
-1.800326824188232422e+00
-1.881464481353759766e+00
-9.566323757171630859e-01
-9.034898877143859863e-01
-1.680468320846557617e+00
-9.432725906372070312e-01
-1.863221526145935059e+00
-2.002527236938476562e+00
-1.395125508308410645e+00
-6.863726973533630371e-01
-7.373336553573608398e-01
-2.082144975662231445e+00
-1.960720539093017578e+00
-1.252552986145019531e+00
-8.212461471557617188e-01
-4.074830114841461182e-01
-1.752674698829650879e+00
-1.403460621833801270e+00
-1.815273284912109375e+00
-1.687107563018798828e+00
-4.712146818637847900e-01
-2.198554992675781250e+00
-8.671123981475830078e-01
-2.035638570785522461e+00
-1.344298243522644043e+00
-1.467731118202209473e+00
-4.976825714111328125e-01
-2.092361450195312500e+00
-7.106198072433471680e-01
-1.741202116012573242e+00
-2.076172351837158203e+00
-1.516214132308959961e+00
-5.896620750427246094e-01
-1.438936948776245117e+00
-1.530826330184936523e+00
-9.658520817756652832e-01
-9.316673278808593750e-01
-6.847513318061828613e-01
-1.125853180885314941e+00
-1.079241752624511719e+00
-5.698931217193603516e-01
-1.265919208526611328e+00
-1.046077609062194824e+00
-2.160399198532104492e+00
-1.795056939125061035e+00
-2.164288461208343506e-01
-2.719718813896179199e-01
-1.490926384925842285e+00
-1.672810792922973633e+00
-2.171148538589477539e+00
-4.682942628860473633e-01
-1.814976215362548828e+00
-1.424581408500671387e+00
-7.007331848144531250e-01
-5.047299265861511230e-01
-1.324538111686706543e+00
-1.996071696281433105e+00
-1.325444936752319336e+00
-1.267850756645202637e+00
-1.397803306579589844e+00
-1.268326997756958008e+00
-1.639703631401062012e+00
-1.666052579879760742e+00
-8.942182660102844238e-01
-1.196528434753417969e+00
-7.033624053001403809e-01
-9.380808472633361816e-01
-4.579723477363586426e-01
-4.235293865203857422e-01
-4.175022542476654053e-01
-1.158548116683959961e+00
-1.682324171066284180e+00
-6.737786531448364258e-01
-1.132080316543579102e+00
-5.116810798645019531e-01
-1.174034953117370605e+00
-2.964513897895812988e-01
-5.283917784690856934e-01
-5.310065150260925293e-01
-2.089515686035156250e+00
-1.344019412994384766e+00
-6.629588007926940918e-01
-8.043286800384521484e-01
-9.599412679672241211e-01
-1.239674568176269531e+00
-9.912032485008239746e-01
-6.480547785758972168e-01
-1.497598767280578613e+00
-1.207465171813964844e+00
-5.339347124099731445e-01
-1.102921247482299805e+00
-1.596487283706665039e+00
-8.684144020080566406e-01
-1.024924993515014648e+00
-9.084008932113647461e-01
-1.426829934120178223e+00
-4.517207145690917969e-01
-1.727278828620910645e+00
-1.838933587074279785e+00
-9.071656465530395508e-01
-1.686056613922119141e+00
-1.954661488533020020e+00
-7.799014449119567871e-01
-1.150529623031616211e+00
-1.484266638755798340e+00
-9.609010815620422363e-01
-1.941215395927429199e+00
-4.349276423454284668e-01
-1.614432930946350098e+00
-2.217044591903686523e+00
-2.436637580394744873e-01
-1.451484680175781250e+00
-4.072506725788116455e-01
-1.011964082717895508e+00
-5.548971295356750488e-01
-1.261086583137512207e+00
-9.584266543388366699e-01
-1.431858062744140625e+00
-3.549976050853729248e-01
-1.871144413948059082e+00
-1.282237648963928223e+00
5.115662515163421631e-02
-4.473256766796112061e-01
-1.445304512977600098e+00
-9.052610993385314941e-01
-8.493310213088989258e-01
-1.555194854736328125e+00
-2.237941980361938477e+00
-4.186806976795196533e-01
-8.897460103034973145e-01
-1.724588274955749512e+00
-5.630563497543334961e-01
-7.666506171226501465e-01
-2.142974376678466797e+00
-1.981129050254821777e+00
-7.180875539779663086e-01
-1.301076531410217285e+00
-1.308500051498413086e+00
-5.779168605804443359e-01
-1.982689380645751953e+00
-1.048636317253112793e+00
2.389667481184005737e-01
-5.395871996879577637e-01
-9.033777117729187012e-01
-9.406825304031372070e-01
-3.914017975330352783e-01
-1.159581303596496582e+00
-3.185822069644927979e-01
-3.977679610252380371e-01
-3.138795793056488037e-01
-4.147769212722778320e-01
-1.111624121665954590e+00
-9.303489327430725098e-01
-2.101792335510253906e+00
-2.030743837356567383e+00
-3.468950688838958740e-01
-1.866238594055175781e+00
-1.908449649810791016e+00
-6.227761507034301758e-01
-4.915248751640319824e-01
-1.438847422599792480e+00
-1.809762597084045410e+00
-1.702700257301330566e+00
-1.571440458297729492e+00
-6.787518858909606934e-01
-6.385940313339233398e-01
-2.073122024536132812e+00
-1.825784683227539062e+00
-1.150568842887878418e+00
-9.106225967407226562e-01
-1.861357212066650391e+00
-1.235755324363708496e+00
-1.361320734024047852e+00
2.076430320739746094e-01
-8.389506936073303223e-01
-2.064138412475585938e+00
-1.695781230926513672e+00
-8.768904805183410645e-01
-1.482836604118347168e+00
-1.303624272346496582e+00
-2.123330354690551758e+00
-1.374186515808105469e+00
-5.607702136039733887e-01
-7.462542653083801270e-01
-1.430688500404357910e+00
-1.823818445205688477e+00
-2.195662736892700195e+00
-1.913220047950744629e+00
-1.737766146659851074e+00
-8.028598427772521973e-01
-4.654822349548339844e-01
-5.882105827331542969e-01
-3.573979735374450684e-01
-1.810107350349426270e+00
-1.215661644935607910e+00
-2.196779727935791016e+00
-1.754412055015563965e+00
-1.627539873123168945e+00
-8.301628232002258301e-01
-1.914090514183044434e+00
-1.879558444023132324e+00
-1.134674668312072754e+00
-6.035995483398437500e-01
-1.198100328445434570e+00
-1.779165267944335938e+00
-2.083577394485473633e+00
-1.577814221382141113e+00
-3.197674751281738281e-01
-3.165057003498077393e-01
-1.035499691963195801e+00
-5.043787956237792969e-01
-1.261967062950134277e+00
-1.527645945549011230e+00
-1.157759785652160645e+00
-6.622338891029357910e-01
-1.993057250976562500e+00
-5.110257863998413086e-01
-1.428636789321899414e+00
-6.519152522087097168e-01
-2.177294015884399414e+00
-1.043488383293151855e+00
-1.039849638938903809e+00
-1.010773301124572754e+00
-2.150960445404052734e+00
-1.446330666542053223e+00
-2.023798704147338867e+00
-1.504196286201477051e+00
-1.186634421348571777e+00
-1.109228491783142090e+00
-1.881738781929016113e+00
-4.647482335567474365e-01
-2.183793544769287109e+00
-2.087755680084228516e+00
-1.593131542205810547e+00
-4.862881004810333252e-01
-1.026832461357116699e+00
-7.945694923400878906e-01
-6.730310916900634766e-01
-1.027770996093750000e+00
-1.966985702514648438e+00
-8.896524906158447266e-01
-2.058621883392333984e+00
-1.735282421112060547e+00
-1.801812887191772461e+00
-1.510769724845886230e+00
-1.667954564094543457e+00
-1.468989610671997070e+00
-1.136016011238098145e+00
-1.790368199348449707e+00
-1.695656418800354004e+00
-6.153363585472106934e-01
-1.870653867721557617e+00
-8.762050271034240723e-01
-6.097461581230163574e-01
-2.171578884124755859e+00
-1.748599290847778320e+00
-9.517342448234558105e-01
-1.458124041557312012e+00
-1.078741550445556641e+00
-4.117124974727630615e-01
-1.358132004737854004e+00
-2.017370939254760742e+00
-1.889101505279541016e+00
-2.807778418064117432e-01
-3.535061776638031006e-01
-1.954073786735534668e+00
-7.788035869598388672e-01
-1.107383847236633301e+00
-2.143621683120727539e+00
-8.259694576263427734e-01
-1.157316684722900391e+00
-9.002489447593688965e-01
-2.063351392745971680e+00
-2.077691316604614258e+00
-8.940132260322570801e-01
-1.365686774253845215e+00
-6.023423075675964355e-01
-8.050273060798645020e-01
-7.593844532966613770e-01
-1.892243862152099609e+00
-9.976904988288879395e-01
-1.040773391723632812e+00
-7.936432361602783203e-01
-2.626389861106872559e-01
-3.964791595935821533e-01
-1.304550290107727051e+00
-1.661342978477478027e+00
-1.243806838989257812e+00
-1.085289359092712402e+00
-1.404990196228027344e+00
-1.299287676811218262e+00
-7.749804854393005371e-01
-9.502511024475097656e-01
-1.805595874786376953e+00
-4.989104866981506348e-01
-1.661171913146972656e+00
-1.261528372764587402e+00
-4.723665118217468262e-01
-1.884703993797302246e+00
-6.576890349388122559e-01
-3.955519199371337891e-01
-1.711178541183471680e+00
-2.057623863220214844e+00
-1.382370114326477051e+00
-1.210363864898681641e+00
-8.151058554649353027e-01
-1.689587235450744629e-01
-5.773488879203796387e-01
-1.667563915252685547e+00
-1.869165182113647461e+00
-8.715068101882934570e-01
-1.781989812850952148e+00
-1.249220728874206543e+00
-1.592129588127136230e+00
-9.283518791198730469e-01
-1.423541426658630371e+00
-9.654094576835632324e-01
-1.186411380767822266e+00
-8.974257111549377441e-01
-1.713115334510803223e+00
-3.639841973781585693e-01
-1.530135154724121094e+00
-8.677818775177001953e-01
-1.634853720664978027e+00
-1.613563895225524902e+00
-2.141582727432250977e+00
-2.093951702117919922e+00
4.480356574058532715e-01
-7.006234526634216309e-01
-2.617369592189788818e-01
-1.544505953788757324e+00
-1.291926503181457520e+00
-7.382338047027587891e-01
-6.882135868072509766e-01
-1.762776613235473633e+00
-2.078933477401733398e+00
-8.727560639381408691e-01
-1.927379250526428223e+00
-4.832292199134826660e-01
-1.918910145759582520e+00
-6.471503376960754395e-01
-1.890363574028015137e+00
-8.267967700958251953e-01
-4.139983654022216797e-01
-1.763586521148681641e+00
-1.196385741233825684e+00
-1.600154757499694824e+00
-1.181933641433715820e+00
-1.882252573966979980e+00
-1.659451007843017578e+00
-7.558526992797851562e-01
-1.789803743362426758e+00
-2.178163766860961914e+00
-1.682818293571472168e+00
-5.848609805107116699e-01
-1.601266860961914062e-01
-9.739343523979187012e-01
-7.346621751785278320e-01
-1.248950242996215820e+00
-1.760190606117248535e+00
-2.056549310684204102e+00
-7.154303193092346191e-01
-1.534303784370422363e+00
-1.842636585235595703e+00
-6.297355294227600098e-01
-1.299855351448059082e+00
-2.075048923492431641e+00
-7.900428771972656250e-01
-1.660884618759155273e+00
-5.916652083396911621e-01
-1.500664591789245605e+00
-5.078620314598083496e-01
-1.792524099349975586e+00
-2.115092515945434570e+00
-1.646717548370361328e+00
-1.759285092353820801e+00
-4.407378435134887695e-01
-4.191343188285827637e-01
-1.518397331237792969e+00
-7.730539441108703613e-01
-8.913725018501281738e-01
-3.463809192180633545e-02
-6.586556434631347656e-01
-1.298412442207336426e+00
-2.078591108322143555e+00
-1.849872350692749023e+00
-9.539991617202758789e-01
-4.111004173755645752e-01
-5.902199149131774902e-01
-2.032834291458129883e+00
-2.221387386322021484e+00
-7.533378601074218750e-01
-3.997180759906768799e-01
-2.001571178436279297e+00
-1.989051342010498047e+00
-1.471126556396484375e+00
-6.778288483619689941e-01
-5.763714313507080078e-01
-1.345517396926879883e+00
-8.096921443939208984e-01
-3.984969258308410645e-01
-3.866103291511535645e-01
-1.625713706016540527e+00
-4.254224598407745361e-01
-1.314825534820556641e+00
-9.209609627723693848e-01
-8.436806201934814453e-01
-1.781289935111999512e+00
1.609725356101989746e-01
-1.070004820823669434e+00
-5.199048519134521484e-01
-1.659968376159667969e+00
-4.708246886730194092e-01
-1.662352085113525391e+00
-1.721363186836242676e+00
-7.603899240493774414e-01
-1.191738620400428772e-01
-1.334541440010070801e+00
-9.818597435951232910e-01
-6.450635194778442383e-01
-8.797766566276550293e-01
-1.113033175468444824e+00
-3.820315599441528320e-01
-3.603281974792480469e-01
-3.614386916160583496e-01
-1.558879971504211426e+00
-1.209784269332885742e+00
-1.377454519271850586e+00
-6.656107902526855469e-01
-1.792639374732971191e+00
-7.755194902420043945e-01
-6.734145879745483398e-01
-5.018770694732666016e-01
-7.839924097061157227e-01
-2.135769128799438477e+00
-1.328109264373779297e+00
-1.795530557632446289e+00
-1.941145896911621094e+00
-9.803543090820312500e-01
-1.418265223503112793e+00
-4.819065034389495850e-01
-8.501001000404357910e-01
-1.075748324394226074e+00
-1.864714503288269043e+00
-4.208087027072906494e-01
-4.123684167861938477e-01
-3.882016837596893311e-01
-1.437129855155944824e+00
-8.377705812454223633e-01
-9.506726861000061035e-01
-1.609641671180725098e+00
2.420561164617538452e-01
-8.750326633453369141e-01
-4.427385926246643066e-01
-1.197561621665954590e+00
-1.579722046852111816e+00
-1.804319739341735840e+00
-1.469939231872558594e+00
-2.034865856170654297e+00
-9.588631391525268555e-01
-1.147984266281127930e+00
-1.231840252876281738e+00
-5.136775374412536621e-01
-1.456322908401489258e+00
-7.627096176147460938e-01
-1.683540940284729004e+00
-6.593270897865295410e-01
-1.214535474777221680e+00
-6.926226019859313965e-01
-1.144014745950698853e-01
-8.966935873031616211e-01
-1.769125223159790039e+00
-1.532184481620788574e+00
-1.085619807243347168e+00
-1.586042761802673340e+00
-1.027914404869079590e+00
-2.085925817489624023e+00
-6.205824613571166992e-01
-1.410740017890930176e-01
-1.179395794868469238e+00
-8.407652378082275391e-01
-5.541034936904907227e-01
-4.651858508586883545e-01
-2.058159589767456055e+00
-1.840232014656066895e+00
-1.419215083122253418e+00
-9.848650097846984863e-01
-2.009105205535888672e+00
-7.412515878677368164e-01
-1.315247654914855957e+00
-5.830023884773254395e-01
-1.734732151031494141e+00
-8.604543805122375488e-01
-1.328857064247131348e+00
-1.811734557151794434e+00
-1.280180096626281738e+00
-1.948318481445312500e+00
-9.224028587341308594e-01
-1.292768597602844238e+00
-1.791539430618286133e+00
-1.657418727874755859e+00
-1.537477612495422363e+00
-2.174768686294555664e+00
-1.588687658309936523e+00
-1.326611757278442383e+00
-1.735175490379333496e+00
-4.017587602138519287e-01
-1.606883287429809570e+00
-1.581951379776000977e+00
-1.301500916481018066e+00
-7.438945770263671875e-01
-1.253865838050842285e+00
-6.919402480125427246e-01
-1.529436469078063965e+00
-1.006258726119995117e+00
-1.180018424987792969e+00
-1.208939433097839355e+00
-1.561856389045715332e+00
-1.260169744491577148e+00
-1.169901609420776367e+00
-4.900855123996734619e-01
-4.501799345016479492e-01
-1.528776645660400391e+00
-6.029609441757202148e-01
-9.223104715347290039e-01
-4.072020947933197021e-01
-3.311371207237243652e-01
-1.443681001663208008e+00
-2.049360513687133789e+00
-6.057310700416564941e-01
-5.988695621490478516e-01
-5.455938577651977539e-01
-1.785952448844909668e+00
-7.867140173912048340e-01
-6.469218730926513672e-01
-1.052018404006958008e+00
-2.019612789154052734e+00
-1.993475794792175293e+00
-6.412674784660339355e-01
-2.232357740402221680e+00
-8.774920701980590820e-01
-7.734509706497192383e-01
-2.690356075763702393e-01
-1.949312090873718262e+00
-1.277606129646301270e+00
-1.610930800437927246e+00
-1.624803423881530762e+00
-1.629361391067504883e+00
-3.002887666225433350e-01
-1.611316561698913574e+00
-2.131175041198730469e+00
-1.566595435142517090e+00
-1.073162913322448730e+00
-1.086830615997314453e+00
-1.513744950294494629e+00
-1.902397036552429199e+00
-4.380189180374145508e-01
-1.076379299163818359e+00
-2.086790800094604492e+00
-1.132746458053588867e+00
-1.285905122756958008e+00
-1.057099223136901855e+00
-5.724705457687377930e-01
-1.852892518043518066e+00
-1.258301734924316406e+00
5.486282706260681152e-01
-2.181962728500366211e+00
-2.097635984420776367e+00
-4.617119431495666504e-01
-6.700408458709716797e-01
-1.093895077705383301e+00
-3.043806850910186768e-01
-1.862736463546752930e+00
-1.131115436553955078e+00
-1.433850765228271484e+00
-8.349912762641906738e-01
-1.822698593139648438e+00
-1.807535767555236816e+00
-1.313130378723144531e+00
-1.065181374549865723e+00
-1.838930249214172363e+00
-1.241519570350646973e+00
-5.747302174568176270e-01
-1.193515062332153320e+00
-2.204611778259277344e+00
-3.623532056808471680e-01
-2.198570489883422852e+00
-2.183889389038085938e+00
-6.888046860694885254e-01
-8.946323394775390625e-02
-8.508809804916381836e-01
-5.902363061904907227e-01
-5.508785247802734375e-01
-1.999574661254882812e+00
-1.981945633888244629e+00
-2.137554645538330078e+00
-4.633408188819885254e-01
-1.602386116981506348e+00
-1.889939665794372559e+00
-1.865549206733703613e+00
-1.626875162124633789e+00
-6.994079947471618652e-01
-1.960028529167175293e+00
-1.928706884384155273e+00
-1.790256619453430176e+00
-2.662683129310607910e-01
-1.021679520606994629e+00
-1.384942650794982910e+00
-1.664085268974304199e+00
-1.833101272583007812e+00
-7.383199930191040039e-01
-9.020909070968627930e-01
-1.372056126594543457e+00
-4.985805451869964600e-01
-7.712193131446838379e-01
-9.282916784286499023e-01
-1.527652889490127563e-01
-1.307814240455627441e+00
-1.789516925811767578e+00
-1.597601294517517090e+00
-5.497717857360839844e-01
-5.703620910644531250e-01
-1.341434836387634277e+00
-2.060480833053588867e+00
-1.140837192535400391e+00
-2.033263921737670898e+00
-8.581357598304748535e-01
-1.291905164718627930e+00
-6.512126326560974121e-01
-1.943026304244995117e+00
-9.983337521553039551e-01
-1.848013281822204590e+00
-1.001080632209777832e+00
-1.401440262794494629e+00
-1.853315353393554688e+00
-1.314469099044799805e+00
-1.593968152999877930e+00
-1.514163255691528320e+00
-2.072563886642456055e+00
-1.490756273269653320e+00
-2.225077629089355469e+00
-3.186601102352142334e-01
-2.073994874954223633e+00
-2.048723936080932617e+00
-4.414700716733932495e-02
8.859772235155105591e-02
-1.730120778083801270e+00
-5.371901988983154297e-01
-1.714157819747924805e+00
-1.523061633110046387e+00
-7.594711184501647949e-01
-1.750659108161926270e+00
-1.888904929161071777e+00
-2.123497962951660156e+00
-1.858363389968872070e+00
-1.515128254890441895e+00
-5.270789861679077148e-01
-1.028696537017822266e+00
-7.386496663093566895e-01
-1.562192201614379883e+00
-1.344606161117553711e+00
-1.461829066276550293e+00
-1.967031836509704590e+00
-8.789393305778503418e-01
-5.171331167221069336e-01
-2.135377079248428345e-01
-1.738928556442260742e+00
-6.596589088439941406e-01
-1.238719701766967773e+00
-1.313503742218017578e+00
-2.094586133956909180e+00
-4.874828457832336426e-01
-1.263297721743583679e-02
-8.363994359970092773e-01
-9.505524039268493652e-01
-1.064793229103088379e+00
-6.361634731292724609e-01
-1.610181570053100586e+00
-6.098169684410095215e-01
-2.096901416778564453e+00
-9.401105046272277832e-01
-1.280288577079772949e+00
-4.639151096343994141e-01
-4.459905326366424561e-01
-4.332520067691802979e-01
-7.968676090240478516e-01
-7.198066711425781250e-01
-2.006420373916625977e+00
-2.116282939910888672e+00
-9.501194357872009277e-01
-1.026226520538330078e+00
-1.105623602867126465e+00
-1.289007902145385742e+00
-9.593314528465270996e-01
-3.508163094520568848e-01
-1.082135319709777832e+00
-1.706199765205383301e+00
-5.225347876548767090e-01
-1.211236715316772461e+00
-1.761556506156921387e+00
-2.153864860534667969e+00
2.931722700595855713e-01
-2.199815750122070312e+00
-1.314452528953552246e+00
-2.061876535415649414e+00
-1.765568494796752930e+00
-1.761577367782592773e+00
-1.805292010307312012e+00
3.643423914909362793e-01
-1.208885073661804199e+00
-2.200930356979370117e+00
-8.644114732742309570e-01
-1.153501391410827637e+00
-1.057982325553894043e+00
-1.677314877510070801e+00
-4.415988326072692871e-01
-3.184112906455993652e-01
-3.201974332332611084e-01
-5.890051126480102539e-01
-7.359028458595275879e-01
-5.906158685684204102e-01
-1.569876194000244141e+00
-1.645245075225830078e+00
-3.138339817523956299e-01
-2.010216712951660156e+00
-2.107672214508056641e+00
-1.695372343063354492e+00
-1.155830860137939453e+00
-5.648097991943359375e-01
-1.811163544654846191e+00
-2.062726736068725586e+00
-1.163879871368408203e+00
-1.780698537826538086e+00
-8.865412473678588867e-01
-7.214884161949157715e-01
-6.422227025032043457e-01
-6.981006860733032227e-01
-2.018227100372314453e+00
-8.925428986549377441e-01
-9.998522996902465820e-01
-2.023977279663085938e+00
-8.273664116859436035e-01
-1.987200736999511719e+00
-4.465915560722351074e-01
-1.559560418128967285e+00
-1.631272435188293457e+00
-1.060222864151000977e+00
-2.164584398269653320e+00
-1.932072281837463379e+00
-7.724338769912719727e-01
-1.890216708183288574e+00
-1.529468655586242676e+00
-1.421650886535644531e+00
-2.996392548084259033e-01
-2.014134407043457031e+00
-5.031231641769409180e-01
-1.059258341789245605e+00
-1.907040119171142578e+00
-1.951311469078063965e+00
-4.905824363231658936e-01
-8.750266432762145996e-01
-1.026205420494079590e+00
-5.282194018363952637e-01
-1.693347930908203125e+00
-1.783006310462951660e+00
-1.711824297904968262e+00
-1.646484494209289551e+00
-5.048249959945678711e-01
-9.582502245903015137e-01
-8.598177433013916016e-01
-1.360504269599914551e+00
-1.248465180397033691e+00
-2.151837587356567383e+00
-1.446556925773620605e+00
-1.046416997909545898e+00
-1.440386056900024414e+00
-1.534635543823242188e+00
-8.539181947708129883e-01
-1.951873064041137695e+00
-1.834142088890075684e+00
-1.275295972824096680e+00
-2.164323568344116211e+00
-1.334914326667785645e+00
-7.994766831398010254e-01
-6.979421377182006836e-01
-2.599878311157226562e-01
-3.454923033714294434e-01
-7.318209409713745117e-01
-1.102505803108215332e+00
-1.446796298027038574e+00
-2.126135110855102539e+00
-2.974510192871093750e-01
-1.012662529945373535e+00
-1.024291872978210449e+00
-1.723205327987670898e+00
-1.431604027748107910e+00
-2.205852031707763672e+00
-1.825157403945922852e+00
-4.582104384899139404e-01
-9.773325324058532715e-01
-4.301432371139526367e-01
-1.332629084587097168e+00
-1.967373490333557129e+00
-8.903767466545104980e-01
-1.169310808181762695e+00
-1.884177446365356445e+00
-1.863726019859313965e+00
-1.602681159973144531e+00
-1.310744881629943848e+00
-5.937452316284179688e-01
-7.853209376335144043e-01
-1.132226705551147461e+00
-9.695810675621032715e-01
-1.049594044685363770e+00
-8.684371709823608398e-01
-1.068284273147583008e+00
-1.739654541015625000e+00
-2.862874567508697510e-01
-9.911354184150695801e-01
-4.119515717029571533e-01
-1.464790225028991699e+00
-1.032543063163757324e+00
-9.189813733100891113e-01
-1.195974111557006836e+00
-1.847038984298706055e+00
-1.437695741653442383e+00
-4.023366570472717285e-01
-2.180964946746826172e+00
-4.624339640140533447e-01
-1.954490303993225098e+00
-6.389642357826232910e-01
-3.262471854686737061e-01
-1.217491745948791504e+00
-9.301571249961853027e-01
-6.827737689018249512e-01
-8.747415542602539062e-01
-1.128637075424194336e+00
-2.207217693328857422e+00
-1.117426872253417969e+00
-3.813866078853607178e-01
-1.590503096580505371e+00
-9.322569966316223145e-01
-1.387495994567871094e+00
-4.214786887168884277e-01
-1.817702174186706543e+00
-1.442330837249755859e+00
-4.981201291084289551e-01
-8.552651405334472656e-01
-2.046620607376098633e+00
-1.358643889427185059e+00
-1.807892084121704102e+00
-1.317609667778015137e+00
-1.218123912811279297e+00
-1.169635891914367676e+00
5.368668958544731140e-02
-7.914111614227294922e-01
-8.613618016242980957e-01
-6.234157681465148926e-01
-1.189188718795776367e+00
-8.540616035461425781e-01
-1.460057735443115234e+00
-1.921273112297058105e+00
-1.986910820007324219e+00
-1.718368887901306152e+00
-1.591950297355651855e+00
-1.212104797363281250e+00
-1.378967404365539551e+00
-8.015909790992736816e-01
-1.021840333938598633e+00
-1.424510359764099121e+00
-6.595535874366760254e-01
-4.867678582668304443e-01
-6.072841882705688477e-01
-3.858589231967926025e-01
-1.810584187507629395e+00
-1.106629252433776855e+00
-1.286962509155273438e+00
-6.479218602180480957e-01
-7.281352281570434570e-01
-1.139034271240234375e+00
-1.230539083480834961e+00
-2.875442802906036377e-01
-3.208539783954620361e-01
-1.825926661491394043e+00
-3.095468878746032715e-01
-2.066622257232666016e+00
-1.264474749565124512e+00
-7.985342144966125488e-01
2.887001931667327881e-01
-7.738005518913269043e-01
-2.779622375965118408e-01
-6.542508602142333984e-01
-3.999695777893066406e-01
-1.462171554565429688e+00
-6.056604385375976562e-01
-1.291231155395507812e+00
-1.533993601799011230e+00
-1.814952492713928223e+00
-1.853078722953796387e+00
-1.080487132072448730e+00
-2.090198516845703125e+00
-9.801979064941406250e-01
-6.051369309425354004e-01
-1.071348905563354492e+00
-1.815256714820861816e+00
-1.701176762580871582e+00
-1.875648856163024902e+00
-3.643718659877777100e-01
-3.573942482471466064e-01
-7.607249021530151367e-01
-6.132721900939941406e-01
-1.713445305824279785e+00
-9.476546645164489746e-01
-1.223357677459716797e+00
-2.102888345718383789e+00
-9.351900219917297363e-01
-1.863967776298522949e+00
-6.975383162498474121e-01
-1.212264657020568848e+00
-2.067960500717163086e+00
-1.559300422668457031e+00
-5.592611432075500488e-01
-1.102105021476745605e+00
-3.160869777202606201e-01
-1.220323681831359863e+00
-2.185831308364868164e+00
-1.755323648452758789e+00
-2.052965879440307617e+00
-1.296727776527404785e+00
-2.216765880584716797e+00
-7.475420832633972168e-01
-6.576717495918273926e-01
-1.280982613563537598e+00
-8.254995942115783691e-01
-8.195782303810119629e-01
-1.698422551155090332e+00
-1.351930022239685059e+00
-1.290579319000244141e+00
-2.638213336467742920e-01
-9.668208360671997070e-01
-1.804701089859008789e+00
-8.642521500587463379e-01
-1.583949685096740723e+00
-1.639117598533630371e+00
2.603647112846374512e-01
-2.046864748001098633e+00
-1.319858551025390625e+00
1.511599868535995483e-01
-4.707319140434265137e-01
-9.930902719497680664e-01
-4.341872036457061768e-01
-1.755190968513488770e+00
-4.548633992671966553e-01
-1.345234394073486328e+00
-1.494156122207641602e+00
-1.801828503608703613e+00
-1.682830095291137695e+00
-1.231253385543823242e+00
-2.251186609268188477e+00
-1.966388463973999023e+00
-1.144090533256530762e+00
-2.101398229598999023e+00
-3.018586933612823486e-01
-1.934504628181457520e+00
-1.084915518760681152e+00
-1.766668796539306641e+00
-1.304236054420471191e+00
-1.867793560028076172e+00
-4.166722893714904785e-01
-2.217656850814819336e+00
-3.053885996341705322e-01
-6.961096525192260742e-01
-1.283192276954650879e+00
-1.653972506523132324e+00
-1.136168360710144043e+00
-9.716815352439880371e-01
-7.020430564880371094e-01
-1.308772444725036621e+00
-1.642942547798156738e+00
-1.878381848335266113e+00
4.394322335720062256e-01
-1.614520788192749023e+00
-1.045263409614562988e+00
-2.011376857757568359e+00
2.281713336706161499e-01
-2.814171314239501953e-01
-6.012567281723022461e-01
-6.568324565887451172e-01
-2.021022558212280273e+00
-1.067945241928100586e+00
-1.114698886871337891e+00
-1.537093877792358398e+00
-8.549591302871704102e-01
-1.939328074455261230e+00
-1.814231276512145996e+00
-1.500085115432739258e+00
-4.422369301319122314e-01
-1.576920151710510254e+00
-1.835582733154296875e+00
-2.016600608825683594e+00
-1.949119210243225098e+00
1.556597370654344559e-02
-1.997653365135192871e+00
-3.137708008289337158e-01
-1.537441015243530273e+00
-4.013732075691223145e-01
-8.935953974723815918e-01
-1.978424072265625000e+00
-1.809882521629333496e+00
-1.906204342842102051e+00
-1.683660030364990234e+00
-1.971657752990722656e+00
3.891436457633972168e-01
-2.155009269714355469e+00
-1.137324810028076172e+00
-2.055172443389892578e+00
-8.958839774131774902e-01
-1.492767810821533203e+00
-5.322953462600708008e-01
-8.818495273590087891e-01
-7.284057885408401489e-02
-3.628538548946380615e-01
-2.157391071319580078e+00
-1.413708686828613281e+00
-9.545663595199584961e-01
-2.078073024749755859e+00
-5.923452973365783691e-01
-5.862254500389099121e-01
-1.117814421653747559e+00
-1.458282589912414551e+00
-4.911374747753143311e-01
-2.998026013374328613e-01
-1.425993561744689941e+00
-2.113140821456909180e+00
-5.139968991279602051e-01
-5.962552428245544434e-01
-1.097459077835083008e+00
-2.207837104797363281e+00
-7.829925417900085449e-01
-1.361363649368286133e+00
-1.895107269287109375e+00
-1.566240549087524414e+00
-7.923762202262878418e-01
-1.983714461326599121e+00
-8.170174956321716309e-01
-1.771404623985290527e+00
-8.722692728042602539e-01
-1.661621928215026855e+00
-1.416476964950561523e+00
-1.690668582916259766e+00
-1.998713850975036621e+00
-1.198121309280395508e+00
-1.154776334762573242e+00
-1.312690496444702148e+00
-1.997741937637329102e+00
-1.377207875251770020e+00
-6.272219419479370117e-01
-1.122175097465515137e+00
-7.357424497604370117e-01
-1.475716352462768555e+00
-1.027346014976501465e+00
-4.037975370883941650e-01
-1.533738613128662109e+00
-2.018239259719848633e+00
-1.539554834365844727e+00
-2.110541343688964844e+00
-1.263393521308898926e+00
-3.343427479267120361e-01
-1.099124789237976074e+00
-1.600042730569839478e-01
-8.034068346023559570e-01
-2.192116737365722656e+00
-4.268281459808349609e-01
-9.225304722785949707e-01
-2.125620126724243164e+00
-1.400490164756774902e+00
-8.922253847122192383e-01
-1.885946631431579590e+00
-1.629375457763671875e+00
-1.179181814193725586e+00
-1.318287849426269531e+00
-1.950767993927001953e+00
-2.320628017187118530e-01
-1.715125083923339844e+00
-2.817365527153015137e-01
-1.675902128219604492e+00
-1.888559222221374512e+00
-2.063428878784179688e+00
-3.639895319938659668e-01
-9.667662382125854492e-01
-2.090359687805175781e+00
-6.627191305160522461e-01
-3.772298991680145264e-01
-1.249900698661804199e+00
-2.035456657409667969e+00
-5.262561440467834473e-01
-1.961608767509460449e+00
-1.951151251792907715e+00
-6.157634258270263672e-01
-7.926976680755615234e-01
-1.527139544486999512e+00
-9.432185888290405273e-01
-1.719828009605407715e+00
-4.802517294883728027e-01
-1.482462406158447266e+00
-1.320599555969238281e+00
-1.154008746147155762e+00
-2.127447843551635742e+00
-1.562695860862731934e+00
-1.281855344772338867e+00
-1.537307381629943848e+00
-1.058681011199951172e+00
-4.440520703792572021e-01
-4.582503437995910645e-01
-4.325094819068908691e-01
-5.386271476745605469e-01
-7.363076210021972656e-01
-7.919971346855163574e-01
-1.310467720031738281e+00
-2.079960346221923828e+00
-1.414577722549438477e+00
-1.389159917831420898e+00
-1.062314152717590332e+00
-9.073104262351989746e-01
-4.234432578086853027e-01
-5.016705989837646484e-01
3.317328989505767822e-01
-1.364454388618469238e+00
-1.432256937026977539e+00
-1.952898740768432617e+00
-1.146181702613830566e+00
-4.700249433517456055e-01
-8.168520927429199219e-01
-3.841283321380615234e-01
-8.019269108772277832e-01
-1.062355756759643555e+00
-2.187727689743041992e+00
-2.204591035842895508e+00
-3.712025582790374756e-01
-1.283392071723937988e+00
-1.326803922653198242e+00
-1.796403288841247559e+00
-1.407119035720825195e+00
-2.103088617324829102e+00
-4.630905985832214355e-01
-6.002349257469177246e-01
-1.988139510154724121e+00
-6.949836015701293945e-01
-2.095284223556518555e+00
-1.056264519691467285e+00
-1.407006382942199707e+00
-1.589582264423370361e-01
-2.078872203826904297e+00
-1.208395481109619141e+00
-3.393008112907409668e-01
-1.892770528793334961e+00
-2.032032489776611328e+00
-1.925040006637573242e+00
-4.000854790210723877e-01
-1.289774894714355469e+00
-1.539660215377807617e+00
-9.571589827537536621e-01
-1.945330977439880371e+00
-1.939084768295288086e+00
-1.388074994087219238e+00
-1.238322854042053223e+00
-4.029836058616638184e-01
-1.502995133399963379e+00
-1.196560144424438477e+00
-2.170385837554931641e+00
-4.380625486373901367e-01
-1.596174240112304688e+00
-2.077811717987060547e+00
-5.917686820030212402e-01
-1.069299101829528809e+00
-9.146333336830139160e-01
-2.052245616912841797e+00
-2.040026903152465820e+00
-2.214383363723754883e+00
2.359379678964614868e-01
-7.274858951568603516e-01
-2.032120227813720703e+00
-1.488681077957153320e+00
-8.735626935958862305e-01
-1.029915094375610352e+00
-6.101314425468444824e-01
-8.001289367675781250e-01
-6.708551645278930664e-01
-1.593134045600891113e+00
8.939211815595626831e-02
-9.126361608505249023e-01
-6.338621973991394043e-01
-1.490365743637084961e+00
-2.030132293701171875e+00
-7.671729326248168945e-01
-1.656956553459167480e+00
2.161375582218170166e-01
4.837679564952850342e-01
-1.586537241935729980e+00
-5.067003369331359863e-01
-1.291308045387268066e+00
-9.993290901184082031e-01
-1.567704200744628906e+00
-3.374633789062500000e-01
-2.011717557907104492e+00
-3.730810284614562988e-01
-1.591566205024719238e+00
-2.054677248001098633e+00
-1.052462339401245117e+00
-1.128133654594421387e+00
-1.746398329734802246e+00
-6.767745614051818848e-01
-4.365930557250976562e-01
-1.731335520744323730e+00
-1.574380874633789062e+00
-1.379318356513977051e+00
-8.804504871368408203e-01
-1.451949000358581543e+00
-7.203007936477661133e-01
-7.330323457717895508e-01
-4.964985549449920654e-01
-1.696212053298950195e+00
-2.077248334884643555e+00
-1.073677659034729004e+00
-1.542549252510070801e+00
-6.782885193824768066e-01
-1.532687783241271973e+00
-2.179064899682998657e-01
-1.542622566223144531e+00
-1.672998070716857910e+00
-8.159825205802917480e-01
5.202282667160034180e-01
-6.372627019882202148e-01
-1.229170322418212891e+00
-1.650484442710876465e+00
-2.149406433105468750e+00
2.661196922417730093e-04
-3.708298802375793457e-01
-4.555738270282745361e-01
-5.505032539367675781e-01
-1.944803953170776367e+00
-1.001336097717285156e+00
-1.021579980850219727e+00
-4.274972081184387207e-01
-1.088078498840332031e+00
-2.081748247146606445e+00
-1.131337642669677734e+00
-6.220278739929199219e-01
-1.937199354171752930e+00
-1.867472887039184570e+00
-1.050455451011657715e+00
-1.493626117706298828e+00
-2.218078136444091797e+00
-1.700533509254455566e+00
-6.211476922035217285e-01
-3.952613770961761475e-01
-1.320541620254516602e+00
-1.949978709220886230e+00
-2.213151216506958008e+00
-1.747778773307800293e+00
-1.092737197875976562e+00
-6.999221444129943848e-01
-1.444324254989624023e+00
-2.014385938644409180e+00
-1.633602857589721680e+00
-5.161634087562561035e-01
1.634589880704879761e-01
-1.996090292930603027e+00
-1.119126796722412109e+00
-9.077637791633605957e-01
-1.614698290824890137e+00
-1.501873970031738281e+00
-1.394181251525878906e+00
-2.211907386779785156e+00
3.305278420448303223e-01
-2.132045984268188477e+00
-1.252646565437316895e+00
-1.904211044311523438e+00
-1.361794471740722656e+00
-8.711776733398437500e-01
4.459895789623260498e-01
-8.197233676910400391e-01
-1.425322055816650391e+00
-8.732448816299438477e-01
-1.976074725389480591e-01
-1.477430462837219238e+00
-4.141692519187927246e-01
-5.672650933265686035e-01
-5.727165937423706055e-01
-1.736724257469177246e+00
-1.924844384193420410e+00
-1.481949806213378906e+00
-1.926524639129638672e+00
-2.763139605522155762e-01
-5.791894197463989258e-01
-5.448172092437744141e-01
-1.650912523269653320e+00
-2.077635526657104492e+00
-1.507494688034057617e+00
-4.853420555591583252e-01
-1.342489719390869141e+00
-9.419230222702026367e-01
-9.940400719642639160e-01
-1.591653108596801758e+00
-1.547626614570617676e+00
1.117488071322441101e-01
-1.509575605392456055e+00
-6.049546003341674805e-01
-9.360867142677307129e-01
-3.647263944149017334e-01
-1.450413465499877930e+00
-1.687482476234436035e+00
-5.166606903076171875e-01
-8.863629698753356934e-01
-2.209374666213989258e+00
-1.645119786262512207e+00
-4.007407724857330322e-01
-1.262748956680297852e+00
-1.988715529441833496e+00
-1.195423007011413574e+00
-1.223258376121520996e+00
1.878408193588256836e-01
-2.018995285034179688e+00
-1.967182397842407227e+00
-8.629500269889831543e-01
-1.082989573478698730e+00
-1.002699375152587891e+00
-1.324679493904113770e+00
-1.484335899353027344e+00
-4.255538582801818848e-01
-1.474397420883178711e+00
2.539159357547760010e-01
-1.706481218338012695e+00
3.878189921379089355e-01
-2.032048225402832031e+00
-2.689222693443298340e-01
-1.353077411651611328e+00
-2.178587436676025391e+00
-1.801128387451171875e+00
-1.981764435768127441e+00
-4.550094306468963623e-01
-4.245745241641998291e-01
-1.289153575897216797e+00
-6.678220033645629883e-01
-1.072827935218811035e+00
-1.105585455894470215e+00
-1.308085203170776367e+00
-2.467437237501144409e-01
-9.504872560501098633e-01
-1.466241121292114258e+00
-1.668086171150207520e+00
-1.060582160949707031e+00
-3.737177550792694092e-01
-1.840807318687438965e+00
-8.756493926048278809e-01
-1.443327307701110840e+00
-4.017246663570404053e-01
-1.482764959335327148e+00
-1.835218548774719238e+00
-1.300687313079833984e+00
-2.231000185012817383e+00
-1.778464078903198242e+00
-8.491315245628356934e-01
-2.179757118225097656e+00
-2.806964814662933350e-01
-4.880904853343963623e-01
-9.339805841445922852e-01
-1.095765590667724609e+00
1.723263114690780640e-01
-4.022877812385559082e-01
-1.137353301048278809e+00
-1.371186971664428711e+00
-1.740087509155273438e+00
-1.947061300277709961e+00
-1.076372146606445312e+00
3.561636507511138916e-01
-5.076890587806701660e-01
-1.348587632179260254e+00
-1.992119312286376953e+00
-2.935836017131805420e-01
-3.776121735572814941e-01
-7.623037695884704590e-01
-2.057649374008178711e+00
-3.163363039493560791e-01
-1.795142173767089844e+00
-2.058699846267700195e+00
-2.085258066654205322e-01
-2.025868892669677734e+00
-3.694438338279724121e-01
-2.232303857803344727e+00
-1.738389968872070312e+00
-1.484757304191589355e+00
-1.067811489105224609e+00
-1.459764003753662109e+00
-2.086044311523437500e+00
-1.880065798759460449e+00
-2.206055164337158203e+00
-1.854865431785583496e+00
-1.033940017223358154e-01
-1.657427787780761719e+00
-1.476321578025817871e+00
-5.627631545066833496e-01
-1.614180207252502441e+00
-3.855003118515014648e-01
-1.385456323623657227e+00
-6.699966788291931152e-01
-8.035949468612670898e-01
-4.071495532989501953e-01
-1.526943922042846680e+00
-8.020486831665039062e-01
-1.125561714172363281e+00
-6.152790188789367676e-01
-1.397519350051879883e+00
-1.640606522560119629e+00
-5.800420641899108887e-01
-4.911660850048065186e-01
-1.293751835823059082e+00
-1.663895606994628906e+00
-5.224809646606445312e-01
-1.337538361549377441e+00
-1.382711172103881836e+00
-1.982204318046569824e+00
-2.334624826908111572e-01
-1.683062911033630371e+00
-1.016602158546447754e+00
-1.615911841392517090e+00
-7.796961069107055664e-01
-1.620220303535461426e+00
-1.404504537582397461e+00
-1.814861059188842773e+00
-1.207338213920593262e+00
-5.949892997741699219e-01
-8.963141441345214844e-01
-1.730698108673095703e+00
-2.182108402252197266e+00
-6.857146024703979492e-01
-5.715502053499221802e-02
-1.858525753021240234e+00
-4.157460331916809082e-01
-5.303964614868164062e-01
-1.703213930130004883e+00
-1.831466555595397949e+00
-2.006379127502441406e+00
-1.622354507446289062e+00
-1.116244316101074219e+00
-4.487134516239166260e-01
-1.954830050468444824e+00
-1.656386733055114746e+00
-1.589308738708496094e+00
-1.172298312187194824e+00
-1.240144014358520508e+00
-1.893128514289855957e+00
-4.443040788173675537e-01
-7.123636603355407715e-01
-1.812299251556396484e+00
-1.135500788688659668e+00
-7.386804819107055664e-01
-5.752568244934082031e-01
-1.010304212570190430e+00
-1.961603045463562012e+00
-6.196867823600769043e-01
-6.149648427963256836e-01
-1.323700070381164551e+00
-8.505287766456604004e-01
-1.818642497062683105e+00
-7.151326537132263184e-01
-8.005803227424621582e-01
-2.020981311798095703e+00
-1.518431305885314941e+00
-1.584950566291809082e+00
-1.087689757347106934e+00
-4.743792712688446045e-01
-7.544694542884826660e-01
-9.604407548904418945e-01
-7.152698040008544922e-01
-2.005275011062622070e+00
-4.148347377777099609e-01
-1.465253829956054688e+00
-7.445691227912902832e-01
-1.268221020698547363e+00
5.844460129737854004e-01
-1.382246911525726318e-01
-5.928981900215148926e-01
-2.597881015390157700e-03
-4.255265891551971436e-01
-2.194711267948150635e-01
-6.202788278460502625e-02
-1.336134195327758789e+00
-1.897447824478149414e+00
-6.842608451843261719e-01
-7.086559534072875977e-01
-3.863502740859985352e-01
-3.881234824657440186e-01
-9.157313108444213867e-01
-6.576454639434814453e-01
-1.702671527862548828e+00
-4.406081140041351318e-01
-1.296751499176025391e+00
-1.219298958778381348e+00
-1.234154582023620605e+00
2.065457701683044434e-01
5.091805458068847656e-01
4.156098663806915283e-01
-5.605134963989257812e-01
-8.468172550201416016e-01
1.157817617058753967e-01
-6.434920430183410645e-01
-5.065803974866867065e-02
1.339585930109024048e-01
-2.865162789821624756e-01
-1.094515562057495117e+00
4.717327356338500977e-01
-6.902692914009094238e-01
-6.988596320152282715e-01
-5.835648775100708008e-01
3.856143057346343994e-01
-4.853223562240600586e-01
-7.401003241539001465e-01
-8.634649962186813354e-02
-2.803397178649902344e-01
-2.030223131179809570e+00
-3.089095354080200195e-01
-4.501778483390808105e-01
-1.616727411746978760e-01
-1.077032208442687988e+00
1.063882708549499512e-01
-2.084081992506980896e-02
-1.225859761238098145e+00
4.628881216049194336e-01
-7.958728075027465820e-01
4.947936534881591797e-02
-2.453184276819229126e-01
-1.229503035545349121e+00
-5.998132228851318359e-01
-3.589414954185485840e-01
-7.516883611679077148e-01
-1.515149831771850586e+00
-3.618758022785186768e-01
-3.013936281204223633e-01
-1.412428975105285645e+00
-1.639443635940551758e-01
-3.648535311222076416e-01
-4.044035673141479492e-01
-7.541720271110534668e-01
-1.011782526969909668e+00
-1.761411905288696289e+00
-1.076175570487976074e+00
-1.328184962272644043e+00
7.867283821105957031e-01
-1.325608640909194946e-01
3.810295164585113525e-01
-1.148234844207763672e+00
5.792303681373596191e-01
-5.262006521224975586e-01
2.285943925380706787e-01
2.085962146520614624e-01
-2.725239992141723633e-01
-1.239574670791625977e+00
-8.800932168960571289e-01
2.257454842329025269e-01
-1.268981099128723145e-01
-2.939366698265075684e-01
-5.626564621925354004e-01
-3.156655132770538330e-01
-1.190766811370849609e+00
2.066599130630493164e-01
-7.364145517349243164e-01
-2.182157635688781738e-01
-4.764779210090637207e-01
-2.062313795089721680e+00
-1.700055599212646484e+00
-6.746057868003845215e-01
-1.696624398231506348e+00
-1.647918581962585449e+00
-1.283205389976501465e+00
5.896173119544982910e-01
4.644467830657958984e-01
-9.551483988761901855e-01
-1.634658694267272949e+00
-1.256071567535400391e+00
-1.666623353958129883e+00
-1.315255999565124512e+00
-4.521706104278564453e-01
7.008204460144042969e-01
-1.565737247467041016e+00
2.371479719877243042e-01
-9.163120985031127930e-01
-1.985624432563781738e+00
1.321329325437545776e-01
5.325670242309570312e-01
-1.332815408706665039e+00
1.896077841520309448e-01
-1.833674311637878418e+00
-3.279178440570831299e-01
-1.180331945419311523e+00
-6.898186206817626953e-01
-1.747277855873107910e+00
-5.761876702308654785e-01
-4.129536747932434082e-01
-9.859401583671569824e-01
-8.151041865348815918e-01
-1.152854442596435547e+00
-3.546422421932220459e-01
7.481058239936828613e-01
-1.022247195243835449e+00
5.719737410545349121e-01
-1.159413814544677734e+00
-1.532231926918029785e+00
-2.079282522201538086e+00
-7.594327926635742188e-01
2.368209958076477051e-01
9.797567874193191528e-02
-8.107544183731079102e-01
-1.079592943191528320e+00
-1.647264212369918823e-01
-7.766361236572265625e-01
-2.450033277273178101e-01
-1.182849526405334473e+00
-1.328112959861755371e+00
-8.216995596885681152e-01
1.260636001825332642e-02
5.625871419906616211e-01
-1.287250041961669922e+00
5.170156806707382202e-02
2.099751234054565430e-01
-4.323120415210723877e-01
-9.603681564331054688e-01
-6.444608569145202637e-01
-9.325168728828430176e-01
-2.952185571193695068e-01
-1.361091375350952148e+00
-1.198745489120483398e+00
5.274682044982910156e-01
7.538600265979766846e-02
3.422639071941375732e-01
-5.246227383613586426e-01
-7.028158903121948242e-01
-6.715618371963500977e-01
-3.329532742500305176e-01
-1.126725435256958008e+00
-8.203711509704589844e-01
-9.374421238899230957e-01
-1.214106082916259766e+00
-1.044916868209838867e+00
-8.429727554321289062e-01
-8.376008272171020508e-01
-1.287268757820129395e+00
-9.530137777328491211e-01
2.517437934875488281e-01
-1.016073107719421387e+00
-7.159649729728698730e-01
-4.297431707382202148e-01
-4.605484902858734131e-01
-5.434916019439697266e-01
-1.122534155845642090e+00
-5.861386060714721680e-01
-2.534298598766326904e-01
-1.074329495429992676e+00
-1.868671655654907227e+00
-8.356628417968750000e-01
-4.055797457695007324e-01
2.783850431442260742e-01
-1.139159440994262695e+00
-2.621780633926391602e-01
-8.015619516372680664e-01
-7.710757851600646973e-01
-5.225835442543029785e-01
-9.215448498725891113e-01
-3.959213495254516602e-01
-3.400008678436279297e-01
8.686328679323196411e-02
-1.075731158256530762e+00
1.592503041028976440e-01
-1.761957406997680664e+00
1.724587380886077881e-01
-5.947571992874145508e-01
1.584626287221908569e-01
5.993766188621520996e-01
1.493847966194152832e-01
-1.058983922004699707e+00
7.936845421791076660e-01
-4.212932586669921875e-01
-4.279122352600097656e-01
-1.667613983154296875e+00
-1.337410569190979004e+00
5.910130739212036133e-01
-5.656386017799377441e-01
-8.519925475120544434e-01
-8.646783828735351562e-01
3.384160101413726807e-01
-9.956066608428955078e-01
-1.528271317481994629e+00
-2.205849409103393555e+00
-1.014110445976257324e+00
4.367112219333648682e-01
1.010209769010543823e-01
-1.100690603256225586e+00
-9.045185893774032593e-02
-2.096095800399780273e+00
2.915334105491638184e-01
-7.963558435440063477e-01
-6.308024525642395020e-01
-1.598048686981201172e+00
-8.026119470596313477e-01
-7.684481739997863770e-01
-2.135291099548339844e+00
-1.168282389640808105e+00
-1.333039522171020508e+00
-5.009495019912719727e-01
4.615786969661712646e-01
-1.093853592872619629e+00
-8.849353194236755371e-01
-4.898307919502258301e-01
-7.660126686096191406e-01
-9.749012589454650879e-01
-9.795329570770263672e-01
-8.927751183509826660e-01
-1.693236351013183594e+00
-1.916979193687438965e+00
-6.040815114974975586e-01
-8.066021800041198730e-01
-1.302602529525756836e+00
6.867062449455261230e-01
-1.472815871238708496e+00
-6.135985255241394043e-01
-5.773149728775024414e-01
-1.813623070716857910e+00
-4.019545763731002808e-02
-1.338731169700622559e+00
3.351622447371482849e-02
-6.300042271614074707e-01
1.213836520910263062e-01
-1.187797784805297852e+00
-1.260736227035522461e+00
-1.274187862873077393e-01
-1.370738387107849121e+00
-2.047798156738281250e+00
-1.942371129989624023e+00
6.570716202259063721e-02
-6.797627806663513184e-01
-2.391032129526138306e-02
3.679317235946655273e-01
-1.394267797470092773e+00
-7.963316440582275391e-01
-7.278495430946350098e-01
-9.282677173614501953e-01
-7.326489686965942383e-01
-5.651153326034545898e-01
1.320267617702484131e-01
-1.523879170417785645e+00
-1.866277813911437988e+00
5.080437287688255310e-02
-7.769479155540466309e-01
-2.066653519868850708e-01
-7.254729866981506348e-01
-1.798661708831787109e+00
-8.584920167922973633e-01
-1.979159832000732422e+00
-7.348284125328063965e-01
-1.178268194198608398e+00
-1.227708458900451660e+00
-1.700658679008483887e+00
-1.309820771217346191e+00
-3.079739212989807129e-01
2.006276883184909821e-02
-6.916584968566894531e-01
3.924236297607421875e-01
-1.969560794532299042e-02
6.967396475374698639e-03
-9.847679734230041504e-01
-6.720528006553649902e-03
3.761155605316162109e-01
-1.271211147308349609e+00
-4.981637001037597656e-01
-1.365521252155303955e-01
-1.656710743904113770e+00
1.108828559517860413e-01
1.081618592143058777e-01
-2.115958213806152344e+00
-1.188266277313232422e+00
-4.208421111106872559e-01
4.976903200149536133e-01
-2.249267846345901489e-01
-1.198848605155944824e+00
5.404055118560791016e-01
9.737074375152587891e-02
-6.121763586997985840e-01
1.750798821449279785e-01
-9.197022914886474609e-01
8.668466657400131226e-02
2.220696508884429932e-01
-2.217234373092651367e+00
-1.211001753807067871e+00
-1.015720665454864502e-01
-6.301763057708740234e-01
-6.501132845878601074e-01
2.155420370399951935e-03
-1.832283288240432739e-01
3.478275835514068604e-01
7.417998313903808594e-01
-2.039900064468383789e+00
-5.708725452423095703e-01
-8.772689700126647949e-01
-4.066759645938873291e-01
7.484077215194702148e-01
-1.211012244224548340e+00
2.929761111736297607e-01
4.034316241741180420e-01
-3.142506480216979980e-01
-2.138001680374145508e+00
-6.126123946160078049e-03
3.390915989875793457e-01
5.354571342468261719e-01
-1.360063552856445312e-01
-5.553220510482788086e-01
-6.174528002738952637e-01
-1.273645639419555664e+00
-1.197601079940795898e+00
-9.604319334030151367e-01
-1.340740561485290527e+00
-1.583284735679626465e+00
-1.072151422500610352e+00
-2.343075275421142578e-01
-2.133346796035766602e+00
-1.236076235771179199e+00
-8.862496614456176758e-01
-8.076383471488952637e-01
7.253282666206359863e-01
-1.058457732200622559e+00
-9.852990508079528809e-01
-1.527879834175109863e+00
-9.656041860580444336e-01
-1.246353507041931152e+00
-1.780956029891967773e+00
-3.669134676456451416e-01
-9.074327945709228516e-01
-2.369147092103958130e-01
-6.501510143280029297e-01
4.750073850154876709e-01
-1.243255019187927246e+00
-4.585509747266769409e-02
-1.118456721305847168e+00
-2.102308273315429688e+00
-5.184176564216613770e-01
1.890526898205280304e-02
-1.802216172218322754e+00
-2.156726717948913574e-01
-1.274913072586059570e+00
-1.838374137878417969e-01
-1.369063496589660645e+00
-1.244186162948608398e+00
-8.885278105735778809e-01
-5.064505338668823242e-01
-2.990098297595977783e-01
-1.037087678909301758e+00
4.020721912384033203e-01
-5.206410288810729980e-01
6.382777094841003418e-01
-3.585514724254608154e-01
-1.783485412597656250e-01
-1.324018120765686035e+00
-6.105953454971313477e-01
4.847648739814758301e-02
3.089853823184967041e-01
-6.212456822395324707e-01
-2.149520874023437500e+00
3.493584990501403809e-01
-3.316141664981842041e-01
-1.046401262283325195e+00
-1.149873852729797363e+00
2.231225967407226562e-01
-5.134782195091247559e-01
-2.273480445146560669e-01
4.797715544700622559e-01
5.769877433776855469e-01
-2.972570620477199554e-02
-1.487541079521179199e+00
-6.092427372932434082e-01
-1.644963324069976807e-01
1.476639062166213989e-01
-1.876614212989807129e+00
-6.108313798904418945e-01
-3.887205421924591064e-01
-2.879247963428497314e-01
2.528699338436126709e-01
5.608128905296325684e-01
-7.142734527587890625e-01
-9.009340405464172363e-01
-1.082243680953979492e+00
-3.914015889167785645e-01
5.480485558509826660e-01
-1.341560363769531250e+00
-4.203791916370391846e-01
5.674204230308532715e-01
-9.762637019157409668e-01
-1.072100043296813965e+00
-1.354744791984558105e+00
-2.128712415695190430e+00
-8.345835208892822266e-01
-5.927566289901733398e-01
-4.248785078525543213e-01
-2.465868443250656128e-01
-1.140468955039978027e+00
-1.446390628814697266e+00
-1.576951295137405396e-01
-1.273085594177246094e+00
2.038736790418624878e-01
3.378310799598693848e-01
-1.804093718528747559e+00
-5.234370827674865723e-01
-1.686844468116760254e+00
-1.761641144752502441e+00
-3.989555537700653076e-01
-1.199095606803894043e+00
5.852409005165100098e-01
-1.031299978494644165e-01
1.921473294496536255e-01
-6.071075797080993652e-01
2.067528963088989258e-01
-3.458559215068817139e-01
5.340521335601806641e-01
-7.398402094841003418e-01
-2.465079724788665771e-01
-7.786834612488746643e-03
-7.406181693077087402e-01
-5.787763595581054688e-01
6.648957729339599609e-01
-5.016298294067382812e-01
-6.693055629730224609e-01
-1.266705036163330078e+00
1.792743355035781860e-01
2.890640497207641602e-01
-1.104010581970214844e+00
-1.591583251953125000e+00
-1.614629030227661133e+00
2.705842256546020508e-01
8.339168503880500793e-03
-1.372659802436828613e+00
-1.902600079774856567e-01
1.925768107175827026e-01
-1.598299890756607056e-01
-2.869912087917327881e-01
-8.747769594192504883e-01
-1.982981562614440918e-01
4.953140914440155029e-01
-1.489514410495758057e-01
-3.385009765625000000e-01
-6.001238152384757996e-02
-2.102214395999908447e-01
2.308594584465026855e-01
-1.854642391204833984e+00
-4.304980337619781494e-01
-2.145303964614868164e+00
2.913181781768798828e-01
-1.349087238311767578e+00
-1.368456363677978516e+00
6.985854357481002808e-02
-3.368131220340728760e-01
-1.739825367927551270e+00
-1.846134424209594727e+00
8.238904476165771484e-01
-6.291038393974304199e-01
-9.216337203979492188e-01
-2.119444131851196289e+00
5.134533643722534180e-01
-7.477221488952636719e-01
-1.185700058937072754e+00
2.569933887571096420e-03
-9.649462699890136719e-01
-2.215507984161376953e+00
3.422383964061737061e-01
-6.693161129951477051e-01
2.576658129692077637e-01
-2.055619060993194580e-01
-8.549566864967346191e-01
-8.872993588447570801e-01
4.637427926063537598e-01
3.451810181140899658e-01
-1.580307245254516602e+00
-6.636168360710144043e-01
-2.055890798568725586e+00
-1.427201271057128906e+00
-3.604178130626678467e-01
-5.525471568107604980e-01
-7.598832845687866211e-01
-2.919661700725555420e-01
-1.662690520286560059e+00
-2.847635149955749512e-01
3.584058582782745361e-01
-1.195886373519897461e+00
-1.259471178054809570e+00
-6.262260079383850098e-01
-5.693348646163940430e-01
-1.142012119293212891e+00
-1.565144419670104980e+00
-2.185093641281127930e+00
-1.072175621986389160e+00
-9.023453593254089355e-01
-1.034686803817749023e+00
-7.458500266075134277e-01
-1.473339080810546875e+00
-1.221377104520797729e-01
-2.114519119262695312e+00
-1.425746083259582520e+00
1.173387989401817322e-01
-9.905234575271606445e-01
-6.958197355270385742e-01
-7.862041592597961426e-01
-1.036401748657226562e+00
-3.507712483406066895e-01
-1.117239356040954590e+00
-1.275589823722839355e+00
-1.496645689010620117e+00
-6.417023539543151855e-01
4.870703220367431641e-01
-9.451478719711303711e-01
-4.793144166469573975e-01
-2.151315100491046906e-02
-9.193387627601623535e-01
-2.610037326812744141e-01
-8.442413210868835449e-01
5.534497499465942383e-01
-9.587221145629882812e-01
-1.061370372772216797e+00
-9.747011661529541016e-01
-3.322038948535919189e-01
2.271646112203598022e-01
5.204473733901977539e-01
4.316074401140213013e-02
-6.949619650840759277e-01
-8.169273734092712402e-01
-7.096434235572814941e-01
-1.681700944900512695e+00
-7.617158293724060059e-01
-1.221689581871032715e+00
-4.457919001579284668e-01
-9.112927317619323730e-01
3.876425325870513916e-01
-5.724006891250610352e-01
-9.978001713752746582e-01
-1.238910436630249023e+00
-8.072279095649719238e-01
8.847471326589584351e-02
3.932748138904571533e-01
2.970137000083923340e-01
-9.034366607666015625e-01
4.157504737377166748e-01
3.524116277694702148e-01
2.077069282531738281e-01
-5.118664503097534180e-01
2.902517616748809814e-01
3.163345903158187866e-02
5.652567744255065918e-01
-1.219194889068603516e+00
-2.502413690090179443e-01
-5.136487483978271484e-01
-1.419850587844848633e-01
-1.668682336807250977e+00
-6.416841745376586914e-01
-1.203455686569213867e+00
-3.565177023410797119e-01
-1.849604368209838867e+00
-1.978695154190063477e+00
-5.192727446556091309e-01
-1.352499842643737793e+00
2.572005987167358398e-01
6.262502670288085938e-01
-4.420965015888214111e-01
5.090540647506713867e-01
-1.578345149755477905e-01
-2.928967475891113281e-01
-1.345831036567687988e+00
-1.481857657432556152e+00
-8.599799871444702148e-01
-4.267762005329132080e-01
-1.479250431060791016e+00
-3.434913158416748047e-01
-4.605666100978851318e-01
-1.950075030326843262e-01
-1.046343684196472168e+00
-1.032759308815002441e+00
-9.367893934249877930e-01
-1.430471658706665039e+00
-5.503844022750854492e-01
-7.186366915702819824e-01
-8.732997179031372070e-01
-1.005981683731079102e+00
-9.007989764213562012e-01
-9.651688933372497559e-01
-1.002771615982055664e+00
-3.257562518119812012e-01
-4.547686278820037842e-01
4.215948283672332764e-01
2.369081526994705200e-01
-1.211780190467834473e+00
-2.103550910949707031e+00
-9.464309811592102051e-01
-7.399171590805053711e-01
-8.777306079864501953e-01
-1.693159818649291992e+00
-1.918556094169616699e+00
-1.286795616149902344e+00
3.193184435367584229e-01
5.827990174293518066e-01
-2.131283044815063477e+00
-1.912861585617065430e+00
-1.293846487998962402e+00
-1.675982952117919922e+00
-9.439505338668823242e-01
4.505402743816375732e-01
-4.152255058288574219e-01
9.087425470352172852e-02
-1.684262990951538086e+00
-1.074483633041381836e+00
-8.482647538185119629e-01
3.218798041343688965e-01
2.083817422389984131e-01
-1.504082322120666504e+00
-1.218431949615478516e+00
-4.068082869052886963e-01
-7.452070713043212891e-01
-1.178313612937927246e+00
-4.554336965084075928e-01
-6.785872578620910645e-01
-1.308099269866943359e+00
-5.999537706375122070e-01
-9.174749255180358887e-01
-1.984291821718215942e-01
-8.225498199462890625e-01
-8.041060566902160645e-01
-4.710309803485870361e-01
-1.806623786687850952e-01
7.078231312334537506e-03
-5.105501413345336914e-01
-7.195085883140563965e-01
-5.376304388046264648e-01
-1.048160433769226074e+00
-6.217331439256668091e-02
-3.319810703396797180e-02
-8.672952055931091309e-01
-6.507411599159240723e-01
-1.288772463798522949e+00
-1.333753228187561035e+00
2.548311054706573486e-01
-4.821635037660598755e-02
-1.290325760841369629e+00
-1.651826620101928711e+00
-5.247133970260620117e-01
8.532890081405639648e-01
-5.226466655731201172e-01
-1.505070686340332031e+00
-2.790749073028564453e-01
-3.152994811534881592e-01
-1.210159622132778168e-02
2.359650433063507080e-01
-8.545320630073547363e-01
5.041427016258239746e-01
3.978983759880065918e-01
-1.002443313598632812e+00
5.181986689567565918e-01
-5.014030337333679199e-01
-3.080015182495117188e-01
-7.995357513427734375e-01
-7.194207310676574707e-01
9.706431627273559570e-02
-1.076085209846496582e+00
2.980635166168212891e-01
-3.532953262329101562e-01
3.091499507427215576e-01
-1.497053503990173340e-01
-1.014574408531188965e+00
-5.952932834625244141e-01
-1.649933606386184692e-01
-1.204938888549804688e+00
-3.807281553745269775e-01
-9.118517637252807617e-01
-8.431076407432556152e-01
7.984134554862976074e-01
-1.849347949028015137e+00
-1.246453523635864258e-01
4.563682675361633301e-01
-2.210599422454833984e+00
2.115989923477172852e-01
-3.490723967552185059e-01
-1.472628116607666016e-01
-5.096487998962402344e-01
-8.411601185798645020e-01
2.447714060544967651e-01
-5.248800516128540039e-01
-1.281813144683837891e+00
-2.733163237571716309e-01
-9.716644883155822754e-01
2.429544925689697266e-01
-1.060282349586486816e+00
-1.163189649581909180e+00
-1.026161909103393555e+00
-2.017477512359619141e+00
5.076211094856262207e-01
5.728831887245178223e-01
2.167241275310516357e-01
-8.133509159088134766e-01
-1.231879711151123047e+00
3.794501125812530518e-01
3.668163120746612549e-01
-1.153659224510192871e+00
-2.082877874374389648e+00
1.278919875621795654e-01
-5.467807054519653320e-01
-6.290987133979797363e-01
-8.098750710487365723e-01
-2.622724510729312897e-02
-7.338866591453552246e-01
-1.901334643363952637e+00
-7.767343521118164062e-01
5.368186235427856445e-01
1.235934421420097351e-01
-1.680963039398193359e+00
-3.987394869327545166e-01
3.465160131454467773e-01
-7.538466453552246094e-01
3.779509663581848145e-01
-1.857357621192932129e-01
-6.589170694351196289e-01
-1.031400561332702637e+00
3.499446511268615723e-01
-1.268507540225982666e-01
-1.057885766029357910e+00
6.622035801410675049e-02
-1.250212311744689941e+00
-4.539288282394409180e-01
5.211889743804931641e-01
-4.458112716674804688e-01
-3.899098038673400879e-01
-4.943799674510955811e-01
-3.757800757884979248e-01
-5.658692121505737305e-01
-1.444784849882125854e-01
2.005849480628967285e-01
-9.620016813278198242e-02
-8.606489896774291992e-01
-7.075539231300354004e-01
4.275258183479309082e-01
1.741942167282104492e-01
5.510704517364501953e-01
4.326716363430023193e-01
-1.045339345932006836e+00
1.318535804748535156e-01
-6.995483040809631348e-01
-6.286960840225219727e-01
-1.403371453285217285e+00
-1.313355565071105957e+00
2.216859906911849976e-01
-1.355061650276184082e+00
8.054050058126449585e-02
-1.013377308845520020e+00
-3.470185101032257080e-01
-2.203844308853149414e+00
-1.982955187559127808e-01
-9.111660122871398926e-01
4.232620894908905029e-01
9.849782288074493408e-02
-1.916084289550781250e+00
-2.193396091461181641e-01
2.279750108718872070e-01
5.543596148490905762e-01
-1.046897888183593750e+00
-9.489477276802062988e-01
-7.007592171430587769e-02
2.490023523569107056e-01
-1.228480100631713867e+00
-4.564896225929260254e-01
-1.057465910911560059e+00
-1.720066964626312256e-01
4.109861254692077637e-01
-1.136543512344360352e+00
-1.703325390815734863e+00
4.435356855392456055e-01
-1.290813922882080078e+00
-9.069391340017318726e-02
-6.965890526771545410e-01
-2.006462335586547852e+00
-1.281454920768737793e+00
-1.138491749763488770e+00
-4.831209480762481689e-01
-5.189826488494873047e-01
-1.232550024986267090e+00
2.055768072605133057e-01
-2.068451642990112305e+00
-1.149683356285095215e+00
-4.776217043399810791e-01
-1.064836859703063965e+00
-3.897909075021743774e-02
1.085636168718338013e-01
6.963456049561500549e-03
-3.999888300895690918e-01
-1.735123991966247559e+00
4.914575815200805664e-01
8.029580712318420410e-01
4.134955406188964844e-01
3.014671504497528076e-01
1.475892961025238037e-01
3.698685467243194580e-01
-8.067644238471984863e-01
-1.709466814994812012e+00
-4.850618839263916016e-01
-2.243620634078979492e+00
-1.216860055923461914e+00
3.705873489379882812e-01
-3.151697218418121338e-01
-5.096268057823181152e-01
3.364477753639221191e-01
-1.968298673629760742e+00
-9.782074093818664551e-01
3.992484211921691895e-01
3.973314166069030762e-02
-2.173914760351181030e-01
-5.370588898658752441e-01
-3.126706480979919434e-01
-9.332079887390136719e-01
-8.184398412704467773e-01
-9.469106793403625488e-01
2.913483083248138428e-01
-1.161054611206054688e+00
7.936694622039794922e-01
-4.308646023273468018e-01
2.264370918273925781e-01
2.966834604740142822e-01
-1.511572748422622681e-01
-9.550088047981262207e-01
-2.100382089614868164e+00
-6.255652904510498047e-01
-4.744308888912200928e-01
6.120882630348205566e-01
-1.540812253952026367e+00
-1.547295808792114258e+00
-2.810873091220855713e-01
-1.333556920289993286e-01
-1.253300607204437256e-01
-5.216425061225891113e-01
-6.689879894256591797e-01
9.278541803359985352e-01
8.874996304512023926e-01
2.693082988262176514e-01
-8.315352797508239746e-01
-5.766330957412719727e-01
-7.018150687217712402e-01
-2.086341381072998047e-01
-1.182742238044738770e+00
-7.549440264701843262e-01
-1.259867191314697266e+00
-5.217318534851074219e-01
-1.370335340499877930e+00
-1.242423057556152344e+00
-1.039942502975463867e-01
-3.397929072380065918e-01
-1.154070854187011719e+00
3.930935561656951904e-01
3.547241911292076111e-02
-1.019832611083984375e+00
-6.578017473220825195e-01
-5.464947223663330078e-01
-8.895843029022216797e-01
-1.997979521751403809e+00
-4.166641533374786377e-01
2.108779549598693848e-01
-1.827490776777267456e-01
-3.470098674297332764e-01
3.342157900333404541e-01
-1.196819067001342773e+00
-8.654668927192687988e-01
-1.097438931465148926e+00
-1.862132400274276733e-01
2.442691326141357422e-01
4.163000881671905518e-01
2.702798545360565186e-01
-1.204753398895263672e+00
2.210275679826736450e-01
-6.112965941429138184e-01
7.599199414253234863e-01
-7.600734829902648926e-01
-1.176934242248535156e+00
2.419766932725906372e-01
4.396669864654541016e-01
-1.404519319534301758e+00
-6.243740320205688477e-01
-1.079667806625366211e+00
-5.351094603538513184e-01
-5.784363746643066406e-01
2.356856465339660645e-01
1.855330318212509155e-01
-6.133151650428771973e-01
5.273534059524536133e-01
-6.354175209999084473e-01
-7.047040462493896484e-01
2.887581586837768555e-01
-1.948449760675430298e-02
-6.617941856384277344e-01
-1.358856081962585449e+00
-8.938149213790893555e-01
-8.929097056388854980e-01
-3.860074281692504883e-01
-7.164847850799560547e-01
-3.947366476058959961e-01
-9.239512681961059570e-01
5.298236012458801270e-01
-1.046545028686523438e+00
-1.219806194305419922e+00
-6.182423830032348633e-01
-6.654382348060607910e-01
4.177950024604797363e-01
-5.564324259757995605e-01
-1.121632456779479980e+00
-4.674459397792816162e-01
5.247466564178466797e-01
2.209147363901138306e-01
4.367623627185821533e-01
-1.102959990501403809e+00
-4.540263116359710693e-01
-8.721997141838073730e-01
-2.939596772193908691e-01
-1.018422961235046387e+00
-3.668780326843261719e-01
1.507036089897155762e-01
-1.930026769638061523e+00
-1.266712784767150879e+00
-8.302505612373352051e-01
1.126343458890914917e-01
-2.975489497184753418e-01
-5.365224480628967285e-01
-7.319940924644470215e-01
-1.881513953208923340e+00
4.537958502769470215e-01
-8.955312371253967285e-01
-1.078941702842712402e+00
-6.586482524871826172e-01
-1.115832209587097168e+00
-2.196524381637573242e+00
-2.190706968307495117e+00
5.116487741470336914e-01
-1.059379339218139648e+00
-1.212690830230712891e+00
-7.395536303520202637e-01
4.060450792312622070e-01
-1.569698572158813477e+00
-5.628414750099182129e-01
-2.660228908061981201e-01
-6.294814944267272949e-01
-5.986043810844421387e-01
-9.417073130607604980e-01
-6.092064976692199707e-01
3.996543958783149719e-02
2.573572099208831787e-01
-1.657795011997222900e-01
-3.298062086105346680e-01
-1.238462209701538086e+00
-1.741860985755920410e+00
-4.060065150260925293e-01
6.025871038436889648e-01
-8.471317291259765625e-01
-1.226138472557067871e+00
-1.969379605725407600e-03
-2.814813852310180664e-01
-1.827348351478576660e+00
-3.382487297058105469e-01
-8.981413245201110840e-01
-2.110098838806152344e+00
-1.133515715599060059e+00
-5.197182297706604004e-01
-9.852008223533630371e-01
2.073780149221420288e-01
-1.022863864898681641e+00
-5.256915092468261719e-01
8.984608948230743408e-02
2.268232256174087524e-01
-2.730835461989045143e-03
-1.408921003341674805e+00
-1.189356923103332520e+00
3.973613977432250977e-01
-2.483096905052661896e-02
-1.644218802452087402e+00
2.286585271358489990e-01
-1.240423798561096191e+00
-1.888500690460205078e+00
-1.824915885925292969e+00
3.172119855880737305e-01
-1.164893150329589844e+00
-8.114864826202392578e-01
-1.048421263694763184e+00
-1.096764683723449707e+00
9.435861557722091675e-02
-9.327060729265213013e-02
-4.827915132045745850e-01
-1.320844769477844238e+00
6.513890624046325684e-01
-9.031556248664855957e-01
-1.657990694046020508e+00
-2.920442521572113037e-01
-3.530369997024536133e-01
-4.395754635334014893e-01
-1.484272718429565430e+00
-4.647036790847778320e-01
-1.641284584999084473e+00
9.102779030799865723e-01
-7.018928527832031250e-01
3.552569150924682617e-01
-9.616190791130065918e-01
4.302315711975097656e-01
1.758624464273452759e-01
-2.098428606986999512e-01
-4.091230928897857666e-01
-1.981465935707092285e+00
-1.008329272270202637e+00
-3.621375858783721924e-01
-8.553581833839416504e-01
-5.183738470077514648e-02
1.393926739692687988e-01
-1.152670681476593018e-01
-9.307163953781127930e-02
5.185694098472595215e-01
4.771357774734497070e-01
6.433390080928802490e-02
-3.413813412189483643e-01
-1.191087961196899414e+00
-1.798331618309020996e+00
-1.332402825355529785e+00
7.400790452957153320e-01
-7.545035481452941895e-01
-1.274907112121582031e+00
5.679373145103454590e-01
-1.306992411613464355e+00
-1.405705213546752930e+00
-1.034769058227539062e+00
-2.229438304901123047e+00
1.033971756696701050e-01
4.608067274093627930e-01
-1.011783480644226074e+00
-1.234168887138366699e+00
-8.287857472896575928e-02
9.734157472848892212e-02
-6.034412980079650879e-01
-3.911093175411224365e-01
-1.105813145637512207e+00
-1.042027354240417480e+00
7.984478473663330078e-01
-9.153345227241516113e-01
1.076067537069320679e-01
-3.351616561412811279e-01
-5.623369216918945312e-01
-1.020088791847229004e+00
-2.198797225952148438e+00
-2.134879678487777710e-01
3.056938350200653076e-01
-2.167839050292968750e+00
8.043489456176757812e-01
-1.236425042152404785e+00
-4.372635781764984131e-01
-6.676103472709655762e-01
-2.108616977930068970e-01
-4.340918362140655518e-01
-2.115611076354980469e+00
5.444920063018798828e-01
-1.800943762063980103e-01
-9.003292322158813477e-01
-1.602574586868286133e-01
-3.598538637161254883e-01
-4.344103336334228516e-01
-2.930713593959808350e-01
-6.204047799110412598e-01
-2.019074857234954834e-01
-1.860897064208984375e+00
-9.202397465705871582e-01
-8.161736279726028442e-02
-1.164033651351928711e+00
-6.994038224220275879e-01
-1.649828076362609863e+00
-2.492038607597351074e-01
-4.515568614006042480e-01
4.546818435192108154e-01
3.219608366489410400e-01
-3.731955960392951965e-02
-8.970118761062622070e-01
-7.157980799674987793e-01
-1.277489781379699707e+00
-1.093376040458679199e+00
-1.130048707127571106e-01
-9.801944494247436523e-01
-1.129020333290100098e+00
-1.141838431358337402e+00
-3.964327871799468994e-01
3.946515023708343506e-01
-9.326747059822082520e-01
-2.471550703048706055e-01
-1.274106144905090332e+00
-2.194748163223266602e+00
-7.521522045135498047e-01
-7.036387920379638672e-01
-1.492213606834411621e+00
-6.474310159683227539e-01
9.064398407936096191e-01
5.727677941322326660e-01
8.011425733566284180e-01
-1.311403393745422363e+00
-1.237067818641662598e+00
3.000065684318542480e-01
-4.275657236576080322e-01
-5.926107764244079590e-01
-1.070948243141174316e+00
-9.252562522888183594e-01
6.946109980344772339e-02
-9.200938940048217773e-01
-1.599209666252136230e+00
7.416814565658569336e-02
2.567080855369567871e-01
-2.056305408477783203e-01
-7.574169635772705078e-01
-1.901684641838073730e+00
-8.215785026550292969e-01
-9.293557405471801758e-01
-9.460395574569702148e-01
-7.533116936683654785e-01
-7.916954755783081055e-01
-8.291360139846801758e-01
-1.023946881294250488e+00
-2.068549633026123047e+00
-1.728310346603393555e+00
-1.998938918113708496e+00
-4.288152158260345459e-01
-1.626171350479125977e+00
-1.970428466796875000e+00
5.180267691612243652e-01
-7.462650537490844727e-01
-1.019293308258056641e+00
-1.809556365013122559e+00
-1.567450284957885742e+00
-1.255255341529846191e+00
-1.668338060379028320e+00
-9.595183134078979492e-01
-8.019471764564514160e-01
-1.184490323066711426e+00
-4.635237455368041992e-01
-1.373137950897216797e+00
-4.292205870151519775e-01
-3.682162463665008545e-01
-1.514264345169067383e+00
-5.988748669624328613e-01
-1.258530378341674805e+00
-1.870877385139465332e+00
-7.907477617263793945e-01
-1.017946243286132812e+00
3.436342775821685791e-01
-5.839337110519409180e-01
-1.640280604362487793e+00
-8.810921907424926758e-01
-7.857348322868347168e-01
-4.113340377807617188e-01
-1.879283666610717773e+00
-1.325889348983764648e+00
-1.219809770584106445e+00
-2.930738329887390137e-01
-8.594011664390563965e-01
-1.300520300865173340e+00
-1.046075701713562012e+00
-7.110710144042968750e-01
-1.379946827888488770e+00
-7.978577166795730591e-03
-1.163503646850585938e+00
-1.523709177970886230e+00
-9.194993972778320312e-01
-4.238692522048950195e-01
-1.285593748092651367e+00
-1.434435486793518066e+00
-1.015736103057861328e+00
-1.367219448089599609e+00
4.871916770935058594e-01
-1.239223957061767578e+00
-4.784556329250335693e-01
-1.353180408477783203e+00
-1.571063518524169922e+00
-6.771283745765686035e-01
-1.582168340682983398e+00
-5.601313114166259766e-01
-5.224986672401428223e-01
5.505056977272033691e-01
-7.085831165313720703e-01
-1.453325867652893066e+00
-1.370929718017578125e+00
-4.061334729194641113e-01
-2.117059469223022461e+00
-1.861367344856262207e+00
-6.201754212379455566e-01
-5.738236308097839355e-01
-5.427738428115844727e-01
-4.877600669860839844e-01
-1.117813110351562500e+00
-1.133407711982727051e+00
-1.425548553466796875e+00
-2.065136671066284180e+00
-1.954360008239746094e+00
-6.482744812965393066e-01
2.717818617820739746e-01
-1.157318472862243652e+00
-6.982870697975158691e-01
-1.539615869522094727e+00
-6.290274858474731445e-01
-1.206523299217224121e+00
-7.484022378921508789e-01
-1.373478889465332031e+00
-7.366883754730224609e-01
-1.833480238914489746e+00
-1.688099622726440430e+00
-1.286267161369323730e+00
-1.687759518623352051e+00
-1.785151004791259766e+00
3.783375918865203857e-01
-1.604658722877502441e+00
-2.230673313140869141e+00
-3.669480383396148682e-01
-1.879439473152160645e+00
-1.037079811096191406e+00
-1.749005317687988281e+00
-8.071370124816894531e-01
-1.203827619552612305e+00
-1.143002033233642578e+00
-1.253974318504333496e+00
-5.016817450523376465e-01
-1.090075492858886719e+00
-8.348391652107238770e-01
-4.709209203720092773e-01
-1.419412851333618164e+00
-1.846924066543579102e+00
-1.660315275192260742e+00
-2.044799089431762695e+00
-1.179120182991027832e+00
-1.038683056831359863e+00
-1.478424549102783203e+00
-1.222278118133544922e+00
-2.920008301734924316e-01
-1.473781228065490723e+00
-9.317133426666259766e-01
-6.403077244758605957e-01
-1.047940611839294434e+00
-1.342378735542297363e+00
-1.417981386184692383e+00
-1.746514558792114258e+00
-2.793343663215637207e-01
-7.343409061431884766e-01
-5.362125039100646973e-01
1.412731409072875977e-01
-1.098492622375488281e+00
-1.848462224006652832e+00
-2.135944604873657227e+00
-9.413979053497314453e-01
-8.499420285224914551e-01
-1.968493342399597168e+00
-1.289116740226745605e+00
-8.896697312593460083e-03
-1.687406450510025024e-01
-1.166026949882507324e+00
-2.035897254943847656e+00
-8.536896109580993652e-01
-1.246769070625305176e+00
-1.029753327369689941e+00
-5.079838633537292480e-01
-1.623222947120666504e+00
-2.178627967834472656e+00
1.136848926544189453e-01
-5.286706686019897461e-01
-1.482588410377502441e+00
-8.247167468070983887e-01
-5.128198862075805664e-01
-4.254737198352813721e-01
-3.925014138221740723e-01
-1.986877679824829102e+00
-8.789595365524291992e-01
-8.861737847328186035e-01
-5.746229290962219238e-01
-8.448985815048217773e-01
-1.525108218193054199e+00
-5.887401103973388672e-01
-1.659780502319335938e+00
-1.498749136924743652e+00
-1.262966871261596680e+00
-9.125616550445556641e-01
-1.865700721740722656e+00
-1.954797863960266113e+00
-2.019645690917968750e+00
-1.268247365951538086e+00
-1.102448463439941406e+00
-1.415456295013427734e+00
-1.376224756240844727e+00
-3.184876739978790283e-01
-1.184798836708068848e+00
-1.882291793823242188e+00
-5.648648738861083984e-01
-1.939735770225524902e+00
-2.952828109264373779e-01
-2.058438777923583984e+00
-1.590070366859436035e+00
-1.672690629959106445e+00
2.273911982774734497e-01
-5.129086375236511230e-01
-2.107299089431762695e+00
-2.206128358840942383e+00
-2.053206920623779297e+00
-7.856035232543945312e-01
-1.671239852905273438e+00
-8.885622620582580566e-01
-1.010502457618713379e+00
-4.385035037994384766e-01
-2.018517017364501953e+00
-3.942831158638000488e-01
-1.143117427825927734e+00
2.147645056247711182e-01
-1.060817956924438477e+00
-1.561172842979431152e+00
4.296130239963531494e-01
-9.461768865585327148e-01
-1.111065983772277832e+00
-1.431655049324035645e+00
-1.410445332527160645e+00
5.211243033409118652e-01
-2.113800764083862305e+00
-6.669852733612060547e-01
-1.748526215553283691e+00
-1.304986953735351562e+00
-3.103340864181518555e-01
-1.540217399597167969e+00
-3.645110726356506348e-01
-1.664423465728759766e+00
-1.649363994598388672e+00
-8.275281786918640137e-01
-3.516549170017242432e-01
-3.043692708015441895e-01
-1.130346536636352539e+00
-6.759005784988403320e-01
4.440004751086235046e-02
-1.506001710891723633e+00
-1.360114216804504395e+00
-1.664464473724365234e+00
-1.070282697677612305e+00
-1.353209018707275391e-01
-1.386249542236328125e+00
-7.512841224670410156e-01
-1.944761037826538086e+00
-9.704585075378417969e-01
-4.689905941486358643e-01
-2.026814699172973633e+00
-4.165874421596527100e-01
-8.623666167259216309e-01
-9.420771598815917969e-01
-1.280394792556762695e+00
-1.373633384704589844e+00
-1.263879895210266113e+00
-2.191488265991210938e+00
3.571824133396148682e-01
-5.181686282157897949e-01
-4.672985374927520752e-01
-9.781779646873474121e-01
-1.472930669784545898e+00
-3.623150587081909180e-01
-1.547994256019592285e+00
-2.201479673385620117e+00
-1.370078325271606445e+00
-8.597981929779052734e-01
-1.043030619621276855e+00
-1.209888100624084473e+00
-1.696466684341430664e+00
-2.855105698108673096e-01
-2.089149951934814453e+00
-4.587121605873107910e-01
5.155273079872131348e-01
-2.183312654495239258e+00
-3.473052382469177246e-01
-1.497724890708923340e+00
-6.378840208053588867e-01
-1.708663225173950195e+00
-1.086935520172119141e+00
-1.065485954284667969e+00
-1.875287652015686035e+00
-6.619224548339843750e-01
-3.188696205615997314e-01
-9.152251482009887695e-01
-2.061564683914184570e+00
-2.130020141601562500e+00
-1.322186708450317383e+00
-3.157278001308441162e-01
-6.448726058006286621e-01
1.555685997009277344e-01
-1.608237504959106445e+00
-1.106323122978210449e+00
-1.422989487648010254e+00
-1.155604720115661621e+00
-4.135909974575042725e-01
-2.138753652572631836e+00
-1.238001465797424316e+00
-5.349650382995605469e-01
-1.197377443313598633e+00
-5.762450695037841797e-01
-8.811456561088562012e-01
-1.668193459510803223e+00
-1.271615624427795410e+00
-1.164085745811462402e+00
-6.139117479324340820e-01
-3.073711991310119629e-01
-1.437280416488647461e+00
-4.155703783035278320e-01
-1.944938659667968750e+00
-2.141872167587280273e+00
-8.149980306625366211e-01
-2.718036174774169922e-01
-1.073409318923950195e+00
-2.551433444023132324e-01
-1.743810534477233887e+00
-4.370322823524475098e-01
-1.109296321868896484e+00
-7.451677322387695312e-01
-1.996475219726562500e+00
-1.808908939361572266e+00
-1.574621558189392090e+00
-1.883200407028198242e+00
-3.687036335468292236e-01
-9.434881210327148438e-01
-2.051287889480590820e-01
-1.902019262313842773e+00
-2.033740997314453125e+00
-1.697792768478393555e+00
-3.133027851581573486e-01
-4.273370504379272461e-01
-1.321503043174743652e+00
-6.476363539695739746e-01
-1.350440263748168945e+00
-1.707071304321289062e+00
-1.984654426574707031e+00
-1.216185331344604492e+00
-1.348441958427429199e+00
-6.506277322769165039e-01
-7.957800030708312988e-01
-1.097123622894287109e+00
-1.866058230400085449e+00
-1.502882242202758789e+00
-1.095047116279602051e+00
-8.636214137077331543e-01
-8.598055243492126465e-01
-3.819836378097534180e-01
-7.154282331466674805e-01
-1.351369976997375488e+00
-1.600178003311157227e+00
-4.443028271198272705e-01
-1.228987097740173340e+00
-1.298857450485229492e+00
-1.263524770736694336e+00
-9.079783558845520020e-01
-1.825905561447143555e+00
-1.649874687194824219e+00
-2.051147222518920898e+00
-1.445390701293945312e+00
-1.152274131774902344e+00
-2.020011186599731445e+00
-5.677902102470397949e-01
-1.379936337471008301e+00
-1.707654953002929688e+00
-1.538010120391845703e+00
-1.550996422767639160e+00
-4.214106798171997070e-01
-1.845716953277587891e+00
-1.506883502006530762e+00
-7.482939362525939941e-01
-1.708600282669067383e+00
-8.548395633697509766e-01
-5.885131955146789551e-01
-2.136358022689819336e+00
-1.019824862480163574e+00
-7.264142632484436035e-01
-9.239912629127502441e-01
-8.206338286399841309e-01
-3.751676380634307861e-01
-1.548994421958923340e+00
-1.585648298263549805e+00
-2.871300280094146729e-01
-5.576305389404296875e-01
-2.016637802124023438e+00
-1.245917201042175293e+00
-6.215349435806274414e-01
-1.319326400756835938e+00
-6.483495831489562988e-01
-7.426694631576538086e-01
-1.094745755195617676e+00
-1.258987545967102051e+00
-1.067391872406005859e+00
-5.182855725288391113e-01
1.840793341398239136e-01
-2.082890987396240234e+00
-2.135344266891479492e+00
-1.463588714599609375e+00
-5.333216786384582520e-01
-3.545362353324890137e-01
4.405496176332235336e-03
-1.249604582786560059e+00
-4.776294529438018799e-01
-9.421946406364440918e-01
-7.569470405578613281e-01
-9.471829533576965332e-01
-1.288156986236572266e+00
-3.608580231666564941e-01
-1.713733553886413574e+00
-6.810591220855712891e-01
-1.793188899755477905e-01
-8.236752152442932129e-01
-1.449118256568908691e+00
-1.116395473480224609e+00
-4.951723217964172363e-01
-1.755931615829467773e+00
-8.476724028587341309e-01
-1.145426511764526367e+00
3.568056970834732056e-02
-1.043944835662841797e+00
-1.648312568664550781e+00
-2.013169288635253906e+00
-2.039822340011596680e-01
-5.055026412010192871e-01
-9.697871804237365723e-01
-1.086752057075500488e+00
-8.077458739280700684e-01
-3.560531139373779297e-01
-2.894332110881805420e-01
-1.141904950141906738e+00
-8.266086578369140625e-01
-8.638968467712402344e-01
-9.014205932617187500e-01
-1.130214571952819824e+00
-7.411465644836425781e-01
-1.919007658958435059e+00
-7.565964460372924805e-01
-7.978271842002868652e-01
-9.832706451416015625e-01
-1.026664137840270996e+00
-9.452927708625793457e-01
-5.042551755905151367e-01
-1.311411708593368530e-01
-2.071925878524780273e+00
-1.494784355163574219e+00
-6.288914084434509277e-01
-8.540737032890319824e-01
-5.473982095718383789e-01
-2.121896028518676758e+00
-1.188648939132690430e+00
1.753404289484024048e-01
-4.746247231960296631e-01
-3.306131660938262939e-01
-3.592837750911712646e-01
-5.282978415489196777e-01
-1.789321064949035645e+00
-3.799893856048583984e-01
-8.200851082801818848e-01
-1.966332793235778809e-01
-7.345657348632812500e-01
-5.893234610557556152e-01
2.979526221752166748e-01
-2.013476490974426270e-01
-5.051171183586120605e-01
-3.169870674610137939e-01
-2.040453433990478516e+00
-1.204422593116760254e+00
-2.137406826019287109e+00
-5.869870185852050781e-01
-1.305523037910461426e+00
-7.537567615509033203e-02
-4.352340400218963623e-01
-9.536164402961730957e-01
-1.629860997200012207e+00
-4.134494066238403320e-01
-1.104643940925598145e+00
-1.860478043556213379e+00
-2.172003984451293945e+00
4.686082303524017334e-01
-3.733831048011779785e-01
-1.498596191406250000e+00
-2.074439525604248047e+00
-7.577838301658630371e-01
-1.237467527389526367e+00
-2.038318634033203125e+00
-1.000433117151260376e-01
-7.233052849769592285e-01
-2.576294541358947754e-01
-4.575924575328826904e-01
-6.349958777427673340e-01
4.300940930843353271e-01
-5.993264913558959961e-01
-1.192372441291809082e+00
-4.976425170898437500e-01
-5.894669145345687866e-02
-7.107262611389160156e-01
-1.078493118286132812e+00
-8.979194760322570801e-01
1.934753805398941040e-01
-1.554543495178222656e+00
2.864215895533561707e-02
-9.272055625915527344e-01
-4.234709739685058594e-01
-7.001880407333374023e-01
-1.126121520996093750e+00
-7.750664949417114258e-01
-4.260865151882171631e-01
-1.057733058929443359e+00
-1.380291223526000977e+00
1.080537065863609314e-01
7.407878637313842773e-01
-1.748908400535583496e+00
-4.477901160717010498e-01
6.425933837890625000e-01
-8.660849928855895996e-01
-8.242666125297546387e-01
-7.238255143165588379e-01
-2.225174605846405029e-01
-1.165606260299682617e+00
-9.676283597946166992e-01
3.831296861171722412e-01
-4.315412044525146484e-01
-1.271733999252319336e+00
1.936181634664535522e-01
-8.379709720611572266e-01
-3.901816904544830322e-01
-9.237532019615173340e-01
-1.552214503288269043e+00
-1.077615737915039062e+00
6.202345490455627441e-01
-9.329435229301452637e-01
-1.761400580406188965e+00
-3.550916612148284912e-01
2.693454027175903320e-01
5.651954412460327148e-01
-1.446621298789978027e+00
-7.113840579986572266e-01
-1.187982201576232910e+00
-1.112343668937683105e+00
-1.098110198974609375e+00
-3.542595803737640381e-01
-5.589970946311950684e-01
-2.118133455514907837e-01
-3.042056858539581299e-01
-1.115718483924865723e+00
5.229337513446807861e-02
-5.956384539604187012e-01
-1.560634851455688477e+00
-1.705641627311706543e+00
4.345563054084777832e-01
-3.204183280467987061e-02
-1.665284514427185059e+00
-9.224216938018798828e-01
-2.224853634834289551e-01
9.073275923728942871e-01
-1.844392180442810059e+00
-5.191904306411743164e-01
-4.914671182632446289e-01
-8.722202181816101074e-01
-2.195815086364746094e+00
-1.941980361938476562e+00
-1.072529196739196777e+00
-5.160625576972961426e-01
9.123691916465759277e-02
-5.868544578552246094e-01
-3.240324258804321289e-01
6.435993909835815430e-01
-1.882035613059997559e+00
-5.194199681282043457e-01
-3.290635347366333008e-01
-1.215791225433349609e+00
-9.486083388328552246e-01
-2.090026140213012695e+00
-5.411357879638671875e-01
-7.151078581809997559e-01
-6.780719757080078125e-01
-5.626404285430908203e-01
1.953662931919097900e-01
5.033527016639709473e-01
-4.520768821239471436e-01
-1.272021770477294922e+00
1.550972163677215576e-01
1.138610988855361938e-01
-1.607204437255859375e+00
-1.197771072387695312e+00
-1.088168501853942871e+00
-7.606592178344726562e-01
-2.216388463973999023e+00
-3.029861748218536377e-01
-1.730614155530929565e-01
5.159271359443664551e-01
-8.821454644203186035e-01
-1.437639832496643066e+00
-9.446511268615722656e-01
6.984429955482482910e-01
-4.583556354045867920e-01
-2.074934959411621094e+00
2.477797418832778931e-01
-8.180601000785827637e-01
3.527945280075073242e-01
-7.534727454185485840e-01
4.456124268472194672e-03
3.695528507232666016e-01
-3.743766844272613525e-01
-2.016937971115112305e+00
-4.695996344089508057e-01
-8.659681677818298340e-02
-1.482294440269470215e+00
-1.286777853965759277e+00
9.282250404357910156e-01
6.111703515052795410e-01
-1.264856934547424316e+00
-6.308324933052062988e-01
-8.785163164138793945e-01
-9.932792186737060547e-01
-1.450929045677185059e+00
-5.337488055229187012e-01
6.617524027824401855e-01
5.506642460823059082e-01
-1.824784874916076660e+00
-4.453480541706085205e-01
-5.114825367927551270e-01
-1.004078745841979980e+00
-6.013411283493041992e-01
-2.159743309020996094e+00
-6.476275920867919922e-01
1.382559835910797119e-01
-1.274625897407531738e+00
-2.121404409408569336e+00
-1.251121520996093750e+00
-7.226925492286682129e-01
-6.911005973815917969e-01
-1.352563619613647461e+00
-1.632236361503601074e+00
-1.047587990760803223e+00
-1.009616971015930176e+00
-4.477811455726623535e-01
-1.614686012268066406e+00
-3.156110942363739014e-01
-1.421513706445693970e-01
-1.531653165817260742e+00
-2.210741281509399414e+00
-1.512918949127197266e+00
-1.321173667907714844e+00
-6.779296398162841797e-01
-2.042909145355224609e+00
-1.465399384498596191e+00
-1.817814946174621582e+00
-1.865821480751037598e+00
-7.233682870864868164e-01
-9.787023663520812988e-01
-3.985218405723571777e-01
5.262774825096130371e-01
-8.349805474281311035e-01
-8.924307823181152344e-01
-1.480772733688354492e+00
-1.281506896018981934e+00
-5.498463511466979980e-01
-5.521934032440185547e-01
-9.647403359413146973e-01
-1.957783341407775879e+00
-1.364132881164550781e+00
-9.831154942512512207e-01
-1.534843683242797852e+00
-1.816630363464355469e+00
-1.552332043647766113e+00
-5.404257774353027344e-01
-6.050291657447814941e-01
-1.756788730621337891e+00
-1.035771489143371582e+00
-1.821867465972900391e+00
-2.157013177871704102e+00
-1.988603949546813965e+00
-6.009522676467895508e-01
-1.325444221496582031e+00
-1.952002644538879395e+00
-1.339520812034606934e+00
-8.836260437965393066e-01
-2.057945489883422852e+00
-1.593919157981872559e+00
-1.225610017776489258e+00
-5.450183749198913574e-01
-3.693537414073944092e-01
-2.190640449523925781e+00
-1.676493644714355469e+00
-1.569518685340881348e+00
-6.045244932174682617e-01
-1.233039498329162598e+00
-1.536075472831726074e+00
-1.046089768409729004e+00
-1.951526403427124023e+00
-1.860749244689941406e+00
-4.057626426219940186e-01
-5.416112542152404785e-01
-2.145156860351562500e+00
-3.228578865528106689e-01
-9.078372716903686523e-01
-1.371027350425720215e+00
-1.625019073486328125e+00
-9.123885035514831543e-01
-1.231382727622985840e+00
-6.399298906326293945e-01
-1.430009961128234863e+00
-5.554118156433105469e-01
-1.179650425910949707e+00
-9.009445905685424805e-01
-1.118932247161865234e+00
-8.381931185722351074e-01
-6.476390957832336426e-01
-1.662795782089233398e+00
-1.515035033226013184e+00
-1.153062224388122559e+00
-1.738937258720397949e+00
-3.814781606197357178e-01
-8.414737582206726074e-01
-3.982079029083251953e-01
-1.003129124641418457e+00
-1.711378574371337891e+00
-2.073923349380493164e+00
-1.850331902503967285e+00
-4.144545495510101318e-01
-5.383113622665405273e-01
-4.279258549213409424e-01
-6.460239887237548828e-01
-1.217302083969116211e+00
-2.139403104782104492e+00
-1.203790426254272461e+00
-2.166661977767944336e+00
-2.045103549957275391e+00
-1.196556806564331055e+00
-2.026092767715454102e+00
-7.353060841560363770e-01
-9.770942330360412598e-01
-1.891787052154541016e+00
-1.706878185272216797e+00
-1.183657169342041016e+00
-5.249227285385131836e-01
-6.910710334777832031e-01
-9.999652504920959473e-01
-2.118859767913818359e+00
-8.149667382240295410e-01
-4.125965237617492676e-01
1.777677610516548157e-02
-1.667623043060302734e+00
-2.093937873840332031e+00
-1.381526440382003784e-01
-3.573500216007232666e-01
-1.895553112030029297e+00
-7.685821652412414551e-01
-4.015393257141113281e-01
-7.368189096450805664e-01
-1.011817693710327148e+00
-1.140646934509277344e+00
-1.317077159881591797e+00
-2.099830150604248047e+00
-1.836732268333435059e+00
-4.525191187858581543e-01
-9.390615820884704590e-01
-1.649223923683166504e+00
-1.329101920127868652e+00
-1.724220037460327148e+00
-6.726523041725158691e-01
-1.060191750526428223e+00
-1.889304399490356445e+00
-1.472899198532104492e+00
-1.105268001556396484e+00
-1.750733017921447754e+00
-1.774223566055297852e+00
-9.333238601684570312e-01
-1.414995431900024414e+00
-1.642691254615783691e+00
-1.794624447822570801e+00
-2.203827381134033203e+00
-6.925697326660156250e-01
-1.108906149864196777e+00
-1.745641589164733887e+00
-1.103965640068054199e+00
-1.560178518295288086e+00
-4.732594788074493408e-01
-1.394376277923583984e+00
-9.066228866577148438e-01
-3.607525825500488281e-01
-1.138684511184692383e+00
-6.007591485977172852e-01
-2.043794155120849609e+00
-7.360271811485290527e-01
-1.492396473884582520e+00
-1.399433732032775879e+00
-2.084569692611694336e+00
-1.383720993995666504e+00
-2.176094532012939453e+00
-8.661668896675109863e-01
-1.865787267684936523e+00
-3.441312611103057861e-01
-1.595086336135864258e+00
-7.668704986572265625e-01
-1.812201619148254395e+00
-1.415507078170776367e+00
-2.167988777160644531e+00
-1.007382750511169434e+00
-1.629344940185546875e+00
-1.528559923171997070e+00
-1.202553987503051758e+00
-1.000229716300964355e+00
-5.943043231964111328e-01
-1.902568697929382324e+00
-1.690968155860900879e+00
-1.746929526329040527e+00
-7.974959611892700195e-01
-1.887608170509338379e+00
-8.875565528869628906e-01
-1.481214404106140137e+00
-4.951748549938201904e-01
-1.800788521766662598e+00
-1.449253559112548828e+00
-1.336907267570495605e+00
-1.356526970863342285e+00
-6.056232452392578125e-01
-2.184649467468261719e+00
-4.679994285106658936e-01
-2.223291873931884766e+00
-1.889551162719726562e+00
-1.097152113914489746e+00
-9.124668687582015991e-02
-1.324435114860534668e+00
-2.011527299880981445e+00
-1.015735864639282227e+00
-5.220702886581420898e-01
-1.845172882080078125e+00
-6.842991113662719727e-01
-1.933083176612854004e+00
-1.481585025787353516e+00
-1.521962285041809082e+00
-2.207592248916625977e+00
-2.220654964447021484e+00
-4.254366159439086914e-01
-1.741991788148880005e-01
-1.729706525802612305e+00
-1.068000078201293945e+00
-1.288615822792053223e+00
-5.320057868957519531e-01
-7.499899268150329590e-01
-9.123196601867675781e-01
-1.247917771339416504e+00
-3.789522349834442139e-01
-1.931254982948303223e+00
-1.313555598258972168e+00
-2.095857858657836914e+00
-7.948250174522399902e-01
-1.329806804656982422e+00
-1.371399044990539551e+00
-2.001654863357543945e+00
-1.361322402954101562e+00
-1.650327324867248535e+00
-1.772370934486389160e+00
-2.142554521560668945e+00
-1.324669718742370605e+00
-1.086615800857543945e+00
-1.976234316825866699e+00
-4.828267097473144531e-01
-3.047832250595092773e-01
-3.779070675373077393e-01
-1.035008072853088379e+00
-1.451141953468322754e+00
-1.402229905128479004e+00
-3.427189290523529053e-01
-1.845179915428161621e+00
-1.194709181785583496e+00
-8.545436263084411621e-01
-6.785407066345214844e-01
-1.013938307762145996e+00
-8.975307345390319824e-01
-1.577750921249389648e+00
-9.363799095153808594e-01
-1.442286014556884766e+00
-1.599189400672912598e+00
-8.667787313461303711e-01
-4.598587751388549805e-01
-6.257395744323730469e-01
-1.203766465187072754e+00
-1.363861441612243652e+00
-3.143072128295898438e-01
-1.286831617355346680e+00
-5.665391683578491211e-01
-5.587787032127380371e-01
-1.573044657707214355e+00
-1.150230169296264648e+00
-1.227455019950866699e+00
-1.004098773002624512e+00
-1.736989378929138184e+00
-1.872686862945556641e+00
-1.543286204338073730e+00
-1.297569155693054199e+00
-2.720285058021545410e-01
-1.478154063224792480e+00
-1.738724350929260254e+00
-1.608422279357910156e+00
-1.346746563911437988e+00
-1.612863302230834961e+00
-6.128327250480651855e-01
-2.036575317382812500e+00
-8.765062689781188965e-01
-1.087494015693664551e+00
-7.530914545059204102e-01
-1.536226868629455566e+00
-1.145520091056823730e+00
-1.434013485908508301e+00
-3.119187653064727783e-01
-1.052831411361694336e+00
-8.434178829193115234e-01
-1.504105567932128906e+00
-1.358134746551513672e+00
-4.510436952114105225e-01
-7.161933779716491699e-01
-1.439681768417358398e+00
-6.046617627143859863e-01
-8.105571269989013672e-01
-1.935391068458557129e+00
-9.946115612983703613e-01
-1.501072525978088379e+00
-2.871680557727813721e-01
-2.087823629379272461e+00
-6.849110126495361328e-01
-1.750678300857543945e+00
-1.145441651344299316e+00
-8.829491138458251953e-01
-8.020550012588500977e-01
-1.358165979385375977e+00
-2.034051179885864258e+00
-4.017646610736846924e-01
-1.782940268516540527e+00
-1.595476984977722168e+00
-2.166908979415893555e+00
-1.763906717300415039e+00
-1.316536188125610352e+00
-1.109384968876838684e-01
-6.733922362327575684e-01
-9.337688088417053223e-01
-1.650371313095092773e+00
-9.531724452972412109e-01
-1.596316099166870117e+00
-1.453144550323486328e+00
-4.577651619911193848e-01
-4.917267262935638428e-01
-9.424420595169067383e-01
-4.783520996570587158e-01
-3.449377119541168213e-01
-8.370622396469116211e-01
-1.920707225799560547e+00
-7.789781093597412109e-01
-8.340659737586975098e-01
-9.267264604568481445e-01
-1.002028226852416992e+00
-2.101037740707397461e+00
-1.322397828102111816e+00
-3.018509149551391602e-01
-1.899871468544006348e+00
-1.072795867919921875e+00
-1.904016852378845215e+00
-8.461534380912780762e-01
-1.257680892944335938e+00
-6.317256093025207520e-01
-8.002890348434448242e-01
-1.307412624359130859e+00
-2.245441675186157227e+00
-5.288997888565063477e-01
-1.447914838790893555e+00
4.546440839767456055e-01
-3.570423126220703125e-01
-4.587329328060150146e-01
-2.155284643173217773e+00
-1.481200098991394043e+00
-1.904305219650268555e+00
-8.525726795196533203e-01
-2.217979907989501953e+00
-1.614819526672363281e+00
-3.684576749801635742e-01
-3.564767241477966309e-01
-5.872988700866699219e-01
-1.653559803962707520e+00
-2.714437842369079590e-01
-2.081403255462646484e+00
-1.930410981178283691e+00
-3.222072124481201172e-01
-1.120547413825988770e+00
-7.620881199836730957e-01
-4.108412861824035645e-01
-1.643147110939025879e+00
-2.096135139465332031e+00
-1.828642249107360840e+00
-1.733562111854553223e+00
-7.265965938568115234e-01
-9.739975333213806152e-01
-2.041323423385620117e+00
-2.119414567947387695e+00
1.120549738407135010e-01
-3.423315584659576416e-01
-4.462741315364837646e-01
-1.250055193901062012e+00
-1.428889513015747070e+00
-3.824315369129180908e-01
-1.848011851310729980e+00
-3.516627252101898193e-01
-1.131247162818908691e+00
-3.096062839031219482e-01
-1.061575531959533691e+00
-1.665279865264892578e+00
-1.075085520744323730e+00
-2.661395631730556488e-02
-1.868059754371643066e+00
-2.129060268402099609e+00
-1.490016818046569824e+00
-1.150506734848022461e+00
-2.869738638401031494e-01
-1.780268192291259766e+00
-1.604886293411254883e+00
-1.140484452247619629e+00
-2.133890390396118164e+00
-1.594188332557678223e+00
-1.099909186363220215e+00
-1.062663555145263672e+00
-1.565125465393066406e+00
-7.965832352638244629e-01
-7.069089412689208984e-01
-8.677196502685546875e-01
-1.860987424850463867e+00
-1.044651150703430176e+00
-2.053681850433349609e+00
-9.276613593101501465e-01
-1.988233447074890137e+00
-1.197687268257141113e+00
-1.660922318696975708e-01
-8.040883541107177734e-01
-2.178115844726562500e+00
-5.495185256004333496e-01
-1.797932505607604980e+00
-7.875227928161621094e-01
-7.641402482986450195e-01
-8.679715991020202637e-01
-1.222300052642822266e+00
-4.540747404098510742e-01
-1.655055522918701172e+00
-1.451050639152526855e+00
-1.005290508270263672e+00
-8.337818980216979980e-01
-2.027982234954833984e+00
-7.939945459365844727e-01
-5.259938240051269531e-01
-1.692952513694763184e+00
-7.546239495277404785e-01
-1.222474694252014160e+00
-1.850465774536132812e+00
-1.599639415740966797e+00
-6.477931737899780273e-01
5.329360812902450562e-02
-4.927530884742736816e-01
-1.116604208946228027e+00
-1.641192078590393066e+00
-8.502709865570068359e-01
-1.413924455642700195e+00
-2.872791290283203125e-01
-3.016994595527648926e-01
-8.972916007041931152e-01
2.433720678091049194e-01
-9.235953092575073242e-01
-1.546038389205932617e+00
-3.033412992954254150e-01
-7.925360798835754395e-01
-1.477026194334030151e-01
-2.109575271606445312e+00
-1.034634351730346680e+00
-2.143262624740600586e+00
-9.728389978408813477e-01
-1.735338568687438965e+00
-8.540460467338562012e-01
-2.060815095901489258e+00
-1.499169945716857910e+00
-2.194821119308471680e+00
-6.504525542259216309e-01
-9.253515601158142090e-01
-1.906369566917419434e+00
-1.890020489692687988e+00
-1.522337555885314941e+00
-1.455785036087036133e+00
1.912586241960525513e-01
-2.264594137668609619e-01
-1.552987337112426758e+00
-1.461775541305541992e+00
-2.231345415115356445e+00
-1.124467253684997559e+00
-1.450553417205810547e+00
-1.666934013366699219e+00
-1.174111723899841309e+00
-1.651503682136535645e+00
-1.855127215385437012e+00
-1.446058869361877441e+00
-4.073113799095153809e-01
-1.076062440872192383e+00
-7.843409776687622070e-01
-1.250469088554382324e+00
-1.582269787788391113e+00
-9.182689785957336426e-01
-1.682641863822937012e+00
-1.649464845657348633e+00
-5.675626397132873535e-01
-5.874074697494506836e-01
-1.068632841110229492e+00
-1.108376145362854004e+00
-1.652490019798278809e+00
-2.085280179977416992e+00
-1.779282808303833008e+00
-1.215604066848754883e+00
-3.293935358524322510e-01
-1.608909964561462402e+00
-1.834331989288330078e+00
-1.437540054321289062e+00
-1.022821903228759766e+00
-6.246544718742370605e-01
3.709315657615661621e-01
-2.213246345520019531e+00
-2.942765057086944580e-01
-8.346359729766845703e-01
-1.530117869377136230e+00
-2.954698503017425537e-01
-1.938891053199768066e+00
-4.826584458351135254e-01
-1.351976513862609863e+00
-2.149440526962280273e+00
-4.576510563492774963e-02
-1.531462550163269043e+00
-1.440433979034423828e+00
-8.893768787384033203e-01
-4.104337394237518311e-01
-2.559867873787879944e-02
-5.256935954093933105e-01
-7.098263502120971680e-01
-1.538626790046691895e+00
-9.416904449462890625e-01
-1.991273641586303711e+00
-7.747198343276977539e-01
-1.633972167968750000e+00
-9.596651792526245117e-01
-6.015626192092895508e-01
-8.371445536613464355e-01
-1.814474225044250488e+00
-1.813495755195617676e+00
-2.096092224121093750e+00
-1.368344664573669434e+00
-4.508394002914428711e-01
-2.168770551681518555e+00
-9.594821333885192871e-01
-1.715215086936950684e+00
-1.110187292098999023e+00
-1.995462775230407715e+00
-1.620029449462890625e+00
-1.623717546463012695e+00
-1.399750709533691406e+00
-1.173357009887695312e+00
-1.648416519165039062e+00
-7.593603134155273438e-01
-1.296243667602539062e+00
-1.094330072402954102e+00
-1.857176065444946289e+00
-4.683488309383392334e-01
-9.244632720947265625e-01
-4.200711548328399658e-01
-2.216350078582763672e+00
-1.753492712974548340e+00
2.165942490100860596e-01
-1.554139733314514160e+00
-3.096678256988525391e-01
-1.611956119537353516e+00
-1.826680421829223633e+00
-1.014295339584350586e+00
-3.001254498958587646e-01
-1.344000935554504395e+00
-1.214435935020446777e+00
-9.697436094284057617e-01
-2.168247938156127930e+00
-1.349449157714843750e+00
-9.920989274978637695e-01
8.407653868198394775e-02
-3.151843547821044922e-01
-2.148492574691772461e+00
-2.106926679611206055e+00
-1.449218630790710449e+00
-1.964822769165039062e+00
-6.348635554313659668e-01
-1.813722610473632812e+00
-4.611465334892272949e-01
-2.210648298263549805e+00
-1.152889490127563477e+00
-1.076250553131103516e+00
-1.104133605957031250e+00
-2.007701158523559570e+00
-2.056573629379272461e+00
-1.633823990821838379e+00
-2.198610305786132812e+00
-3.672105967998504639e-01
-1.435818195343017578e+00
-1.804046988487243652e+00
-1.189160943031311035e+00
-1.819144010543823242e+00
-1.611349582672119141e+00
-9.607284665107727051e-01
-2.049467325210571289e+00
-1.059252619743347168e+00
-7.291862964630126953e-01
-1.508097767829895020e+00
-1.207782983779907227e+00
-1.902328610420227051e+00
-1.121605515480041504e+00
-1.433338880538940430e+00
-6.932336688041687012e-01
-2.000774383544921875e+00
-9.542712569236755371e-01
-5.016439557075500488e-01
-4.399555623531341553e-01
-1.002445697784423828e+00
-2.163591384887695312e+00
-8.282923698425292969e-01
-4.288753271102905273e-01
-6.863549351692199707e-01
-2.207425594329833984e+00
-6.256240606307983398e-01
-1.638377189636230469e+00
-2.078645944595336914e+00
-1.021749615669250488e+00
-1.446326136589050293e+00
-2.112156152725219727e+00
4.250766336917877197e-01
-1.619889140129089355e+00
2.420956455171108246e-02
-1.841536998748779297e+00
-2.048568964004516602e+00
-1.711342334747314453e+00
-4.054682850837707520e-01
-3.224513530731201172e-01
-6.967719197273254395e-01
-1.135945796966552734e+00
-2.250697851181030273e+00
-8.924197554588317871e-01
-7.607666254043579102e-01
-5.191695094108581543e-01
-1.343052148818969727e+00
-1.134899735450744629e+00
-2.197656869888305664e+00
-2.222712993621826172e+00
3.342742323875427246e-01
-9.716807007789611816e-01
-1.601267695426940918e+00
-1.138502120971679688e+00
-2.191179990768432617e+00
-9.558537006378173828e-01
-1.481145858764648438e+00
-6.069989800453186035e-01
-1.010548830032348633e+00
-1.707803845405578613e+00
-1.445660829544067383e+00
-1.013590693473815918e+00
-1.398532867431640625e+00
-1.105629324913024902e+00
-4.417890906333923340e-01
-1.906717061996459961e+00
-1.390889167785644531e+00
-1.263101577758789062e+00
-1.506489992141723633e+00
-1.388120055198669434e+00
-1.911675691604614258e+00
-1.507635712623596191e+00
-1.749321222305297852e+00
-1.401001334190368652e+00
-1.888143658638000488e+00
-3.685931861400604248e-01
-1.120932817459106445e+00
-1.645538330078125000e+00
-1.705393075942993164e+00
-5.226170420646667480e-01
-4.543784260749816895e-01
-1.477750658988952637e+00
-1.449253439903259277e+00
-1.242737650871276855e+00
-8.951598405838012695e-01
-2.153263568878173828e+00
-1.594239830970764160e+00
-5.127169489860534668e-01
-1.800404667854309082e+00
-1.624114871025085449e+00
-8.493953943252563477e-01
-2.020317077636718750e+00
-1.499440968036651611e-01
-3.816127777099609375e-01
-1.897447705268859863e+00
-1.227830529212951660e+00
-5.997756719589233398e-01
-9.448949694633483887e-01
-1.152164936065673828e+00
-1.798817753791809082e+00
-1.981410861015319824e+00
-2.058548450469970703e+00
-3.023827373981475830e-01
-6.568294763565063477e-01
-4.693816006183624268e-01
-2.211041927337646484e+00
-1.492689251899719238e+00
-8.539696931838989258e-01
-2.034281015396118164e+00
-5.429421663284301758e-01
-5.601034164428710938e-01
-6.205769181251525879e-01
-1.506952404975891113e+00
-1.193563818931579590e+00
-1.663844704627990723e+00
1.328395903110504150e-01
-1.948959827423095703e+00
-1.865926384925842285e+00
-8.260224461555480957e-01
-1.352037906646728516e+00
-1.475979208946228027e+00
-1.392455816268920898e+00
-1.376777172088623047e+00
-1.342480063438415527e+00
-5.807125568389892578e-01
-9.587570428848266602e-01
-1.360311388969421387e+00
-5.328714847564697266e-01
-2.104000091552734375e+00
-1.967589378356933594e+00
-9.707766175270080566e-01
-7.841664552688598633e-01
-9.990727901458740234e-01
-1.726487159729003906e+00
-1.334289908409118652e+00
-1.859709739685058594e+00
-1.719579339027404785e+00
-4.548397660255432129e-01
-1.552353739738464355e+00
-6.168792843818664551e-01
-4.324366748332977295e-01
-1.292740345001220703e+00
-3.337755501270294189e-01
-6.867468953132629395e-01
-1.937492966651916504e+00
-1.312911629676818848e+00
-1.742100954055786133e+00
-1.047317981719970703e-01
-1.310708880424499512e+00
-8.347270488739013672e-01
-9.443933963775634766e-01
-3.516202270984649658e-01
-1.421769738197326660e+00
-1.204621195793151855e+00
-1.085806488990783691e+00
1.047343537211418152e-01
-1.789741277694702148e+00
-6.905812304466962814e-03
-2.017960786819458008e+00
-1.271053433418273926e+00
-8.401336073875427246e-01
-9.964216351509094238e-01
-4.677625596523284912e-01
-8.247001767158508301e-01
-1.828100323677062988e+00
-8.314966559410095215e-01
-2.067661285400390625e+00
-1.035754561424255371e+00
-4.834977984428405762e-01
-4.512631595134735107e-01
-5.066506862640380859e-01
-4.863321781158447266e-01
-1.939026713371276855e+00
-8.659406304359436035e-01
-5.306543111801147461e-01
-1.501047730445861816e+00
-9.963085651397705078e-01
-1.403773188591003418e+00
-1.831314086914062500e+00
-6.823422014713287354e-02
-3.443422913551330566e-01
-4.073088765144348145e-01
-4.845056831836700439e-01
-1.889605283737182617e+00
3.940929770469665527e-01
-1.881577968597412109e+00
-2.116415023803710938e+00
-1.501185536384582520e+00
-1.502906918525695801e+00
-1.009273171424865723e+00
-2.088272094726562500e+00
-1.570692062377929688e+00
-2.055323123931884766e+00
-2.791986465454101562e-01
-1.683943152427673340e+00
-9.957907795906066895e-01
-1.739186048507690430e+00
7.980076223611831665e-02
-1.840185403823852539e+00
-7.152289152145385742e-01
-8.491781353950500488e-01
-2.048545837402343750e+00
-4.530871212482452393e-01
-7.622770071029663086e-01
-2.057573556900024414e+00
-5.053012371063232422e-01
-4.182632863521575928e-01
8.155530691146850586e-02
-3.534125983715057373e-01
-2.168539524078369141e+00
-1.455298542976379395e+00
-1.522171139717102051e+00
-8.070300817489624023e-01
-4.097090959548950195e-01
-6.633269190788269043e-01
-6.529796123504638672e-01
-8.673101663589477539e-01
-5.279797315597534180e-01
-1.269890785217285156e+00
-1.043976545333862305e+00
-3.557724952697753906e-01
-2.970307469367980957e-01
-2.036477327346801758e+00
-1.352550983428955078e+00
-7.227333784103393555e-01
-1.334488034248352051e+00
-2.097341775894165039e+00
-1.962581515312194824e+00
1.519530564546585083e-01
-1.709220886230468750e+00
-2.026706695556640625e+00
-6.054419279098510742e-01
-1.305918931961059570e+00
-8.655918240547180176e-01
2.535508275032043457e-01
-1.834205389022827148e+00
-1.978319644927978516e+00
-1.371652245521545410e+00
-1.072105050086975098e+00
-1.250222086906433105e+00
-1.551605105400085449e+00
-1.572057962417602539e+00
-1.861553668975830078e+00
-5.573914051055908203e-01
-5.866804122924804688e-01
-3.001241087913513184e-01
-1.907007694244384766e+00
-3.348009884357452393e-01
-2.060196399688720703e+00
-1.378687024116516113e+00
-1.542581319808959961e+00
-6.816223263740539551e-01
-1.670398712158203125e+00
-1.597808361053466797e+00
-1.911796689033508301e+00
-3.654392957687377930e-01
-8.486163616180419922e-01
-2.070583343505859375e+00
-5.149031877517700195e-01
-4.634689092636108398e-01
-1.182134225964546204e-01
-5.118256807327270508e-01
-2.112905979156494141e+00
-1.675198793411254883e+00
-1.033560156822204590e+00
-1.929350376129150391e+00
-1.561466217041015625e+00
-1.337054371833801270e+00
-7.944805622100830078e-01
-3.990224897861480713e-01
-1.573687434196472168e+00
-1.000705599784851074e+00
-5.293574929237365723e-01
-2.218888282775878906e+00
-1.551419973373413086e+00
-9.443022012710571289e-01
-7.785740494728088379e-01
-7.129377722740173340e-01
-1.361946105957031250e+00
-1.600542187690734863e+00
-7.800182104110717773e-01
-1.772432327270507812e+00
-1.542175769805908203e+00
-1.351343989372253418e+00
-1.914268374443054199e+00
-1.663207650184631348e+00
-5.255157351493835449e-01
-2.218379497528076172e+00
2.380328923463821411e-01
-1.686139225959777832e+00
-1.403013586997985840e+00
-3.874993026256561279e-01
-1.173388242721557617e+00
-1.578812241554260254e+00
-1.914253473281860352e+00
-2.112139225006103516e+00
-4.887250959873199463e-01
2.225717902183532715e-01
-4.320609569549560547e-01
-6.720376610755920410e-01
-2.121500730514526367e+00
-3.701086640357971191e-01
-8.448581695556640625e-01
-1.182351589202880859e+00
-1.832601428031921387e+00
-5.531491041183471680e-01
-2.202370882034301758e+00
-6.646218895912170410e-01
-5.668363571166992188e-01
-1.873068571090698242e+00
-1.465338706970214844e+00
-7.778434753417968750e-01
-1.898290753364562988e+00
-3.194302320480346680e-01
1.763902157545089722e-01
-2.064290761947631836e+00
-1.850700616836547852e+00
-8.275473713874816895e-01
-1.545680403709411621e+00
-4.594535827636718750e-01
-3.522800207138061523e-01
-1.488441944122314453e+00
-2.568320631980895996e-01
-1.258059263229370117e+00
-2.141886711120605469e+00
-1.493981957435607910e+00
-1.745689630508422852e+00
-1.548353433609008789e+00
-6.785119771957397461e-01
-1.979733228683471680e+00
-3.465348780155181885e-01
-3.115937709808349609e-01
-8.045694828033447266e-01
-1.312591433525085449e+00
-9.098309278488159180e-01
-3.846984505653381348e-01
-1.891531229019165039e+00
-1.185970187187194824e+00
-3.684566020965576172e-01
-1.984563946723937988e+00
-1.429789423942565918e+00
-2.146682024002075195e+00
-3.520305156707763672e-01
-6.135926842689514160e-01
-7.612677216529846191e-01
-2.009618759155273438e+00
-1.208219766616821289e+00
1.382826566696166992e-01
-2.722927927970886230e-01
-4.140054583549499512e-01
-1.935592770576477051e+00
-1.589038610458374023e+00
-4.077432453632354736e-01
-1.904715538024902344e+00
-9.322530627250671387e-01
-1.425881505012512207e+00
-1.740626811981201172e+00
1.582958847284317017e-01
-1.870790600776672363e+00
-8.473490476608276367e-01
-3.941734135150909424e-01
-6.571152210235595703e-01
-2.189225673675537109e+00
4.040293097496032715e-01
-6.085011959075927734e-01
-1.555493712425231934e+00
-2.981050014495849609e-01
-3.716514110565185547e-01
-1.247831344604492188e+00
-9.119160175323486328e-01
5.095168352127075195e-01
-5.983778238296508789e-01
-1.546332716941833496e+00
-1.426712751388549805e+00
-9.027127027511596680e-01
-8.735986351966857910e-01
-9.561876058578491211e-01
2.048846483230590820e-01
-6.309704184532165527e-01
