-1.105634689331054688e+00
-1.124897956848144531e+00
-1.847495675086975098e+00
-3.278963804244995117e+00
-1.432076096534729004e+00
-2.029074668884277344e+00
-1.844399452209472656e+00
-2.600746870040893555e+00
-2.730165004730224609e+00
-2.727274179458618164e+00
-2.586854696273803711e+00
-2.694449901580810547e+00
-2.741162776947021484e+00
-3.005897283554077148e+00
-2.313471555709838867e+00
-2.937587022781372070e+00
-2.853941202163696289e+00
-2.886665821075439453e+00
-1.820696592330932617e+00
-3.141234397888183594e+00
-2.624200105667114258e+00
-3.322643041610717773e+00
-3.049102067947387695e+00
-3.334207296371459961e+00
-2.630371809005737305e+00
-2.824584722518920898e+00
-2.999219179153442383e+00
-3.039364337921142578e+00
-1.833595156669616699e+00
-2.443446636199951172e+00
-1.825132846832275391e+00
-2.723484754562377930e+00
-2.362230062484741211e+00
-3.472299575805664062e+00
-1.663332819938659668e+00
-2.667653083801269531e+00
-3.610747575759887695e+00
-2.420155525207519531e+00
-1.669431209564208984e+00
-3.638022661209106445e+00
-2.229570150375366211e+00
-3.095962047576904297e+00
-1.996084928512573242e+00
-3.009745121002197266e+00
-2.844541549682617188e+00
-3.319953203201293945e+00
-1.739602923393249512e+00
-2.528440475463867188e+00
-2.580643653869628906e+00
-2.862472295761108398e+00
-1.189801573753356934e+00
-2.418120384216308594e+00
-2.978295087814331055e+00
-4.018131256103515625e+00
-2.314264774322509766e+00
-3.440696239471435547e+00
-3.348001480102539062e+00
-2.664939165115356445e+00
-1.973471283912658691e+00
-3.210474252700805664e+00
-1.612147450447082520e+00
-2.621401071548461914e+00
-1.910795927047729492e+00
-2.678076267242431641e+00
-3.584605216979980469e+00
-2.914832592010498047e+00
-1.617459893226623535e+00
-2.192411422729492188e+00
-3.181993007659912109e+00
-3.798654079437255859e+00
-3.171700477600097656e+00
-3.266688823699951172e+00
-3.490796566009521484e+00
-3.505671739578247070e+00
-2.746440410614013672e+00
-2.589932441711425781e+00
-3.710711240768432617e+00
-2.707468032836914062e+00
-2.865263223648071289e+00
-2.692212581634521484e+00
-3.570837497711181641e+00
-2.970179557800292969e+00
-1.862505793571472168e+00
-3.048174142837524414e+00
-1.851261496543884277e+00
-1.527140021324157715e+00
-2.472954511642456055e+00
-2.894308805465698242e+00
-3.411051511764526367e+00
-3.080177307128906250e+00
-3.037498235702514648e+00
-3.206588268280029297e+00
-2.612319231033325195e+00
-3.023789644241333008e+00
-2.243991613388061523e+00
-3.698394060134887695e+00
-3.721144676208496094e+00
-2.044017076492309570e+00
-1.958639144897460938e+00
-2.780709028244018555e+00
-2.946632862091064453e+00
-3.230439662933349609e+00
-2.094777345657348633e+00
-3.609011411666870117e+00
-3.168290615081787109e+00
-2.214766979217529297e+00
-2.419858932495117188e+00
-2.969677209854125977e+00
-2.540769577026367188e+00
-3.133740901947021484e+00
-2.242308855056762695e+00
-1.552709579467773438e+00
-4.156344413757324219e+00
-3.433107376098632812e+00
-2.860799312591552734e+00
-3.387610197067260742e+00
-1.977923989295959473e+00
-3.202644824981689453e+00
-2.269010782241821289e+00
-2.808525800704956055e+00
-3.083522319793701172e+00
-3.897614240646362305e+00
-3.381382942199707031e+00
-1.987256526947021484e+00
-2.587999582290649414e+00
-3.196721553802490234e+00
-1.385492324829101562e+00
-2.724825620651245117e+00
-3.808696031570434570e+00
-2.045256853103637695e+00
-2.679691791534423828e+00
-2.131947517395019531e+00
-2.652876615524291992e+00
-2.556630611419677734e+00
-2.364139795303344727e+00
-3.219967603683471680e+00
-3.117277622222900391e+00
-3.915266036987304688e+00
-1.473168015480041504e+00
-3.154773235321044922e+00
-2.915587902069091797e+00
-3.224558115005493164e+00
-1.615079998970031738e+00
-2.511286973953247070e+00
-3.246305942535400391e+00
-4.034425735473632812e+00
-2.460143089294433594e+00
-2.752296447753906250e+00
-4.097699642181396484e+00
-3.221833467483520508e+00
-2.271275281906127930e+00
-2.915113449096679688e+00
-3.937272071838378906e+00
-4.044763565063476562e+00
-1.261460185050964355e+00
-1.786225438117980957e+00
-3.340206623077392578e+00
-3.296752691268920898e+00
-2.056378841400146484e+00
-2.887677669525146484e+00
-2.429190635681152344e+00
-3.612344264984130859e+00
-2.873468637466430664e+00
-1.806831955909729004e+00
-1.731995582580566406e+00
-2.815290451049804688e+00
-3.701124906539916992e+00
-2.115393877029418945e+00
-1.895053744316101074e+00
-3.193981170654296875e+00
-3.412096261978149414e+00
-2.886377573013305664e+00
-2.936043739318847656e+00
-2.413906097412109375e+00
-3.396957635879516602e+00
-3.146566629409790039e+00
-2.836476802825927734e+00
-3.342932462692260742e+00
-3.131668329238891602e+00
-2.477857589721679688e+00
-3.717265844345092773e+00
-2.331139326095581055e+00
-3.386525392532348633e+00
-2.436677217483520508e+00
-3.060401678085327148e+00
-2.719504833221435547e+00
-2.555829524993896484e+00
-3.731632471084594727e+00
-2.330457687377929688e+00
-2.844849824905395508e+00
-3.298859596252441406e+00
-3.729536294937133789e+00
-2.264539480209350586e+00
-3.338345289230346680e+00
-3.051164865493774414e+00
-3.272994279861450195e+00
-3.036337375640869141e+00
-3.721814393997192383e+00
-4.046542167663574219e+00
-3.467639446258544922e+00
-4.011304855346679688e+00
-3.492379665374755859e+00
-2.705415725708007812e+00
-3.502504825592041016e+00
-2.110578536987304688e+00
-2.594273328781127930e+00
-2.896906137466430664e+00
-2.936780452728271484e+00
-2.389006376266479492e+00
-1.692659139633178711e+00
-2.565823078155517578e+00
-3.558947801589965820e+00
-4.002022266387939453e+00
-3.371204614639282227e+00
-2.743800401687622070e+00
-3.328611850738525391e+00
-3.563166856765747070e+00
-2.775655508041381836e+00
-2.437000989913940430e+00
-2.952719449996948242e+00
-3.491748094558715820e+00
-3.253259897232055664e+00
-2.640771389007568359e+00
-3.730335950851440430e+00
-3.387500762939453125e+00
-2.568376779556274414e+00
-3.560511350631713867e+00
-2.869332551956176758e+00
-4.076451301574707031e+00
-2.254978418350219727e+00
-2.394342660903930664e+00
-2.306360721588134766e+00
-3.561924457550048828e+00
-2.161201953887939453e+00
-2.766793489456176758e+00
-2.327953815460205078e+00
-2.860106706619262695e+00
-2.624757766723632812e+00
-2.912766695022583008e+00
-2.595859766006469727e+00
-3.124553203582763672e+00
-2.109026670455932617e+00
-2.916818380355834961e+00
-3.366161346435546875e+00
-3.273614406585693359e+00
-3.564506292343139648e+00
-3.542174100875854492e+00
-3.538043737411499023e+00
-3.053802728652954102e+00
-2.893003463745117188e+00
-1.888197064399719238e+00
-2.513871192932128906e+00
-2.445994377136230469e+00
-2.323282718658447266e+00
-2.707038164138793945e+00
-3.413398504257202148e+00
-3.778855323791503906e+00
-3.388671875000000000e+00
-3.809717416763305664e+00
-1.172284960746765137e+00
-3.298580169677734375e+00
-3.123529434204101562e+00
-2.556938886642456055e+00
-3.207565069198608398e+00
-3.292419433593750000e+00
-2.788201570510864258e+00
-4.013270378112792969e+00
-3.597095012664794922e+00
-2.289805650711059570e+00
-3.301649808883666992e+00
-3.064283132553100586e+00
-3.729155302047729492e+00
-2.875747203826904297e+00
-3.928800582885742188e+00
-3.523948669433593750e+00
-3.279879331588745117e+00
-2.803788900375366211e+00
-3.369182586669921875e+00
-4.329164981842041016e+00
-2.828927040100097656e+00
-2.849113225936889648e+00
-2.279998302459716797e+00
-3.680558919906616211e+00
-3.912741422653198242e+00
-3.485862970352172852e+00
-3.010653972625732422e+00
-4.021406650543212891e+00
-3.241546154022216797e+00
-3.180574417114257812e+00
-3.374271631240844727e+00
-3.816561222076416016e+00
-2.961035490036010742e+00
-2.390506744384765625e+00
-2.171988964080810547e+00
-3.054700851440429688e+00
-3.767413377761840820e+00
-3.589358806610107422e+00
-2.893023729324340820e+00
-2.849671363830566406e+00
-3.267753362655639648e+00
-2.882918357849121094e+00
-2.957151412963867188e+00
-3.060898780822753906e+00
-2.745936632156372070e+00
-2.291708707809448242e+00
-3.662747859954833984e+00
-2.616312980651855469e+00
-1.880037188529968262e+00
-2.703386545181274414e+00
-2.368799209594726562e+00
-3.075649023056030273e+00
-4.089742183685302734e+00
-3.260740995407104492e+00
-3.335031747817993164e+00
-2.333862304687500000e+00
-2.490505456924438477e+00
-2.936279296875000000e+00
-1.787638068199157715e+00
-3.424264192581176758e+00
-3.128507375717163086e+00
-3.322319030761718750e+00
-3.045808553695678711e+00
-3.414084911346435547e+00
-3.836015701293945312e+00
-4.313054084777832031e+00
-3.158972501754760742e+00
-2.420583486557006836e+00
-3.355986833572387695e+00
-2.714534759521484375e+00
-2.008756399154663086e+00
-2.466001987457275391e+00
-3.613630294799804688e+00
-3.430332183837890625e+00
-3.136707305908203125e+00
-3.637449264526367188e+00
-2.143602371215820312e+00
-3.778707265853881836e+00
-2.703271865844726562e+00
-2.415349006652832031e+00
-3.495399475097656250e+00
-3.097732305526733398e+00
-3.365767717361450195e+00
-2.624269723892211914e+00
-2.447617053985595703e+00
-2.747861385345458984e+00
-3.545618295669555664e+00
-3.041969776153564453e+00
-3.382169723510742188e+00
-3.316078186035156250e+00
-3.534550666809082031e+00
-3.618359088897705078e+00
-3.546624422073364258e+00
-3.461393833160400391e+00
-3.673457622528076172e+00
-2.494365692138671875e+00
-3.474647045135498047e+00
-1.296918272972106934e+00
-2.912384271621704102e+00
-1.907318949699401855e+00
-2.855012655258178711e+00
-2.698701143264770508e+00
-2.702208280563354492e+00
-3.366640806198120117e+00
-3.348377227783203125e+00
-3.444088697433471680e+00
-2.862745046615600586e+00
-3.638383150100708008e+00
-3.414252996444702148e+00
-2.925750970840454102e+00
-3.814239978790283203e+00
-2.825052738189697266e+00
-2.967365503311157227e+00
-3.525645256042480469e+00
-2.885053873062133789e+00
-2.661038160324096680e+00
-2.329622983932495117e+00
-3.728973150253295898e+00
-3.404754638671875000e+00
-3.663088560104370117e+00
-2.962449073791503906e+00
-2.671959161758422852e+00
-3.469950199127197266e+00
-3.181410789489746094e+00
-2.445057153701782227e+00
-3.348067760467529297e+00
-3.298364877700805664e+00
-3.739004135131835938e+00
-3.057878017425537109e+00
-3.900905609130859375e+00
-2.426202058792114258e+00
-3.672504901885986328e+00
-3.868895530700683594e+00
-3.320435285568237305e+00
-2.633334159851074219e+00
-3.239185810089111328e+00
-3.736932277679443359e+00
-2.972080945968627930e+00
-3.973833084106445312e+00
-4.025358200073242188e+00
-3.803063631057739258e+00
-3.925149917602539062e+00
-3.238905191421508789e+00
-2.819778919219970703e+00
-3.622036695480346680e+00
-2.820887088775634766e+00
-1.867477774620056152e+00
-3.022943496704101562e+00
-2.969607114791870117e+00
-3.866083145141601562e+00
-2.761236906051635742e+00
-2.272488355636596680e+00
-3.222055912017822266e+00
-3.842381000518798828e+00
-3.354297637939453125e+00
-2.779494047164916992e+00
-4.196145534515380859e+00
-3.478971958160400391e+00
-1.770510435104370117e+00
-2.712698221206665039e+00
-3.407620191574096680e+00
-3.614157915115356445e+00
-2.949316978454589844e+00
-3.284409284591674805e+00
-3.110785961151123047e+00
-3.055175065994262695e+00
-2.302875280380249023e+00
-3.254477500915527344e+00
-2.238730192184448242e+00
-3.233803033828735352e+00
-2.630460262298583984e+00
-2.832497119903564453e+00
-3.281721591949462891e+00
-2.565251827239990234e+00
-2.934177637100219727e+00
-3.123059511184692383e+00
-3.040650606155395508e+00
-2.932126998901367188e+00
-3.576024532318115234e+00
-3.703717708587646484e+00
-2.082501173019409180e+00
-3.229892969131469727e+00
-3.447785377502441406e+00
-1.369311571121215820e+00
-2.977874994277954102e+00
-3.315233230590820312e+00
-1.405685901641845703e+00
-3.301887035369873047e+00
-2.917238712310791016e+00
-2.511487722396850586e+00
-3.302443742752075195e+00
-3.306135177612304688e+00
-3.409621238708496094e+00
-3.507285833358764648e+00
-3.619380474090576172e+00
-2.563804149627685547e+00
-3.362998008728027344e+00
-3.285517454147338867e+00
-3.247338294982910156e+00
-3.547815322875976562e+00
-2.869849443435668945e+00
-3.644588947296142578e+00
-3.855996131896972656e+00
-3.166506052017211914e+00
-3.298514842987060547e+00
-2.418458700180053711e+00
-2.696167945861816406e+00
-3.036562681198120117e+00
-3.495758533477783203e+00
-1.722406148910522461e+00
-3.634816646575927734e+00
-3.269222259521484375e+00
-2.677574157714843750e+00
-2.338559627532958984e+00
-3.790895223617553711e+00
-3.069065093994140625e+00
-2.708927154541015625e+00
-2.931461811065673828e+00
-2.177476644515991211e+00
-2.451657533645629883e+00
-3.315534591674804688e+00
-3.745331525802612305e+00
-1.940273642539978027e+00
-2.124976396560668945e+00
-3.627162694931030273e+00
-2.491546869277954102e+00
-2.889487028121948242e+00
-3.706007957458496094e+00
-3.287222862243652344e+00
-2.929323673248291016e+00
-2.241155862808227539e+00
-2.950575351715087891e+00
-2.116912603378295898e+00
-2.537995100021362305e+00
-3.067087411880493164e+00
-2.674733161926269531e+00
-2.986696243286132812e+00
-3.132604598999023438e+00
-3.124450445175170898e+00
-2.784265756607055664e+00
-3.033234596252441406e+00
-3.287341356277465820e+00
-3.629805088043212891e+00
-3.555656433105468750e+00
-2.605287551879882812e+00
-3.011973142623901367e+00
-3.253779888153076172e+00
-3.490226745605468750e+00
-1.194944024085998535e+00
-3.161699771881103516e+00
-2.782662630081176758e+00
-2.640849590301513672e+00
-2.596929073333740234e+00
-2.476574897766113281e+00
-3.220957517623901367e+00
-3.093767404556274414e+00
-2.505022287368774414e+00
-2.696187973022460938e+00
-3.791555404663085938e+00
-2.453383445739746094e+00
-2.714619636535644531e+00
-3.389827966690063477e+00
-3.572415828704833984e+00
-3.882316827774047852e+00
-4.318560123443603516e+00
-2.822350978851318359e+00
-2.614512920379638672e+00
-2.724585771560668945e+00
-2.240493297576904297e+00
-3.537745237350463867e+00
-3.266677856445312500e+00
-3.741813421249389648e+00
-1.504420280456542969e+00
-3.788356542587280273e+00
-2.810176372528076172e+00
-3.223089456558227539e+00
-2.355781078338623047e+00
-3.249845266342163086e+00
-2.454727649688720703e+00
-3.145551681518554688e+00
-3.350016355514526367e+00
-3.247392416000366211e+00
-2.339419364929199219e+00
-3.177259206771850586e+00
-3.255829572677612305e+00
-3.949930906295776367e+00
-3.496089458465576172e+00
-4.195376396179199219e+00
-3.193416595458984375e+00
-4.176260948181152344e+00
-3.068355798721313477e+00
-2.458889007568359375e+00
-3.786940574645996094e+00
-3.157566308975219727e+00
-3.001803636550903320e+00
-3.430671215057373047e+00
-2.887672185897827148e+00
-2.158160924911499023e+00
-3.361267566680908203e+00
-2.796207904815673828e+00
-2.469842910766601562e+00
-3.730269193649291992e+00
-2.973063945770263672e+00
-3.087424993515014648e+00
-3.331477403640747070e+00
-2.431560277938842773e+00
-3.908634901046752930e+00
-2.761141538619995117e+00
-3.116739034652709961e+00
-3.422577857971191406e+00
-3.949911832809448242e+00
-2.522155046463012695e+00
-3.310106754302978516e+00
-3.431264638900756836e+00
-2.324771881103515625e+00
-2.666496753692626953e+00
-1.726807236671447754e+00
-2.723520994186401367e+00
-2.361112117767333984e+00
-2.829763650894165039e+00
-2.215657234191894531e+00
-2.648440837860107422e+00
-3.463926553726196289e+00
-2.274287700653076172e+00
-3.150063037872314453e+00
-2.769566774368286133e+00
-1.931614160537719727e+00
-2.532261848449707031e+00
-3.551077365875244141e+00
-2.571666717529296875e+00
-2.506859540939331055e+00
-3.937961339950561523e+00
-4.204150676727294922e+00
-2.331120729446411133e+00
-2.957812309265136719e+00
-4.007292747497558594e+00
-4.195775508880615234e+00
-2.740383148193359375e+00
-3.081208229064941406e+00
-2.865061998367309570e+00
-3.915237188339233398e+00
-2.575304508209228516e+00
-3.828140735626220703e+00
-3.080560922622680664e+00
-3.393464326858520508e+00
-1.904659986495971680e+00
-3.719691991806030273e+00
-3.326742649078369141e+00
-3.066382884979248047e+00
-2.556511163711547852e+00
-2.116657018661499023e+00
-3.043343782424926758e+00
-2.383467912673950195e+00
-3.635911226272583008e+00
-2.565545320510864258e+00
-3.462876081466674805e+00
-3.695254802703857422e+00
-3.974034309387207031e+00
-3.270492315292358398e+00
-1.934419155120849609e+00
-2.849665641784667969e+00
-3.572035312652587891e+00
-3.132455825805664062e+00
-2.821912765502929688e+00
-2.594783067703247070e+00
-2.971668720245361328e+00
-3.552467346191406250e+00
-2.994651794433593750e+00
-3.144247531890869141e+00
-3.638004541397094727e+00
-3.269663572311401367e+00
-2.841677904129028320e+00
-2.016369819641113281e+00
-2.438698768615722656e+00
-2.257669210433959961e+00
-2.810219764709472656e+00
-2.871136665344238281e+00
-2.676815032958984375e+00
-2.647909402847290039e+00
-2.508258581161499023e+00
-3.045615196228027344e+00
-3.210648298263549805e+00
-2.581773042678833008e+00
-2.633623361587524414e+00
-1.730237483978271484e+00
-3.407025575637817383e+00
-4.088199615478515625e+00
-2.830232143402099609e+00
-3.438036918640136719e+00
-2.679598569869995117e+00
-3.193930864334106445e+00
-3.617139577865600586e+00
-2.398252964019775391e+00
-3.709299087524414062e+00
-2.276631355285644531e+00
-1.876724600791931152e+00
-2.935292720794677734e+00
-2.144430160522460938e+00
-2.515092372894287109e+00
-3.591575860977172852e+00
-3.118245363235473633e+00
-1.812642574310302734e+00
-2.188614606857299805e+00
-2.941634654998779297e+00
-3.343715667724609375e+00
-2.391932964324951172e+00
-3.774327754974365234e+00
-2.796209812164306641e+00
-3.167233705520629883e+00
-3.078389644622802734e+00
-2.897266626358032227e+00
-2.767362833023071289e+00
-3.139726638793945312e+00
-2.812298059463500977e+00
-3.218201398849487305e+00
-3.768683910369873047e+00
-2.906910181045532227e+00
-3.245420217514038086e+00
-3.648106575012207031e+00
-3.044889211654663086e+00
-1.846427202224731445e+00
-2.630769968032836914e+00
-2.611595153808593750e+00
-2.363139629364013672e+00
-2.177566289901733398e+00
-2.944843769073486328e+00
-2.070969104766845703e+00
-2.641715288162231445e+00
-3.109705209732055664e+00
-3.411031007766723633e+00
-2.140414476394653320e+00
-3.392169475555419922e+00
-3.651414155960083008e+00
-1.283794403076171875e+00
-3.048110961914062500e+00
-3.680366516113281250e+00
-2.790109395980834961e+00
-2.721564292907714844e+00
-3.555993080139160156e+00
-3.267045736312866211e+00
-3.186281919479370117e+00
-2.078177690505981445e+00
-2.950725078582763672e+00
-3.397877693176269531e+00
-3.289032459259033203e+00
-2.392491579055786133e+00
-4.063089847564697266e+00
-3.044446468353271484e+00
-1.542059540748596191e+00
-2.560546875000000000e+00
-1.489290952682495117e+00
-2.567255020141601562e+00
-2.708532571792602539e+00
-3.421557188034057617e+00
-3.877010107040405273e+00
-2.787453413009643555e+00
-2.603847742080688477e+00
-3.636616945266723633e+00
-1.310175061225891113e+00
-2.422137737274169922e+00
-3.057858943939208984e+00
-3.380443334579467773e+00
-3.158198356628417969e+00
-3.970619678497314453e+00
-3.450350522994995117e+00
-3.187804222106933594e+00
-3.833349466323852539e+00
-2.895892381668090820e+00
-3.247787952423095703e+00
-2.107666730880737305e+00
-1.649567008018493652e+00
-2.771796941757202148e+00
-3.232168436050415039e+00
-3.334205150604248047e+00
-2.757874250411987305e+00
-3.194278001785278320e+00
-3.317353963851928711e+00
-3.298047304153442383e+00
-1.829061031341552734e+00
-3.875392913818359375e+00
-3.467847347259521484e+00
-3.285207748413085938e+00
-3.510537147521972656e+00
-3.326649427413940430e+00
-3.326993942260742188e+00
-3.036362171173095703e+00
-2.589951515197753906e+00
-3.949228525161743164e+00
-3.379753828048706055e+00
-2.809196472167968750e+00
-3.629118442535400391e+00
-2.333826065063476562e+00
-3.455463647842407227e+00
-2.524112462997436523e+00
-3.953299999237060547e+00
-1.905398011207580566e+00
-1.825330138206481934e+00
-1.797064423561096191e+00
-3.367692470550537109e+00
-3.567260980606079102e+00
-2.348370790481567383e+00
-2.279582977294921875e+00
-3.320664167404174805e+00
-3.314032793045043945e+00
-3.430296897888183594e+00
-3.447960376739501953e+00
-2.729095935821533203e+00
-3.700065135955810547e+00
-2.720582008361816406e+00
-3.282552003860473633e+00
-2.575170278549194336e+00
-3.570833683013916016e+00
-4.044777870178222656e+00
-2.564079284667968750e+00
-2.833160161972045898e+00
-3.568568944931030273e+00
-3.003585100173950195e+00
-3.091001272201538086e+00
-2.875484228134155273e+00
-3.474267244338989258e+00
-2.515275239944458008e+00
-3.785652637481689453e+00
-3.301146268844604492e+00
-3.348527669906616211e+00
-3.060130119323730469e+00
-2.255006790161132812e+00
-2.296202659606933594e+00
-2.581902742385864258e+00
-3.536023616790771484e+00
-2.795776128768920898e+00
-2.979551792144775391e+00
-2.100985288619995117e+00
-2.957739591598510742e+00
-1.451879978179931641e+00
-2.509487867355346680e+00
-3.531470537185668945e+00
-3.195222139358520508e+00
-2.885747194290161133e+00
-2.491273164749145508e+00
-2.885544776916503906e+00
-2.949191570281982422e+00
-3.789110422134399414e+00
-2.391412019729614258e+00
-3.216731309890747070e+00
-3.494688034057617188e+00
-2.459095001220703125e+00
-3.336541175842285156e+00
-2.171019792556762695e+00
-3.617898941040039062e+00
-3.416440725326538086e+00
-2.386989355087280273e+00
-2.632330656051635742e+00
-2.290991306304931641e+00
-2.099229812622070312e+00
-3.686069488525390625e+00
-1.985676407814025879e+00
-3.574097871780395508e+00
-2.116012573242187500e+00
-3.375494480133056641e+00
-3.203530073165893555e+00
-3.993101835250854492e+00
-3.702438116073608398e+00
-3.123794078826904297e+00
-4.081188678741455078e+00
-3.871427774429321289e+00
-3.124993085861206055e+00
-2.483942985534667969e+00
-3.683340549468994141e+00
-3.801863670349121094e+00
-3.019806146621704102e+00
-2.329064369201660156e+00
-3.444065809249877930e+00
-2.479785203933715820e+00
-2.976586341857910156e+00
-2.676965236663818359e+00
-2.130285263061523438e+00
-2.082223415374755859e+00
-8.157502412796020508e-01
-3.750159978866577148e+00
-3.161780118942260742e+00
-2.450705766677856445e+00
-2.198932170867919922e+00
-1.873859286308288574e+00
-2.750784635543823242e+00
-1.967899680137634277e+00
-3.222714185714721680e+00
-3.122130155563354492e+00
-2.514943122863769531e+00
-4.466938495635986328e+00
-2.666386127471923828e+00
-3.738850355148315430e+00
-2.559421062469482422e+00
-2.130338430404663086e+00
-1.454287409782409668e+00
-3.647276163101196289e+00
-1.952650904655456543e+00
-2.943558692932128906e+00
-3.670962095260620117e+00
-3.445724487304687500e+00
-2.289637088775634766e+00
-2.863497734069824219e+00
-3.194993495941162109e+00
-1.159613728523254395e+00
-2.686197280883789062e+00
-2.459006071090698242e+00
-2.071563959121704102e+00
-2.771523237228393555e+00
-2.400023698806762695e+00
-2.231525897979736328e+00
-3.362676620483398438e+00
-4.089890956878662109e+00
-3.402005910873413086e+00
-1.710701823234558105e+00
-2.041424751281738281e+00
-3.484485387802124023e+00
-3.477528572082519531e+00
-3.513140678405761719e+00
-2.115126371383666992e+00
-3.456319808959960938e+00
-3.450531959533691406e+00
-1.907056212425231934e+00
-2.086570501327514648e+00
-2.777755498886108398e+00
-3.229016065597534180e+00
-2.359310626983642578e+00
-2.716240167617797852e+00
-2.963762044906616211e+00
-2.833619832992553711e+00
-3.243781566619873047e+00
-2.309995889663696289e+00
-1.495469808578491211e+00
-2.647964239120483398e+00
-2.142529726028442383e+00
-1.855152845382690430e+00
-2.029323816299438477e+00
-2.238691091537475586e+00
-3.198738098144531250e+00
-2.880659818649291992e+00
-2.381894826889038086e+00
-2.485322713851928711e+00
-2.448399543762207031e+00
-1.011914253234863281e+00
-2.715837955474853516e+00
-1.918034315109252930e+00
-2.035335302352905273e+00
-1.720988273620605469e+00
-3.683485507965087891e+00
-2.982398509979248047e+00
-8.475850820541381836e-01
-2.475549221038818359e+00
-1.450446486473083496e+00
-2.980877399444580078e+00
-2.674433469772338867e+00
-2.286087274551391602e+00
-2.921741247177124023e+00
-2.844994544982910156e+00
-2.775922298431396484e+00
-2.854220628738403320e+00
-2.545280218124389648e+00
-1.267661690711975098e+00
-2.969280004501342773e+00
-2.910965442657470703e+00
-2.923772811889648438e+00
-2.222581386566162109e+00
-3.275009393692016602e+00
-3.321376562118530273e+00
-2.629614591598510742e+00
-3.293201446533203125e+00
-2.505558729171752930e+00
-2.378753662109375000e+00
-2.246522188186645508e+00
-3.256488084793090820e+00
-2.173841953277587891e+00
-2.648520469665527344e+00
-1.610432624816894531e+00
-2.676973342895507812e+00
-3.094766139984130859e+00
-1.915397763252258301e+00
-1.519027948379516602e+00
-3.848290741443634033e-01
-2.170761585235595703e+00
-1.812798023223876953e+00
-2.461792230606079102e+00
-1.800049543380737305e+00
-3.231911897659301758e+00
-1.551900029182434082e+00
-3.060045719146728516e+00
-2.569020509719848633e+00
-1.083904385566711426e+00
-1.694851160049438477e+00
-1.342237353324890137e+00
-1.716911673545837402e+00
-2.139150381088256836e+00
-2.892287969589233398e+00
-3.263350248336791992e+00
-2.418582916259765625e+00
-2.884415626525878906e+00
-3.148670673370361328e+00
-1.910260677337646484e+00
-2.593479633331298828e+00
-3.674416303634643555e+00
-3.498438358306884766e+00
-2.692888975143432617e+00
-3.251481771469116211e+00
-3.034647941589355469e+00
-2.934060811996459961e+00
-3.676741361618041992e+00
-3.215844392776489258e+00
-9.592774510383605957e-01
-2.379766702651977539e+00
-3.094479322433471680e+00
-2.964784383773803711e+00
-2.630613327026367188e+00
-3.219292163848876953e+00
-2.787212371826171875e+00
-2.835222005844116211e+00
-1.099166512489318848e+00
-5.400794744491577148e-01
-1.967343926429748535e+00
-2.318161010742187500e+00
-3.173772811889648438e+00
-3.689990758895874023e+00
-2.478348731994628906e+00
-3.190612792968750000e+00
-3.365377426147460938e+00
-2.031002283096313477e+00
-1.315983057022094727e+00
-3.039086818695068359e+00
-3.115345001220703125e+00
-3.063517093658447266e+00
-1.856988072395324707e+00
-2.243681669235229492e+00
-2.115438461303710938e+00
-3.511091947555541992e+00
-3.084569931030273438e+00
-3.197189331054687500e+00
-2.751119852066040039e+00
-3.000447750091552734e+00
-1.278510451316833496e+00
-2.568271875381469727e+00
-8.317083120346069336e-01
-1.874527454376220703e+00
-2.995972871780395508e+00
-2.679306268692016602e+00
-9.264420866966247559e-01
-2.472702980041503906e+00
-2.502942085266113281e+00
-3.326914548873901367e+00
-2.385890483856201172e+00
-1.033719658851623535e+00
-1.858915090560913086e+00
-2.467884302139282227e+00
-2.908953666687011719e+00
-2.161149740219116211e+00
-3.649010419845581055e+00
-2.751145124435424805e+00
-2.412571668624877930e+00
-1.660973787307739258e+00
-7.203913927078247070e-01
-1.390860795974731445e+00
-3.591278314590454102e+00
-3.290343046188354492e+00
-3.971046924591064453e+00
-3.359374761581420898e+00
-3.157748460769653320e+00
-1.622389674186706543e+00
-3.063516378402709961e+00
-3.489258766174316406e+00
-1.372131586074829102e+00
-2.461946487426757812e+00
-2.221956968307495117e+00
-3.171522855758666992e+00
-2.397837877273559570e+00
-2.619413614273071289e+00
-1.877606868743896484e+00
-1.534708023071289062e+00
-2.447611570358276367e+00
-2.059543848037719727e+00
-2.615943431854248047e+00
-2.411261081695556641e+00
-2.987995624542236328e+00
-1.249173164367675781e+00
-4.269676208496093750e+00
-1.109175443649291992e+00
-3.249201774597167969e+00
-2.827097654342651367e+00
-4.243646144866943359e+00
-2.406323432922363281e+00
-3.077343940734863281e+00
-3.155553817749023438e+00
-3.649539947509765625e+00
-2.336442232131958008e+00
-3.740459918975830078e+00
-3.438380956649780273e+00
-3.098777532577514648e+00
-2.438211679458618164e+00
-2.885875463485717773e+00
-2.125554084777832031e+00
-3.556079864501953125e+00
-3.626481294631958008e+00
-3.449525594711303711e+00
-1.644973158836364746e+00
-2.086879014968872070e+00
-1.997329950332641602e+00
-1.793011546134948730e+00
-1.688000917434692383e+00
-3.233979463577270508e+00
-2.078796386718750000e+00
-1.900654315948486328e+00
-2.693946599960327148e+00
-3.065102100372314453e+00
-2.678656578063964844e+00
-3.067873001098632812e+00
-2.420998334884643555e+00
-2.368226528167724609e+00
-2.927262306213378906e+00
-2.534268856048583984e+00
-1.854733109474182129e+00
-2.841217517852783203e+00
-1.039831519126892090e+00
-1.562712669372558594e+00
-3.755033016204833984e+00
-2.734596967697143555e+00
-1.129914879798889160e+00
-2.688166379928588867e+00
-1.441251873970031738e+00
-2.040484666824340820e+00
-1.817667007446289062e+00
-3.473115205764770508e+00
-3.197538137435913086e+00
-1.422777295112609863e+00
-2.215668916702270508e+00
-4.002159595489501953e+00
-1.696114420890808105e+00
-1.779228448867797852e+00
-3.235842704772949219e+00
-2.822864055633544922e+00
-3.014098405838012695e+00
-2.795593023300170898e+00
-3.682276487350463867e+00
-3.676364183425903320e+00
-1.842599034309387207e+00
-2.560523271560668945e+00
-2.317948818206787109e+00
-2.584779500961303711e+00
-1.940630435943603516e+00
-3.455681800842285156e+00
-2.577074766159057617e+00
-1.489515304565429688e+00
-2.449564933776855469e+00
-2.813112139701843262e-01
-2.271521806716918945e+00
-2.966508150100708008e+00
-3.169521331787109375e+00
-2.882490873336791992e+00
-2.410720109939575195e+00
-3.164491891860961914e+00
-3.092168092727661133e+00
-1.100786685943603516e+00
-2.536751031875610352e+00
-3.622948408126831055e+00
-2.686945199966430664e+00
-3.410342693328857422e+00
-3.064136028289794922e+00
-2.556246519088745117e+00
-3.341516017913818359e+00
-1.154727339744567871e+00
-1.085240602493286133e+00
-2.780827283859252930e+00
-3.450572013854980469e+00
-2.726922035217285156e+00
-2.879243850708007812e+00
-2.310680627822875977e+00
-4.768181443214416504e-01
-2.862107992172241211e+00
-2.966472148895263672e+00
-3.420223474502563477e+00
-1.328940033912658691e+00
-3.264517307281494141e+00
-2.462122678756713867e+00
-2.932299613952636719e+00
-2.805266380310058594e+00
-2.187865257263183594e+00
-2.060123920440673828e+00
-2.804935932159423828e+00
-3.202229976654052734e+00
-2.232406139373779297e+00
-4.255689084529876709e-01
-2.505285263061523438e+00
-1.790224671363830566e+00
-2.741314172744750977e+00
-2.315816879272460938e+00
-2.722421169281005859e+00
-2.910010337829589844e+00
-3.957988023757934570e-01
-1.383138179779052734e+00
-2.221724241971969604e-01
-2.438270807266235352e+00
-2.140615701675415039e+00
-1.549434781074523926e+00
-1.665622353553771973e+00
-1.827939033508300781e+00
-2.793253421783447266e+00
-1.321132063865661621e+00
-2.721296548843383789e+00
-2.258484661579132080e-01
-2.625648021697998047e+00
-1.693964362144470215e+00
-2.057526350021362305e+00
-1.173448562622070312e+00
-2.094996213912963867e+00
-3.177419662475585938e+00
-2.784608840942382812e+00
-3.145145416259765625e+00
-2.609937667846679688e+00
-2.850176334381103516e+00
-2.057274818420410156e+00
-2.239138841629028320e+00
-3.069436311721801758e+00
-2.836049556732177734e+00
-2.837933778762817383e+00
-2.353885650634765625e+00
-1.156883239746093750e+00
-2.254329919815063477e+00
-2.399632453918457031e+00
-2.760152101516723633e+00
-3.146359205245971680e+00
-3.675091028213500977e+00
-2.614006280899047852e+00
-3.422634124755859375e+00
-3.117273807525634766e+00
-9.428555965423583984e-01
-2.745647907257080078e+00
-2.822366952896118164e+00
-2.349460363388061523e+00
-2.802514314651489258e+00
-2.034062385559082031e+00
-2.132737874984741211e+00
-1.873718738555908203e+00
-2.680840253829956055e+00
-2.554692268371582031e+00
-3.086782693862915039e+00
-2.877815485000610352e+00
-1.889472603797912598e+00
-6.135685443878173828e-01
-2.589470863342285156e+00
-2.446184158325195312e+00
-1.468137502670288086e+00
-9.121334552764892578e-01
-2.111974239349365234e+00
-3.330549955368041992e+00
-3.770485401153564453e+00
-3.495033025741577148e+00
-2.132927179336547852e+00
-2.375654220581054688e+00
-1.403836131095886230e+00
-3.990153312683105469e+00
-3.244253873825073242e+00
-1.310057282447814941e+00
-2.259999752044677734e+00
-3.995231389999389648e+00
-4.149424552917480469e+00
-3.051414012908935547e+00
-2.915903329849243164e+00
-2.392356634140014648e+00
-3.427138328552246094e+00
-2.515397787094116211e+00
-1.400165200233459473e+00
-2.285631895065307617e+00
-3.168751478195190430e+00
-1.756337881088256836e+00
-3.103285312652587891e+00
-2.411352396011352539e+00
-2.411181688308715820e+00
-3.334330558776855469e+00
-8.528368473052978516e-01
-2.750881433486938477e+00
-2.217122316360473633e+00
-3.365072965621948242e+00
-2.298754453659057617e+00
-3.057696342468261719e+00
-3.949240922927856445e+00
-2.134114265441894531e+00
-2.857253849506378174e-01
-2.878370523452758789e+00
-3.086229085922241211e+00
-2.438723802566528320e+00
-1.888102054595947266e+00
-2.521702766418457031e+00
-1.376746892929077148e+00
-2.287068843841552734e+00
-1.913107872009277344e+00
-3.088624477386474609e+00
-1.837899565696716309e+00
-2.318294048309326172e+00
-1.516746282577514648e+00
-2.700549840927124023e+00
-1.013207793235778809e+00
-1.694267511367797852e+00
-1.591016411781311035e+00
-6.786551475524902344e-01
-3.271793603897094727e+00
-2.651566743850708008e+00
-3.179060935974121094e+00
-2.981327056884765625e+00
-1.031697511672973633e+00
-2.395172357559204102e+00
-1.547366380691528320e+00
-1.648475170135498047e+00
-1.857858419418334961e+00
-2.938645124435424805e+00
-1.762275218963623047e+00
-1.307325124740600586e+00
-1.463962197303771973e+00
-2.604549646377563477e+00
-1.647456645965576172e+00
-2.325359582901000977e+00
-3.080448865890502930e+00
-8.229932188987731934e-01
-2.200492143630981445e+00
-1.915575623512268066e+00
-2.346792936325073242e+00
-2.956286907196044922e+00
-3.196875572204589844e+00
-3.149979591369628906e+00
-2.583823919296264648e+00
-1.420646786689758301e+00
-2.850184202194213867e+00
-1.720016956329345703e+00
-2.293663501739501953e+00
-2.920005321502685547e+00
-2.444640874862670898e+00
-3.386085510253906250e+00
-1.826565027236938477e+00
-2.618947029113769531e+00
-2.589451789855957031e+00
-1.058151721954345703e+00
-2.954617023468017578e+00
-2.599941253662109375e+00
-2.823097705841064453e+00
-2.943682670593261719e+00
-3.106972455978393555e+00
-1.712101221084594727e+00
-3.855775594711303711e+00
-2.459918737411499023e+00
-1.078716397285461426e+00
-2.933023929595947266e+00
-1.227153062820434570e+00
-1.266906261444091797e+00
-1.590820074081420898e+00
-3.355656862258911133e+00
-3.487675189971923828e+00
-3.258387088775634766e+00
-2.832842111587524414e+00
-4.072652339935302734e+00
-1.658576488494873047e+00
-2.165679693222045898e+00
-2.184992074966430664e+00
-2.405128717422485352e+00
-1.910668969154357910e+00
-2.517466783523559570e+00
-3.051436185836791992e+00
-2.777967453002929688e+00
-3.088841199874877930e+00
-1.996734023094177246e+00
-1.415532231330871582e+00
-2.077407836914062500e+00
-2.791788578033447266e+00
-2.812209606170654297e+00
-3.060678005218505859e+00
-2.304060459136962891e+00
-2.741072177886962891e+00
-2.700684547424316406e+00
-1.476704478263854980e+00
-1.995607376098632812e+00
-1.756367325782775879e+00
-2.724627017974853516e+00
-1.258238673210144043e+00
-2.445859432220458984e+00
-1.818762302398681641e+00
-2.103329896926879883e+00
-2.540657520294189453e+00
-2.782884836196899414e+00
-2.081704854965209961e+00
-1.958455085754394531e+00
-2.837140798568725586e+00
-1.646246194839477539e+00
-2.185929298400878906e+00
-2.023623704910278320e+00
-2.188161611557006836e+00
-2.141950130462646484e+00
-1.180135965347290039e+00
-1.903804540634155273e+00
-1.915844917297363281e+00
-2.774945259094238281e+00
-2.865392923355102539e+00
-2.272182941436767578e+00
-1.589987635612487793e+00
-1.379437088966369629e+00
-3.216200828552246094e+00
-2.354111909866333008e+00
-1.255482554435729980e+00
-2.890470743179321289e+00
-3.600555658340454102e+00
-3.613322496414184570e+00
-1.074814081192016602e+00
-3.328005075454711914e+00
-2.983433246612548828e+00
-1.525157094001770020e+00
-1.920693278312683105e+00
-3.661955595016479492e+00
-3.009820222854614258e+00
-3.211462736129760742e+00
-2.561348676681518555e+00
-3.263562440872192383e+00
-8.711661100387573242e-01
-3.021710395812988281e+00
-4.239358425140380859e+00
-3.315070390701293945e+00
-2.697042465209960938e+00
-1.483235478401184082e+00
-2.247894287109375000e+00
-3.098912239074707031e+00
-1.466781139373779297e+00
-2.418385505676269531e+00
-2.326443910598754883e+00
-2.290170669555664062e+00
-2.860853672027587891e+00
-2.174653053283691406e+00
-7.967491149902343750e-01
-2.831203222274780273e+00
-2.407732248306274414e+00
-3.790213465690612793e-01
-2.771153688430786133e+00
-2.405701398849487305e+00
-1.520315885543823242e+00
-2.355513572692871094e+00
-2.449067831039428711e+00
-1.806104421615600586e+00
-3.047232627868652344e+00
-2.496487140655517578e+00
-2.442775726318359375e+00
-2.071686267852783203e+00
-2.629833459854125977e+00
-2.695068836212158203e+00
-1.217766642570495605e+00
-2.117518663406372070e+00
-2.970287799835205078e+00
-2.308337926864624023e+00
-1.491722464561462402e+00
-2.209797859191894531e+00
-3.041904687881469727e+00
-1.194817900657653809e+00
-3.080036163330078125e+00
-2.929318666458129883e+00
-1.579553484916687012e+00
-4.162855446338653564e-02
-2.561232328414916992e+00
-1.535763978958129883e+00
-1.457593798637390137e+00
-2.833088397979736328e+00
-3.050182104110717773e+00
-3.126350641250610352e+00
-3.930047750473022461e-01
-3.004969120025634766e+00
-3.304463386535644531e+00
-2.679111480712890625e+00
-2.870116233825683594e+00
-1.134374856948852539e+00
-3.375960111618041992e+00
-3.045142173767089844e+00
-3.530843973159790039e+00
-7.063813805580139160e-01
-2.306347370147705078e+00
-2.942921638488769531e+00
-2.201252460479736328e+00
-3.290374040603637695e+00
-2.217398643493652344e+00
-1.906310796737670898e+00
-2.955518960952758789e+00
-1.997273206710815430e+00
-2.269392967224121094e+00
-2.690284490585327148e+00
-9.790557026863098145e-01
-2.970505475997924805e+00
-3.281002283096313477e+00
-3.282721996307373047e+00
-2.523378372192382812e+00
-2.367429018020629883e+00
-2.813751459121704102e+00
-3.815963745117187500e+00
-2.805783510208129883e+00
-3.459360122680664062e+00
-1.866387963294982910e+00
-3.118731260299682617e+00
-1.461516261100769043e+00
-3.540569067001342773e+00
-2.764714241027832031e+00
-2.393446683883666992e+00
-2.823263883590698242e+00
-2.949563741683959961e+00
-3.526257038116455078e+00
-3.130672216415405273e+00
-3.572158336639404297e+00
-3.148045539855957031e+00
-3.327059745788574219e+00
-2.897359132766723633e+00
-2.853349208831787109e+00
-2.023290872573852539e+00
-3.271996021270751953e+00
-3.394421339035034180e+00
-2.520207762718200684e-01
-1.451038599014282227e+00
-2.338064670562744141e+00
-2.135617971420288086e+00
-2.204011678695678711e+00
-2.594059228897094727e+00
-1.420199394226074219e+00
-3.035137653350830078e+00
-2.986376285552978516e+00
-2.734463930130004883e+00
-3.159322261810302734e+00
-2.734884023666381836e+00
-7.002090215682983398e-01
-2.464046239852905273e+00
-1.937536358833312988e+00
-2.848795175552368164e+00
-2.828962564468383789e+00
-3.283962488174438477e+00
-2.685426712036132812e+00
-1.838041901588439941e+00
-8.928987383842468262e-01
-1.379703044891357422e+00
-2.661748886108398438e+00
-2.249490261077880859e+00
-2.915292263031005859e+00
-3.153093338012695312e+00
-3.580856561660766602e+00
-2.306239604949951172e+00
-1.128198266029357910e+00
-2.097638845443725586e+00
-2.855981588363647461e+00
-1.945294618606567383e+00
-2.247022151947021484e+00
-3.091362953186035156e+00
-1.790852189064025879e+00
-3.726375579833984375e+00
-2.372734308242797852e+00
-2.698518037796020508e+00
-1.288672327995300293e+00
-1.501310586929321289e+00
-9.913114905357360840e-01
-1.721782922744750977e+00
-2.083018541336059570e+00
-2.157193183898925781e+00
-3.042656183242797852e+00
-1.718551039695739746e+00
-2.144025802612304688e+00
-1.880545616149902344e+00
-2.189527988433837891e+00
-1.141145825386047363e+00
-8.056187629699707031e-01
-2.321955680847167969e+00
-2.962390184402465820e+00
-2.033535718917846680e+00
-2.122130393981933594e+00
-2.546504974365234375e+00
-3.108418226242065430e+00
-7.755448222160339355e-01
-2.827437162399291992e+00
-1.204864978790283203e+00
-3.618714332580566406e+00
-3.134672880172729492e+00
-2.930207967758178711e+00
-3.212162733078002930e+00
-8.584817647933959961e-01
-2.301053762435913086e+00
-2.926358938217163086e+00
-2.680927276611328125e+00
-2.239811658859252930e+00
-2.480903387069702148e+00
-2.731698751449584961e+00
-1.907406806945800781e+00
-1.587622284889221191e+00
-1.774524450302124023e+00
-2.385402917861938477e+00
-2.441561222076416016e+00
-2.287923097610473633e+00
-2.366333723068237305e+00
-3.462688207626342773e+00
-1.785311579704284668e+00
-3.219455718994140625e+00
-3.300245046615600586e+00
-3.286089897155761719e+00
-2.037967205047607422e+00
-2.287737607955932617e+00
-3.441973209381103516e+00
-2.765280961990356445e+00
-2.433585166931152344e+00
-3.368387937545776367e+00
-2.226156234741210938e+00
-1.311003684997558594e+00
-2.114186048507690430e+00
-2.329339027404785156e+00
-3.444039344787597656e+00
-2.514599800109863281e+00
-2.686013936996459961e+00
-4.129101276397705078e+00
-1.785768151283264160e+00
-2.769083499908447266e+00
-1.951155781745910645e+00
-3.021996498107910156e+00
-3.714726686477661133e+00
-2.493382215499877930e+00
-2.812303543090820312e+00
-3.134611606597900391e+00
-1.311293721199035645e+00
-3.187838792800903320e+00
-1.668512821197509766e+00
-2.614356279373168945e+00
-1.016065478324890137e+00
-2.415486097335815430e+00
-1.840192198753356934e+00
-2.178269624710083008e+00
-3.277358055114746094e+00
-2.851582288742065430e+00
-2.087139368057250977e+00
-2.048318624496459961e+00
-2.560914754867553711e+00
-7.080168724060058594e-01
-3.481702566146850586e+00
-1.625644445419311523e+00
-2.013920545578002930e+00
-2.359228372573852539e+00
-1.780382633209228516e+00
-2.447417974472045898e+00
-2.443486690521240234e+00
-2.699019908905029297e+00
-2.855055570602416992e+00
-3.544414997100830078e+00
-2.616549968719482422e+00
-1.030965328216552734e+00
-2.884058713912963867e+00
-2.693607807159423828e+00
-8.646147847175598145e-01
-3.100185155868530273e+00
-2.914785385131835938e+00
-2.541108369827270508e+00
-2.820754528045654297e+00
-2.588362693786621094e+00
-1.690084815025329590e+00
-1.354115128517150879e+00
-1.401461839675903320e+00
-1.046498417854309082e+00
-2.186072111129760742e+00
-1.891756176948547363e+00
-2.962416172027587891e+00
-3.609534502029418945e+00
-2.241950511932373047e+00
-2.731649398803710938e+00
-2.853216171264648438e+00
-2.304611444473266602e+00
-2.881422519683837891e+00
-3.843721628189086914e+00
-2.364519596099853516e+00
-2.068650007247924805e+00
-2.687608957290649414e+00
-2.129715442657470703e+00
-2.838297367095947266e+00
-3.605459213256835938e+00
-2.574192523956298828e+00
-2.172506332397460938e+00
-3.055340528488159180e+00
-3.547173976898193359e+00
-2.141658544540405273e+00
-2.888260602951049805e+00
-1.618354082107543945e+00
-1.304946422576904297e+00
-2.375650644302368164e+00
-1.697220206260681152e+00
-2.278063058853149414e+00
-1.691155672073364258e+00
-2.432570695877075195e+00
-2.714920759201049805e+00
-4.006353020668029785e-01
-2.258754730224609375e+00
-2.487444639205932617e+00
-2.888832330703735352e+00
-2.595128297805786133e+00
-2.205291271209716797e+00
-2.418438911437988281e+00
-2.966252326965332031e+00
-2.594140052795410156e+00
-1.676295876502990723e+00
-3.090182304382324219e+00
-8.903868198394775391e-01
-3.123508453369140625e+00
-1.996739506721496582e+00
-7.747912406921386719e-01
-2.968697071075439453e+00
-3.226149082183837891e+00
-2.414874076843261719e+00
-1.504352211952209473e+00
-2.773636817932128906e+00
-3.993023395538330078e+00
-2.958586692810058594e+00
-1.425392150878906250e+00
-3.293074846267700195e+00
-2.263748168945312500e+00
-2.946397781372070312e+00
-2.161714553833007812e+00
-2.710758924484252930e+00
-3.232461929321289062e+00
-2.915943145751953125e+00
-2.637947797775268555e+00
-3.388615369796752930e+00
-3.414840221405029297e+00
-3.485388040542602539e+00
-3.355463266372680664e+00
-2.909776210784912109e+00
-1.852494955062866211e+00
-9.513888955116271973e-01
-2.455523729324340820e+00
-2.268863677978515625e+00
-1.500651478767395020e+00
-1.747851252555847168e+00
-2.309651136398315430e+00
-3.025355815887451172e+00
-3.828320980072021484e+00
-3.186594486236572266e+00
-3.172920942306518555e+00
-2.037662506103515625e+00
-2.503208875656127930e+00
-2.669697046279907227e+00
-1.313824534416198730e+00
-2.440600156784057617e+00
-2.809100627899169922e+00
-2.369596719741821289e+00
-1.284189462661743164e+00
-2.257334232330322266e+00
-1.993146538734436035e+00
-2.303100109100341797e+00
-1.607483625411987305e+00
-2.298540115356445312e+00
-2.053167581558227539e+00
-2.145716190338134766e+00
-2.675101995468139648e+00
-2.563375473022460938e+00
-1.675945043563842773e+00
-3.475944101810455322e-01
-3.044913291931152344e+00
-1.867805719375610352e+00
-3.096412897109985352e+00
-2.732112169265747070e+00
-2.196959018707275391e+00
-7.213478088378906250e-01
-2.042731285095214844e+00
-1.769228458404541016e+00
-2.723723173141479492e+00
-2.003220081329345703e+00
-2.905431747436523438e+00
-2.045585632324218750e+00
-2.394958019256591797e+00
-2.991921901702880859e+00
-2.334007740020751953e+00
-2.473356962203979492e+00
-2.550697565078735352e+00
-3.443372249603271484e+00
-1.461397647857666016e+00
-2.179156303405761719e+00
-2.745950460433959961e+00
-3.418864488601684570e+00
-3.395168304443359375e+00
-2.616583347320556641e+00
-2.163345098495483398e+00
-1.064981102943420410e+00
-2.411449670791625977e+00
-7.838601469993591309e-01
-2.456406831741333008e+00
-2.411096096038818359e+00
-3.068205833435058594e+00
-3.079599380493164062e+00
-2.714650392532348633e+00
-2.926656007766723633e+00
-2.125963926315307617e+00
-1.752872228622436523e+00
-3.471160888671875000e+00
-2.119347333908081055e+00
-1.878034591674804688e+00
-2.717434167861938477e+00
-2.182093620300292969e+00
-3.227284669876098633e+00
-3.526058197021484375e+00
-3.200281143188476562e+00
-3.345069885253906250e+00
-2.685692787170410156e+00
-3.315785646438598633e+00
-1.818502068519592285e+00
-2.361192703247070312e+00
-2.747643709182739258e+00
-2.576994180679321289e+00
-2.176759958267211914e+00
-2.003975868225097656e+00
-3.762202501296997070e+00
-2.808211326599121094e+00
-2.732963085174560547e+00
-2.523390054702758789e+00
-3.373836517333984375e+00
-2.339664936065673828e+00
-3.349648475646972656e+00
-3.249781370162963867e+00
-1.894106119871139526e-01
-3.051477909088134766e+00
-1.624908089637756348e+00
-1.279252409934997559e+00
-2.329151630401611328e+00
-2.205434083938598633e+00
-2.172763109207153320e+00
-3.131727933883666992e+00
-1.414175033569335938e+00
-2.193969011306762695e+00
-2.965095520019531250e+00
-3.459411382675170898e+00
-2.914910316467285156e+00
-1.602997064590454102e+00
-3.176309347152709961e+00
-3.077455520629882812e+00
-2.651220560073852539e+00
-3.619236230850219727e+00
-1.600464463233947754e+00
-3.358084678649902344e+00
-2.620433807373046875e+00
-3.239627599716186523e+00
-2.763983964920043945e+00
-2.019811391830444336e+00
-1.008593916893005371e+00
-3.602265834808349609e+00
-1.923768877983093262e+00
-2.091917991638183594e+00
-1.726073026657104492e+00
-3.033708810806274414e+00
-2.712534427642822266e+00
-2.294975757598876953e+00
-1.036898016929626465e+00
-2.216980695724487305e+00
-2.800089359283447266e+00
-3.881132602691650391e+00
-7.295993566513061523e-01
-2.949675798416137695e+00
-2.127692461013793945e+00
-3.939686536788940430e+00
-2.124182701110839844e+00
-1.673993945121765137e+00
-1.261963725090026855e+00
-1.501853942871093750e+00
-3.845514059066772461e+00
-2.843273878097534180e+00
-1.931176900863647461e+00
-3.055237054824829102e+00
-3.311042308807373047e+00
-4.027114868164062500e+00
-3.489911317825317383e+00
-3.161003828048706055e+00
-2.385335206985473633e+00
-2.062122344970703125e+00
-3.928895711898803711e+00
-3.017227649688720703e+00
-4.152272224426269531e+00
-1.304681658744812012e+00
-3.724401235580444336e+00
-1.532684087753295898e+00
-2.643225669860839844e+00
-8.907616138458251953e-01
-1.460243105888366699e+00
-3.436553955078125000e+00
-3.012706518173217773e+00
-2.765997648239135742e+00
-1.799825668334960938e+00
-3.015348434448242188e+00
-1.289754390716552734e+00
-3.159981489181518555e+00
-2.506753206253051758e+00
-2.853639364242553711e+00
-1.210761666297912598e+00
-2.448829174041748047e+00
-1.721037149429321289e+00
-1.052892684936523438e+00
-1.060788989067077637e+00
-1.968888044357299805e+00
-2.836062431335449219e+00
-2.529896259307861328e+00
-2.439463376998901367e+00
-3.922575235366821289e+00
-2.212297916412353516e+00
-1.379632234573364258e+00
-2.728729248046875000e+00
-2.558432340621948242e+00
-2.490442037582397461e+00
-1.974957704544067383e+00
-2.987583875656127930e+00
-3.797522544860839844e+00
-2.009660005569458008e+00
-2.053307771682739258e+00
-2.167467117309570312e+00
-3.085335016250610352e+00
-2.323953390121459961e+00
-2.964035511016845703e+00
-2.868983983993530273e+00
-2.693243265151977539e+00
-2.253438234329223633e+00
-3.288221359252929688e+00
-2.394318342208862305e+00
-2.148006677627563477e+00
-2.312808752059936523e+00
-2.643586397171020508e+00
-2.984759807586669922e+00
-2.693683862686157227e+00
-3.502497196197509766e+00
-3.130121231079101562e+00
-2.769224882125854492e+00
-2.857197523117065430e+00
-3.374155998229980469e+00
-2.874640941619873047e+00
-2.368041992187500000e+00
-1.689088702201843262e+00
-2.544841051101684570e+00
-3.419185876846313477e+00
-1.982104301452636719e+00
-1.964506745338439941e+00
-3.385429382324218750e+00
-3.609447479248046875e+00
-3.313216924667358398e+00
-3.433756351470947266e+00
-2.673843145370483398e+00
-2.676640987396240234e+00
-2.190514564514160156e+00
-1.489567637443542480e+00
-1.635309696197509766e+00
-3.679558753967285156e+00
-2.198989868164062500e+00
-2.735003232955932617e+00
-3.364773988723754883e+00
-2.798222780227661133e+00
-3.347955703735351562e+00
-3.888975858688354492e+00
-2.852249622344970703e+00
-2.708307743072509766e+00
-3.475995063781738281e+00
-3.450495243072509766e+00
-2.137541532516479492e+00
-3.797105789184570312e+00
-1.209543347358703613e+00
-3.465533494949340820e+00
-3.134812831878662109e+00
-3.519274711608886719e+00
-1.374384284019470215e+00
-1.541235208511352539e+00
-2.875381469726562500e+00
-1.232877254486083984e+00
-1.083952665328979492e+00
-1.045217156410217285e+00
-2.567564725875854492e+00
-1.444698691368103027e+00
-2.393042802810668945e+00
-2.635678768157958984e+00
-8.845446705818176270e-01
-1.489096045494079590e+00
-2.215304851531982422e+00
-8.675785064697265625e-01
-2.195168733596801758e+00
-1.131792306900024414e+00
-1.799584984779357910e+00
-1.233721613883972168e+00
-1.725342154502868652e+00
-3.011693239212036133e+00
-1.720489144325256348e+00
-2.442099571228027344e+00
-2.639769315719604492e+00
-2.601173400878906250e+00
-1.833503246307373047e+00
-9.535722136497497559e-01
-1.754469752311706543e+00
-1.955912590026855469e+00
-1.579963684082031250e+00
-1.320329666137695312e+00
-2.611485242843627930e+00
-3.006828308105468750e+00
-2.642215728759765625e+00
-2.587583065032958984e+00
-2.453882455825805664e+00
-2.086970806121826172e+00
-1.751055479049682617e+00
-1.747753143310546875e+00
-2.697962820529937744e-01
-2.847245693206787109e+00
-1.977500915527343750e+00
-2.526704311370849609e+00
-5.961767435073852539e-01
-1.353745818138122559e+00
-1.690283179283142090e+00
-1.573635697364807129e+00
-1.664467334747314453e+00
-1.912667989730834961e+00
-3.030654907226562500e+00
-3.266839504241943359e+00
-1.643078684806823730e+00
-2.383067369461059570e+00
-1.807540774345397949e+00
-2.684740543365478516e+00
-1.706853866577148438e+00
-2.907407999038696289e+00
-9.848354458808898926e-01
-9.372999668121337891e-01
-2.941644906997680664e+00
-1.506918072700500488e+00
-2.753647565841674805e+00
-2.785879373550415039e+00
-2.605409860610961914e+00
-1.688398420810699463e-01
-3.503103017807006836e+00
-3.276506662368774414e+00
-1.923681497573852539e+00
-3.130998611450195312e+00
-3.406532764434814453e+00
-3.405999660491943359e+00
-1.405228853225708008e+00
-3.006669759750366211e+00
-3.058411836624145508e+00
-1.934073925018310547e+00
-3.245994329452514648e+00
-3.599300861358642578e+00
-2.720628023147583008e+00
-2.107535362243652344e+00
-2.376718997955322266e+00
-3.131524085998535156e+00
-2.933242321014404297e+00
-3.848028898239135742e+00
-1.294726848602294922e+00
-1.813846945762634277e+00
-3.346742391586303711e+00
-2.279348373413085938e+00
-2.892991065979003906e+00
-2.475070476531982422e+00
-2.168737649917602539e+00
-3.441983699798583984e+00
-4.207140445709228516e+00
-1.508408665657043457e+00
-2.034881591796875000e+00
-3.003975391387939453e+00
-3.336009740829467773e+00
-2.598783254623413086e+00
-2.571189403533935547e+00
-1.393731355667114258e+00
-1.839213371276855469e+00
-2.128859281539916992e+00
-2.976740121841430664e+00
-1.181892156600952148e+00
-1.913966774940490723e+00
-2.369476318359375000e+00
-3.491390943527221680e+00
-3.669605731964111328e+00
-1.784122347831726074e+00
-2.813004255294799805e+00
-8.287081122398376465e-01
-8.318578004837036133e-01
-3.288107395172119141e+00
-2.164234399795532227e+00
-1.686105132102966309e+00
-2.353246450424194336e+00
-2.804760694503784180e+00
-1.682141184806823730e+00
-2.008352518081665039e+00
-2.053623199462890625e+00
-2.068247795104980469e+00
-2.988802194595336914e+00
-2.026758432388305664e+00
-2.020875453948974609e+00
-2.761180877685546875e+00
-1.804643511772155762e+00
-1.608749389648437500e+00
-2.768333435058593750e+00
-2.732052087783813477e+00
-2.453180074691772461e+00
-2.143238306045532227e+00
-1.809069395065307617e+00
-1.879339694976806641e+00
-1.575754165649414062e+00
-1.578490018844604492e+00
-2.899466753005981445e+00
-3.003186941146850586e+00
-2.378518104553222656e+00
-2.572422266006469727e+00
-1.982402801513671875e+00
-2.743658065795898438e+00
-1.383653163909912109e+00
-2.461770772933959961e+00
-2.642497539520263672e+00
-2.133830785751342773e+00
-7.776573300361633301e-01
-2.195050239562988281e+00
-2.354286432266235352e+00
-2.505453586578369141e+00
-3.338175535202026367e+00
-9.496765732765197754e-01
-1.951323747634887695e+00
-1.910245060920715332e+00
-2.501833438873291016e+00
-3.276268720626831055e+00
-2.321001768112182617e+00
-2.663829326629638672e+00
-2.712958097457885742e+00
-2.375594377517700195e+00
-3.595067024230957031e+00
-2.157163858413696289e+00
-2.676175594329833984e+00
-2.663216352462768555e+00
-3.291903734207153320e+00
-1.485492110252380371e+00
-2.441155433654785156e+00
-3.144934892654418945e+00
-3.127584695816040039e+00
-2.284151792526245117e+00
-2.671285867691040039e+00
-2.648712873458862305e+00
-4.011209011077880859e+00
-3.093965053558349609e+00
-3.151430845260620117e+00
-2.537624359130859375e+00
-2.115913152694702148e+00
-2.389634370803833008e+00
-3.470283508300781250e+00
-3.048007488250732422e+00
-1.675165653228759766e+00
-8.708555102348327637e-01
-3.277717113494873047e+00
-2.255837678909301758e+00
-1.578972578048706055e+00
-3.003177165985107422e+00
-2.781146764755249023e+00
-2.341668367385864258e+00
-2.487326383590698242e+00
-6.058104634284973145e-01
-3.535620927810668945e+00
-1.846218347549438477e+00
-3.311209201812744141e+00
-2.358991146087646484e+00
-9.084947705268859863e-01
-9.512917399406433105e-01
-2.213072299957275391e+00
-2.829237222671508789e+00
-2.154940605163574219e+00
-1.624759078025817871e+00
-2.992047786712646484e+00
-9.211111664772033691e-01
-1.853214383125305176e+00
-1.045950770378112793e+00
-2.989545822143554688e+00
-3.332849264144897461e+00
-2.763329267501831055e+00
-3.320432424545288086e+00
-1.956177592277526855e+00
-1.440119504928588867e+00
-1.358707427978515625e+00
-2.983178138732910156e+00
-3.200076818466186523e+00
-1.732117295265197754e+00
-2.175372600555419922e+00
-2.720942258834838867e+00
-2.333893537521362305e+00
-2.094076156616210938e+00
-3.459027528762817383e+00
-2.062568664550781250e+00
-9.617958664894104004e-01
-2.349783658981323242e+00
-2.562742233276367188e+00
-1.106711626052856445e+00
-2.050251960754394531e+00
-2.877964258193969727e+00
-3.602359056472778320e+00
-2.153988838195800781e+00
-2.366307258605957031e+00
-3.395200967788696289e+00
-2.305782794952392578e+00
-1.985625505447387695e+00
-2.375745773315429688e+00
-3.362111806869506836e+00
-3.008116245269775391e+00
-2.695502758026123047e+00
-1.034158468246459961e+00
-3.440827369689941406e+00
-4.083658695220947266e+00
-1.943997979164123535e+00
-2.558810234069824219e+00
-2.653881072998046875e+00
-2.193612813949584961e+00
-3.210926294326782227e+00
-2.326371431350708008e+00
-3.025250673294067383e+00
-1.526289224624633789e+00
-3.320874929428100586e+00
-1.609203219413757324e+00
-3.128981351852416992e+00
-1.696869611740112305e+00
-2.658874034881591797e+00
-2.894810199737548828e+00
-3.056946516036987305e+00
-3.727113008499145508e+00
-2.196826696395874023e+00
-2.024942636489868164e+00
-2.627813577651977539e+00
-1.693777322769165039e+00
-1.555907964706420898e+00
-1.741494536399841309e+00
-1.037514090538024902e+00
-1.049917101860046387e+00
-1.449467062950134277e+00
-1.815176248550415039e+00
-2.099993944168090820e+00
-1.534314870834350586e+00
-4.829578697681427002e-01
-2.111956119537353516e+00
-1.303688645362854004e+00
-1.606834173202514648e+00
-1.012237191200256348e+00
-2.038867712020874023e+00
-2.163486480712890625e+00
-2.122194528579711914e+00
-2.469544172286987305e+00
-2.062545061111450195e+00
-1.261041164398193359e+00
-2.417046070098876953e+00
-3.560754060745239258e-01
-1.101892113685607910e+00
-1.718619227409362793e+00
-2.088068246841430664e+00
-1.033752679824829102e+00
-1.319384932518005371e+00
-1.892495870590209961e+00
-1.638678431510925293e+00
-2.598800897598266602e+00
-2.354753494262695312e+00
-2.019389867782592773e+00
-4.036916792392730713e-01
-1.290094614028930664e+00
-2.319972515106201172e+00
-2.734598636627197266e+00
-6.562234759330749512e-01
-9.313173890113830566e-01
-1.812757372856140137e+00
-2.326192378997802734e+00
-1.302679777145385742e+00
-2.515858650207519531e+00
-2.780905246734619141e+00
-1.514837503433227539e+00
-2.782227277755737305e+00
-2.160151243209838867e+00
-3.796149015426635742e+00
-3.041426420211791992e+00
-1.933798074722290039e+00
-2.653287649154663086e+00
-3.076908111572265625e+00
-2.950590372085571289e+00
-3.235745191574096680e+00
-3.718698978424072266e+00
-3.141286134719848633e+00
-1.175231814384460449e+00
-3.068029403686523438e+00
-3.045452594757080078e+00
-2.282536506652832031e+00
-2.062693119049072266e+00
-1.339228272438049316e+00
-2.913302898406982422e+00
-2.730449676513671875e+00
-2.763238906860351562e+00
-2.357072114944458008e+00
-3.100755691528320312e+00
-2.878401517868041992e+00
-3.117416381835937500e+00
-2.319079399108886719e+00
-2.851935386657714844e+00
-3.630248308181762695e+00
-2.576562166213989258e+00
-2.589039325714111328e+00
-2.294722080230712891e+00
-3.123102903366088867e+00
-1.702457427978515625e+00
-2.593655347824096680e+00
-3.279301881790161133e+00
-3.929444313049316406e+00
-1.426368951797485352e+00
-3.438089132308959961e+00
-2.062440633773803711e+00
-2.783048152923583984e+00
-1.949693560600280762e+00
-3.518891334533691406e+00
-3.352054834365844727e+00
-3.755782127380371094e+00
-2.712765693664550781e+00
-2.279140233993530273e+00
-2.221927642822265625e+00
-3.905110836029052734e+00
-4.135620594024658203e+00
-2.020786762237548828e+00
-1.889703989028930664e+00
-3.471441268920898438e+00
-1.792044878005981445e+00
-2.683598518371582031e+00
-3.785376071929931641e+00
-3.902838468551635742e+00
-4.145215988159179688e+00
-4.002965927124023438e+00
-3.259681463241577148e+00
-2.653852224349975586e+00
-3.007523536682128906e+00
-3.822447776794433594e+00
-3.509143114089965820e+00
-2.363801240921020508e+00
-2.123750686645507812e+00
-2.443609476089477539e+00
-1.598106145858764648e+00
-1.599574565887451172e+00
-2.516587734222412109e+00
-1.632024526596069336e+00
-1.675089716911315918e+00
-1.068805694580078125e+00
-9.267244935035705566e-01
-2.591908931732177734e+00
-1.074199557304382324e+00
-1.376312971115112305e+00
-2.134252071380615234e+00
-1.654312849044799805e+00
-2.571624517440795898e+00
-1.419650197029113770e+00
-1.001819372177124023e+00
-2.846336126327514648e+00
-2.443062782287597656e+00
-3.146264076232910156e+00
-2.120653152465820312e+00
-1.208507895469665527e+00
-2.268286228179931641e+00
-2.175830841064453125e+00
-1.231707930564880371e+00
-2.611491918563842773e+00
-1.686894774436950684e+00
-1.982794404029846191e+00
-1.860676407814025879e+00
-2.608403921127319336e+00
-4.339868128299713135e-01
-1.142015814781188965e+00
-1.326353907585144043e+00
-1.342163562774658203e+00
-1.975539445877075195e+00
-1.710554480552673340e+00
-1.456945300102233887e+00
-2.374698400497436523e+00
-3.094266176223754883e+00
-1.583756804466247559e+00
-1.338166594505310059e+00
-1.454691767692565918e+00
-1.624026179313659668e+00
-2.596811294555664062e+00
-1.758783340454101562e+00
-3.026534557342529297e+00
-1.741732597351074219e+00
-2.076276540756225586e+00
-2.237866163253784180e+00
-2.766493320465087891e+00
-1.259423136711120605e+00
-1.294721603393554688e+00
-1.240409970283508301e+00
-1.606276392936706543e+00
-2.392980813980102539e+00
-1.713906764984130859e+00
-2.194935560226440430e+00
-1.448123693466186523e+00
-1.086108922958374023e+00
-1.739423155784606934e+00
-2.573292732238769531e+00
-7.937836050987243652e-01
-2.527417421340942383e+00
-2.477784872055053711e+00
-1.874599933624267578e+00
-1.161131620407104492e+00
-1.757450938224792480e+00
-2.496446371078491211e+00
-2.276859521865844727e+00
-2.181954622268676758e+00
-3.770708560943603516e+00
-1.954568743705749512e+00
-2.296890020370483398e+00
-1.971636772155761719e+00
-2.155417203903198242e+00
-1.512678027153015137e+00
-1.489795088768005371e+00
-2.296542882919311523e+00
-1.203587293624877930e+00
-2.504385471343994141e+00
-1.548174977302551270e+00
-1.981431126594543457e+00
-3.175409555435180664e+00
-1.539831638336181641e+00
-7.507087588310241699e-01
-2.004354715347290039e+00
-2.323165893554687500e+00
-1.081860184669494629e+00
-1.700526595115661621e+00
-2.242794990539550781e+00
-1.788573265075683594e+00
-2.008582115173339844e+00
-8.156198263168334961e-01
-2.121126413345336914e+00
-1.926472187042236328e+00
-2.631685733795166016e+00
-2.465481996536254883e+00
-2.360374212265014648e+00
-6.318093538284301758e-01
-1.748391985893249512e+00
-6.324165463447570801e-01
-1.525219678878784180e+00
-1.075413703918457031e+00
-2.073551177978515625e+00
-9.541763663291931152e-01
-1.236364126205444336e+00
-1.611079335212707520e+00
-2.499365091323852539e+00
-2.274268865585327148e+00
-6.918384432792663574e-01
-1.182836890220642090e+00
-1.654735803604125977e+00
-1.726060271263122559e+00
-1.076193451881408691e+00
-2.414836168289184570e+00
-1.228170156478881836e+00
-2.063933610916137695e+00
-8.666843771934509277e-01
-1.928796648979187012e+00
-2.365068435668945312e+00
-2.679211378097534180e+00
-2.060246467590332031e+00
-2.788631916046142578e+00
-2.597281932830810547e+00
-2.403041124343872070e+00
-4.517827928066253662e-01
-7.553136944770812988e-01
-1.946107149124145508e+00
-2.588587760925292969e+00
-2.241251230239868164e+00
-2.637220144271850586e+00
-2.454634428024291992e+00
-1.563120841979980469e+00
1.719825267791748047e-01
-2.621971368789672852e+00
-1.043474078178405762e+00
-1.650786876678466797e+00
-2.564569711685180664e+00
-3.818648159503936768e-01
-3.576039075851440430e-01
-2.273177385330200195e+00
-8.947394490242004395e-01
-2.572846174240112305e+00
-1.185809731483459473e+00
-2.275958538055419922e+00
-2.068726062774658203e+00
-2.707313299179077148e+00
-2.371373414993286133e+00
-1.727563619613647461e+00
-1.899960875511169434e+00
-2.251625061035156250e+00
-2.580268859863281250e+00
-2.204782962799072266e+00
-9.353676438331604004e-01
-2.459010839462280273e+00
-1.510571002960205078e+00
-2.635998964309692383e+00
-3.195047616958618164e+00
-2.520818471908569336e+00
-2.420822858810424805e+00
-1.659052729606628418e+00
-1.822872757911682129e+00
-2.551943778991699219e+00
-2.512412786483764648e+00
-2.123617887496948242e+00
-2.445997238159179688e+00
-1.830035448074340820e+00
-2.944836616516113281e+00
-2.065390825271606445e+00
-2.314572811126708984e+00
-5.685855746269226074e-01
-1.610128879547119141e+00
-2.072397232055664062e+00
-1.889385461807250977e+00
-8.923465013504028320e-01
-2.113373756408691406e+00
-2.921458482742309570e+00
-2.097772121429443359e+00
-2.335591077804565430e+00
-2.695085287094116211e+00
-2.843338012695312500e+00
-2.930296897888183594e+00
-1.320634633302688599e-01
-2.028853893280029297e+00
-1.600116729736328125e+00
-2.394356966018676758e+00
-2.613699674606323242e+00
-1.978088140487670898e+00
-2.123874902725219727e+00
-2.721415758132934570e+00
-3.051872014999389648e+00
-2.138553857803344727e+00
-1.948831200599670410e+00
-3.023527383804321289e+00
-2.575615167617797852e+00
-2.636067628860473633e+00
-3.210682630538940430e+00
-2.093588829040527344e+00
-1.198412299156188965e+00
-2.713157176971435547e+00
-2.539156198501586914e+00
-2.327906131744384766e+00
-2.100576400756835938e+00
-1.887915968894958496e+00
-2.724881649017333984e+00
-2.052125453948974609e+00
-2.187644958496093750e+00
-2.353306293487548828e+00
-3.426310062408447266e+00
-2.560268878936767578e+00
-1.949499726295471191e+00
-1.232388496398925781e+00
-2.752722740173339844e+00
-2.201498985290527344e+00
-2.442451477050781250e+00
-2.145478725433349609e+00
-1.865211248397827148e+00
-2.343754529953002930e+00
-1.866622090339660645e+00
-1.585658788681030273e+00
-1.416308283805847168e+00
-2.013018369674682617e+00
-1.471013307571411133e+00
-2.986948966979980469e+00
-1.226157903671264648e+00
-1.940022587776184082e+00
-9.608777761459350586e-01
-5.083292126655578613e-01
-5.551207065582275391e-01
-2.483622550964355469e+00
-3.496515750885009766e-01
-1.663909316062927246e+00
-1.966511487960815430e+00
-2.245488643646240234e+00
-2.315712451934814453e+00
-8.729380965232849121e-01
-2.152900934219360352e+00
-2.318319559097290039e+00
-2.480277538299560547e+00
-1.404465556144714355e+00
-2.081962585449218750e+00
-2.923809766769409180e+00
-3.138328313827514648e+00
-2.180200099945068359e+00
-1.331957340240478516e+00
-7.444051504135131836e-01
-2.354131460189819336e+00
-1.824945926666259766e+00
-2.563280820846557617e+00
-1.525097250938415527e+00
-1.281880259513854980e+00
-2.263265132904052734e+00
-3.149740934371948242e+00
-1.904286742210388184e+00
-1.213033199310302734e+00
-2.959451913833618164e+00
-2.121904134750366211e+00
-1.567243218421936035e+00
-7.427513003349304199e-01
-5.837943553924560547e-01
-2.043857812881469727e+00
-1.877866744995117188e+00
-1.752595901489257812e+00
-1.673520088195800781e+00
-2.055578708648681641e+00
-2.305615186691284180e+00
-2.247306585311889648e+00
-1.911852717399597168e+00
-2.185826539993286133e+00
-1.595864534378051758e+00
-1.778696298599243164e+00
-1.554732322692871094e+00
-7.014856934547424316e-01
-1.578490138053894043e+00
-1.968614578247070312e+00
-2.320487499237060547e+00
-2.701884746551513672e+00
-1.003108143806457520e+00
-2.686896324157714844e+00
-1.628832578659057617e+00
-2.018661499023437500e+00
-1.418283820152282715e+00
-2.530667066574096680e+00
-2.404660940170288086e+00
-1.676047205924987793e+00
-2.381675958633422852e+00
-3.326737403869628906e+00
-3.022474050521850586e+00
-8.035369515419006348e-01
-1.964628338813781738e+00
-1.307245969772338867e+00
-1.261033415794372559e+00
-2.459038734436035156e+00
-2.158694505691528320e+00
-1.790100455284118652e+00
-1.864719986915588379e+00
-2.317140340805053711e+00
-2.322874069213867188e+00
-1.263754248619079590e+00
-2.811228036880493164e+00
-3.329670906066894531e+00
-1.493689298629760742e+00
-2.551299571990966797e+00
-1.589910387992858887e+00
-1.959741592407226562e+00
-3.033160448074340820e+00
-2.281080722808837891e+00
-2.603687524795532227e+00
-2.333496570587158203e+00
-2.475146055221557617e+00
-2.489234685897827148e+00
-3.155581712722778320e+00
-2.130831480026245117e+00
-2.038730144500732422e+00
-1.666038036346435547e+00
-1.989091277122497559e+00
-1.121249437332153320e+00
-1.092171192169189453e+00
-1.566145181655883789e+00
-2.147017240524291992e+00
-1.547821283340454102e+00
-1.339060187339782715e+00
-2.833122253417968750e+00
-1.956526041030883789e+00
-2.010790586471557617e+00
-3.024968862533569336e+00
-8.424636721611022949e-01
-1.639799952507019043e+00
-3.600481033325195312e+00
-2.289261579513549805e+00
-1.885770201683044434e+00
-1.407721519470214844e+00
-1.870178818702697754e+00
-2.687338113784790039e+00
-1.140193104743957520e+00
-1.586441874504089355e+00
-2.338214635848999023e+00
-1.200280666351318359e+00
-2.158357620239257812e+00
-1.438654065132141113e+00
-1.291286587715148926e+00
-2.178493976593017578e+00
-2.395030498504638672e+00
-1.783410191535949707e+00
-1.693785786628723145e+00
-1.367698073387145996e+00
-1.219586610794067383e+00
-2.163033485412597656e+00
-1.529573917388916016e+00
-8.726542443037033081e-02
-3.241174459457397461e+00
-2.129917144775390625e+00
-2.519661903381347656e+00
-1.673195362091064453e+00
-9.274380803108215332e-01
-2.376530647277832031e+00
-1.015335202217102051e+00
-2.699461877346038818e-01
-1.890516042709350586e+00
-3.278422832489013672e+00
-8.267642259597778320e-01
-1.530042290687561035e+00
-1.456119537353515625e+00
-2.236383199691772461e+00
-2.561854600906372070e+00
-9.777675271034240723e-01
-2.831635951995849609e+00
-2.284620523452758789e+00
-2.934094429016113281e+00
-3.180445432662963867e+00
-2.021466493606567383e+00
-2.952074527740478516e+00
-2.608911752700805664e+00
-2.812600612640380859e+00
-3.118066549301147461e+00
-1.233488321304321289e+00
-2.507983446121215820e+00
-1.383613586425781250e+00
-2.563197612762451172e+00
-2.163877248764038086e+00
-2.591008424758911133e+00
-1.618842601776123047e+00
-2.838085889816284180e+00
-2.708755731582641602e+00
-2.749051570892333984e+00
-2.300315141677856445e+00
-1.946216106414794922e+00
-2.544680118560791016e+00
-1.712786793708801270e+00
-2.219121456146240234e+00
-1.483474850654602051e+00
-3.357758045196533203e+00
-3.593095779418945312e+00
-2.034257173538208008e+00
-2.089344739913940430e+00
-3.538497924804687500e+00
-2.195683240890502930e+00
-2.879019260406494141e+00
-2.235766172409057617e+00
-3.471797943115234375e+00
-3.367178440093994141e+00
-3.158100843429565430e+00
-1.503420352935791016e+00
-1.726123929023742676e+00
-3.531239986419677734e+00
-1.306948900222778320e+00
-2.636655330657958984e+00
-8.835487365722656250e-01
-2.426444530487060547e+00
-2.662036180496215820e+00
-3.350342512130737305e+00
-1.978855848312377930e+00
-1.833325028419494629e+00
-2.166847705841064453e+00
-2.932522535324096680e+00
-3.544907331466674805e+00
-1.723333120346069336e+00
-1.559509396553039551e+00
-2.984293699264526367e+00
-3.131304979324340820e+00
-2.155244350433349609e+00
-1.881609559059143066e+00
-2.902125120162963867e+00
-1.971447467803955078e+00
-1.698267579078674316e+00
-2.855665683746337891e+00
-2.799905776977539062e+00
-2.810951471328735352e+00
-2.332984685897827148e+00
-2.222252845764160156e+00
-3.029719591140747070e+00
-2.589518785476684570e+00
-2.468080997467041016e+00
-2.746003389358520508e+00
-1.683999419212341309e+00
-1.731224298477172852e+00
-2.920598268508911133e+00
-2.470421791076660156e+00
-3.294526100158691406e+00
-2.205049037933349609e+00
-1.043751478195190430e+00
-2.835777521133422852e+00
-2.214077234268188477e+00
-1.808787345886230469e+00
-3.041379213333129883e+00
-3.237933397293090820e+00
-3.359222888946533203e+00
-3.972124099731445312e+00
-2.161160230636596680e+00
-1.635265231132507324e+00
-1.748340725898742676e+00
-1.120714545249938965e+00
-2.136609792709350586e+00
-2.362449407577514648e+00
-1.238399267196655273e+00
-2.602130413055419922e+00
-1.284349679946899414e+00
-4.434919953346252441e-01
-2.512920379638671875e+00
-1.623031735420227051e+00
-2.135402202606201172e+00
-2.308183670043945312e+00
-1.529556751251220703e+00
-2.204491853713989258e+00
-7.055466175079345703e-01
-8.244180679321289062e-01
-1.076270103454589844e+00
-2.567820310592651367e+00
-1.679061949253082275e-01
-1.499093651771545410e+00
-1.240859866142272949e+00
-2.202230930328369141e+00
-1.181713581085205078e+00
-1.340038776397705078e+00
-2.654425859451293945e+00
-2.083296298980712891e+00
-3.930591642856597900e-01
-1.901806950569152832e+00
-2.217610597610473633e+00
-2.712905645370483398e+00
-1.277652025222778320e+00
-6.359086036682128906e-01
-2.933209657669067383e+00
-2.987564802169799805e+00
-2.834959268569946289e+00
-1.517842054367065430e+00
-1.528442740440368652e+00
-2.943550348281860352e+00
-1.499021410942077637e+00
-9.284909367561340332e-01
-1.581857800483703613e+00
-1.220056414604187012e+00
-2.736804485321044922e+00
-1.728420019149780273e+00
-1.563864588737487793e+00
-2.114887952804565430e+00
-2.205260276794433594e+00
-1.276207447052001953e+00
-2.113488197326660156e+00
-1.539239287376403809e+00
-3.258530139923095703e+00
-1.215888142585754395e+00
-3.685246229171752930e+00
-1.218631863594055176e+00
-2.595806360244750977e+00
-1.897238254547119141e+00
-1.707096457481384277e+00
-1.603330254554748535e+00
-3.013524293899536133e+00
-3.031236410140991211e+00
-1.139617800712585449e+00
-2.259847879409790039e+00
-2.826107978820800781e+00
-2.995567798614501953e+00
-1.448416471481323242e+00
-1.606972098350524902e+00
-2.745666265487670898e+00
-1.348162412643432617e+00
-2.716009140014648438e+00
-3.715487480163574219e+00
-1.029698729515075684e+00
-1.415705800056457520e+00
-1.666993498802185059e+00
-1.663526296615600586e+00
-2.777603387832641602e+00
-2.718415498733520508e+00
-6.795529723167419434e-01
-1.217782020568847656e+00
-3.252971887588500977e+00
-2.669780731201171875e+00
-3.619203805923461914e+00
-2.751092672348022461e+00
-2.154499053955078125e+00
-2.530616283416748047e+00
-1.584481120109558105e+00
-1.608670234680175781e+00
-2.597993612289428711e+00
-1.443513154983520508e+00
-1.231226444244384766e+00
-1.678034901618957520e+00
-2.536939382553100586e+00
-1.647565007209777832e+00
-1.583369731903076172e+00
-2.417830944061279297e+00
-2.643742084503173828e+00
-2.944172620773315430e+00
-2.389389276504516602e+00
-1.553120374679565430e+00
-2.041347980499267578e+00
-2.114313840866088867e+00
-2.469409227371215820e+00
-1.147755980491638184e+00
-3.028926134109497070e+00
-2.096350431442260742e+00
-7.303051352500915527e-01
-2.681786298751831055e+00
-2.344166040420532227e+00
-2.543929576873779297e+00
-2.862949132919311523e+00
-1.053994536399841309e+00
-2.822328805923461914e+00
-2.727963685989379883e+00
-2.792666435241699219e+00
-1.703837633132934570e+00
-8.379423618316650391e-01
-2.208579540252685547e+00
-2.370024681091308594e+00
-1.934118390083312988e+00
-1.719185471534729004e+00
-1.770490288734436035e+00
-2.394639968872070312e+00
-1.273295640945434570e+00
-3.037632465362548828e+00
-2.526010274887084961e+00
-2.177983045578002930e+00
-1.256154060363769531e+00
-2.184584856033325195e+00
-2.206834316253662109e+00
-1.871137619018554688e+00
-3.216744661331176758e+00
-3.108557462692260742e+00
-2.636579990386962891e+00
-2.649729967117309570e+00
-2.075417995452880859e+00
-3.739998102188110352e+00
-2.171895503997802734e+00
-3.406816720962524414e+00
-2.130418062210083008e+00
-2.370573043823242188e+00
-2.085630655288696289e+00
-3.225032806396484375e+00
-2.285134792327880859e+00
-2.230360984802246094e+00
-1.047874450683593750e+00
-2.218052387237548828e+00
-2.177331209182739258e+00
-2.385903835296630859e+00
-2.655510187149047852e+00
-2.014603376388549805e+00
-2.716146230697631836e+00
-1.544670104980468750e+00
-2.185875892639160156e+00
-2.040172576904296875e+00
-3.345827102661132812e+00
-1.542707681655883789e+00
-2.732580900192260742e+00
-2.548258066177368164e+00
-3.271937608718872070e+00
-2.549299240112304688e+00
-2.225885868072509766e+00
-2.203776359558105469e+00
-3.816925048828125000e+00
-3.036898136138916016e+00
-1.889863371849060059e+00
-2.901979207992553711e+00
-1.789516329765319824e+00
-1.386319398880004883e+00
-2.519689559936523438e+00
-1.683597683906555176e+00
-1.880009889602661133e+00
-1.324292898178100586e+00
-3.291719913482666016e+00
-2.398665666580200195e+00
-1.641525149345397949e+00
-2.035590648651123047e+00
-2.578140258789062500e+00
-2.398955583572387695e+00
-1.814867854118347168e+00
-1.605958580970764160e+00
-2.412494897842407227e+00
-2.082308769226074219e+00
-2.190596342086791992e+00
-2.773348808288574219e+00
-1.292518615722656250e+00
-1.923148393630981445e+00
-2.500208616256713867e+00
-2.820122957229614258e+00
-2.591779708862304688e+00
-1.592220544815063477e+00
-2.348261117935180664e+00
-1.917600274085998535e+00
-2.217396736145019531e+00
-9.818821549415588379e-01
-9.052724838256835938e-01
-1.985075473785400391e+00
-3.517326831817626953e+00
-2.155016422271728516e+00
-1.482134342193603516e+00
-2.025263309478759766e+00
-2.380402326583862305e+00
-3.054865121841430664e+00
-2.769839286804199219e+00
-1.661382555961608887e+00
-7.984303832054138184e-01
-2.705563306808471680e+00
-2.270287990570068359e+00
-2.636111021041870117e+00
-2.902896642684936523e+00
-2.471277236938476562e+00
-1.339045166969299316e+00
-2.305309772491455078e+00
-2.288631200790405273e+00
-2.839980840682983398e+00
-3.460216283798217773e+00
-1.871568560600280762e+00
-1.853922128677368164e+00
-1.768068671226501465e+00
-2.687210559844970703e+00
-2.981687784194946289e+00
-2.301598548889160156e+00
-3.202987432479858398e+00
-3.100863456726074219e+00
-1.527033329010009766e+00
-2.111345767974853516e+00
-2.622423171997070312e+00
-2.766786098480224609e+00
-3.342466115951538086e+00
-2.353490829467773438e+00
-3.119678020477294922e+00
-2.939382791519165039e+00
-2.362495183944702148e+00
-2.710954666137695312e+00
-2.770579576492309570e+00
-2.150545835494995117e+00
-2.982733011245727539e+00
-2.961340904235839844e+00
-4.161231994628906250e+00
-2.258494615554809570e+00
-2.751796007156372070e+00
-3.886601924896240234e+00
-3.854963064193725586e+00
-4.037710666656494141e+00
-2.433063268661499023e+00
-1.935744881629943848e+00
-1.953802347183227539e+00
-3.863340616226196289e+00
-4.272719860076904297e+00
-2.340895175933837891e+00
-1.953762173652648926e+00
-3.310253620147705078e+00
-4.005939006805419922e+00
-3.026846170425415039e+00
-3.083768606185913086e+00
-2.432861804962158203e+00
-9.557760357856750488e-01
-1.963106274604797363e+00
-2.423238307237625122e-01
-1.453415274620056152e+00
-2.680259704589843750e+00
-1.421076774597167969e+00
-2.130505561828613281e+00
-1.967014074325561523e+00
-2.240165233612060547e+00
-1.611894726753234863e+00
-1.670734763145446777e+00
-2.544778108596801758e+00
-8.912342190742492676e-01
-1.222586750984191895e+00
-1.313268899917602539e+00
-1.851234436035156250e+00
-2.504976034164428711e+00
-1.839280724525451660e+00
-8.070135712623596191e-01
-3.284102916717529297e+00
-1.556684374809265137e+00
-2.548441886901855469e+00
-2.241896629333496094e+00
-1.625642627477645874e-01
-3.086318016052246094e+00
-1.787604093551635742e+00
-8.370228409767150879e-01
-3.409626007080078125e+00
-9.014815092086791992e-01
-1.834807395935058594e+00
-1.943942546844482422e+00
-1.564657926559448242e+00
-2.293758153915405273e+00
-1.324442267417907715e+00
-2.194996833801269531e+00
-2.381183147430419922e+00
-1.985931992530822754e+00
-2.455459117889404297e+00
-1.398998260498046875e+00
-1.955029010772705078e+00
-1.830450773239135742e+00
-2.356048107147216797e+00
-2.209632158279418945e+00
-4.978724122047424316e-01
1.406942605972290039e-01
8.131524175405502319e-02
-1.645634412765502930e+00
-1.804855704307556152e+00
3.739751875400543213e-01
-3.398082256317138672e-01
-1.650004506111145020e+00
-2.541917085647583008e+00
-3.393985927104949951e-01
-9.720578193664550781e-01
-1.355709910392761230e+00
-1.746525287628173828e+00
-8.755083084106445312e-01
-1.239832878112792969e+00
-1.748031377792358398e+00
-9.268937110900878906e-01
-2.869057282805442810e-02
-7.835375070571899414e-01
-2.417320728302001953e+00
-1.113224983215332031e+00
-7.594733238220214844e-01
-1.629963874816894531e+00
-7.644610404968261719e-01
-4.670099914073944092e-01
-1.372902870178222656e+00
-2.134597539901733398e+00
-7.063856720924377441e-01
-1.430006742477416992e+00
-2.288867473602294922e+00
-1.466221094131469727e+00
-2.708820104598999023e+00
-1.696078181266784668e+00
-2.769696414470672607e-01
-1.501023292541503906e+00
-1.706063389778137207e+00
-1.813521146774291992e+00
-1.421543002128601074e+00
-1.860763669013977051e+00
-1.096032261848449707e+00
-9.206236600875854492e-01
-1.390767812728881836e+00
-2.106632232666015625e+00
-1.372591853141784668e+00
-4.287815988063812256e-01
-1.036665320396423340e+00
3.518417179584503174e-01
-7.038652300834655762e-01
-2.296147108078002930e+00
-1.006156802177429199e+00
-1.366257786750793457e+00
-1.008031129837036133e+00
-1.578703641891479492e+00
-2.327824831008911133e+00
-9.257176518440246582e-01
-2.420881748199462891e+00
-1.375024795532226562e+00
-2.118303537368774414e+00
-1.551707386970520020e+00
-3.196411132812500000e+00
-9.683721065521240234e-01
-1.527391791343688965e+00
-1.055540919303894043e+00
-9.417539834976196289e-01
-2.609380960464477539e+00
-1.358387112617492676e+00
-1.512407898902893066e+00
-1.023664116859436035e+00
-2.697284221649169922e+00
-2.426131725311279297e+00
-1.833544373512268066e+00
-1.506912946701049805e+00
-2.381433248519897461e+00
-2.459219694137573242e+00
-2.372869729995727539e+00
-1.587359547615051270e+00
-1.605276107788085938e+00
-2.093483209609985352e+00
-2.462888717651367188e+00
-1.086736559867858887e+00
-2.561403989791870117e+00
-1.885911822319030762e+00
-2.148414611816406250e+00
-2.822380542755126953e+00
-2.721199989318847656e+00
-3.028193235397338867e+00
-2.697298765182495117e+00
-2.319886207580566406e+00
-1.999723672866821289e+00
-1.188751935958862305e+00
-3.650868892669677734e+00
-2.372463226318359375e+00
-2.435794830322265625e+00
-2.196058034896850586e+00
-2.330818653106689453e+00
-2.362174987792968750e+00
-2.240101337432861328e+00
-1.631959795951843262e+00
-2.569360733032226562e+00
-4.589008986949920654e-01
-1.509670376777648926e+00
-6.865609288215637207e-01
-2.105353355407714844e+00
-1.818116426467895508e+00
-2.255995988845825195e+00
-3.413743257522583008e+00
-3.790713548660278320e+00
-3.005223274230957031e+00
-4.516120433807373047e+00
-3.008476257324218750e+00
-1.989085555076599121e+00
-1.967338562011718750e+00
-2.461260318756103516e+00
-1.100241422653198242e+00
-4.091248989105224609e+00
-2.584846019744873047e+00
-2.640829563140869141e+00
-2.278861522674560547e+00
-2.322283029556274414e+00
-2.611168384552001953e+00
-2.324493169784545898e+00
-2.318290233612060547e+00
-2.243747234344482422e+00
-2.912157058715820312e+00
-1.609172701835632324e+00
-3.244366407394409180e+00
-1.586873054504394531e+00
-3.231950521469116211e+00
-9.342792034149169922e-01
-2.121337890625000000e+00
-1.715607166290283203e+00
-2.523955583572387695e+00
-3.171662092208862305e+00
-2.583093404769897461e+00
-3.082645893096923828e+00
-1.809349656105041504e+00
-3.425347566604614258e+00
-2.557347536087036133e+00
-2.219268560409545898e+00
-2.486563682556152344e+00
-2.585862636566162109e+00
-2.429173946380615234e+00
-2.869047164916992188e+00
-5.329525470733642578e-01
-5.230580568313598633e-01
-2.313903331756591797e+00
-2.825424432754516602e+00
-1.683099865913391113e+00
-2.527763366699218750e+00
-2.278829097747802734e+00
-3.069098711013793945e+00
-2.537260293960571289e+00
-3.199486017227172852e+00
-2.209074735641479492e+00
-2.330513715744018555e+00
-2.998528480529785156e+00
-2.234660387039184570e+00
-2.508399963378906250e+00
-3.049912452697753906e+00
-1.390171408653259277e+00
-1.888656139373779297e+00
-2.951374530792236328e+00
-2.597809314727783203e+00
-1.325783491134643555e+00
-2.153825998306274414e+00
-3.609341382980346680e+00
-2.190452575683593750e+00
-7.268863916397094727e-01
-2.623925447463989258e+00
-2.432362556457519531e+00
-1.295160531997680664e+00
-3.837999105453491211e+00
-3.456067085266113281e+00
-3.620803356170654297e+00
-1.476595759391784668e+00
-2.795005321502685547e+00
-5.085552334785461426e-01
-1.700942039489746094e+00
-2.857949495315551758e+00
-1.437302827835083008e+00
-2.387701511383056641e+00
-9.805365800857543945e-01
-3.710372209548950195e+00
-3.883909940719604492e+00
-2.632469654083251953e+00
-1.743214726448059082e+00
-2.800456285476684570e+00
-2.875090837478637695e+00
-3.090398311614990234e+00
-1.854497194290161133e+00
-2.334245681762695312e+00
-2.601609706878662109e+00
-1.764719247817993164e+00
-2.588169813156127930e+00
-1.351741313934326172e+00
-2.682595014572143555e+00
-2.028267860412597656e+00
-2.111128568649291992e+00
-1.723704695701599121e+00
-2.585399389266967773e+00
-3.263379096984863281e+00
-3.196750402450561523e+00
-2.314271211624145508e+00
-2.664652347564697266e+00
-1.775169610977172852e+00
-1.937690138816833496e+00
-3.199790239334106445e+00
-1.625491619110107422e+00
-2.762857913970947266e+00
-3.427602052688598633e+00
-2.564786672592163086e+00
-2.091686487197875977e+00
-1.711808323860168457e+00
-3.091058254241943359e+00
-3.274495363235473633e+00
-2.243585348129272461e+00
-1.146981239318847656e+00
-4.670287370681762695e-01
-1.875064015388488770e+00
-3.358494281768798828e+00
-2.741860151290893555e+00
-2.739085674285888672e+00
-1.374767661094665527e+00
-2.971752643585205078e+00
-2.856825351715087891e+00
-2.146595954895019531e+00
-3.235311031341552734e+00
-2.567822933197021484e+00
-1.498263835906982422e+00
-2.674033641815185547e+00
-2.776531696319580078e+00
-2.398869991302490234e+00
-3.128866910934448242e+00
-2.968867301940917969e+00
-1.798297405242919922e+00
-2.615492582321166992e+00
-3.211013317108154297e+00
-3.089140176773071289e+00
-3.443988561630249023e+00
-3.983545303344726562e+00
-3.786979436874389648e+00
-1.640381217002868652e+00
-3.244678974151611328e+00
-2.360379934310913086e+00
-2.791658878326416016e+00
-1.476884722709655762e+00
-3.634691953659057617e+00
-2.754695892333984375e+00
-2.298654556274414062e+00
-1.892844557762145996e+00
-2.887771129608154297e+00
-1.743950724601745605e+00
-2.620419502258300781e+00
-1.418878555297851562e+00
-2.180150508880615234e+00
-2.521995306015014648e+00
-2.464832782745361328e+00
-3.319440126419067383e+00
-3.564309120178222656e+00
-1.166372776031494141e+00
-1.008641719818115234e+00
-1.789271950721740723e+00
-3.680319309234619141e+00
-1.502149581909179688e+00
-1.679104685783386230e+00
-3.456247091293334961e+00
-2.192083835601806641e+00
-2.872191429138183594e+00
-3.626452922821044922e+00
-2.597444057464599609e+00
-2.285354137420654297e+00
-2.873760938644409180e+00
-1.763534665107727051e+00
-3.160456180572509766e+00
-2.445035219192504883e+00
-2.048703193664550781e+00
-1.913768529891967773e+00
-2.465927600860595703e+00
-3.074980258941650391e+00
-3.401542425155639648e+00
-1.540902972221374512e+00
-2.370373487472534180e+00
-3.993424654006958008e+00
-2.016484260559082031e+00
-3.312241554260253906e+00
-3.330472707748413086e+00
-4.078907012939453125e+00
-1.843215942382812500e+00
-2.601394414901733398e+00
-2.761199951171875000e+00
-3.278952121734619141e+00
-2.612031459808349609e+00
-2.473599672317504883e+00
-2.875809192657470703e+00
-2.426551103591918945e+00
-3.779436111450195312e+00
-1.661751985549926758e+00
-2.695184230804443359e+00
-3.396460533142089844e+00
-2.243844747543334961e+00
-1.732943773269653320e+00
-2.251044750213623047e+00
-2.808535099029541016e+00
-2.440579891204833984e+00
-3.201906681060791016e+00
-1.570893049240112305e+00
-2.677760839462280273e+00
-1.931585788726806641e+00
-2.840777158737182617e+00
-1.317332863807678223e+00
-1.394294619560241699e+00
-2.232472658157348633e+00
-1.300838470458984375e+00
-4.010454654693603516e+00
-3.073426723480224609e+00
-1.623177289962768555e+00
-2.847808361053466797e+00
-2.412288427352905273e+00
-1.886246800422668457e+00
-1.229921221733093262e+00
-1.558455824851989746e+00
-1.034559488296508789e+00
-1.812500119209289551e+00
-2.199683427810668945e+00
-1.374638676643371582e+00
-2.864136219024658203e+00
-3.412571668624877930e+00
-2.879749059677124023e+00
-1.067511320114135742e+00
-2.292129755020141602e+00
-2.591292381286621094e+00
-1.680292010307312012e+00
-3.242543697357177734e+00
-3.277203559875488281e+00
-2.693316459655761719e+00
-3.089155197143554688e+00
-1.795807123184204102e+00
-1.634841799736022949e+00
-2.126243591308593750e+00
-2.515373229980468750e+00
-1.259551644325256348e+00
-2.352782487869262695e+00
-2.968599796295166016e+00
-2.287658214569091797e+00
-3.611564397811889648e+00
-3.239034891128540039e+00
-1.951560616493225098e+00
-2.528797864913940430e+00
-5.909175276756286621e-01
-2.410767316818237305e+00
-2.493612527847290039e+00
-2.910039901733398438e+00
-4.252436637878417969e+00
-2.185683250427246094e+00
-2.494349241256713867e+00
-3.969380378723144531e+00
-1.280722618103027344e+00
-2.541459560394287109e+00
-2.778556346893310547e+00
-2.299292802810668945e+00
-6.354585289955139160e-01
-3.051760196685791016e+00
-4.017591953277587891e+00
-1.867316007614135742e+00
-2.241014480590820312e+00
-2.319207429885864258e+00
-2.455314397811889648e+00
-2.412728548049926758e+00
-2.127227306365966797e+00
-2.343357086181640625e+00
-2.718279600143432617e+00
-2.446052789688110352e+00
-3.431984186172485352e+00
-2.865736246109008789e+00
-1.920349478721618652e+00
-2.657400131225585938e+00
-2.402903795242309570e+00
-3.081737756729125977e+00
-2.835320472717285156e+00
-2.366745948791503906e+00
-1.216971516609191895e+00
-1.974420070648193359e+00
-1.385575413703918457e+00
-2.561921596527099609e+00
-2.730950832366943359e+00
-2.931579351425170898e+00
-2.987384796142578125e+00
-2.558173418045043945e+00
-3.318143606185913086e+00
-1.973188161849975586e+00
-3.518699645996093750e+00
-2.267678976058959961e+00
-1.689093708992004395e+00
-2.277309656143188477e+00
-2.129028558731079102e+00
-2.737000942230224609e+00
-3.854623079299926758e+00
-2.533338069915771484e+00
-2.723064184188842773e+00
-2.669996261596679688e+00
-2.759176492691040039e+00
-1.775523781776428223e+00
-8.565979599952697754e-01
-1.805213093757629395e+00
-3.036002635955810547e+00
-2.883988857269287109e+00
-1.084332704544067383e+00
-3.301885128021240234e+00
-3.087786197662353516e+00
-2.858303546905517578e+00
-2.739918947219848633e+00
-2.628399372100830078e+00
-2.758913040161132812e+00
-4.265726089477539062e+00
-1.362853169441223145e+00
-2.130264997482299805e+00
-1.502082467079162598e+00
-2.735517024993896484e+00
-3.906085968017578125e+00
-3.268478155136108398e+00
-3.474598884582519531e+00
-2.136939764022827148e+00
-1.348418354988098145e+00
-2.681422472000122070e+00
-2.283382177352905273e+00
-2.218371868133544922e+00
-4.098527908325195312e+00
-3.125550270080566406e+00
-4.040556907653808594e+00
-1.942259788513183594e+00
-3.901734113693237305e+00
-4.071923255920410156e+00
-1.087467670440673828e+00
-2.423354864120483398e+00
-3.281489372253417969e+00
-3.363779306411743164e+00
-2.724016427993774414e+00
-3.368971586227416992e+00
-3.598551988601684570e+00
-2.778691291809082031e+00
-2.537972450256347656e+00
-3.104392528533935547e+00
-2.451819419860839844e+00
-2.276707410812377930e+00
-2.054028272628784180e+00
-1.953345417976379395e+00
-3.776630163192749023e+00
-2.227479934692382812e+00
-3.316163778305053711e+00
-3.607387304306030273e+00
-1.840847969055175781e+00
-2.949119091033935547e+00
-1.342543363571166992e+00
-2.120920181274414062e+00
-3.391447544097900391e+00
-2.664140224456787109e+00
-1.273315191268920898e+00
-2.284867286682128906e+00
-3.551232099533081055e+00
-2.110181093215942383e+00
-3.252116441726684570e+00
-1.451776623725891113e+00
-2.977324724197387695e+00
-2.453528165817260742e+00
-2.876654148101806641e+00
-1.207549571990966797e+00
-2.449747562408447266e+00
-1.211212038993835449e+00
-3.063945770263671875e+00
-3.231181621551513672e+00
-2.154714822769165039e+00
-2.184967041015625000e+00
-3.240818023681640625e+00
-3.259680032730102539e+00
-2.183527469635009766e+00
-3.022799015045166016e+00
-6.074485778808593750e-01
-3.199584007263183594e+00
-2.609156608581542969e+00
-3.192900896072387695e+00
-2.942278146743774414e+00
-3.039556741714477539e+00
-3.186892986297607422e+00
-1.705426692962646484e+00
-2.725705862045288086e+00
-1.277954459190368652e+00
-2.462026357650756836e+00
-3.288409709930419922e+00
-3.392937183380126953e+00
-2.523684740066528320e+00
-4.104026794433593750e+00
-3.232991456985473633e+00
-2.070810317993164062e+00
-2.465857267379760742e+00
-1.666675567626953125e+00
-2.505935192108154297e+00
-2.286530971527099609e+00
-3.010135889053344727e+00
-3.243720054626464844e+00
-3.636619329452514648e+00
-3.740702152252197266e+00
-2.553266048431396484e+00
-1.495423913002014160e+00
-3.160387277603149414e+00
-2.691268205642700195e+00
-3.150617599487304688e+00
-2.436020374298095703e+00
-2.402519941329956055e+00
-2.604603052139282227e+00
-2.482741832733154297e+00
-1.577062010765075684e+00
-2.539878129959106445e+00
-3.065924406051635742e+00
-2.654814720153808594e+00
-2.218548774719238281e+00
-2.855762004852294922e+00
-6.118872165679931641e-01
-2.860459089279174805e+00
-3.358487129211425781e+00
-1.573815584182739258e+00
-2.929211616516113281e+00
-2.425602197647094727e+00
-2.796319723129272461e+00
-1.732450842857360840e+00
-2.831356763839721680e+00
-2.189642190933227539e+00
-1.962311148643493652e+00
-1.907294273376464844e+00
-2.262796163558959961e+00
-1.800567746162414551e+00
-8.115673065185546875e-01
-2.804205179214477539e+00
-3.330481767654418945e+00
-3.486795663833618164e+00
-3.436927556991577148e+00
-3.123338937759399414e+00
-2.879720211029052734e+00
-3.221744775772094727e+00
-2.008491754531860352e+00
-1.928142547607421875e+00
-3.319814205169677734e+00
-2.152169466018676758e+00
-2.504693269729614258e+00
-2.001314401626586914e+00
-3.112145900726318359e+00
-2.695785284042358398e+00
-3.440144300460815430e+00
-1.524071931838989258e+00
-3.152242898941040039e+00
-2.688549280166625977e+00
-8.225269317626953125e-01
-3.043796300888061523e+00
-3.380760669708251953e+00
-3.619263648986816406e+00
-1.919043064117431641e+00
-2.129105329513549805e+00
-3.348727703094482422e+00
-2.446873664855957031e+00
-9.318008422851562500e-01
-1.250864505767822266e+00
-2.567652463912963867e+00
-3.355243921279907227e+00
-2.294989824295043945e+00
-2.728723287582397461e+00
-1.787805557250976562e+00
-1.423161506652832031e+00
-2.993027210235595703e+00
-3.832592248916625977e+00
-7.589522004127502441e-01
-2.094622373580932617e+00
-3.070598125457763672e+00
-2.586585521697998047e+00
-2.104070186614990234e+00
-1.448370218276977539e+00
-5.595593452453613281e-01
-3.041723012924194336e+00
-2.339534759521484375e+00
-2.411402940750122070e+00
-1.852699041366577148e+00
-2.118407249450683594e+00
-2.720983266830444336e+00
-1.809427142143249512e+00
-1.615680932998657227e+00
-2.835304737091064453e+00
-2.414859533309936523e+00
-2.573093175888061523e+00
-2.187720298767089844e+00
-2.503171920776367188e+00
-3.302838802337646484e+00
-2.679387569427490234e+00
-2.775216579437255859e+00
-2.702503681182861328e+00
-2.827312469482421875e+00
-3.932389914989471436e-01
-2.283790588378906250e+00
-3.545963048934936523e+00
-2.669586181640625000e+00
-2.935423374176025391e+00
-2.741901874542236328e+00
-4.374468326568603516e+00
-3.742712497711181641e+00
-4.197413921356201172e+00
-2.180150270462036133e+00
-2.075327157974243164e+00
-4.213966369628906250e+00
-4.152881145477294922e+00
-3.704086780548095703e+00
-2.579035282135009766e+00
-4.091815948486328125e+00
-3.079526424407958984e+00
-1.439224123954772949e+00
-2.914019346237182617e+00
-4.462263584136962891e+00
-3.291366338729858398e+00
-2.115173816680908203e+00
-1.138252735137939453e+00
-3.475986242294311523e+00
-3.125919103622436523e+00
-1.885518789291381836e+00
-2.276696205139160156e+00
-2.703492879867553711e+00
-2.927786111831665039e+00
-3.014485359191894531e+00
-1.105278134346008301e+00
-3.224320888519287109e+00
-1.187104225158691406e+00
-2.896749973297119141e+00
-1.927563190460205078e+00
-2.689290642738342285e-01
-2.091896057128906250e+00
-1.117580652236938477e+00
-2.111229181289672852e+00
-2.949578285217285156e+00
-1.035818696022033691e+00
-2.071980237960815430e+00
-1.813846349716186523e+00
-2.772955894470214844e+00
-5.164070725440979004e-01
-3.997605443000793457e-01
-2.606431484222412109e+00
-2.619290351867675781e+00
-1.633024692535400391e+00
-2.544794559478759766e+00
-2.961349301040172577e-02
-2.105674028396606445e+00
-8.749205470085144043e-01
-3.100952625274658203e+00
-2.418844223022460938e+00
-1.606031656265258789e+00
-2.086238145828247070e+00
-1.107422471046447754e+00
-1.948113560676574707e+00
-2.780198812484741211e+00
-1.573741793632507324e+00
-2.619410991668701172e+00
-1.777370572090148926e+00
-2.537982940673828125e+00
-6.695389002561569214e-02
-1.377512097358703613e+00
-1.023786187171936035e+00
-2.754406929016113281e+00
-2.242654800415039062e+00
-2.097830057144165039e+00
-2.477586030960083008e+00
-4.177472114562988281e+00
-1.960260868072509766e+00
-2.920030355453491211e+00
-2.832704782485961914e+00
-2.623598575592041016e+00
-2.588237047195434570e+00
-1.672878146171569824e+00
-3.255622625350952148e+00
-2.474110841751098633e+00
-6.366895437240600586e-01
-3.945224761962890625e+00
-1.940376281738281250e+00
-3.382905721664428711e+00
-1.195622324943542480e+00
-3.797046899795532227e+00
-2.090826034545898438e+00
-2.827577829360961914e+00
-2.210779428482055664e+00
-2.832262516021728516e+00
-1.620004773139953613e+00
-1.255565762519836426e+00
-2.064059257507324219e+00
-3.114545583724975586e+00
-2.617387056350708008e+00
-1.517720818519592285e+00
-8.512418866157531738e-01
-1.690766811370849609e+00
-2.083777427673339844e+00
-2.473694086074829102e+00
-1.570308327674865723e+00
-1.928447484970092773e+00
-7.926170229911804199e-01
-3.429522037506103516e+00
-1.458137869834899902e+00
-2.136839866638183594e+00
-1.619064092636108398e+00
-1.420505046844482422e+00
-9.510731697082519531e-01
-2.908868312835693359e+00
-2.441557645797729492e+00
-2.514821529388427734e+00
-4.882076084613800049e-01
-1.200525879859924316e+00
-1.406634688377380371e+00
-1.589973926544189453e+00
-2.079501867294311523e+00
-2.364108562469482422e+00
-1.696011662483215332e+00
-8.986587524414062500e-01
-1.157636165618896484e+00
-1.465592861175537109e+00
-2.246079921722412109e+00
-1.922506332397460938e+00
-1.255647301673889160e+00
-2.138403654098510742e+00
-2.916355371475219727e+00
-2.679007053375244141e+00
-1.607620835304260254e+00
-2.977518558502197266e+00
-1.261132001876831055e+00
-2.001864910125732422e+00
-4.956219792366027832e-01
-2.138417959213256836e+00
-3.410912036895751953e+00
-2.120956420898437500e+00
-6.487004756927490234e-01
-2.341243982315063477e+00
-2.886657714843750000e+00
-1.625681757926940918e+00
-1.331333637237548828e+00
-2.922613382339477539e+00
-2.604446887969970703e+00
-2.565068483352661133e+00
-1.377906680107116699e+00
-2.315514564514160156e+00
-2.164620876312255859e+00
-1.607481122016906738e+00
-2.124679565429687500e+00
-3.333020448684692383e+00
-2.335462093353271484e+00
-1.464404821395874023e+00
-1.461112141609191895e+00
-2.318257808685302734e+00
-1.499915003776550293e+00
-2.441452503204345703e+00
-2.025799036026000977e+00
-1.654941201210021973e+00
-1.745117902755737305e+00
-2.071939229965209961e+00
-1.739730238914489746e+00
-1.956621050834655762e+00
-3.501476287841796875e+00
-3.129917144775390625e+00
-2.939705371856689453e+00
-3.302132129669189453e+00
-1.863801956176757812e+00
-3.437437295913696289e+00
-1.696995854377746582e+00
-2.906284809112548828e+00
-3.467534065246582031e+00
-2.758127450942993164e+00
-3.334732294082641602e+00
-1.952334642410278320e+00
-2.763200044631958008e+00
-2.934740304946899414e+00
-1.408555030822753906e+00
-2.551307916641235352e+00
-1.827308893203735352e+00
-8.118924498558044434e-01
-3.153615951538085938e+00
-1.283391356468200684e+00
-2.292514085769653320e+00
-1.953569531440734863e+00
-1.678589940071105957e+00
-2.136659860610961914e+00
-1.592211723327636719e+00
-2.649390220642089844e+00
-2.082730293273925781e+00
-4.958426654338836670e-01
-3.170422792434692383e+00
-2.648500919342041016e+00
-2.190320253372192383e+00
-2.710811138153076172e+00
-1.518283605575561523e+00
-1.378906965255737305e+00
-1.559084415435791016e+00
-2.492478370666503906e+00
-2.611289024353027344e+00
-2.223929643630981445e+00
-1.199021339416503906e+00
-3.590825319290161133e+00
-3.625850439071655273e+00
-2.831265687942504883e+00
-1.289151072502136230e+00
-1.702411770820617676e+00
-1.747433423995971680e+00
-2.371611595153808594e+00
-1.601276874542236328e+00
-2.453476667404174805e+00
-1.240999698638916016e+00
-2.568964004516601562e+00
-2.544620275497436523e+00
-1.973446846008300781e+00
-3.309655666351318359e+00
-1.425828337669372559e+00
-1.717797160148620605e+00
-2.666329145431518555e+00
-2.676523447036743164e+00
-3.309467315673828125e+00
-2.583816289901733398e+00
-3.456205368041992188e+00
-2.883496522903442383e+00
-2.201300621032714844e+00
-1.219643712043762207e+00
-2.258653879165649414e+00
-3.648837804794311523e+00
-3.954099178314208984e+00
-2.119656085968017578e+00
-2.097344160079956055e+00
-2.650125503540039062e+00
-2.999346256256103516e+00
-2.044835567474365234e+00
-2.181127309799194336e+00
-1.636475086212158203e+00
-3.024275779724121094e+00
-2.269104957580566406e+00
-2.820952177047729492e+00
-2.492781400680541992e+00
-2.437469005584716797e+00
-2.066557645797729492e+00
-2.812238216400146484e+00
-2.364810943603515625e+00
-2.513486862182617188e+00
-2.542760610580444336e+00
-3.004651784896850586e+00
-2.439013242721557617e+00
-2.247628450393676758e+00
-1.781157612800598145e+00
-3.978648662567138672e+00
-3.181016921997070312e+00
-1.019093275070190430e+00
-2.090445756912231445e+00
-2.108347177505493164e+00
-3.482682466506958008e+00
-2.405490159988403320e+00
-1.466356635093688965e+00
-2.496066093444824219e+00
-1.782742619514465332e+00
-2.497440576553344727e+00
-2.343178033828735352e+00
-3.067956924438476562e+00
-2.704532146453857422e+00
-2.129195451736450195e+00
-1.244318246841430664e+00
-2.809682130813598633e+00
-2.925965070724487305e+00
-1.899465084075927734e+00
-2.536278486251831055e+00
-2.034998416900634766e+00
-1.668665170669555664e+00
-4.038659572601318359e+00
-2.657544136047363281e+00
-4.115024089813232422e+00
-2.241503000259399414e+00
-3.003616571426391602e+00
-2.609267234802246094e+00
-2.939584255218505859e+00
-3.140915632247924805e+00
-2.647847414016723633e+00
-2.196856737136840820e+00
-2.893999576568603516e+00
-3.357845783233642578e+00
-3.748796224594116211e+00
-1.123692274093627930e+00
-1.569843888282775879e+00
-2.889364242553710938e+00
-3.157597064971923828e+00
-1.103943467140197754e+00
-2.813745260238647461e+00
-2.554534912109375000e+00
-8.530434370040893555e-01
-2.102724313735961914e+00
-1.050470471382141113e+00
-7.663689851760864258e-01
-1.969203710556030273e+00
-1.345511794090270996e+00
-1.443334460258483887e+00
-2.333622694015502930e+00
-2.044812917709350586e+00
-1.100279569625854492e+00
-2.419961690902709961e+00
-2.085692405700683594e+00
-1.106817364692687988e+00
-1.039586305618286133e+00
-3.210204601287841797e+00
-5.968469977378845215e-01
-1.387628674507141113e+00
-1.586976528167724609e+00
-2.386087417602539062e+00
-2.030574798583984375e+00
-1.830656766891479492e+00
-1.567307353019714355e+00
-2.048876047134399414e+00
-2.397156238555908203e+00
-1.320211768150329590e+00
-7.491030544042587280e-02
-2.754911899566650391e+00
-1.728042364120483398e+00
-5.467311143875122070e-01
-1.975370883941650391e+00
-1.881192564964294434e+00
-1.953025460243225098e+00
-1.554746747016906738e+00
-3.112651824951171875e+00
-2.781182527542114258e+00
-1.031448960304260254e+00
-2.305728197097778320e+00
-2.565032243728637695e+00
-1.613661527633666992e+00
-2.030044317245483398e+00
-2.197852134704589844e+00
-2.340147018432617188e+00
-3.527709960937500000e+00
-2.702367305755615234e+00
-8.598438501358032227e-01
-1.985030412673950195e+00
-3.830524921417236328e+00
-2.061845779418945312e+00
-1.324328422546386719e+00
-1.075416207313537598e+00
-3.474889278411865234e+00
-1.107459187507629395e+00
-2.785127639770507812e+00
-2.573785305023193359e+00
-3.222788095474243164e+00
-1.951181054115295410e+00
-2.238045215606689453e+00
-1.326374650001525879e+00
-2.151264905929565430e+00
-2.470670461654663086e+00
-9.845277070999145508e-01
-2.226108789443969727e+00
-2.701158523559570312e+00
-3.196362495422363281e+00
-1.360153198242187500e+00
-1.746773838996887207e+00
-2.446595668792724609e+00
-2.090215682983398438e+00
-1.894114375114440918e+00
-9.618290066719055176e-01
-3.198258399963378906e+00
-2.013117551803588867e+00
-2.292729616165161133e+00
-2.540127992630004883e+00
-3.387717485427856445e+00
-2.823904752731323242e+00
-2.509777307510375977e+00
-1.837733030319213867e+00
-1.097795367240905762e+00
-1.579301714897155762e+00
-5.533143281936645508e-01
-8.591824173927307129e-01
-2.918755292892456055e+00
-1.350099682807922363e+00
-1.717064499855041504e+00
-2.728775739669799805e+00
-1.824258923530578613e+00
-1.964058279991149902e+00
-2.103985548019409180e+00
-1.698332786560058594e+00
-1.975926399230957031e+00
-1.769692540168762207e+00
-1.070637583732604980e+00
-1.234771758317947388e-01
-1.998115181922912598e+00
-2.664808511734008789e+00
-9.405284523963928223e-01
-1.649829506874084473e+00
-3.377150297164916992e+00
-1.893288850784301758e+00
-2.707696676254272461e+00
-2.050943136215209961e+00
-3.588268995285034180e+00
-1.836917996406555176e+00
-2.080687284469604492e+00
-1.536522269248962402e+00
-2.514976024627685547e+00
-2.980897188186645508e+00
-2.787694931030273438e+00
-2.225256115198135376e-01
-1.782237172126770020e+00
-3.588441848754882812e+00
-1.978771567344665527e+00
-2.649460792541503906e+00
-1.558289051055908203e+00
-2.762729644775390625e+00
-1.182488799095153809e+00
-1.178915381431579590e+00
-1.501057744026184082e+00
-3.199917554855346680e+00
-1.307588815689086914e+00
-1.668388366699218750e+00
-2.475467920303344727e+00
-2.435836553573608398e+00
-6.072441935539245605e-01
-6.330397129058837891e-01
-2.421726942062377930e+00
-8.935857415199279785e-01
-2.431885719299316406e+00
-2.237686157226562500e+00
-1.562895059585571289e+00
-1.227731227874755859e+00
-2.432863712310791016e-01
-1.102849483489990234e+00
-2.899722337722778320e+00
-1.928122997283935547e+00
-1.183067083358764648e+00
-1.713324666023254395e+00
-2.069679975509643555e+00
-2.682510137557983398e+00
-1.853206157684326172e+00
-1.748300075531005859e+00
-2.266375541687011719e+00
-2.885637998580932617e+00
-2.771390676498413086e+00
-1.914162397384643555e+00
-2.551670312881469727e+00
-2.602864265441894531e+00
-2.637059926986694336e+00
-2.504919528961181641e+00
-2.760391235351562500e+00
-2.475315570831298828e+00
-2.434120416641235352e+00
-2.080546379089355469e+00
-1.301429867744445801e+00
-2.616013288497924805e+00
-3.859685420989990234e+00
-2.943742275238037109e+00
-2.348325252532958984e+00
-1.733958601951599121e+00
-3.760145187377929688e+00
-3.422795534133911133e+00
-3.352830886840820312e+00
-3.329380035400390625e+00
-2.792613983154296875e+00
-2.698966741561889648e+00
-2.404729127883911133e+00
-6.754357218742370605e-01
-1.873395562171936035e+00
-2.776054382324218750e+00
-2.422909498214721680e+00
-2.086797952651977539e+00
-1.432870030403137207e+00
-1.305311918258666992e+00
-2.483629465103149414e+00
-3.702890157699584961e+00
-2.610166072845458984e+00
-2.613248109817504883e+00
-3.049375772476196289e+00
-2.937459230422973633e+00
-3.126933336257934570e+00
-2.089823961257934570e+00
-1.937700748443603516e+00
-2.028634309768676758e+00
-2.269194364547729492e+00
-2.054592609405517578e+00
-3.334931135177612305e+00
-3.127537250518798828e+00
-1.593270540237426758e+00
-1.802904725074768066e+00
-3.208948612213134766e+00
-2.743606567382812500e+00
-2.316348791122436523e+00
-3.286008596420288086e+00
-3.013349771499633789e+00
-2.405918598175048828e+00
-1.977034926414489746e+00
-9.539143443107604980e-01
-3.665614604949951172e+00
-2.716116189956665039e+00
-2.832053661346435547e+00
-2.516208171844482422e+00
-2.978184700012207031e+00
-2.940602064132690430e+00
-2.618746995925903320e+00
-2.318521499633789062e+00
-3.358510732650756836e+00
-1.047548532485961914e+00
-1.336902618408203125e+00
-3.290976047515869141e+00
-1.995944738388061523e+00
-2.273738145828247070e+00
-2.598123311996459961e+00
-2.868220806121826172e+00
-2.515340328216552734e+00
-1.970911502838134766e+00
-1.989989280700683594e+00
-2.052611351013183594e+00
-1.848653197288513184e+00
-2.483292102813720703e+00
-2.243798494338989258e+00
-2.475323200225830078e+00
-1.509046196937561035e+00
-2.356630802154541016e+00
-2.913938522338867188e+00
-2.169000625610351562e+00
-1.657288670539855957e+00
-2.336476325988769531e+00
-1.782820582389831543e+00
-2.221600294113159180e+00
-1.822834014892578125e+00
-2.299592494964599609e+00
-3.037806272506713867e+00
-3.102187633514404297e+00
-3.557647943496704102e+00
-2.022151947021484375e+00
-2.123788833618164062e+00
-1.631681561470031738e+00
-2.088975429534912109e+00
-2.523683547973632812e+00
-3.739715576171875000e+00
-2.978811502456665039e+00
-3.480633020401000977e+00
-2.944555282592773438e+00
-2.574431657791137695e+00
-2.763581037521362305e+00
-2.117870807647705078e+00
-1.706447958946228027e+00
-2.551723480224609375e+00
-2.800194740295410156e+00
-2.248594760894775391e+00
-1.770525813102722168e+00
-1.344587206840515137e+00
-1.754923939704895020e+00
-2.735784292221069336e+00
-1.361911892890930176e+00
-1.197203993797302246e+00
-1.212093591690063477e+00
-2.749709844589233398e+00
-3.053480386734008789e+00
-7.929231524467468262e-01
-1.534038662910461426e+00
-2.993921756744384766e+00
-1.939851522445678711e+00
-1.445562481880187988e+00
-1.022596359252929688e+00
-2.261996507644653320e+00
-2.245122432708740234e+00
-2.498671054840087891e+00
-3.198120594024658203e+00
-3.121679306030273438e+00
-1.562453985214233398e+00
-2.225258588790893555e+00
-2.646122932434082031e+00
-2.412942886352539062e+00
-2.901651382446289062e+00
-1.445327043533325195e+00
-2.211789846420288086e+00
-3.588181018829345703e+00
-2.901264429092407227e+00
-2.164304018020629883e+00
-2.879212856292724609e+00
-3.256591558456420898e+00
-2.353291988372802734e+00
-2.256844758987426758e+00
-2.010100364685058594e+00
-2.548214435577392578e+00
-2.894129276275634766e+00
-2.503199577331542969e+00
-2.475397348403930664e+00
-3.504708766937255859e+00
-2.920691967010498047e+00
-3.212315797805786133e+00
-1.516157150268554688e+00
-3.225203037261962891e+00
-2.764528989791870117e+00
-2.301108360290527344e+00
-2.125290155410766602e+00
-2.472410917282104492e+00
-3.755697488784790039e+00
-2.011920213699340820e+00
-3.325525283813476562e+00
-2.534384965896606445e+00
-3.913551330566406250e+00
-2.544630527496337891e+00
-4.166827678680419922e+00
-1.781426072120666504e+00
-3.628767967224121094e+00
-2.223320245742797852e+00
-3.306777238845825195e+00
-2.555549383163452148e+00
-2.412135362625122070e+00
-2.492476940155029297e+00
-3.659636974334716797e+00
-2.680035829544067383e+00
-3.443359375000000000e+00
-2.828888416290283203e+00
-2.782780885696411133e+00
-2.707922458648681641e+00
-1.520708799362182617e+00
-3.287560939788818359e+00
-3.266943216323852539e+00
-3.039204359054565430e+00
-1.745068788528442383e+00
-3.168108940124511719e+00
-2.415944337844848633e+00
-2.927248954772949219e+00
-9.425865411758422852e-01
-3.301818609237670898e+00
-2.491804599761962891e+00
-1.505139231681823730e+00
-2.306084156036376953e+00
-1.707984685897827148e+00
-3.437189579010009766e+00
-2.303775310516357422e+00
-3.316261768341064453e+00
-2.380831480026245117e+00
-2.494618415832519531e+00
-1.090994834899902344e+00
-2.631202459335327148e+00
-3.362260818481445312e+00
-2.144575119018554688e+00
-1.241202712059020996e+00
-3.331674337387084961e+00
-2.052081108093261719e+00
-3.254573583602905273e+00
-2.667137622833251953e+00
-1.935568690299987793e+00
-3.567681789398193359e+00
-3.494872331619262695e+00
-2.115847110748291016e+00
-1.509079098701477051e+00
-3.305923223495483398e+00
-2.649531602859497070e+00
-2.636980295181274414e+00
-1.153541564941406250e+00
-1.976311206817626953e+00
-2.133268356323242188e+00
-2.666187763214111328e+00
-1.942560553550720215e+00
-3.364926815032958984e+00
-1.966989278793334961e+00
-3.327457189559936523e+00
-2.396838665008544922e+00
-2.607236623764038086e+00
-2.750891447067260742e+00
-3.364840984344482422e+00
-2.321550607681274414e+00
-2.954747200012207031e+00
-2.710323572158813477e+00
-3.446542024612426758e+00
-2.942755460739135742e+00
-2.357295274734497070e+00
-3.343875169754028320e+00
-1.264853596687316895e+00
-2.058122396469116211e+00
-1.869243383407592773e+00
-1.837438225746154785e+00
-2.042773008346557617e+00
-3.139038562774658203e+00
-2.255215644836425781e+00
-3.448666810989379883e+00
-2.846426486968994141e+00
-1.556155204772949219e+00
-2.417339801788330078e+00
-2.805899858474731445e+00
-1.271309375762939453e+00
-3.110530138015747070e+00
-2.561158895492553711e+00
-2.787719011306762695e+00
-2.937019348144531250e+00
-1.878519296646118164e+00
-2.452705144882202148e+00
-2.763415575027465820e+00
-2.318543434143066406e+00
-3.249811410903930664e+00
-2.149620056152343750e+00
-3.013243198394775391e+00
-2.507270097732543945e+00
-2.049086809158325195e+00
-3.271231889724731445e+00
-3.056521177291870117e+00
-2.086301803588867188e+00
-3.027890682220458984e+00
-3.531790018081665039e+00
-3.553134918212890625e+00
-3.095650196075439453e+00
-3.204252004623413086e+00
-2.181601047515869141e+00
-2.476316213607788086e+00
-3.315912008285522461e+00
-2.027199745178222656e+00
-2.951010465621948242e+00
-3.525300741195678711e+00
-2.585096120834350586e+00
-3.992432594299316406e+00
-3.011136770248413086e+00
-3.103163242340087891e+00
-1.158645987510681152e+00
-2.648577213287353516e+00
-2.878114938735961914e+00
-2.862279176712036133e+00
-1.225751757621765137e+00
-3.040784120559692383e+00
-2.622797012329101562e+00
-3.335918188095092773e+00
-3.271969079971313477e+00
-2.454588174819946289e+00
-2.595743179321289062e+00
-2.441576480865478516e+00
-2.210847139358520508e+00
-2.835510969161987305e+00
-3.879295349121093750e+00
-2.722875833511352539e+00
-2.304942846298217773e+00
-2.613421678543090820e+00
-2.800509929656982422e+00
-1.605513095855712891e+00
-3.265143871307373047e+00
-2.401077270507812500e+00
-1.981806874275207520e+00
-1.978175044059753418e+00
-2.229219913482666016e+00
-3.150377035140991211e+00
-1.504873633384704590e+00
-2.897751808166503906e+00
-2.093099117279052734e+00
-2.932210922241210938e+00
-2.874353647232055664e+00
-2.055051088333129883e+00
-6.088989973068237305e-01
-1.621515274047851562e+00
-1.633189558982849121e+00
-2.299271583557128906e+00
-1.849471092224121094e+00
-1.952751517295837402e+00
-2.668277263641357422e+00
-8.503547906875610352e-01
-1.668704509735107422e+00
-1.529386997222900391e+00
-1.804222464561462402e+00
-1.649690270423889160e+00
-1.943841099739074707e+00
-3.109127759933471680e+00
-1.088331222534179688e+00
-2.184753179550170898e+00
-2.177601099014282227e+00
-2.350410223007202148e+00
-3.107692956924438477e+00
-2.496659994125366211e+00
-1.621241211891174316e+00
-2.885606050491333008e+00
-2.314302921295166016e+00
-2.399459362030029297e+00
-1.291755080223083496e+00
-2.560524940490722656e+00
-1.257657289505004883e+00
-2.076258659362792969e+00
-2.540938377380371094e+00
-3.489376306533813477e+00
-1.938514947891235352e+00
-2.443136215209960938e+00
-3.017751872539520264e-01
-1.504071593284606934e+00
-1.479467391967773438e+00
-3.369448661804199219e+00
-2.818606376647949219e+00
-3.383150577545166016e+00
-2.278586626052856445e+00
-3.278009891510009766e+00
-2.638787508010864258e+00
-2.156527280807495117e+00
-1.489222645759582520e+00
-1.557983040809631348e+00
-1.800386667251586914e+00
-1.685806274414062500e+00
-3.350270032882690430e+00
-2.854495286941528320e+00
-2.108653545379638672e+00
-2.907548904418945312e+00
-2.234502792358398438e+00
-1.982975482940673828e+00
-2.294578075408935547e+00
-3.570783138275146484e+00
-3.190760612487792969e+00
-3.419985532760620117e+00
-2.366845846176147461e+00
-1.890997052192687988e+00
-3.126447200775146484e+00
-3.350574493408203125e+00
-1.046828389167785645e+00
-2.001076698303222656e+00
-2.220854997634887695e+00
-2.990114450454711914e+00
-2.069141149520874023e+00
-9.601994156837463379e-01
-2.584528207778930664e+00
-1.916139125823974609e+00
-2.283459186553955078e+00
-1.694976329803466797e+00
-2.926305770874023438e+00
-3.353197574615478516e+00
-1.806325912475585938e+00
-1.767113089561462402e+00
-2.394926071166992188e+00
-3.426921606063842773e+00
-2.235537290573120117e+00
-2.742948532104492188e+00
-1.280136942863464355e+00
-2.711461067199707031e+00
-3.191957712173461914e+00
-1.775822401046752930e+00
-3.271056890487670898e+00
-3.080781459808349609e+00
-2.637748479843139648e+00
-2.428944349288940430e+00
-2.936955451965332031e+00
-2.511466979980468750e+00
-1.545787453651428223e+00
-1.731465816497802734e+00
-3.207248449325561523e+00
-1.142733097076416016e+00
-3.526693582534790039e+00
-2.267758131027221680e+00
-2.895146846771240234e+00
-2.378841638565063477e+00
-7.643738389015197754e-01
-1.900939941406250000e+00
-3.030888795852661133e+00
-1.365571379661560059e+00
-2.775718927383422852e+00
-1.843228101730346680e+00
-1.174517989158630371e+00
-1.876749873161315918e+00
-2.340151786804199219e+00
-1.997875094413757324e+00
-2.312346220016479492e+00
-2.670817613601684570e+00
-2.043599128723144531e+00
-1.976536035537719727e+00
-2.442476272583007812e+00
-1.767562985420227051e+00
-7.037683725357055664e-01
-2.596142292022705078e+00
-2.266504049301147461e+00
-2.903784275054931641e+00
-3.798375129699707031e+00
-2.724863529205322266e+00
-2.922490358352661133e+00
-2.563298940658569336e+00
-2.198699235916137695e+00
-2.619488477706909180e+00
-3.376332521438598633e+00
-2.087605237960815430e+00
-3.426223754882812500e+00
-1.131994128227233887e+00
-2.401163816452026367e+00
-2.376032114028930664e+00
-1.841267347335815430e+00
-2.859190702438354492e+00
-2.900933504104614258e+00
-1.938656687736511230e+00
-2.896044969558715820e+00
-2.053999185562133789e+00
-3.967560529708862305e+00
-2.381979227066040039e+00
-3.785077095031738281e+00
-2.713024377822875977e+00
-3.052038431167602539e+00
-2.560580492019653320e+00
-4.013711929321289062e+00
-3.417693138122558594e+00
-3.985481023788452148e+00
-1.668475031852722168e+00
-1.745891451835632324e+00
-3.462960958480834961e+00
-2.056469678878784180e+00
-3.220568180084228516e+00
-2.253721237182617188e+00
-1.475065350532531738e+00
-1.679492712020874023e+00
-3.223980426788330078e+00
-3.173393249511718750e+00
-3.611796140670776367e+00
-1.461410403251647949e+00
-3.159259080886840820e+00
-3.399018764495849609e+00
-2.609538078308105469e+00
-2.197111606597900391e+00
-2.941885232925415039e+00
-2.253262281417846680e+00
-1.619577288627624512e+00
-1.786919593811035156e+00
-1.440956711769104004e+00
-2.374971389770507812e+00
-2.589167833328247070e+00
-1.068181276321411133e+00
-2.467395067214965820e+00
-2.383079290390014648e+00
-1.772834420204162598e+00
-1.647271513938903809e+00
-1.584388017654418945e+00
-1.947038292884826660e+00
-2.864982843399047852e+00
-2.584302902221679688e+00
-2.772069215774536133e+00
-1.975916504859924316e+00
-1.481875061988830566e+00
-2.974650144577026367e+00
-3.260939121246337891e+00
-2.789860963821411133e+00
-2.358331918716430664e+00
-1.207192182540893555e+00
-1.351788282394409180e+00
-3.804044485092163086e+00
-1.874250173568725586e+00
-2.196954727172851562e+00
-2.735598564147949219e+00
-1.890368461608886719e+00
-3.264397859573364258e+00
-2.240927457809448242e+00
-2.170467615127563477e+00
-3.375676870346069336e+00
-9.899320006370544434e-01
-2.523507118225097656e+00
-2.890279054641723633e+00
-2.471092939376831055e+00
-9.185914993286132812e-01
-1.404069781303405762e+00
-1.478335261344909668e+00
-2.631843090057373047e+00
-3.118790626525878906e+00
-2.534812688827514648e+00
-3.219307661056518555e+00
-2.216924190521240234e+00
-3.569240093231201172e+00
-2.920230627059936523e+00
-2.118443250656127930e+00
-1.253222942352294922e+00
-3.620662927627563477e+00
-3.421520948410034180e+00
-3.722227573394775391e+00
-3.215853214263916016e+00
-2.440974235534667969e+00
-2.958346366882324219e+00
-2.910999536514282227e+00
-2.546748161315917969e+00
-2.312578201293945312e+00
-3.680207967758178711e+00
-3.300251722335815430e+00
-3.162209987640380859e+00
-3.206071138381958008e+00
-2.065443277359008789e+00
-3.126214504241943359e+00
-2.190941810607910156e+00
-2.651166915893554688e+00
-1.875751018524169922e+00
-3.259511947631835938e+00
-1.489587068557739258e+00
-2.486200571060180664e+00
-1.912466287612915039e+00
-3.474295616149902344e+00
-2.495218992233276367e+00
-1.154389619827270508e+00
-2.228574514389038086e+00
-1.967960000038146973e+00
-3.217720746994018555e+00
-2.810622215270996094e+00
-2.275882005691528320e+00
-1.942461133003234863e+00
-2.113528490066528320e+00
-2.919360399246215820e+00
-2.145832777023315430e+00
-3.123219966888427734e+00
-2.674722433090209961e+00
-1.702379465103149414e+00
-4.283877611160278320e-01
-1.345736026763916016e+00
-2.776926994323730469e+00
-3.235187292098999023e+00
-2.568751335144042969e+00
-3.093046665191650391e+00
-1.032438874244689941e+00
-2.998259544372558594e+00
-9.473348855972290039e-01
-3.358929395675659180e+00
-2.152274370193481445e+00
-1.846105694770812988e+00
-8.371670246124267578e-01
-3.103644847869873047e+00
-3.080425977706909180e+00
-2.012836456298828125e+00
-2.658547401428222656e+00
-2.156269550323486328e+00
-3.045904397964477539e+00
-2.553547143936157227e+00
-2.053940534591674805e+00
-3.429579496383666992e+00
-2.915370225906372070e+00
-2.547577857971191406e+00
-3.471598386764526367e+00
-2.529286384582519531e+00
-1.797389745712280273e+00
-2.991811752319335938e+00
-2.562426805496215820e+00
-3.243134021759033203e+00
-2.542967557907104492e+00
-1.863252282142639160e+00
-1.947652339935302734e+00
-2.413305521011352539e+00
-2.394539356231689453e+00
-2.026031732559204102e+00
-1.832834243774414062e+00
-1.376230716705322266e+00
-3.149010181427001953e+00
-2.071638822555541992e+00
-1.681018471717834473e+00
-7.238717079162597656e-01
-2.613508939743041992e+00
-2.018826961517333984e+00
-2.319378376007080078e+00
-2.310296058654785156e+00
-1.926058173179626465e+00
-2.047656774520874023e+00
-3.236289262771606445e+00
-9.906755089759826660e-01
-2.697155714035034180e+00
-7.714111804962158203e-01
-2.799419164657592773e+00
-2.701526403427124023e+00
-2.643657922744750977e+00
-1.301752328872680664e+00
-1.774648070335388184e+00
-2.283246040344238281e+00
-2.271035432815551758e+00
-3.478370666503906250e+00
-2.299436807632446289e+00
-1.557876586914062500e+00
-2.223619699478149414e+00
-2.924068450927734375e+00
-2.793667793273925781e+00
-3.503327369689941406e+00
-3.835490942001342773e+00
-1.169891357421875000e+00
-2.830482482910156250e+00
-2.655422210693359375e+00
-1.925208330154418945e+00
-3.517642259597778320e+00
-2.729782342910766602e+00
-3.214564800262451172e+00
-2.357683420181274414e+00
-2.582580327987670898e+00
-2.618723630905151367e+00
-3.064450502395629883e+00
-2.649730920791625977e+00
-3.123118877410888672e+00
-2.688793182373046875e+00
-2.127634525299072266e+00
-3.624910593032836914e+00
-3.048945903778076172e+00
-2.334260225296020508e+00
-3.092071771621704102e+00
-3.249803543090820312e+00
-3.550115823745727539e+00
-3.233292579650878906e+00
-3.312723636627197266e+00
-3.156077146530151367e+00
-3.337163209915161133e+00
-1.206182003021240234e+00
-1.898643136024475098e+00
-3.261630058288574219e+00
-3.557371139526367188e+00
-1.453585982322692871e+00
-1.267175316810607910e+00
-2.384626865386962891e+00
-3.034690141677856445e+00
-2.738181829452514648e+00
-1.707949519157409668e+00
-3.394843816757202148e+00
-3.096836566925048828e+00
-1.859029769897460938e+00
-2.849318981170654297e+00
-3.062019824981689453e+00
-1.644814848899841309e+00
-3.162741184234619141e+00
-4.484826028347015381e-01
-1.777633905410766602e+00
-2.649467468261718750e+00
-2.251662492752075195e+00
-1.892292141914367676e+00
-2.232358932495117188e+00
-2.243521451950073242e+00
-2.268773794174194336e+00
-2.659518241882324219e+00
-3.096678733825683594e+00
-1.935241699218750000e+00
-1.163477182388305664e+00
-1.726961016654968262e+00
-3.393462419509887695e+00
-2.386990070343017578e+00
-2.001919507980346680e+00
-3.267347335815429688e+00
-1.987695455551147461e+00
-2.726627349853515625e+00
-2.129360914230346680e+00
-3.800178766250610352e+00
-3.143466472625732422e+00
-3.537394046783447266e+00
-1.599370241165161133e+00
-3.859152555465698242e+00
-3.271529436111450195e+00
-3.021537542343139648e+00
-3.223636150360107422e+00
-3.063412189483642578e+00
-2.557775497436523438e+00
-2.523481130599975586e+00
-3.352746963500976562e+00
-2.777455806732177734e+00
-2.590314388275146484e+00
-3.226196050643920898e+00
-2.377195596694946289e+00
-3.828722238540649414e+00
-4.030937671661376953e+00
-2.926418781280517578e+00
-1.432399511337280273e+00
-2.974495410919189453e+00
-3.290852308273315430e+00
-3.096324920654296875e+00
-3.934389829635620117e+00
-3.443329334259033203e+00
-2.116286993026733398e+00
-2.830885171890258789e+00
-2.085288524627685547e+00
-1.551098823547363281e+00
-2.375025510787963867e+00
-2.161148786544799805e+00
-2.607100486755371094e+00
-3.872549295425415039e+00
-3.069048404693603516e+00
-3.541642189025878906e+00
-1.880474567413330078e+00
-2.613130092620849609e+00
-2.862697601318359375e+00
-2.122212886810302734e+00
-1.656202793121337891e+00
-3.280661106109619141e+00
-2.671419382095336914e+00
-2.904600620269775391e+00
-1.767532587051391602e+00
-3.567503452301025391e+00
-1.954302310943603516e+00
-3.543734550476074219e+00
-2.328970670700073242e+00
-2.476237058639526367e+00
-2.733108758926391602e+00
-1.978911399841308594e+00
-2.708553552627563477e+00
-2.992588281631469727e+00
-2.398382902145385742e+00
-3.618016481399536133e+00
-2.773098468780517578e+00
-2.251157760620117188e+00
-1.674554228782653809e+00
-1.836087822914123535e+00
-1.369663238525390625e+00
-3.547803163528442383e+00
-2.639934539794921875e+00
-1.458534955978393555e+00
-2.678291559219360352e+00
-2.570226669311523438e+00
-2.788145542144775391e+00
-2.860435247421264648e+00
-2.127513885498046875e-01
-1.229602098464965820e+00
-2.017392158508300781e+00
-2.226398706436157227e+00
-3.181339979171752930e+00
-4.983061850070953369e-01
-3.377809524536132812e+00
-3.537400960922241211e+00
-2.932552814483642578e+00
-2.993721485137939453e+00
-2.520940303802490234e+00
-3.106769561767578125e+00
-2.870706558227539062e+00
-2.650712966918945312e+00
-1.446649432182312012e+00
-3.014075517654418945e+00
-2.901762723922729492e+00
-3.440876960754394531e+00
-1.152371048927307129e+00
-2.961323738098144531e+00
-2.393943071365356445e+00
-2.490994453430175781e+00
-3.396515607833862305e+00
-2.223490715026855469e+00
-1.407576560974121094e+00
-3.509642601013183594e+00
-2.122070550918579102e+00
-2.469853401184082031e+00
-8.745566010475158691e-01
-1.517984509468078613e+00
-3.783162355422973633e+00
-3.015890121459960938e+00
-3.301459312438964844e+00
-1.307063937187194824e+00
-1.160793423652648926e+00
-2.634298086166381836e+00
-2.361782312393188477e+00
-2.520844936370849609e+00
-1.023825049400329590e+00
-2.187871932983398438e+00
-2.258310556411743164e+00
-1.938756346702575684e+00
-2.194375991821289062e+00
-3.045037984848022461e+00
-2.082644939422607422e+00
-1.377483725547790527e+00
-2.803663969039916992e+00
-3.488612174987792969e+00
-3.283949613571166992e+00
-1.925597906112670898e+00
-2.608217477798461914e+00
-3.089572668075561523e+00
-1.148037075996398926e+00
-2.852384567260742188e+00
-2.514133691787719727e+00
-4.877041578292846680e-01
-2.715637207031250000e+00
-2.763535737991333008e+00
-2.620274305343627930e+00
-3.010321378707885742e+00
-3.265287637710571289e+00
-3.586642503738403320e+00
-2.922855615615844727e+00
-3.120963811874389648e+00
-2.173537015914916992e+00
-1.748222470283508301e+00
-1.536351919174194336e+00
-3.145486593246459961e+00
-2.610449552536010742e+00
-3.912114858627319336e+00
-3.007120609283447266e+00
-2.462274074554443359e+00
-1.716046810150146484e+00
-2.988159656524658203e+00
-3.392169237136840820e+00
-3.201263666152954102e+00
-1.719900369644165039e+00
-2.497718572616577148e+00
-3.495127916336059570e+00
-2.075460195541381836e+00
-1.854809999465942383e+00
-3.052045106887817383e-01
-2.195617198944091797e+00
-3.439655303955078125e+00
-2.132577896118164062e+00
-2.081609249114990234e+00
-2.309956550598144531e+00
-2.570955276489257812e+00
-2.718024730682373047e+00
-1.786589622497558594e+00
-1.736636281013488770e+00
-2.838703870773315430e+00
-2.268388509750366211e+00
-7.049573659896850586e-01
-2.805656909942626953e+00
-2.387387275695800781e+00
-2.282938241958618164e+00
-2.122323989868164062e+00
-2.255660057067871094e+00
-2.039585113525390625e+00
-3.057391881942749023e+00
-2.285780191421508789e+00
-2.883112668991088867e+00
-2.839175939559936523e+00
-3.318310499191284180e+00
-3.542361259460449219e+00
-3.945425748825073242e+00
-2.004926443099975586e+00
-4.176712036132812500e+00
-1.087706089019775391e+00
-3.364722967147827148e+00
-3.442474365234375000e+00
-1.795703649520874023e+00
-3.012959003448486328e+00
-3.053198814392089844e+00
-3.927436351776123047e+00
-4.231654644012451172e+00
-2.345992803573608398e+00
-1.925700187683105469e+00
-2.648211002349853516e+00
-2.813870191574096680e+00
-2.951216220855712891e+00
-1.506970763206481934e+00
-2.282931566238403320e+00
-2.539867162704467773e+00
-2.645707368850708008e+00
-1.847847223281860352e+00
-3.943321466445922852e+00
-1.864231109619140625e+00
-2.755464792251586914e+00
-3.795656919479370117e+00
-2.817800760269165039e+00
-1.987545609474182129e+00
-2.397706747055053711e+00
-2.375748872756958008e+00
-2.222599983215332031e+00
-4.137615203857421875e+00
-3.527641296386718750e+00
-2.759980678558349609e+00
-3.709088087081909180e+00
-1.458029150962829590e+00
-1.834081768989562988e+00
-2.685353994369506836e+00
-1.012486338615417480e+00
-2.522624492645263672e+00
-3.073359966278076172e+00
-2.017066001892089844e+00
-2.862676143646240234e+00
-2.661317110061645508e+00
-1.488116145133972168e+00
-2.967893838882446289e+00
-6.634283065795898438e-01
-1.739913105964660645e+00
-1.173112392425537109e+00
-2.220941781997680664e+00
-1.674755811691284180e+00
-1.532109379768371582e+00
-2.829152345657348633e+00
-1.534000158309936523e+00
-1.259433627128601074e+00
-3.048920392990112305e+00
-1.689709901809692383e+00
-2.371228218078613281e+00
-1.995574474334716797e+00
-2.513687849044799805e+00
-1.760639190673828125e+00
-3.690750122070312500e+00
-2.519800424575805664e+00
-1.389576435089111328e+00
-1.038861989974975586e+00
-2.005685091018676758e+00
-2.818571329116821289e+00
-2.827217578887939453e+00
-1.587142467498779297e+00
-3.358497381210327148e+00
-2.801220893859863281e+00
-2.743025064468383789e+00
-3.399129867553710938e+00
-1.644325017929077148e+00
-3.590492725372314453e+00
-1.981526255607604980e+00
-1.219599962234497070e+00
-2.138118505477905273e+00
-3.419242620468139648e+00
-4.573096632957458496e-01
-2.132777690887451172e+00
-3.619475364685058594e+00
-2.429149150848388672e+00
-2.501152753829956055e+00
-1.956666350364685059e+00
-1.937133789062500000e+00
-1.297608613967895508e+00
-2.507249832153320312e+00
-2.281148672103881836e+00
-2.416241168975830078e+00
-2.983721017837524414e+00
-2.063870191574096680e+00
-2.723746538162231445e+00
-1.429816484451293945e+00
-2.187016963958740234e+00
