{"loss": 0.0018064869800582528, "_timestamp": 1721225117.5837154, "_runtime": 2063.6860163211823, "_step": 4525, "_wandb": {"runtime": 2063}}