{"loss": 1074.4136962890625, "_timestamp": 1721209593.393889, "_runtime": 62.285351037979126, "_step": 935, "_wandb": {"runtime": 61}}