-1.185416936874389648e+00
-1.116147279739379883e+00
-1.848264694213867188e+00
-3.271824836730957031e+00
-1.447407841682434082e+00
-2.032747507095336914e+00
-1.839075922966003418e+00
-2.593308925628662109e+00
-2.739281892776489258e+00
-2.718126773834228516e+00
-2.572201728820800781e+00
-2.689865350723266602e+00
-2.737309932708740234e+00
-3.015547037124633789e+00
-2.327883005142211914e+00
-2.928365468978881836e+00
-2.854136228561401367e+00
-2.886501789093017578e+00
-1.827669382095336914e+00
-3.156553506851196289e+00
-2.612125873565673828e+00
-3.348287820816040039e+00
-3.037388563156127930e+00
-3.332699775695800781e+00
-2.661602497100830078e+00
-2.819805145263671875e+00
-2.990180492401123047e+00
-3.034014225006103516e+00
-1.837908983230590820e+00
-2.453654766082763672e+00
-1.824836134910583496e+00
-2.725104331970214844e+00
-2.359530210494995117e+00
-3.482431173324584961e+00
-1.656397938728332520e+00
-2.675423860549926758e+00
-3.626152038574218750e+00
-2.415837287902832031e+00
-1.678081154823303223e+00
-3.647138595581054688e+00
-2.227118730545043945e+00
-3.088805675506591797e+00
-2.003743171691894531e+00
-3.016984462738037109e+00
-2.848102331161499023e+00
-3.313716411590576172e+00
-1.741405129432678223e+00
-2.525125741958618164e+00
-2.598021030426025391e+00
-2.877391099929809570e+00
-1.185703754425048828e+00
-2.407612085342407227e+00
-2.977514743804931641e+00
-4.024931430816650391e+00
-2.331519365310668945e+00
-3.446624517440795898e+00
-3.349447965621948242e+00
-2.678154706954956055e+00
-1.978445768356323242e+00
-3.204691648483276367e+00
-1.602917075157165527e+00
-2.622738599777221680e+00
-1.914796352386474609e+00
-2.684184312820434570e+00
-3.597391366958618164e+00
-2.908154010772705078e+00
-1.620431780815124512e+00
-2.184286355972290039e+00
-3.193590402603149414e+00
-3.814139127731323242e+00
-3.166068077087402344e+00
-3.284129858016967773e+00
-3.487883329391479492e+00
-3.524312973022460938e+00
-2.767546653747558594e+00
-2.594476699829101562e+00
-3.706675529479980469e+00
-2.702029228210449219e+00
-2.872440814971923828e+00
-2.711241960525512695e+00
-3.571216344833374023e+00
-2.969657421112060547e+00
-1.856979489326477051e+00
-3.056810379028320312e+00
-1.845484614372253418e+00
-1.515648722648620605e+00
-2.475507259368896484e+00
-2.891895294189453125e+00
-3.418324708938598633e+00
-3.091981887817382812e+00
-3.035982847213745117e+00
-3.200690269470214844e+00
-2.617161273956298828e+00
-3.036349058151245117e+00
-2.254676342010498047e+00
-3.692030191421508789e+00
-3.738387823104858398e+00
-2.051706075668334961e+00
-1.961017489433288574e+00
-2.799065828323364258e+00
-2.945977449417114258e+00
-3.230169057846069336e+00
-2.096329450607299805e+00
-3.613611698150634766e+00
-3.186760187149047852e+00
-2.225488424301147461e+00
-2.422914028167724609e+00
-2.971525669097900391e+00
-2.541012287139892578e+00
-3.128085851669311523e+00
-2.249987602233886719e+00
-1.548326134681701660e+00
-4.165323734283447266e+00
-3.438921928405761719e+00
-2.876899003982543945e+00
-3.381600141525268555e+00
-1.984956502914428711e+00
-3.197171211242675781e+00
-2.279370307922363281e+00
-2.825073480606079102e+00
-3.073910951614379883e+00
-3.911787033081054688e+00
-3.380350351333618164e+00
-2.011185646057128906e+00
-2.607999801635742188e+00
-3.193023681640625000e+00
-1.359040141105651855e+00
-2.715611934661865234e+00
-3.793844938278198242e+00
-2.069284915924072266e+00
-2.675448894500732422e+00
-2.127780437469482422e+00
-2.647052288055419922e+00
-2.569293498992919922e+00
-2.355187654495239258e+00
-3.204069852828979492e+00
-3.117464780807495117e+00
-3.921489715576171875e+00
-1.483416795730590820e+00
-3.172046899795532227e+00
-2.911998748779296875e+00
-3.214113473892211914e+00
-1.622029423713684082e+00
-2.521957635879516602e+00
-3.251010656356811523e+00
-4.022469520568847656e+00
-2.455686569213867188e+00
-2.743614196777343750e+00
-4.113733768463134766e+00
-3.236166477203369141e+00
-2.269712209701538086e+00
-2.904337644577026367e+00
-3.940552473068237305e+00
-4.052717685699462891e+00
-1.295136332511901855e+00
-1.794214129447937012e+00
-3.342823982238769531e+00
-3.301470279693603516e+00
-2.058932781219482422e+00
-2.882649421691894531e+00
-2.423221111297607422e+00
-3.619109153747558594e+00
-2.879359483718872070e+00
-1.811534881591796875e+00
-1.743511199951171875e+00
-2.806671380996704102e+00
-3.705193519592285156e+00
-2.118551969528198242e+00
-1.901824831962585449e+00
-3.209717273712158203e+00
-3.405618429183959961e+00
-2.906207799911499023e+00
-2.929087162017822266e+00
-2.421874284744262695e+00
-3.431899070739746094e+00
-3.138237714767456055e+00
-2.823254823684692383e+00
-3.335078716278076172e+00
-3.134995698928833008e+00
-2.500501394271850586e+00
-3.716429710388183594e+00
-2.330619096755981445e+00
-3.378743410110473633e+00
-2.445183753967285156e+00
-3.054835796356201172e+00
-2.709032773971557617e+00
-2.551958322525024414e+00
-3.723636150360107422e+00
-2.337613582611083984e+00
-2.858973979949951172e+00
-3.293069601058959961e+00
-3.725361347198486328e+00
-2.263949394226074219e+00
-3.347262859344482422e+00
-3.059892416000366211e+00
-3.261925697326660156e+00
-3.059173345565795898e+00
-3.721631526947021484e+00
-4.068564414978027344e+00
-3.497066736221313477e+00
-4.004657745361328125e+00
-3.485743999481201172e+00
-2.705218553543090820e+00
-3.513457298278808594e+00
-2.119981288909912109e+00
-2.593868017196655273e+00
-2.900518417358398438e+00
-2.933261871337890625e+00
-2.398214101791381836e+00
-1.685027956962585449e+00
-2.557970523834228516e+00
-3.575328350067138672e+00
-4.011534214019775391e+00
-3.377890348434448242e+00
-2.749387502670288086e+00
-3.319937944412231445e+00
-3.558004617691040039e+00
-2.784527540206909180e+00
-2.439985275268554688e+00
-2.961804866790771484e+00
-3.490199327468872070e+00
-3.268854856491088867e+00
-2.638345241546630859e+00
-3.733241558074951172e+00
-3.403576135635375977e+00
-2.554847478866577148e+00
-3.548559904098510742e+00
-2.860850572586059570e+00
-4.085354804992675781e+00
-2.269361257553100586e+00
-2.394511461257934570e+00
-2.305230617523193359e+00
-3.552450895309448242e+00
-2.172325611114501953e+00
-2.762128353118896484e+00
-2.316001176834106445e+00
-2.881648063659667969e+00
-2.617091417312622070e+00
-2.924675703048706055e+00
-2.604915857315063477e+00
-3.129501819610595703e+00
-2.101028203964233398e+00
-2.923054933547973633e+00
-3.371449232101440430e+00
-3.277306795120239258e+00
-3.558927536010742188e+00
-3.567322969436645508e+00
-3.531726121902465820e+00
-3.078337192535400391e+00
-2.921507120132446289e+00
-1.871860504150390625e+00
-2.500821590423583984e+00
-2.436735153198242188e+00
-2.317509412765502930e+00
-2.717447042465209961e+00
-3.415269136428833008e+00
-3.774146080017089844e+00
-3.378082752227783203e+00
-3.817459106445312500e+00
-1.169359683990478516e+00
-3.286111116409301758e+00
-3.141029119491577148e+00
-2.549270391464233398e+00
-3.219558238983154297e+00
-3.301905870437622070e+00
-2.788389921188354492e+00
-4.005800247192382812e+00
-3.601556301116943359e+00
-2.299058198928833008e+00
-3.307337999343872070e+00
-3.055586338043212891e+00
-3.751738309860229492e+00
-2.867264747619628906e+00
-3.937772035598754883e+00
-3.532995939254760742e+00
-3.271009683609008789e+00
-2.791961193084716797e+00
-3.361898899078369141e+00
-4.335383892059326172e+00
-2.842480421066284180e+00
-2.851070165634155273e+00
-2.276309728622436523e+00
-3.677372455596923828e+00
-3.919741630554199219e+00
-3.483545541763305664e+00
-3.000837087631225586e+00
-4.037531375885009766e+00
-3.242294073104858398e+00
-3.184410810470581055e+00
-3.386131048202514648e+00
-3.814134597778320312e+00
-2.956203460693359375e+00
-2.395581245422363281e+00
-2.182555198669433594e+00
-3.067059755325317383e+00
-3.759871006011962891e+00
-3.607211351394653320e+00
-2.888582468032836914e+00
-2.859750270843505859e+00
-3.275043725967407227e+00
-2.875241994857788086e+00
-2.942430257797241211e+00
-3.045597553253173828e+00
-2.740044355392456055e+00
-2.307207345962524414e+00
-3.668567895889282227e+00
-2.614696025848388672e+00
-1.873306393623352051e+00
-2.714501380920410156e+00
-2.365859031677246094e+00
-3.069584846496582031e+00
-4.104889392852783203e+00
-3.263387203216552734e+00
-3.336808919906616211e+00
-2.347995758056640625e+00
-2.493432283401489258e+00
-2.937409162521362305e+00
-1.790333986282348633e+00
-3.432848691940307617e+00
-3.137728214263916016e+00
-3.329683303833007812e+00
-3.064314842224121094e+00
-3.412254095077514648e+00
-3.860275983810424805e+00
-4.322591304779052734e+00
-3.164032459259033203e+00
-2.412232875823974609e+00
-3.355779647827148438e+00
-2.725253582000732422e+00
-2.022561788558959961e+00
-2.469303131103515625e+00
-3.614514350891113281e+00
-3.429645299911499023e+00
-3.140769720077514648e+00
-3.634721040725708008e+00
-2.136763334274291992e+00
-3.790016412734985352e+00
-2.704715251922607422e+00
-2.416704654693603516e+00
-3.569335460662841797e+00
-3.092943668365478516e+00
-3.364431858062744141e+00
-2.630896806716918945e+00
-2.453160285949707031e+00
-2.760160207748413086e+00
-3.540106773376464844e+00
-3.049019336700439453e+00
-3.378484249114990234e+00
-3.326067924499511719e+00
-3.608874559402465820e+00
-3.607250928878784180e+00
-3.540528059005737305e+00
-3.452327966690063477e+00
-3.669478416442871094e+00
-2.506073236465454102e+00
-3.467928886413574219e+00
-1.292776584625244141e+00
-2.901511430740356445e+00
-1.920327544212341309e+00
-2.849174499511718750e+00
-2.696022748947143555e+00
-2.718183279037475586e+00
-3.355345964431762695e+00
-3.352811336517333984e+00
-3.450180053710937500e+00
-2.857242822647094727e+00
-3.638508319854736328e+00
-3.426911115646362305e+00
-2.932011365890502930e+00
-3.817222595214843750e+00
-2.820032596588134766e+00
-2.989096641540527344e+00
-3.521441221237182617e+00
-2.899848699569702148e+00
-2.683311223983764648e+00
-2.318551301956176758e+00
-3.720574617385864258e+00
-3.406185626983642578e+00
-3.659645318984985352e+00
-2.975441932678222656e+00
-2.675824403762817383e+00
-3.473200321197509766e+00
-3.178292036056518555e+00
-2.455527067184448242e+00
-3.334374427795410156e+00
-3.294013738632202148e+00
-3.738202333450317383e+00
-3.059503316879272461e+00
-3.907701492309570312e+00
-2.499874830245971680e+00
-3.659484624862670898e+00
-3.866353988647460938e+00
-3.320704460144042969e+00
-2.643440008163452148e+00
-3.254431724548339844e+00
-3.732118844985961914e+00
-2.999089002609252930e+00
-3.962729454040527344e+00
-4.024923801422119141e+00
-3.829720735549926758e+00
-3.919934988021850586e+00
-3.227334737777709961e+00
-2.808954954147338867e+00
-3.615286588668823242e+00
-2.833363771438598633e+00
-1.865949988365173340e+00
-3.023848533630371094e+00
-2.961121320724487305e+00
-3.874929428100585938e+00
-2.752345085144042969e+00
-2.266955614089965820e+00
-3.221689224243164062e+00
-3.837467432022094727e+00
-3.364314556121826172e+00
-2.789869070053100586e+00
-4.197093963623046875e+00
-3.474087476730346680e+00
-1.773055911064147949e+00
-2.721667528152465820e+00
-3.414557695388793945e+00
-3.623298883438110352e+00
-2.975927591323852539e+00
-3.281574010848999023e+00
-3.131862163543701172e+00
-3.081419944763183594e+00
-2.298692941665649414e+00
-3.249431848526000977e+00
-2.240809440612792969e+00
-3.245373964309692383e+00
-2.665860891342163086e+00
-2.841446399688720703e+00
-3.284305095672607422e+00
-2.570697546005249023e+00
-2.945436000823974609e+00
-3.117896318435668945e+00
-3.032233715057373047e+00
-2.932415246963500977e+00
-3.566069602966308594e+00
-3.707918405532836914e+00
-2.091447353363037109e+00
-3.222517251968383789e+00
-3.445575714111328125e+00
-1.360271692276000977e+00
-2.982384681701660156e+00
-3.329086065292358398e+00
-1.404989957809448242e+00
-3.314538717269897461e+00
-2.924904823303222656e+00
-2.515761613845825195e+00
-3.324199914932250977e+00
-3.301466941833496094e+00
-3.403315782546997070e+00
-3.497956275939941406e+00
-3.611376285552978516e+00
-2.568902969360351562e+00
-3.362020492553710938e+00
-3.288334369659423828e+00
-3.238065004348754883e+00
-3.560980081558227539e+00
-2.862113714218139648e+00
-3.640062570571899414e+00
-3.859479904174804688e+00
-3.164370059967041016e+00
-3.309721708297729492e+00
-2.424684047698974609e+00
-2.695130825042724609e+00
-3.031854152679443359e+00
-3.502455234527587891e+00
-1.728316903114318848e+00
-3.639132022857666016e+00
-3.272118330001831055e+00
-2.699436664581298828e+00
-2.338734865188598633e+00
-3.790070295333862305e+00
-3.083182573318481445e+00
-2.701990842819213867e+00
-2.918892860412597656e+00
-2.173192977905273438e+00
-2.445335626602172852e+00
-3.335054874420166016e+00
-3.746528625488281250e+00
-1.942365527153015137e+00
-2.121867418289184570e+00
-3.632962703704833984e+00
-2.484294414520263672e+00
-2.882516622543334961e+00
-3.701694726943969727e+00
-3.281146526336669922e+00
-2.936663866043090820e+00
-2.252119779586791992e+00
-2.945683002471923828e+00
-2.115682363510131836e+00
-2.541847229003906250e+00
-3.076937437057495117e+00
-2.679187536239624023e+00
-2.979178905487060547e+00
-3.156963586807250977e+00
-3.123394012451171875e+00
-2.784717798233032227e+00
-3.062726497650146484e+00
-3.275316476821899414e+00
-3.615611076354980469e+00
-3.559049129486083984e+00
-2.607308387756347656e+00
-3.035141229629516602e+00
-3.265644788742065430e+00
-3.496543645858764648e+00
-1.197132587432861328e+00
-3.162865877151489258e+00
-2.772682189941406250e+00
-2.636934041976928711e+00
-2.593674898147583008e+00
-2.501586437225341797e+00
-3.233566284179687500e+00
-3.113451957702636719e+00
-2.494719982147216797e+00
-2.700782537460327148e+00
-3.780232667922973633e+00
-2.471260786056518555e+00
-2.727473497390747070e+00
-3.376262187957763672e+00
-3.603388071060180664e+00
-3.878160238265991211e+00
-4.340754032135009766e+00
-2.855363368988037109e+00
-2.615871429443359375e+00
-2.710345029830932617e+00
-2.233334064483642578e+00
-3.543781757354736328e+00
-3.289542675018310547e+00
-3.749969244003295898e+00
-1.503737926483154297e+00
-3.781257390975952148e+00
-2.820061922073364258e+00
-3.226414203643798828e+00
-2.344309568405151367e+00
-3.250268220901489258e+00
-2.444971323013305664e+00
-3.152984142303466797e+00
-3.361476659774780273e+00
-3.248538255691528320e+00
-2.335414886474609375e+00
-3.175658464431762695e+00
-3.263722658157348633e+00
-3.955604791641235352e+00
-3.489107608795166016e+00
-4.226577281951904297e+00
-3.187278032302856445e+00
-4.176919460296630859e+00
-3.098405599594116211e+00
-2.445749282836914062e+00
-3.770070791244506836e+00
-3.151173114776611328e+00
-2.998395442962646484e+00
-3.453611612319946289e+00
-2.899308919906616211e+00
-2.156399965286254883e+00
-3.352363109588623047e+00
-2.807194232940673828e+00
-2.464387178421020508e+00
-3.716380119323730469e+00
-2.975913763046264648e+00
-3.076210975646972656e+00
-3.342197656631469727e+00
-2.446315765380859375e+00
-3.909350395202636719e+00
-2.774949073791503906e+00
-3.125939130783081055e+00
-3.431233167648315430e+00
-3.956346988677978516e+00
-2.511774778366088867e+00
-3.328246831893920898e+00
-3.420324563980102539e+00
-2.345681428909301758e+00
-2.698383092880249023e+00
-1.716509699821472168e+00
-2.721331834793090820e+00
-2.362438201904296875e+00
-2.830624580383300781e+00
-2.239540576934814453e+00
-2.652736186981201172e+00
-3.471594333648681641e+00
-2.277459859848022461e+00
-3.158095121383666992e+00
-2.755872726440429688e+00
-1.922342181205749512e+00
-2.535147190093994141e+00
-3.550856590270996094e+00
-2.592421770095825195e+00
-2.522852897644042969e+00
-3.930191516876220703e+00
-4.204331398010253906e+00
-2.327811479568481445e+00
-2.968239784240722656e+00
-4.034592628479003906e+00
-4.189301967620849609e+00
-2.771900653839111328e+00
-3.080924510955810547e+00
-2.880670785903930664e+00
-3.949081659317016602e+00
-2.573488950729370117e+00
-3.820409774780273438e+00
-3.090856552124023438e+00
-3.387502431869506836e+00
-1.911205530166625977e+00
-3.724854707717895508e+00
-3.329902648925781250e+00
-3.062109231948852539e+00
-2.564974546432495117e+00
-2.110909223556518555e+00
-3.040274858474731445e+00
-2.396714925765991211e+00
-3.641493082046508789e+00
-2.569378376007080078e+00
-3.465993404388427734e+00
-3.686421632766723633e+00
-3.972839832305908203e+00
-3.283803462982177734e+00
-1.937802672386169434e+00
-2.863193273544311523e+00
-3.570573806762695312e+00
-3.143307209014892578e+00
-2.820085763931274414e+00
-2.595323562622070312e+00
-2.994965314865112305e+00
-3.554588317871093750e+00
-2.979450464248657227e+00
-3.148169517517089844e+00
-3.637374401092529297e+00
-3.292660474777221680e+00
-2.848214387893676758e+00
-2.026196002960205078e+00
-2.442035198211669922e+00
-2.264966487884521484e+00
-2.789895534515380859e+00
-2.864572763442993164e+00
-2.670866489410400391e+00
-2.652259588241577148e+00
-2.539471864700317383e+00
-3.064515590667724609e+00
-3.215315103530883789e+00
-2.585530042648315430e+00
-2.625761747360229492e+00
-1.748702287673950195e+00
-3.425377368927001953e+00
-4.081739902496337891e+00
-2.856272459030151367e+00
-3.435388803482055664e+00
-2.693696498870849609e+00
-3.237914562225341797e+00
-3.631844282150268555e+00
-2.392125844955444336e+00
-3.710575580596923828e+00
-2.273185491561889648e+00
-1.887069582939147949e+00
-2.940623998641967773e+00
-2.145936012268066406e+00
-2.529961585998535156e+00
-3.609952688217163086e+00
-3.114452362060546875e+00
-1.808546662330627441e+00
-2.189132928848266602e+00
-2.940867424011230469e+00
-3.347435474395751953e+00
-2.397311925888061523e+00
-3.772163867950439453e+00
-2.789342641830444336e+00
-3.169475078582763672e+00
-3.081345558166503906e+00
-2.906755685806274414e+00
-2.766737699508666992e+00
-3.165774583816528320e+00
-2.807894468307495117e+00
-3.217624187469482422e+00
-3.796930074691772461e+00
-2.904433965682983398e+00
-3.239850044250488281e+00
-3.646626234054565430e+00
-3.051449298858642578e+00
-1.849797010421752930e+00
-2.632953643798828125e+00
-2.616841316223144531e+00
-2.353421926498413086e+00
-2.194569587707519531e+00
-2.937090635299682617e+00
-2.067965745925903320e+00
-2.654071331024169922e+00
-3.105384588241577148e+00
-3.422957897186279297e+00
-2.145314216613769531e+00
-3.385494709014892578e+00
-3.644096851348876953e+00
-1.290846943855285645e+00
-3.051562070846557617e+00
-3.685002088546752930e+00
-2.795667648315429688e+00
-2.748854398727416992e+00
-3.556553602218627930e+00
-3.263476133346557617e+00
-3.195453643798828125e+00
-2.062525987625122070e+00
-2.941446542739868164e+00
-3.389859914779663086e+00
-3.281910657882690430e+00
-2.399449586868286133e+00
-4.063436508178710938e+00
-3.044715166091918945e+00
-1.532516717910766602e+00
-2.579382658004760742e+00
-1.487677097320556641e+00
-2.559347629547119141e+00
-2.704387426376342773e+00
-3.420956134796142578e+00
-3.878806829452514648e+00
-2.792379379272460938e+00
-2.599531173706054688e+00
-3.631479024887084961e+00
-1.305638670921325684e+00
-2.425230741500854492e+00
-3.076987981796264648e+00
-3.376659870147705078e+00
-3.175379991531372070e+00
-3.968870639801025391e+00
-3.445889711380004883e+00
-3.217301845550537109e+00
-3.833277225494384766e+00
-2.885470628738403320e+00
-3.238514900207519531e+00
-2.103212118148803711e+00
-1.664544701576232910e+00
-2.786178112030029297e+00
-3.232236862182617188e+00
-3.327156305313110352e+00
-2.767637729644775391e+00
-3.190394878387451172e+00
-3.308603048324584961e+00
-3.301237821578979492e+00
-1.831796050071716309e+00
-3.882277250289916992e+00
-3.476499080657958984e+00
-3.281710386276245117e+00
-3.504746913909912109e+00
-3.329532623291015625e+00
-3.332092761993408203e+00
-3.051982641220092773e+00
-2.586772680282592773e+00
-3.972200870513916016e+00
-3.375802993774414062e+00
-2.825178623199462891e+00
-3.656657457351684570e+00
-2.337246417999267578e+00
-3.443233013153076172e+00
-2.521509170532226562e+00
-3.959706306457519531e+00
-1.919656753540039062e+00
-1.841091275215148926e+00
-1.797153592109680176e+00
-3.363146305084228516e+00
-3.575196027755737305e+00
-2.346548318862915039e+00
-2.272850275039672852e+00
-3.316920757293701172e+00
-3.303131103515625000e+00
-3.433193445205688477e+00
-3.455214262008666992e+00
-2.724417209625244141e+00
-3.774071216583251953e+00
-2.715662240982055664e+00
-3.288515090942382812e+00
-2.585114955902099609e+00
-3.567712783813476562e+00
-4.073100090026855469e+00
-2.562608957290649414e+00
-2.832196950912475586e+00
-3.592090129852294922e+00
-2.994401693344116211e+00
-3.078181982040405273e+00
-2.882928133010864258e+00
-3.546755790710449219e+00
-2.552175045013427734e+00
-3.799929618835449219e+00
-3.313931703567504883e+00
-3.349903345108032227e+00
-3.064913749694824219e+00
-2.238112926483154297e+00
-2.289147615432739258e+00
-2.572827339172363281e+00
-3.541733980178833008e+00
-2.873324155807495117e+00
-2.995487451553344727e+00
-2.089512586593627930e+00
-2.957894086837768555e+00
-1.440158367156982422e+00
-2.526989459991455078e+00
-3.553729057312011719e+00
-3.190772533416748047e+00
-2.926689863204956055e+00
-2.495314836502075195e+00
-2.890796184539794922e+00
-3.002547740936279297e+00
-3.803811311721801758e+00
-2.380069732666015625e+00
-3.214368820190429688e+00
-3.489512681961059570e+00
-2.469237327575683594e+00
-3.337316036224365234e+00
-2.171366930007934570e+00
-3.618977308273315430e+00
-3.424536228179931641e+00
-2.381750345230102539e+00
-2.628971576690673828e+00
-2.289595127105712891e+00
-2.099775791168212891e+00
-3.690768241882324219e+00
-1.992954969406127930e+00
-3.566232919692993164e+00
-2.112414598464965820e+00
-3.376319169998168945e+00
-3.208414793014526367e+00
-4.016641139984130859e+00
-3.706153631210327148e+00
-3.141688346862792969e+00
-4.080791950225830078e+00
-3.872568130493164062e+00
-3.159564495086669922e+00
-2.491676330566406250e+00
-3.677966833114624023e+00
-3.801142215728759766e+00
-3.017242670059204102e+00
-2.337927103042602539e+00
-3.444449663162231445e+00
-2.480080842971801758e+00
-2.978780269622802734e+00
-2.687176704406738281e+00
-2.086613655090332031e+00
-2.033702135086059570e+00
-8.906000256538391113e-01
-3.727254152297973633e+00
-3.211860179901123047e+00
-2.510338068008422852e+00
-2.195135831832885742e+00
-1.842719674110412598e+00
-2.769521236419677734e+00
-2.016260147094726562e+00
-3.219034910202026367e+00
-3.087129831314086914e+00
-2.596334457397460938e+00
-4.424226284027099609e+00
-2.699897050857543945e+00
-3.825660705566406250e+00
-2.516178846359252930e+00
-2.067470788955688477e+00
-1.430757045745849609e+00
-3.627867698669433594e+00
-2.018240928649902344e+00
-2.920726299285888672e+00
-3.656705141067504883e+00
-3.415364027023315430e+00
-2.336360454559326172e+00
-2.842745304107666016e+00
-3.138997554779052734e+00
-1.181617021560668945e+00
-2.659161090850830078e+00
-2.509216070175170898e+00
-2.135651588439941406e+00
-2.775335311889648438e+00
-2.362702131271362305e+00
-2.256983995437622070e+00
-3.414621353149414062e+00
-4.126895427703857422e+00
-3.352795124053955078e+00
-1.793748378753662109e+00
-1.994687199592590332e+00
-3.495561361312866211e+00
-3.561865091323852539e+00
-3.475756406784057617e+00
-2.060498952865600586e+00
-3.435426473617553711e+00
-3.428945064544677734e+00
-1.963469624519348145e+00
-2.077992439270019531e+00
-2.776189088821411133e+00
-3.207852602005004883e+00
-2.395121812820434570e+00
-2.674533367156982422e+00
-2.921670675277709961e+00
-2.847645044326782227e+00
-3.236358880996704102e+00
-2.354572772979736328e+00
-1.533107280731201172e+00
-2.642954587936401367e+00
-2.134396553039550781e+00
-1.868337035179138184e+00
-2.074327945709228516e+00
-2.249257802963256836e+00
-3.178649902343750000e+00
-2.959825038909912109e+00
-2.346073150634765625e+00
-2.512883186340332031e+00
-2.531648635864257812e+00
-1.006972312927246094e+00
-2.654543161392211914e+00
-1.889809370040893555e+00
-2.012043476104736328e+00
-1.788690209388732910e+00
-3.661491870880126953e+00
-2.971772909164428711e+00
-8.234305381774902344e-01
-2.522716999053955078e+00
-1.403165221214294434e+00
-2.927455902099609375e+00
-2.694641351699829102e+00
-2.263307094573974609e+00
-2.974798917770385742e+00
-2.906153440475463867e+00
-2.764060258865356445e+00
-2.818835973739624023e+00
-2.562431097030639648e+00
-1.311484813690185547e+00
-2.981186151504516602e+00
-2.866478443145751953e+00
-3.008479833602905273e+00
-2.172498464584350586e+00
-3.293579816818237305e+00
-3.395018577575683594e+00
-2.614109039306640625e+00
-3.238030910491943359e+00
-2.483949422836303711e+00
-2.358990669250488281e+00
-2.300287485122680664e+00
-3.242444992065429688e+00
-2.174008131027221680e+00
-2.615994453430175781e+00
-1.644466638565063477e+00
-2.619455337524414062e+00
-3.064472436904907227e+00
-1.882506966590881348e+00
-1.480095624923706055e+00
-3.990797400474548340e-01
-2.214590072631835938e+00
-1.770842671394348145e+00
-2.404221296310424805e+00
-1.804979801177978516e+00
-3.250855207443237305e+00
-1.539389610290527344e+00
-2.991623401641845703e+00
-2.617486238479614258e+00
-1.035639286041259766e+00
-1.681649208068847656e+00
-1.284571647644042969e+00
-1.659543275833129883e+00
-2.037619829177856445e+00
-2.861950874328613281e+00
-3.204677104949951172e+00
-2.478382110595703125e+00
-2.878271341323852539e+00
-3.151911020278930664e+00
-1.908027291297912598e+00
-2.653222322463989258e+00
-3.636311292648315430e+00
-3.500783205032348633e+00
-2.743261575698852539e+00
-3.238858461380004883e+00
-3.098212003707885742e+00
-3.020924806594848633e+00
-3.681694746017456055e+00
-3.210495948791503906e+00
-1.005441308021545410e+00
-2.457989215850830078e+00
-3.107116222381591797e+00
-2.985935211181640625e+00
-2.727231264114379883e+00
-3.243395566940307617e+00
-2.820978403091430664e+00
-2.916411638259887695e+00
-1.058937430381774902e+00
-4.778164029121398926e-01
-1.950920820236206055e+00
-2.289281368255615234e+00
-3.231758832931518555e+00
-3.672050952911376953e+00
-2.471525192260742188e+00
-3.165205478668212891e+00
-3.404534101486206055e+00
-1.990214705467224121e+00
-1.263918399810791016e+00
-3.046706914901733398e+00
-3.098220109939575195e+00
-3.113041877746582031e+00
-1.914858698844909668e+00
-2.237218379974365234e+00
-2.085097312927246094e+00
-3.524067878723144531e+00
-3.130165815353393555e+00
-3.203208923339843750e+00
-2.704166889190673828e+00
-3.012241125106811523e+00
-1.236127018928527832e+00
-2.538201570510864258e+00
-8.554506897926330566e-01
-1.823872208595275879e+00
-2.920367002487182617e+00
-2.621993303298950195e+00
-9.050648212432861328e-01
-2.513677835464477539e+00
-2.472485303878784180e+00
-3.312270879745483398e+00
-2.347727537155151367e+00
-1.055080175399780273e+00
-1.787527561187744141e+00
-2.413947820663452148e+00
-2.894405126571655273e+00
-2.129577636718750000e+00
-3.621513128280639648e+00
-2.740844488143920898e+00
-2.340091943740844727e+00
-1.631684660911560059e+00
-7.138875126838684082e-01
-1.446596026420593262e+00
-3.631718873977661133e+00
-3.307186841964721680e+00
-4.067005157470703125e+00
-3.362014770507812500e+00
-3.180717468261718750e+00
-1.704864978790283203e+00
-3.040500640869140625e+00
-3.455899238586425781e+00
-1.361728191375732422e+00
-2.489462614059448242e+00
-2.279787778854370117e+00
-3.169841766357421875e+00
-2.425487518310546875e+00
-2.617680549621582031e+00
-1.916133642196655273e+00
-1.488495349884033203e+00
-2.412666559219360352e+00
-2.095130681991577148e+00
-2.625750541687011719e+00
-2.469615221023559570e+00
-3.071412324905395508e+00
-1.239948153495788574e+00
-4.285256385803222656e+00
-1.145069956779479980e+00
-3.298033237457275391e+00
-2.918803691864013672e+00
-4.262933731079101562e+00
-2.517030715942382812e+00
-3.151104211807250977e+00
-3.199297666549682617e+00
-3.753426551818847656e+00
-2.358973264694213867e+00
-3.724042415618896484e+00
-3.425942182540893555e+00
-3.114586114883422852e+00
-2.500509977340698242e+00
-2.878991842269897461e+00
-2.153580427169799805e+00
-3.574203491210937500e+00
-3.675388097763061523e+00
-3.409416198730468750e+00
-1.585379362106323242e+00
-2.098512887954711914e+00
-1.961820363998413086e+00
-1.834935665130615234e+00
-1.684465050697326660e+00
-3.190767049789428711e+00
-2.032597064971923828e+00
-1.906666874885559082e+00
-2.682093620300292969e+00
-3.068429470062255859e+00
-2.656870365142822266e+00
-3.127950906753540039e+00
-2.371864557266235352e+00
-2.330455303192138672e+00
-2.972646713256835938e+00
-2.501111745834350586e+00
-1.785349130630493164e+00
-2.748779058456420898e+00
-9.801166057586669922e-01
-1.578862667083740234e+00
-3.739145278930664062e+00
-2.707896709442138672e+00
-1.101880192756652832e+00
-2.727035522460937500e+00
-1.399658322334289551e+00
-1.989195942878723145e+00
-1.823480367660522461e+00
-3.449957370758056641e+00
-3.236197471618652344e+00
-1.475111246109008789e+00
-2.215857744216918945e+00
-3.965776205062866211e+00
-1.707307457923889160e+00
-1.831504464149475098e+00
-3.255881547927856445e+00
-2.760181188583374023e+00
-3.077279567718505859e+00
-2.751524925231933594e+00
-3.687120437622070312e+00
-3.721062898635864258e+00
-1.792872428894042969e+00
-2.494922637939453125e+00
-2.290872097015380859e+00
-2.565598726272583008e+00
-2.005206108093261719e+00
-3.444625616073608398e+00
-2.569806575775146484e+00
-1.472265243530273438e+00
-2.485723018646240234e+00
-2.349858283996582031e-01
-2.215069770812988281e+00
-2.977066040039062500e+00
-3.150910854339599609e+00
-2.922313690185546875e+00
-2.464994668960571289e+00
-3.135336875915527344e+00
-3.063612461090087891e+00
-1.116860389709472656e+00
-2.584317922592163086e+00
-3.631693363189697266e+00
-2.627269029617309570e+00
-3.502208471298217773e+00
-3.014388561248779297e+00
-2.582998991012573242e+00
-3.400840997695922852e+00
-1.116422891616821289e+00
-1.041809082031250000e+00
-2.751609325408935547e+00
-3.405886411666870117e+00
-2.785380125045776367e+00
-2.859179258346557617e+00
-2.301801919937133789e+00
-4.471241831779479980e-01
-2.948589324951171875e+00
-2.917065858840942383e+00
-3.370572566986083984e+00
-1.336839079856872559e+00
-3.244043350219726562e+00
-2.515361547470092773e+00
-2.985750675201416016e+00
-2.802527427673339844e+00
-2.148476600646972656e+00
-2.075026988983154297e+00
-2.838102579116821289e+00
-3.203695535659790039e+00
-2.221951723098754883e+00
-4.617143571376800537e-01
-2.453016519546508789e+00
-1.764647603034973145e+00
-2.724135637283325195e+00
-2.286875009536743164e+00
-2.694475412368774414e+00
-2.838109970092773438e+00
-3.622380793094635010e-01
-1.460480809211730957e+00
-1.749542057514190674e-01
-2.392017126083374023e+00
-2.107753753662109375e+00
-1.556145906448364258e+00
-1.604562520980834961e+00
-1.747950553894042969e+00
-2.799251794815063477e+00
-1.289023160934448242e+00
-2.736140966415405273e+00
-1.853835731744766235e-01
-2.593551397323608398e+00
-1.637204885482788086e+00
-2.078102588653564453e+00
-1.203606724739074707e+00
-2.127300977706909180e+00
-3.214195251464843750e+00
-2.822609663009643555e+00
-3.193309068679809570e+00
-2.636073112487792969e+00
-2.930997371673583984e+00
-2.076428890228271484e+00
-2.179206848144531250e+00
-3.137791872024536133e+00
-2.875394821166992188e+00
-2.893463850021362305e+00
-2.339759349822998047e+00
-1.168638467788696289e+00
-2.244141817092895508e+00
-2.447688341140747070e+00
-2.778492450714111328e+00
-3.247477531433105469e+00
-3.698778629302978516e+00
-2.613946914672851562e+00
-3.452052354812622070e+00
-3.139849185943603516e+00
-9.310573935508728027e-01
-2.685069561004638672e+00
-2.821163415908813477e+00
-2.372600317001342773e+00
-2.886087179183959961e+00
-1.980692863464355469e+00
-2.169020652770996094e+00
-1.816059708595275879e+00
-2.678605318069458008e+00
-2.605642318725585938e+00
-3.066917181015014648e+00
-2.817516326904296875e+00
-1.867719888687133789e+00
-5.923081636428833008e-01
-2.632020950317382812e+00
-2.520957469940185547e+00
-1.473376512527465820e+00
-8.959518074989318848e-01
-2.145465612411499023e+00
-3.288680791854858398e+00
-3.747576236724853516e+00
-3.529083013534545898e+00
-2.133991956710815430e+00
-2.440954446792602539e+00
-1.457819581031799316e+00
-4.011948585510253906e+00
-3.263994455337524414e+00
-1.335998415946960449e+00
-2.305497407913208008e+00
-4.040661811828613281e+00
-4.190095901489257812e+00
-3.136773347854614258e+00
-2.920643806457519531e+00
-2.450929403305053711e+00
-3.507094144821166992e+00
-2.514474868774414062e+00
-1.467972159385681152e+00
-2.308906555175781250e+00
-3.179498434066772461e+00
-1.822586894035339355e+00
-3.106760263442993164e+00
-2.410265922546386719e+00
-2.398402214050292969e+00
-3.384120225906372070e+00
-8.360760211944580078e-01
-2.710321187973022461e+00
-2.239544153213500977e+00
-3.449405670166015625e+00
-2.355117321014404297e+00
-3.124403238296508789e+00
-3.945212364196777344e+00
-2.131646871566772461e+00
-3.122173547744750977e-01
-2.925739765167236328e+00
-3.120419025421142578e+00
-2.440865755081176758e+00
-1.961338400840759277e+00
-2.500236034393310547e+00
-1.413668394088745117e+00
-2.362041950225830078e+00
-1.914139509201049805e+00
-3.045469760894775391e+00
-1.789208889007568359e+00
-2.291795969009399414e+00
-1.561385869979858398e+00
-2.657276630401611328e+00
-9.780122637748718262e-01
-1.677596688270568848e+00
-1.617759943008422852e+00
-7.138611674308776855e-01
-3.201717615127563477e+00
-2.607425212860107422e+00
-3.134739637374877930e+00
-3.026639461517333984e+00
-1.043920993804931641e+00
-2.363779067993164062e+00
-1.521131873130798340e+00
-1.643320798873901367e+00
-1.852893590927124023e+00
-2.921300888061523438e+00
-1.716587901115417480e+00
-1.304622292518615723e+00
-1.418701887130737305e+00
-2.596060752868652344e+00
-1.690970301628112793e+00
-2.328394412994384766e+00
-3.069480419158935547e+00
-8.204263448715209961e-01
-2.220558643341064453e+00
-1.983213543891906738e+00
-2.345343828201293945e+00
-2.956157922744750977e+00
-3.183304548263549805e+00
-3.207594633102416992e+00
-2.597948074340820312e+00
-1.400086402893066406e+00
-2.887078762054443359e+00
-1.742068052291870117e+00
-2.387221336364746094e+00
-2.974803686141967773e+00
-2.431935310363769531e+00
-3.406333684921264648e+00
-1.857380509376525879e+00
-2.654543161392211914e+00
-2.649433612823486328e+00
-1.066118478775024414e+00
-3.037173032760620117e+00
-2.636933088302612305e+00
-2.878754615783691406e+00
-3.010504722595214844e+00
-3.137292385101318359e+00
-1.705921649932861328e+00
-3.875313520431518555e+00
-2.482531785964965820e+00
-1.142508625984191895e+00
-2.955153942108154297e+00
-1.256607294082641602e+00
-1.276243686676025391e+00
-1.636055469512939453e+00
-3.342660427093505859e+00
-3.467495918273925781e+00
-3.312692403793334961e+00
-2.878055334091186523e+00
-4.138313770294189453e+00
-1.726139426231384277e+00
-2.199485063552856445e+00
-2.122421979904174805e+00
-2.389886617660522461e+00
-1.920945167541503906e+00
-2.480355501174926758e+00
-3.008077144622802734e+00
-2.837274789810180664e+00
-3.033100605010986328e+00
-1.936382651329040527e+00
-1.395102500915527344e+00
-2.016422510147094727e+00
-2.728942155838012695e+00
-2.789775371551513672e+00
-3.025291681289672852e+00
-2.349938154220581055e+00
-2.720395803451538086e+00
-2.694808006286621094e+00
-1.547546148300170898e+00
-2.007919788360595703e+00
-1.693297505378723145e+00
-2.641643285751342773e+00
-1.233545422554016113e+00
-2.421968460083007812e+00
-1.865881562232971191e+00
-2.145067214965820312e+00
-2.503714084625244141e+00
-2.747768878936767578e+00
-2.072564601898193359e+00
-1.990354657173156738e+00
-2.926613330841064453e+00
-1.599642872810363770e+00
-2.258064270019531250e+00
-1.977500319480895996e+00
-2.153930902481079102e+00
-2.165889263153076172e+00
-1.141546249389648438e+00
-1.830232739448547363e+00
-1.874088644981384277e+00
-2.749666213989257812e+00
-2.931008815765380859e+00
-2.258105516433715820e+00
-1.569956302642822266e+00
-1.353253245353698730e+00
-3.245151996612548828e+00
-2.314838409423828125e+00
-1.204265475273132324e+00
-2.907243013381958008e+00
-3.611501455307006836e+00
-3.660344600677490234e+00
-1.140882849693298340e+00
-3.345179080963134766e+00
-2.981824636459350586e+00
-1.546488761901855469e+00
-1.964136600494384766e+00
-3.758673667907714844e+00
-3.015751600265502930e+00
-3.267681121826171875e+00
-2.531168222427368164e+00
-3.286482334136962891e+00
-9.311231374740600586e-01
-2.998903989791870117e+00
-4.236781120300292969e+00
-3.400383949279785156e+00
-2.682470083236694336e+00
-1.546113252639770508e+00
-2.227570295333862305e+00
-3.092167139053344727e+00
-1.447130441665649414e+00
-2.452216863632202148e+00
-2.272259473800659180e+00
-2.252990961074829102e+00
-2.861570835113525391e+00
-2.148333072662353516e+00
-8.383272886276245117e-01
-2.869896411895751953e+00
-2.377614021301269531e+00
-3.720342814922332764e-01
-2.789695739746093750e+00
-2.448183298110961914e+00
-1.532244801521301270e+00
-2.345569849014282227e+00
-2.507516860961914062e+00
-1.743332028388977051e+00
-3.027051925659179688e+00
-2.484930753707885742e+00
-2.413639545440673828e+00
-2.008127927780151367e+00
-2.608871221542358398e+00
-2.664506196975708008e+00
-1.248450994491577148e+00
-2.082955598831176758e+00
-2.962146520614624023e+00
-2.259191036224365234e+00
-1.508288145065307617e+00
-2.158607721328735352e+00
-3.002978086471557617e+00
-1.176930785179138184e+00
-3.066623926162719727e+00
-2.927588939666748047e+00
-1.592757940292358398e+00
-7.335350848734378815e-03
-2.522469997406005859e+00
-1.532046079635620117e+00
-1.470315098762512207e+00
-2.780556440353393555e+00
-3.041397333145141602e+00
-3.150588274002075195e+00
-3.346700370311737061e-01
-3.020393371582031250e+00
-3.346495389938354492e+00
-2.698694467544555664e+00
-2.845088720321655273e+00
-1.116000533103942871e+00
-3.419635772705078125e+00
-3.116189241409301758e+00
-3.542632341384887695e+00
-7.051721811294555664e-01
-2.311604499816894531e+00
-3.011298656463623047e+00
-2.206007242202758789e+00
-3.274858474731445312e+00
-2.251993894577026367e+00
-1.909259915351867676e+00
-3.003982067108154297e+00
-2.054434061050415039e+00
-2.362379550933837891e+00
-2.685025930404663086e+00
-9.981374740600585938e-01
-3.024432659149169922e+00
-3.346306562423706055e+00
-3.302130937576293945e+00
-2.590626716613769531e+00
-2.411627531051635742e+00
-2.848015785217285156e+00
-3.860501289367675781e+00
-2.830559015274047852e+00
-3.467104434967041016e+00
-1.900330305099487305e+00
-3.156096458435058594e+00
-1.533742547035217285e+00
-3.541625022888183594e+00
-2.800203561782836914e+00
-2.398806095123291016e+00
-2.869890213012695312e+00
-2.919083833694458008e+00
-3.533110141754150391e+00
-3.217365741729736328e+00
-3.613657712936401367e+00
-3.211322307586669922e+00
-3.387202262878417969e+00
-2.890058040618896484e+00
-2.840203523635864258e+00
-2.024393320083618164e+00
-3.317321062088012695e+00
-3.446070671081542969e+00
-2.297778576612472534e-01
-1.535359144210815430e+00
-2.299496173858642578e+00
-2.155169010162353516e+00
-2.254621982574462891e+00
-2.583212375640869141e+00
-1.358017325401306152e+00
-3.029835462570190430e+00
-2.972033500671386719e+00
-2.792700052261352539e+00
-3.238844871520996094e+00
-2.733989715576171875e+00
-6.908831000328063965e-01
-2.512763500213623047e+00
-1.881836414337158203e+00
-2.801656723022460938e+00
-2.847224235534667969e+00
-3.275242805480957031e+00
-2.745584964752197266e+00
-1.901332616806030273e+00
-8.978655338287353516e-01
-1.458616018295288086e+00
-2.696387529373168945e+00
-2.302009820938110352e+00
-2.965668439865112305e+00
-3.143533468246459961e+00
-3.646262168884277344e+00
-2.314319610595703125e+00
-1.171534895896911621e+00
-2.132491111755371094e+00
-2.849757194519042969e+00
-2.025261878967285156e+00
-2.241551637649536133e+00
-3.119611501693725586e+00
-1.845033288002014160e+00
-3.720820188522338867e+00
-2.375838756561279297e+00
-2.710168838500976562e+00
-1.285780906677246094e+00
-1.452148914337158203e+00
-9.387729167938232422e-01
-1.670844197273254395e+00
-2.043124675750732422e+00
-2.198505163192749023e+00
-3.032388448715209961e+00
-1.661291956901550293e+00
-2.093669414520263672e+00
-1.849323987960815430e+00
-2.187461853027343750e+00
-1.132689118385314941e+00
-8.594722151756286621e-01
-2.350279569625854492e+00
-2.927476882934570312e+00
-2.018771648406982422e+00
-2.114477396011352539e+00
-2.520022630691528320e+00
-3.038137674331665039e+00
-7.365618944168090820e-01
-2.803481101989746094e+00
-1.249858617782592773e+00
-3.621319770812988281e+00
-3.162860393524169922e+00
-2.958312749862670898e+00
-3.265372753143310547e+00
-8.376591205596923828e-01
-2.320077657699584961e+00
-2.975284576416015625e+00
-2.694337129592895508e+00
-2.291244029998779297e+00
-2.537523746490478516e+00
-2.762542724609375000e+00
-1.932112812995910645e+00
-1.608613014221191406e+00
-1.844470620155334473e+00
-2.430414199829101562e+00
-2.470138311386108398e+00
-2.348418712615966797e+00
-2.418468236923217773e+00
-3.494349956512451172e+00
-1.820242524147033691e+00
-3.271475076675415039e+00
-3.244321584701538086e+00
-3.269667863845825195e+00
-2.062874794006347656e+00
-2.351036071777343750e+00
-3.425635814666748047e+00
-2.787777662277221680e+00
-2.417562961578369141e+00
-3.422153234481811523e+00
-2.189340829849243164e+00
-1.282911539077758789e+00
-2.170754909515380859e+00
-2.326762914657592773e+00
-3.506369352340698242e+00
-2.589851379394531250e+00
-2.712757110595703125e+00
-4.113226413726806641e+00
-1.821595668792724609e+00
-2.840034246444702148e+00
-1.981631159782409668e+00
-3.012023210525512695e+00
-3.808512210845947266e+00
-2.413548231124877930e+00
-2.786412954330444336e+00
-3.147469282150268555e+00
-1.245974302291870117e+00
-3.106792211532592773e+00
-1.639860868453979492e+00
-2.552552938461303711e+00
-1.051595568656921387e+00
-2.380123615264892578e+00
-1.806873202323913574e+00
-2.154011487960815430e+00
-3.362939357757568359e+00
-2.786076784133911133e+00
-2.038410902023315430e+00
-2.035299777984619141e+00
-2.527623414993286133e+00
-7.288354039192199707e-01
-3.479253530502319336e+00
-1.577371358871459961e+00
-1.953952312469482422e+00
-2.376713752746582031e+00
-1.808883786201477051e+00
-2.464354038238525391e+00
-2.414601802825927734e+00
-2.743785381317138672e+00
-2.808658361434936523e+00
-3.542755842208862305e+00
-2.615725755691528320e+00
-1.030687093734741211e+00
-2.845867395401000977e+00
-2.688825368881225586e+00
-8.433843851089477539e-01
-3.065838575363159180e+00
-2.897350311279296875e+00
-2.525312900543212891e+00
-2.767172574996948242e+00
-2.555999994277954102e+00
-1.662193417549133301e+00
-1.345037937164306641e+00
-1.359710931777954102e+00
-1.023227453231811523e+00
-2.173824548721313477e+00
-1.837396025657653809e+00
-2.971837759017944336e+00
-3.623420000076293945e+00
-2.264701128005981445e+00
-2.744858264923095703e+00
-2.927935123443603516e+00
-2.343861579895019531e+00
-2.930213212966918945e+00
-3.866659879684448242e+00
-2.373338699340820312e+00
-2.062908649444580078e+00
-2.731073856353759766e+00
-2.178794145584106445e+00
-2.863008975982666016e+00
-3.630044221878051758e+00
-2.603201389312744141e+00
-2.251574754714965820e+00
-3.096193552017211914e+00
-3.592299222946166992e+00
-2.166633605957031250e+00
-2.894382238388061523e+00
-1.650916337966918945e+00
-1.260580420494079590e+00
-2.349031686782836914e+00
-1.669433712959289551e+00
-2.223608255386352539e+00
-1.756182074546813965e+00
-2.431388378143310547e+00
-2.661141157150268555e+00
-3.764539361000061035e-01
-2.236789226531982422e+00
-2.443883657455444336e+00
-2.871766805648803711e+00
-2.615216255187988281e+00
-2.187399148941040039e+00
-2.400205612182617188e+00
-2.963573932647705078e+00
-2.570724725723266602e+00
-1.737263202667236328e+00
-3.074785709381103516e+00
-8.823644518852233887e-01
-3.091827392578125000e+00
-2.009218931198120117e+00
-7.726225852966308594e-01
-2.956127882003784180e+00
-3.238181829452514648e+00
-2.428540229797363281e+00
-1.523869991302490234e+00
-2.775152921676635742e+00
-4.026614189147949219e+00
-2.981739521026611328e+00
-1.419785141944885254e+00
-3.297435283660888672e+00
-2.275951147079467773e+00
-2.922231674194335938e+00
-2.176284074783325195e+00
-2.712743043899536133e+00
-3.260006427764892578e+00
-2.920786380767822266e+00
-2.649854183197021484e+00
-3.398244380950927734e+00
-3.463825464248657227e+00
-3.561586856842041016e+00
-3.358604907989501953e+00
-2.923687934875488281e+00
-1.864327311515808105e+00
-9.301567077636718750e-01
-2.460696697235107422e+00
-2.290306329727172852e+00
-1.503402948379516602e+00
-1.740314602851867676e+00
-2.328073263168334961e+00
-3.031900644302368164e+00
-3.847934961318969727e+00
-3.160000562667846680e+00
-3.189278364181518555e+00
-2.037684440612792969e+00
-2.503375053405761719e+00
-2.676742553710937500e+00
-1.318766355514526367e+00
-2.421162843704223633e+00
-2.797983646392822266e+00
-2.385127544403076172e+00
-1.316017746925354004e+00
-2.261468887329101562e+00
-1.989538311958312988e+00
-2.277954816818237305e+00
-1.568788051605224609e+00
-2.262908697128295898e+00
-2.059121608734130859e+00
-2.114833593368530273e+00
-2.656165838241577148e+00
-2.635289907455444336e+00
-1.659603595733642578e+00
-3.294849097728729248e-01
-3.012665271759033203e+00
-1.834421634674072266e+00
-3.067792177200317383e+00
-2.737594366073608398e+00
-2.163363933563232422e+00
-7.921391129493713379e-01
-2.015808343887329102e+00
-1.766122698783874512e+00
-2.700608968734741211e+00
-1.964986562728881836e+00
-2.888174533843994141e+00
-2.016134500503540039e+00
-2.347902536392211914e+00
-3.010796785354614258e+00
-2.381385803222656250e+00
-2.443137645721435547e+00
-2.553366422653198242e+00
-3.453473329544067383e+00
-1.494926214218139648e+00
-2.119400262832641602e+00
-2.697724342346191406e+00
-3.406530141830444336e+00
-3.334077358245849609e+00
-2.602276325225830078e+00
-2.146736383438110352e+00
-1.086125731468200684e+00
-2.491951227188110352e+00
-8.160249590873718262e-01
-2.489962816238403320e+00
-2.433562517166137695e+00
-3.098248243331909180e+00
-3.046256303787231445e+00
-2.724579572677612305e+00
-2.915360212326049805e+00
-2.240025043487548828e+00
-1.773029088973999023e+00
-3.481743335723876953e+00
-2.150934934616088867e+00
-1.964819192886352539e+00
-2.707500934600830078e+00
-2.202749490737915039e+00
-3.224217176437377930e+00
-3.525277853012084961e+00
-3.194000959396362305e+00
-3.345497131347656250e+00
-2.670428991317749023e+00
-3.362314939498901367e+00
-1.889222264289855957e+00
-2.338911533355712891e+00
-2.721068382263183594e+00
-2.561233520507812500e+00
-2.180452585220336914e+00
-2.067288637161254883e+00
-3.739247560501098633e+00
-2.798234939575195312e+00
-2.689402341842651367e+00
-2.453066587448120117e+00
-3.314674615859985352e+00
-2.404940366744995117e+00
-3.308621406555175781e+00
-3.197238445281982422e+00
-1.327420026063919067e-01
-2.983860731124877930e+00
-1.601157784461975098e+00
-1.233681321144104004e+00
-2.271162509918212891e+00
-2.153426408767700195e+00
-2.238167762756347656e+00
-3.076898097991943359e+00
-1.367148399353027344e+00
-2.142346382141113281e+00
-2.909954547882080078e+00
-3.403868436813354492e+00
-2.885458469390869141e+00
-1.560161113739013672e+00
-3.139784336090087891e+00
-3.045036315917968750e+00
-2.649446725845336914e+00
-3.696142196655273438e+00
-1.558639287948608398e+00
-3.344123363494873047e+00
-2.596284151077270508e+00
-3.271027326583862305e+00
-2.693868875503540039e+00
-1.945867776870727539e+00
-9.811212420463562012e-01
-3.533184051513671875e+00
-1.873618602752685547e+00
-2.070206165313720703e+00
-1.721318960189819336e+00
-3.043970823287963867e+00
-2.732920885086059570e+00
-2.323910474777221680e+00
-1.051805496215820312e+00
-2.249658823013305664e+00
-2.736829996109008789e+00
-3.857933521270751953e+00
-7.470980882644653320e-01
-3.051170110702514648e+00
-2.210275173187255859e+00
-3.969892978668212891e+00
-2.161329030990600586e+00
-1.745186924934387207e+00
-1.300398230552673340e+00
-1.547373414039611816e+00
-3.895268678665161133e+00
-2.895240306854248047e+00
-1.985941529273986816e+00
-3.091157913208007812e+00
-3.393272161483764648e+00
-4.062175273895263672e+00
-3.530408382415771484e+00
-3.226342201232910156e+00
-2.430518388748168945e+00
-2.106055259704589844e+00
-3.983141183853149414e+00
-3.096740245819091797e+00
-4.194748401641845703e+00
-1.324100852012634277e+00
-3.679746866226196289e+00
-1.548005580902099609e+00
-2.663156509399414062e+00
-8.476042151451110840e-01
-1.424119949340820312e+00
-3.401104688644409180e+00
-3.055581808090209961e+00
-2.816597223281860352e+00
-1.776849746704101562e+00
-2.975227355957031250e+00
-1.257738351821899414e+00
-3.126392364501953125e+00
-2.465266942977905273e+00
-2.849912166595458984e+00
-1.227956295013427734e+00
-2.406405448913574219e+00
-1.703922033309936523e+00
-1.038894653320312500e+00
-1.031558871269226074e+00
-1.921044588088989258e+00
-2.832573652267456055e+00
-2.488334894180297852e+00
-2.404240846633911133e+00
-3.890175342559814453e+00
-2.114682674407958984e+00
-1.344955921173095703e+00
-2.704313278198242188e+00
-2.553133964538574219e+00
-2.373069524765014648e+00
-1.857786893844604492e+00
-2.919288635253906250e+00
-3.665275335311889648e+00
-2.057010650634765625e+00
-1.979860663414001465e+00
-2.133275270462036133e+00
-3.052991867065429688e+00
-2.307236433029174805e+00
-2.918169260025024414e+00
-2.852036714553833008e+00
-2.659599542617797852e+00
-2.150601863861083984e+00
-3.243975639343261719e+00
-2.456128835678100586e+00
-2.070530176162719727e+00
-2.287076950073242188e+00
-2.559672355651855469e+00
-2.972737550735473633e+00
-2.610930442810058594e+00
-3.487244844436645508e+00
-3.112302303314208984e+00
-2.763052701950073242e+00
-2.833500623703002930e+00
-3.447523355484008789e+00
-2.865087032318115234e+00
-2.345072746276855469e+00
-1.643186688423156738e+00
-2.509956598281860352e+00
-3.399717569351196289e+00
-1.974126696586608887e+00
-1.939015746116638184e+00
-3.357863664627075195e+00
-3.549583435058593750e+00
-3.298381805419921875e+00
-3.401873588562011719e+00
-2.683141469955444336e+00
-2.624191761016845703e+00
-2.140655755996704102e+00
-1.485598087310791016e+00
-1.623129844665527344e+00
-3.678070306777954102e+00
-2.136917829513549805e+00
-2.673150300979614258e+00
-3.359178781509399414e+00
-2.801730632781982422e+00
-3.418998718261718750e+00
-3.870172262191772461e+00
-2.857199907302856445e+00
-2.620623826980590820e+00
-3.469926834106445312e+00
-3.425517082214355469e+00
-2.132823944091796875e+00
-3.753558158874511719e+00
-1.238653540611267090e+00
-3.472908496856689453e+00
-3.135118007659912109e+00
-3.519823789596557617e+00
-1.332258105278015137e+00
-1.492823123931884766e+00
-2.835741758346557617e+00
-1.201662182807922363e+00
-1.054152488708496094e+00
-1.005284309387207031e+00
-2.537710428237915039e+00
-1.388866782188415527e+00
-2.348423004150390625e+00
-2.599700450897216797e+00
-8.492414951324462891e-01
-1.455594658851623535e+00
-2.160020828247070312e+00
-8.373765945434570312e-01
-2.176987171173095703e+00
-1.091667175292968750e+00
-1.775016784667968750e+00
-1.199990272521972656e+00
-1.676316976547241211e+00
-2.993608713150024414e+00
-1.671978354454040527e+00
-2.356696844100952148e+00
-2.624385356903076172e+00
-2.574713706970214844e+00
-1.837449312210083008e+00
-9.191977381706237793e-01
-1.833162903785705566e+00
-1.965615510940551758e+00
-1.590427756309509277e+00
-1.355988144874572754e+00
-2.641153812408447266e+00
-3.026970386505126953e+00
-2.663060188293457031e+00
-2.571941137313842773e+00
-2.449069499969482422e+00
-2.172095298767089844e+00
-1.786133527755737305e+00
-1.780441880226135254e+00
-3.171979486942291260e-01
-2.838361501693725586e+00
-2.008602380752563477e+00
-2.539353370666503906e+00
-6.018711328506469727e-01
-1.414386391639709473e+00
-1.728074669837951660e+00
-1.543946623802185059e+00
-1.729601144790649414e+00
-1.869496107101440430e+00
-3.088120222091674805e+00
-3.350164890289306641e+00
-1.600247502326965332e+00
-2.361858606338500977e+00
-1.813537836074829102e+00
-2.642013788223266602e+00
-1.681980848312377930e+00
-2.942011833190917969e+00
-9.907178282737731934e-01
-9.991496205329895020e-01
-2.930436611175537109e+00
-1.528749823570251465e+00
-2.722199201583862305e+00
-2.777498245239257812e+00
-2.573543310165405273e+00
-5.678395554423332214e-02
-3.550351619720458984e+00
-3.147981882095336914e+00
-1.926259875297546387e+00
-3.180727005004882812e+00
-3.280698776245117188e+00
-3.205821037292480469e+00
-1.315668344497680664e+00
-2.966876268386840820e+00
-3.061480283737182617e+00
-1.894178628921508789e+00
-3.123486757278442383e+00
-3.505183935165405273e+00
-2.715258598327636719e+00
-1.998235106468200684e+00
-2.361451625823974609e+00
-3.151203155517578125e+00
-2.929048299789428711e+00
-3.676512956619262695e+00
-1.288969874382019043e+00
-1.711532711982727051e+00
-3.404883861541748047e+00
-2.356283187866210938e+00
-2.965371847152709961e+00
-2.650574922561645508e+00
-2.197453975677490234e+00
-3.477576017379760742e+00
-4.352681636810302734e+00
-1.577490806579589844e+00
-2.218325853347778320e+00
-3.182657003402709961e+00
-3.489206790924072266e+00
-2.627974271774291992e+00
-2.740123987197875977e+00
-1.441594481468200684e+00
-1.894722461700439453e+00
-2.177878856658935547e+00
-3.040316343307495117e+00
-1.256895780563354492e+00
-1.979072570800781250e+00
-2.432134389877319336e+00
-3.563188552856445312e+00
-3.796586275100708008e+00
-1.789336800575256348e+00
-2.774723529815673828e+00
-8.801088333129882812e-01
-7.510531544685363770e-01
-3.238470554351806641e+00
-2.105844259262084961e+00
-1.649900913238525391e+00
-2.350041627883911133e+00
-2.761057138442993164e+00
-1.643469095230102539e+00
-1.965567111968994141e+00
-1.996414184570312500e+00
-2.004321575164794922e+00
-3.113134384155273438e+00
-1.975777506828308105e+00
-1.975725650787353516e+00
-2.681767463684082031e+00
-1.773218989372253418e+00
-1.557433366775512695e+00
-2.758246421813964844e+00
-2.666156768798828125e+00
-2.335604190826416016e+00
-2.107686519622802734e+00
-1.672429203987121582e+00
-1.827300429344177246e+00
-1.582769751548767090e+00
-1.412638306617736816e+00
-2.692332744598388672e+00
-2.874341249465942383e+00
-2.282921314239501953e+00
-2.504655838012695312e+00
-1.837616920471191406e+00
-2.530461311340332031e+00
-1.401055455207824707e+00
-2.420169591903686523e+00
-2.527789592742919922e+00
-2.091819524765014648e+00
-7.903327941894531250e-01
-2.171917438507080078e+00
-2.223919868469238281e+00
-2.492622852325439453e+00
-3.133154630661010742e+00
-9.784446358680725098e-01
-2.026685237884521484e+00
-1.990604281425476074e+00
-2.678935766220092773e+00
-3.322948694229125977e+00
-2.369994640350341797e+00
-2.753416776657104492e+00
-2.769628286361694336e+00
-2.556612730026245117e+00
-3.750687599182128906e+00
-2.263118982315063477e+00
-2.724494457244873047e+00
-2.834292411804199219e+00
-3.356488466262817383e+00
-1.552801609039306641e+00
-2.518399238586425781e+00
-3.231912612915039062e+00
-3.191107988357543945e+00
-2.354148149490356445e+00
-2.761585950851440430e+00
-2.721505403518676758e+00
-4.112701892852783203e+00
-3.095868587493896484e+00
-3.172152280807495117e+00
-2.567396402359008789e+00
-2.277883291244506836e+00
-2.448900461196899414e+00
-3.509255170822143555e+00
-3.046288251876831055e+00
-1.781364321708679199e+00
-8.667185306549072266e-01
-3.331865310668945312e+00
-2.295057773590087891e+00
-1.597693204879760742e+00
-3.129884719848632812e+00
-2.815541744232177734e+00
-2.351703405380249023e+00
-2.467360019683837891e+00
-6.792248487472534180e-01
-3.677232503890991211e+00
-1.835109233856201172e+00
-3.299210786819458008e+00
-2.362170934677124023e+00
-8.208492994308471680e-01
-9.963750243186950684e-01
-2.079957246780395508e+00
-2.759444713592529297e+00
-2.096018791198730469e+00
-1.437390446662902832e+00
-2.780105829238891602e+00
-7.681460976600646973e-01
-1.749578595161437988e+00
-9.185345172882080078e-01
-2.769711494445800781e+00
-3.114513874053955078e+00
-2.800142765045166016e+00
-3.292494773864746094e+00
-1.865224480628967285e+00
-1.355491876602172852e+00
-1.314886927604675293e+00
-2.916087627410888672e+00
-3.017972469329833984e+00
-1.662026643753051758e+00
-1.979221940040588379e+00
-2.687285423278808594e+00
-2.273182392120361328e+00
-2.041515111923217773e+00
-3.333252429962158203e+00
-2.041171550750732422e+00
-9.400113821029663086e-01
-2.259026050567626953e+00
-2.533837080001831055e+00
-9.354081153869628906e-01
-1.926915764808654785e+00
-2.799064636230468750e+00
-3.584059476852416992e+00
-2.012943506240844727e+00
-2.432585477828979492e+00
-3.357727527618408203e+00
-2.275587797164916992e+00
-1.967718958854675293e+00
-2.380119085311889648e+00
-3.335159778594970703e+00
-2.960320949554443359e+00
-2.658497571945190430e+00
-9.787040948867797852e-01
-3.467609643936157227e+00
-4.072541713714599609e+00
-2.010972499847412109e+00
-2.515593051910400391e+00
-2.645981073379516602e+00
-2.195019960403442383e+00
-3.214236736297607422e+00
-2.359889984130859375e+00
-2.998484373092651367e+00
-1.495813369750976562e+00
-3.305676698684692383e+00
-1.608719110488891602e+00
-3.066349506378173828e+00
-1.732189178466796875e+00
-2.624706745147705078e+00
-2.880777359008789062e+00
-2.978846788406372070e+00
-3.705710649490356445e+00
-2.180976629257202148e+00
-2.044620990753173828e+00
-2.615519523620605469e+00
-1.629489898681640625e+00
-1.489873647689819336e+00
-1.700281858444213867e+00
-1.000845432281494141e+00
-1.084422349929809570e+00
-1.399370074272155762e+00
-1.742355346679687500e+00
-2.060102939605712891e+00
-1.484752178192138672e+00
-4.116318225860595703e-01
-2.038639068603515625e+00
-1.224497318267822266e+00
-1.532239556312561035e+00
-9.649512767791748047e-01
-1.983050227165222168e+00
-2.123830556869506836e+00
-2.167806863784790039e+00
-2.434949636459350586e+00
-2.004809617996215820e+00
-1.211392760276794434e+00
-2.350205659866333008e+00
-3.294578194618225098e-01
-1.064229130744934082e+00
-1.674156546592712402e+00
-1.949146032333374023e+00
-1.037906408309936523e+00
-1.327894568443298340e+00
-1.792654991149902344e+00
-1.614484906196594238e+00
-2.451628446578979492e+00
-2.207193136215209961e+00
-1.937214732170104980e+00
-4.203281700611114502e-01
-1.172840356826782227e+00
-2.347817897796630859e+00
-2.750683546066284180e+00
-6.597877740859985352e-01
-9.095456600189208984e-01
-1.801263332366943359e+00
-2.307188034057617188e+00
-1.329188823699951172e+00
-2.460299015045166016e+00
-2.700664997100830078e+00
-1.566616892814636230e+00
-2.865275144577026367e+00
-2.179630994796752930e+00
-3.959653615951538086e+00
-3.142225742340087891e+00
-2.025375127792358398e+00
-2.693705081939697266e+00
-3.184189081192016602e+00
-3.006865978240966797e+00
-3.336323261260986328e+00
-3.803619861602783203e+00
-3.207222700119018555e+00
-1.303619742393493652e+00
-3.082041263580322266e+00
-3.100769519805908203e+00
-2.329168319702148438e+00
-2.183613538742065430e+00
-1.479458093643188477e+00
-2.965775251388549805e+00
-2.780566215515136719e+00
-2.851168394088745117e+00
-2.428795337677001953e+00
-3.164238691329956055e+00
-2.978177785873413086e+00
-3.179852008819580078e+00
-2.350590467453002930e+00
-3.025790691375732422e+00
-3.764960765838623047e+00
-2.727969884872436523e+00
-2.693636417388916016e+00
-2.385272502899169922e+00
-3.308315038681030273e+00
-1.961432695388793945e+00
-2.697010993957519531e+00
-3.390735387802124023e+00
-4.015088081359863281e+00
-1.519711256027221680e+00
-3.501980781555175781e+00
-2.143835067749023438e+00
-2.890676021575927734e+00
-1.987593293190002441e+00
-3.698326587677001953e+00
-3.357102394104003906e+00
-3.794704675674438477e+00
-2.741852760314941406e+00
-2.341101408004760742e+00
-2.275961637496948242e+00
-3.957942724227905273e+00
-4.270687580108642578e+00
-2.078171014785766602e+00
-2.003626585006713867e+00
-3.570682287216186523e+00
-1.885048031806945801e+00
-2.728864431381225586e+00
-3.858124494552612305e+00
-3.935425519943237305e+00
-4.167152881622314453e+00
-4.041396141052246094e+00
-3.318539857864379883e+00
-2.742762327194213867e+00
-3.081525325775146484e+00
-3.831510305404663086e+00
-3.564728975296020508e+00
-2.428501367568969727e+00
-2.091420173645019531e+00
-2.464968442916870117e+00
-1.536961674690246582e+00
-1.783591032028198242e+00
-2.587357044219970703e+00
-1.689612865447998047e+00
-1.650911092758178711e+00
-1.174213171005249023e+00
-9.276519417762756348e-01
-2.636831760406494141e+00
-1.114409327507019043e+00
-1.409907221794128418e+00
-2.194371938705444336e+00
-1.555567860603332520e+00
-2.586081266403198242e+00
-1.397334218025207520e+00
-1.056099653244018555e+00
-2.913015127182006836e+00
-2.434543371200561523e+00
-3.138756990432739258e+00
-2.132402896881103516e+00
-1.160363912582397461e+00
-2.302476167678833008e+00
-2.168823242187500000e+00
-1.228634595870971680e+00
-2.634082555770874023e+00
-1.553024172782897949e+00
-1.870835781097412109e+00
-1.754579663276672363e+00
-2.544359683990478516e+00
-4.200765192508697510e-01
-9.645361900329589844e-01
-1.222527503967285156e+00
-1.346891880035400391e+00
-2.019642829895019531e+00
-1.677667379379272461e+00
-1.417557120323181152e+00
-2.463250875473022461e+00
-3.074775218963623047e+00
-1.528909206390380859e+00
-1.369525432586669922e+00
-1.335063934326171875e+00
-1.665659308433532715e+00
-2.699064970016479492e+00
-1.837821722030639648e+00
-3.203028440475463867e+00
-1.812230110168457031e+00
-2.134559392929077148e+00
-2.354077100753784180e+00
-2.832815170288085938e+00
-1.440311670303344727e+00
-1.462262749671936035e+00
-1.348175168037414551e+00
-1.686527967453002930e+00
-2.544437646865844727e+00
-1.818095684051513672e+00
-2.276731491088867188e+00
-1.502500295639038086e+00
-1.162402749061584473e+00
-1.804794073104858398e+00
-2.640335083007812500e+00
-8.738869428634643555e-01
-2.608114957809448242e+00
-2.606034994125366211e+00
-1.857833623886108398e+00
-1.183443903923034668e+00
-1.729322433471679688e+00
-2.645353555679321289e+00
-2.342021226882934570e+00
-2.190668344497680664e+00
-3.757162809371948242e+00
-2.030510902404785156e+00
-2.318774700164794922e+00
-2.044492244720458984e+00
-2.202063560485839844e+00
-1.511337637901306152e+00
-1.564127206802368164e+00
-2.247509717941284180e+00
-1.201247096061706543e+00
-2.572039604187011719e+00
-1.626641273498535156e+00
-2.094063282012939453e+00
-3.145739316940307617e+00
-1.518077015876770020e+00
-7.712879180908203125e-01
-1.923123002052307129e+00
-2.238508224487304688e+00
-9.909403920173645020e-01
-1.646898388862609863e+00
-2.203923225402832031e+00
-1.594207048416137695e+00
-1.837619900703430176e+00
-6.778032779693603516e-01
-2.010681390762329102e+00
-1.799635052680969238e+00
-2.413562536239624023e+00
-2.255606174468994141e+00
-2.266275644302368164e+00
-5.573409199714660645e-01
-1.650264382362365723e+00
-5.494464039802551270e-01
-1.583745360374450684e+00
-1.005311369895935059e+00
-1.933546185493469238e+00
-8.965985178947448730e-01
-1.053372502326965332e+00
-1.591067314147949219e+00
-2.472208976745605469e+00
-2.245195150375366211e+00
-5.610451102256774902e-01
-1.213578104972839355e+00
-1.682216644287109375e+00
-1.795803070068359375e+00
-1.082904815673828125e+00
-2.283425569534301758e+00
-1.103120207786560059e+00
-2.024651288986206055e+00
-9.017295837402343750e-01
-1.815074443817138672e+00
-2.393776893615722656e+00
-2.675241708755493164e+00
-2.071819543838500977e+00
-2.777658939361572266e+00
-2.623823165893554688e+00
-2.415880680084228516e+00
-4.542490243911743164e-01
-7.081813216209411621e-01
-1.933204412460327148e+00
-2.571381807327270508e+00
-2.267356872558593750e+00
-2.609057426452636719e+00
-2.620661497116088867e+00
-1.630407214164733887e+00
1.207532212138175964e-01
-2.588747978210449219e+00
-1.138070106506347656e+00
-1.662861347198486328e+00
-2.639913558959960938e+00
-4.400635659694671631e-01
-3.825854957103729248e-01
-2.354380846023559570e+00
-8.464699387550354004e-01
-2.587331533432006836e+00
-1.167868018150329590e+00
-2.346283197402954102e+00
-2.182790517807006836e+00
-2.692751646041870117e+00
-2.363857507705688477e+00
-1.754788160324096680e+00
-1.789041042327880859e+00
-2.315616607666015625e+00
-2.542553424835205078e+00
-2.172056674957275391e+00
-9.668949842453002930e-01
-2.311266660690307617e+00
-1.300211548805236816e+00
-2.520222663879394531e+00
-3.128646373748779297e+00
-2.512929439544677734e+00
-2.254183053970336914e+00
-1.508074522018432617e+00
-1.722736954689025879e+00
-2.572096347808837891e+00
-2.397300958633422852e+00
-2.191698551177978516e+00
-2.454813957214355469e+00
-1.807124972343444824e+00
-2.747367382049560547e+00
-2.039254903793334961e+00
-2.199655055999755859e+00
-5.984479188919067383e-01
-1.662312746047973633e+00
-2.120305776596069336e+00
-2.031901597976684570e+00
-8.923391103744506836e-01
-2.130962371826171875e+00
-2.982298374176025391e+00
-2.122779607772827148e+00
-2.505754470825195312e+00
-2.837309360504150391e+00
-2.975322961807250977e+00
-2.938176870346069336e+00
-2.497233450412750244e-01
-2.099749565124511719e+00
-1.629705548286437988e+00
-2.412410020828247070e+00
-2.669136047363281250e+00
-2.005832910537719727e+00
-2.184293746948242188e+00
-2.693973302841186523e+00
-3.114611148834228516e+00
-2.173345565795898438e+00
-2.009895801544189453e+00
-3.046841859817504883e+00
-2.656959056854248047e+00
-2.622593879699707031e+00
-3.236268758773803711e+00
-2.132410049438476562e+00
-1.232349753379821777e+00
-2.750308036804199219e+00
-2.571966409683227539e+00
-2.350217819213867188e+00
-2.128432989120483398e+00
-1.935489296913146973e+00
-2.740990877151489258e+00
-2.154498815536499023e+00
-2.214861154556274414e+00
-2.386596918106079102e+00
-3.449110746383666992e+00
-2.596974849700927734e+00
-1.983687877655029297e+00
-1.288982272148132324e+00
-2.792829990386962891e+00
-2.289121389389038086e+00
-2.447269201278686523e+00
-2.187798738479614258e+00
-1.942623257637023926e+00
-2.321040391921997070e+00
-2.026195049285888672e+00
-1.806199431419372559e+00
-1.543477773666381836e+00
-2.083324432373046875e+00
-1.500647664070129395e+00
-3.109808206558227539e+00
-1.369460225105285645e+00
-2.031353712081909180e+00
-9.525401592254638672e-01
-6.108669042587280273e-01
-6.318935155868530273e-01
-2.459396839141845703e+00
-3.829339444637298584e-01
-1.844148874282836914e+00
-1.985289692878723145e+00
-2.370842695236206055e+00
-2.292240858078002930e+00
-9.001241326332092285e-01
-2.052575826644897461e+00
-2.168096780776977539e+00
-2.413635492324829102e+00
-1.369235277175903320e+00
-2.004556179046630859e+00
-2.862150430679321289e+00
-2.967247009277343750e+00
-2.004075527191162109e+00
-1.209512948989868164e+00
-6.742842197418212891e-01
-2.205512762069702148e+00
-1.785022377967834473e+00
-2.482761621475219727e+00
-1.461973667144775391e+00
-1.206605672836303711e+00
-2.188199758529663086e+00
-3.070043802261352539e+00
-1.838963747024536133e+00
-1.121544122695922852e+00
-2.878430843353271484e+00
-2.186575889587402344e+00
-1.498260736465454102e+00
-7.693666219711303711e-01
-4.230430722236633301e-01
-1.894387245178222656e+00
-1.761782050132751465e+00
-1.698657274246215820e+00
-1.550969123840332031e+00
-1.984118580818176270e+00
-2.206869602203369141e+00
-2.162381172180175781e+00
-1.839157581329345703e+00
-2.066287994384765625e+00
-1.649893164634704590e+00
-1.727135181427001953e+00
-1.506226181983947754e+00
-5.860171318054199219e-01
-1.460531473159790039e+00
-1.927305340766906738e+00
-2.300533294677734375e+00
-2.635482072830200195e+00
-9.866830706596374512e-01
-2.766464948654174805e+00
-1.648789048194885254e+00
-2.038434505462646484e+00
-1.453071594238281250e+00
-2.437113761901855469e+00
-2.401192665100097656e+00
-1.607480525970458984e+00
-2.351544857025146484e+00
-3.385902643203735352e+00
-2.931811809539794922e+00
-8.459435701370239258e-01
-2.023789405822753906e+00
-1.349623322486877441e+00
-1.258630514144897461e+00
-2.452474355697631836e+00
-2.199101448059082031e+00
-1.792435646057128906e+00
-1.890429139137268066e+00
-2.358239889144897461e+00
-2.265606641769409180e+00
-1.290081381797790527e+00
-2.834387779235839844e+00
-3.388978242874145508e+00
-1.617109298706054688e+00
-2.578202009201049805e+00
-1.594221949577331543e+00
-2.080822467803955078e+00
-3.088775873184204102e+00
-2.426228284835815430e+00
-2.768699169158935547e+00
-2.435777187347412109e+00
-2.456853628158569336e+00
-2.570592641830444336e+00
-3.103881597518920898e+00
-2.119930028915405273e+00
-2.038010358810424805e+00
-1.725345492362976074e+00
-2.089790582656860352e+00
-1.169770359992980957e+00
-1.080381870269775391e+00
-1.636890769004821777e+00
-2.276664733886718750e+00
-1.613742589950561523e+00
-1.298579931259155273e+00
-2.859899759292602539e+00
-1.901563525199890137e+00
-1.964017391204833984e+00
-2.967283487319946289e+00
-7.942268848419189453e-01
-1.613274335861206055e+00
-3.547587156295776367e+00
-2.252260684967041016e+00
-1.843963980674743652e+00
-1.350051164627075195e+00
-1.828557848930358887e+00
-2.713375091552734375e+00
-1.088555812835693359e+00
-1.552509665489196777e+00
-2.274081230163574219e+00
-1.188236594200134277e+00
-2.118151903152465820e+00
-1.433533072471618652e+00
-1.233719706535339355e+00
-2.074198246002197266e+00
-2.396331310272216797e+00
-1.824451327323913574e+00
-1.622332572937011719e+00
-1.344257831573486328e+00
-1.017362117767333984e+00
-1.917130589485168457e+00
-1.386240720748901367e+00
-7.861376740038394928e-03
-3.209293603897094727e+00
-1.990107893943786621e+00
-2.349873781204223633e+00
-1.558866262435913086e+00
-7.942390441894531250e-01
-2.229521989822387695e+00
-9.266244173049926758e-01
-2.176981121301651001e-01
-1.821066975593566895e+00
-3.054795026779174805e+00
-7.393469810485839844e-01
-1.377725243568420410e+00
-1.396045565605163574e+00
-2.143836736679077148e+00
-2.474782943725585938e+00
-7.873776555061340332e-01
-2.793035030364990234e+00
-2.283863067626953125e+00
-2.900081872940063477e+00
-3.144851922988891602e+00
-1.872332572937011719e+00
-2.803100585937500000e+00
-2.517255544662475586e+00
-2.762797355651855469e+00
-2.947511196136474609e+00
-1.168590545654296875e+00
-2.455986976623535156e+00
-1.303370356559753418e+00
-2.499139785766601562e+00
-2.118286132812500000e+00
-2.525649785995483398e+00
-1.551093816757202148e+00
-2.767049789428710938e+00
-2.592894315719604492e+00
-2.720890998840332031e+00
-2.372149944305419922e+00
-1.877302050590515137e+00
-2.513408660888671875e+00
-1.722077250480651855e+00
-2.257829666137695312e+00
-1.512367248535156250e+00
-3.312036037445068359e+00
-3.641278982162475586e+00
-2.034256219863891602e+00
-2.098869800567626953e+00
-3.549885034561157227e+00
-2.171935796737670898e+00
-2.850561618804931641e+00
-2.286304473876953125e+00
-3.505812168121337891e+00
-3.387173414230346680e+00
-3.086260557174682617e+00
-1.544693589210510254e+00
-1.708916187286376953e+00
-3.556826353073120117e+00
-1.421719431877136230e+00
-2.675851345062255859e+00
-9.689935445785522461e-01
-2.437974214553833008e+00
-2.645806789398193359e+00
-3.460221529006958008e+00
-2.150711297988891602e+00
-1.914087057113647461e+00
-2.222673416137695312e+00
-3.009011983871459961e+00
-3.708731174468994141e+00
-1.892538666725158691e+00
-1.699668169021606445e+00
-3.058228969573974609e+00
-3.210569381713867188e+00
-2.162858724594116211e+00
-1.866997599601745605e+00
-2.911244869232177734e+00
-2.145686388015747070e+00
-1.713464379310607910e+00
-2.947084903717041016e+00
-2.793226480484008789e+00
-2.818803310394287109e+00
-2.414560317993164062e+00
-2.175610065460205078e+00
-3.065871715545654297e+00
-2.627835750579833984e+00
-2.498401165008544922e+00
-2.777049779891967773e+00
-1.639745593070983887e+00
-1.694545388221740723e+00
-2.930900812149047852e+00
-2.505778312683105469e+00
-3.245981693267822266e+00
-2.236406564712524414e+00
-1.076261520385742188e+00
-2.878501653671264648e+00
-2.241445541381835938e+00
-1.844721317291259766e+00
-3.076729774475097656e+00
-3.258630275726318359e+00
-3.364437341690063477e+00
-4.043714523315429688e+00
-2.158294439315795898e+00
-1.663110256195068359e+00
-1.771286249160766602e+00
-1.301635980606079102e+00
-2.211222887039184570e+00
-2.418890714645385742e+00
-1.213531970977783203e+00
-2.713888406753540039e+00
-1.294609665870666504e+00
-5.114771127700805664e-01
-2.570123195648193359e+00
-1.651798725128173828e+00
-2.204886913299560547e+00
-2.337401628494262695e+00
-1.546379446983337402e+00
-2.179458379745483398e+00
-7.709438204765319824e-01
-9.530450105667114258e-01
-1.071492910385131836e+00
-2.563077688217163086e+00
-1.849443614482879639e-01
-1.418207049369812012e+00
-1.160977721214294434e+00
-2.144427061080932617e+00
-1.106992840766906738e+00
-1.313683152198791504e+00
-2.488411664962768555e+00
-1.869103431701660156e+00
-2.476346790790557861e-01
-1.803858637809753418e+00
-2.143249511718750000e+00
-2.492546796798706055e+00
-1.051376819610595703e+00
-4.833095967769622803e-01
-2.890362501144409180e+00
-2.876863002777099609e+00
-2.744764089584350586e+00
-1.471392512321472168e+00
-1.463177204132080078e+00
-2.981184959411621094e+00
-1.448031663894653320e+00
-7.629840970039367676e-01
-1.571551084518432617e+00
-1.208173036575317383e+00
-2.736322402954101562e+00
-1.652135848999023438e+00
-1.593404531478881836e+00
-2.130388498306274414e+00
-2.228028059005737305e+00
-1.287696599960327148e+00
-2.078549623489379883e+00
-1.608337521553039551e+00
-3.267924070358276367e+00
-1.227953791618347168e+00
-3.643118858337402344e+00
-1.187037229537963867e+00
-2.600293397903442383e+00
-1.918787598609924316e+00
-1.712261080741882324e+00
-1.609768748283386230e+00
-3.035387754440307617e+00
-3.014444351196289062e+00
-1.145036220550537109e+00
-2.272981643676757812e+00
-2.857400417327880859e+00
-3.052829504013061523e+00
-1.415503144264221191e+00
-1.748887062072753906e+00
-2.827215909957885742e+00
-1.407868742942810059e+00
-2.758941411972045898e+00
-3.793074846267700195e+00
-1.091524481773376465e+00
-1.492224693298339844e+00
-1.741122364997863770e+00
-1.724328637123107910e+00
-2.887826681137084961e+00
-2.682254314422607422e+00
-7.517611384391784668e-01
-1.258953213691711426e+00
-3.383708715438842773e+00
-2.765342473983764648e+00
-3.671003103256225586e+00
-2.773337364196777344e+00
-2.232686758041381836e+00
-2.610591411590576172e+00
-1.576816201210021973e+00
-1.624894499778747559e+00
-2.591542005538940430e+00
-1.407768845558166504e+00
-1.350597381591796875e+00
-1.805895924568176270e+00
-2.616981267929077148e+00
-1.686874270439147949e+00
-1.616137266159057617e+00
-2.569070577621459961e+00
-2.819480895996093750e+00
-2.953427076339721680e+00
-2.345669507980346680e+00
-1.568724036216735840e+00
-2.050962448120117188e+00
-2.073971748352050781e+00
-2.464918136596679688e+00
-1.259933590888977051e+00
-3.008120536804199219e+00
-2.218776702880859375e+00
-6.815306544303894043e-01
-2.622756004333496094e+00
-2.282863378524780273e+00
-2.357959032058715820e+00
-2.836440801620483398e+00
-1.039429903030395508e+00
-2.681195497512817383e+00
-2.679569005966186523e+00
-2.753973960876464844e+00
-1.534344792366027832e+00
-6.976348161697387695e-01
-2.166066169738769531e+00
-2.234825611114501953e+00
-1.897111654281616211e+00
-1.662373423576354980e+00
-1.739420413970947266e+00
-2.363375902175903320e+00
-1.193386912345886230e+00
-2.983882427215576172e+00
-2.478541374206542969e+00
-2.116192579269409180e+00
-1.144319057464599609e+00
-2.279641628265380859e+00
-2.304501295089721680e+00
-1.989551186561584473e+00
-3.413222789764404297e+00
-3.220114946365356445e+00
-2.729458332061767578e+00
-2.712379217147827148e+00
-2.238595008850097656e+00
-3.812706708908081055e+00
-2.272728681564331055e+00
-3.521758079528808594e+00
-2.227676153182983398e+00
-2.496955156326293945e+00
-2.205883741378784180e+00
-3.312134504318237305e+00
-2.343376398086547852e+00
-2.337895631790161133e+00
-1.222239851951599121e+00
-2.286839246749877930e+00
-2.286239624023437500e+00
-2.485074520111083984e+00
-2.790677785873413086e+00
-2.009646415710449219e+00
-2.734233140945434570e+00
-1.555190682411193848e+00
-2.183451890945434570e+00
-2.205591917037963867e+00
-3.555423736572265625e+00
-1.650592684745788574e+00
-2.811598539352416992e+00
-2.657833099365234375e+00
-3.487295389175415039e+00
-2.725911378860473633e+00
-2.336612462997436523e+00
-2.164180040359497070e+00
-3.913289785385131836e+00
-3.085644245147705078e+00
-1.962397098541259766e+00
-2.919184446334838867e+00
-1.940495014190673828e+00
-1.401966691017150879e+00
-2.661108255386352539e+00
-1.661590814590454102e+00
-1.797098159790039062e+00
-1.250653266906738281e+00
-3.165355443954467773e+00
-2.325850486755371094e+00
-1.579097509384155273e+00
-1.880390405654907227e+00
-2.508153676986694336e+00
-2.241300821304321289e+00
-1.657618761062622070e+00
-1.470748066902160645e+00
-2.353461742401123047e+00
-1.950937151908874512e+00
-2.146833181381225586e+00
-2.726938486099243164e+00
-1.246501803398132324e+00
-1.865622520446777344e+00
-2.440372467041015625e+00
-2.714383602142333984e+00
-2.549289941787719727e+00
-1.529582023620605469e+00
-2.228162050247192383e+00
-1.957978725433349609e+00
-2.195315599441528320e+00
-1.072854876518249512e+00
-7.066794037818908691e-01
-1.878688216209411621e+00
-3.436558723449707031e+00
-2.177272319793701172e+00
-1.398572206497192383e+00
-2.012828588485717773e+00
-2.303006410598754883e+00
-2.991348266601562500e+00
-2.710673570632934570e+00
-1.578301072120666504e+00
-8.985908627510070801e-01
-2.668470621109008789e+00
-2.264688014984130859e+00
-2.574753284454345703e+00
-2.827129364013671875e+00
-2.543053150177001953e+00
-1.375660538673400879e+00
-2.265599250793457031e+00
-2.367311239242553711e+00
-2.783169269561767578e+00
-3.516092538833618164e+00
-1.886390686035156250e+00
-1.835939288139343262e+00
-1.850781679153442383e+00
-2.828073263168334961e+00
-3.061812400817871094e+00
-2.345623493194580078e+00
-3.260104894638061523e+00
-3.207080841064453125e+00
-1.663162231445312500e+00
-2.089733123779296875e+00
-2.600843429565429688e+00
-2.810901165008544922e+00
-3.345517158508300781e+00
-2.363627195358276367e+00
-3.128948211669921875e+00
-3.095056772232055664e+00
-2.386272430419921875e+00
-2.752507925033569336e+00
-2.766861438751220703e+00
-2.153144836425781250e+00
-3.007502794265747070e+00
-2.967826604843139648e+00
-4.181291103363037109e+00
-2.294214010238647461e+00
-2.751493453979492188e+00
-3.964114665985107422e+00
-3.804795026779174805e+00
-4.002422332763671875e+00
-2.430651426315307617e+00
-1.952910661697387695e+00
-1.911565184593200684e+00
-3.928231000900268555e+00
-4.334195613861083984e+00
-2.387478351593017578e+00
-1.979831695556640625e+00
-3.386981964111328125e+00
-4.015623569488525391e+00
-3.100047826766967773e+00
-3.097404718399047852e+00
-2.439698457717895508e+00
-9.283112883567810059e-01
-1.981772541999816895e+00
-2.122947275638580322e-01
-1.606286883354187012e+00
-2.742651939392089844e+00
-1.435598254203796387e+00
-2.102797031402587891e+00
-2.058320999145507812e+00
-2.239212989807128906e+00
-1.662004470825195312e+00
-1.706762909889221191e+00
-2.560483455657958984e+00
-9.493904113769531250e-01
-1.180967330932617188e+00
-1.312729954719543457e+00
-1.830928206443786621e+00
-2.560128927230834961e+00
-1.940469026565551758e+00
-7.833214998245239258e-01
-3.255661010742187500e+00
-1.556919217109680176e+00
-2.439132690429687500e+00
-2.175645351409912109e+00
-9.753494709730148315e-02
-3.013291597366333008e+00
-1.750276923179626465e+00
-6.715280413627624512e-01
-3.184314727783203125e+00
-7.534700632095336914e-01
-1.742640972137451172e+00
-1.865780949592590332e+00
-1.361340165138244629e+00
-2.095312118530273438e+00
-1.194713711738586426e+00
-2.134574651718139648e+00
-2.418420076370239258e+00
-1.887700796127319336e+00
-2.409950017929077148e+00
-1.323995113372802734e+00
-1.797333478927612305e+00
-1.769834041595458984e+00
-2.195402145385742188e+00
-2.204311847686767578e+00
-4.469572603702545166e-01
1.834670007228851318e-01
1.093871816992759705e-01
-1.601931095123291016e+00
-1.760408163070678711e+00
5.084680318832397461e-01
-2.955174744129180908e-01
-1.548927187919616699e+00
-2.450357437133789062e+00
-2.555533647537231445e-01
-9.415869712829589844e-01
-1.287527799606323242e+00
-1.743242383003234863e+00
-8.518392443656921387e-01
-1.202439069747924805e+00
-1.701075911521911621e+00
-8.715028166770935059e-01
2.454682067036628723e-02
-7.798679471015930176e-01
-2.366965770721435547e+00
-1.034119725227355957e+00
-7.981809973716735840e-01
-1.604022622108459473e+00
-8.839053511619567871e-01
-3.320010006427764893e-01
-1.289168477058410645e+00
-2.147818088531494141e+00
-7.347325086593627930e-01
-1.367621541023254395e+00
-2.278271436691284180e+00
-1.387745499610900879e+00
-2.659740209579467773e+00
-1.695614576339721680e+00
-2.056867480278015137e-01
-1.575125694274902344e+00
-1.707635164260864258e+00
-1.834463357925415039e+00
-1.347726821899414062e+00
-1.747605562210083008e+00
-1.126071691513061523e+00
-9.912925362586975098e-01
-1.378302216529846191e+00
-2.186143159866333008e+00
-1.351583480834960938e+00
-4.471210539340972900e-01
-1.067241907119750977e+00
3.565279841423034668e-01
-8.572240471839904785e-01
-2.468670845031738281e+00
-1.130224466323852539e+00
-1.467153429985046387e+00
-1.067287802696228027e+00
-1.787843704223632812e+00
-2.493128299713134766e+00
-9.749867320060729980e-01
-2.397264957427978516e+00
-1.453831315040588379e+00
-2.182678222656250000e+00
-1.523244142532348633e+00
-3.234145402908325195e+00
-1.072360396385192871e+00
-1.520448923110961914e+00
-1.202468872070312500e+00
-9.210547208786010742e-01
-2.572031259536743164e+00
-1.336934566497802734e+00
-1.398198366165161133e+00
-1.002788186073303223e+00
-2.702700376510620117e+00
-2.288006544113159180e+00
-1.804170370101928711e+00
-1.327862262725830078e+00
-2.243921279907226562e+00
-2.343203783035278320e+00
-2.356053829193115234e+00
-1.492185592651367188e+00
-1.634371161460876465e+00
-2.108645439147949219e+00
-2.463265419006347656e+00
-1.047130227088928223e+00
-2.530628919601440430e+00
-1.842864274978637695e+00
-2.221111774444580078e+00
-2.776579141616821289e+00
-2.634640693664550781e+00
-3.049645900726318359e+00
-2.797091722488403320e+00
-2.330455303192138672e+00
-2.218612194061279297e+00
-1.297872543334960938e+00
-3.782212257385253906e+00
-2.438039541244506836e+00
-2.565158843994140625e+00
-2.290610074996948242e+00
-2.429513216018676758e+00
-2.455223798751831055e+00
-2.349432706832885742e+00
-1.749174952507019043e+00
-2.612280607223510742e+00
-5.326651334762573242e-01
-1.563697576522827148e+00
-8.175580501556396484e-01
-2.256852626800537109e+00
-1.881350517272949219e+00
-2.306809186935424805e+00
-3.520072698593139648e+00
-3.925602912902832031e+00
-3.052149057388305664e+00
-4.626708507537841797e+00
-3.073626041412353516e+00
-1.979058980941772461e+00
-2.165755271911621094e+00
-2.697125673294067383e+00
-1.257014870643615723e+00
-4.167786598205566406e+00
-2.635195016860961914e+00
-2.725809574127197266e+00
-2.375054836273193359e+00
-2.460841894149780273e+00
-2.725780725479125977e+00
-2.481808423995971680e+00
-2.401376962661743164e+00
-2.269706249237060547e+00
-2.959454536437988281e+00
-1.821303129196166992e+00
-3.339136362075805664e+00
-1.702200055122375488e+00
-3.232805728912353516e+00
-9.664349555969238281e-01
-2.172483444213867188e+00
-1.743668198585510254e+00
-2.568873643875122070e+00
-3.217233180999755859e+00
-2.632763862609863281e+00
-3.126873731613159180e+00
-1.859296321868896484e+00
-3.465094804763793945e+00
-2.645394325256347656e+00
-2.260604143142700195e+00
-2.529902219772338867e+00
-2.621372461318969727e+00
-2.469669342041015625e+00
-2.918869018554687500e+00
-5.843904018402099609e-01
-5.608063340187072754e-01
-2.366849660873413086e+00
-2.846067667007446289e+00
-1.730483531951904297e+00
-2.574229478836059570e+00
-2.281459808349609375e+00
-3.101082801818847656e+00
-2.566677808761596680e+00
-3.402611494064331055e+00
-2.351557731628417969e+00
-2.420788764953613281e+00
-2.987677574157714844e+00
-2.382874250411987305e+00
-2.532851696014404297e+00
-3.156458139419555664e+00
-1.470674991607666016e+00
-1.965816140174865723e+00
-3.036701440811157227e+00
-2.616421461105346680e+00
-1.379783153533935547e+00
-2.168530702590942383e+00
-3.686872243881225586e+00
-2.317745685577392578e+00
-7.492038607597351074e-01
-2.641630411148071289e+00
-2.534595489501953125e+00
-1.227944493293762207e+00
-3.878684043884277344e+00
-3.422093152999877930e+00
-3.643770456314086914e+00
-1.513423562049865723e+00
-2.698747158050537109e+00
-3.842268884181976318e-01
-1.674759864807128906e+00
-2.860154390335083008e+00
-1.446132183074951172e+00
-2.311757802963256836e+00
-8.553771376609802246e-01
-3.730860948562622070e+00
-3.868018388748168945e+00
-2.628373861312866211e+00
-1.763734817504882812e+00
-2.826137781143188477e+00
-2.889992237091064453e+00
-2.976639270782470703e+00
-1.871003866195678711e+00
-2.302622079849243164e+00
-2.644331693649291992e+00
-1.829180479049682617e+00
-2.650975227355957031e+00
-1.495956063270568848e+00
-2.718498945236206055e+00
-2.063306331634521484e+00
-2.256587743759155273e+00
-1.784692049026489258e+00
-2.765677928924560547e+00
-3.430959701538085938e+00
-3.286468505859375000e+00
-2.304597616195678711e+00
-2.786999940872192383e+00
-1.750701427459716797e+00
-1.970835328102111816e+00
-3.219262838363647461e+00
-1.686513423919677734e+00
-2.831187009811401367e+00
-3.477293252944946289e+00
-2.572584867477416992e+00
-2.167073249816894531e+00
-1.833384633064270020e+00
-3.153614282608032227e+00
-3.261695861816406250e+00
-2.345178604125976562e+00
-1.100924849510192871e+00
-4.347676038742065430e-01
-1.880393981933593750e+00
-3.362354993820190430e+00
-2.835306167602539062e+00
-2.709929227828979492e+00
-1.353729605674743652e+00
-2.971843719482421875e+00
-2.836413860321044922e+00
-2.139327049255371094e+00
-3.272246122360229492e+00
-2.516049623489379883e+00
-1.461448431015014648e+00
-2.649194240570068359e+00
-2.714034557342529297e+00
-2.354417324066162109e+00
-3.162233591079711914e+00
-2.942513704299926758e+00
-1.766402602195739746e+00
-2.669039011001586914e+00
-3.238219976425170898e+00
-3.124906539916992188e+00
-3.492280721664428711e+00
-3.968353986740112305e+00
-3.768325805664062500e+00
-1.621342658996582031e+00
-3.258926868438720703e+00
-2.403347492218017578e+00
-2.752621173858642578e+00
-1.494327187538146973e+00
-3.648942708969116211e+00
-2.804749965667724609e+00
-2.306377410888671875e+00
-1.972961068153381348e+00
-2.941996097564697266e+00
-1.765212655067443848e+00
-2.622424840927124023e+00
-1.457455873489379883e+00
-2.180808782577514648e+00
-2.554523706436157227e+00
-2.556107044219970703e+00
-3.397080898284912109e+00
-3.709872961044311523e+00
-1.244179725646972656e+00
-1.099460482597351074e+00
-1.943498253822326660e+00
-3.762921094894409180e+00
-1.706932902336120605e+00
-1.852194309234619141e+00
-3.583011865615844727e+00
-2.250608682632446289e+00
-3.005609512329101562e+00
-3.653356075286865234e+00
-2.632761240005493164e+00
-2.344371318817138672e+00
-2.959733963012695312e+00
-1.821721076965332031e+00
-3.268380403518676758e+00
-2.450882434844970703e+00
-2.147728443145751953e+00
-2.038887023925781250e+00
-2.550434589385986328e+00
-3.141711711883544922e+00
-3.499538898468017578e+00
-1.762452244758605957e+00
-2.513331890106201172e+00
-4.125633239746093750e+00
-2.076865434646606445e+00
-3.507207870483398438e+00
-3.395041704177856445e+00
-4.170948982238769531e+00
-1.939983725547790527e+00
-2.711798191070556641e+00
-2.893905878067016602e+00
-3.401475191116333008e+00
-2.690757274627685547e+00
-2.537974357604980469e+00
-2.986187219619750977e+00
-2.610572576522827148e+00
-3.843988180160522461e+00
-1.731837272644042969e+00
-2.764606952667236328e+00
-3.467065811157226562e+00
-2.322186231613159180e+00
-1.830563306808471680e+00
-2.315552711486816406e+00
-2.851541280746459961e+00
-2.627750158309936523e+00
-3.316389322280883789e+00
-1.702912449836730957e+00
-2.776418685913085938e+00
-2.022052049636840820e+00
-3.035421848297119141e+00
-1.448740124702453613e+00
-1.485095977783203125e+00
-2.323338508605957031e+00
-1.400795102119445801e+00
-4.081728458404541016e+00
-3.122648954391479492e+00
-1.696469545364379883e+00
-2.917349338531494141e+00
-2.452528238296508789e+00
-2.072003364562988281e+00
-1.269032835960388184e+00
-1.613381743431091309e+00
-1.089597105979919434e+00
-1.959522843360900879e+00
-2.196141719818115234e+00
-1.350671887397766113e+00
-2.884280681610107422e+00
-3.417080879211425781e+00
-3.047139644622802734e+00
-1.215968132019042969e+00
-2.355472564697265625e+00
-2.588149547576904297e+00
-1.825209140777587891e+00
-3.237029552459716797e+00
-3.365961790084838867e+00
-2.716281414031982422e+00
-3.117759943008422852e+00
-1.772569417953491211e+00
-1.658277153968811035e+00
-2.151105403900146484e+00
-2.573331356048583984e+00
-1.294805884361267090e+00
-2.279251098632812500e+00
-2.923576593399047852e+00
-2.197463750839233398e+00
-3.442801713943481445e+00
-3.169025659561157227e+00
-1.835178494453430176e+00
-2.459611892700195312e+00
-4.233514964580535889e-01
-2.382896661758422852e+00
-2.456034421920776367e+00
-2.852406263351440430e+00
-4.149941921234130859e+00
-2.107081413269042969e+00
-2.437720775604248047e+00
-3.896854639053344727e+00
-1.221440672874450684e+00
-2.471379518508911133e+00
-2.846084833145141602e+00
-2.228704452514648438e+00
-5.544455647468566895e-01
-2.991153001785278320e+00
-3.938318490982055664e+00
-1.813134312629699707e+00
-2.200122833251953125e+00
-2.260014295578002930e+00
-2.426932573318481445e+00
-2.270511150360107422e+00
-1.946342468261718750e+00
-2.388273477554321289e+00
-2.613361120223999023e+00
-2.405718564987182617e+00
-3.268285274505615234e+00
-2.777436494827270508e+00
-1.853087544441223145e+00
-2.614911556243896484e+00
-2.307571649551391602e+00
-2.992620229721069336e+00
-2.781772375106811523e+00
-2.307422399520874023e+00
-1.171548247337341309e+00
-2.045942068099975586e+00
-1.210837125778198242e+00
-2.521923065185546875e+00
-2.696456193923950195e+00
-2.896944761276245117e+00
-2.817961931228637695e+00
-2.568329334259033203e+00
-3.328167915344238281e+00
-1.882738471031188965e+00
-3.487955808639526367e+00
-2.325283527374267578e+00
-1.546012997627258301e+00
-2.201949834823608398e+00
-2.147227525711059570e+00
-2.617460727691650391e+00
-3.873675107955932617e+00
-2.524042367935180664e+00
-2.723003864288330078e+00
-2.648554086685180664e+00
-2.776666402816772461e+00
-1.759458184242248535e+00
-8.396905660629272461e-01
-1.752582669258117676e+00
-2.943947553634643555e+00
-2.935083866119384766e+00
-1.171541213989257812e+00
-3.381004095077514648e+00
-3.261349916458129883e+00
-2.939804077148437500e+00
-2.770153522491455078e+00
-2.674131870269775391e+00
-2.839186668395996094e+00
-4.327062606811523438e+00
-1.442992687225341797e+00
-2.227280855178833008e+00
-1.576743602752685547e+00
-2.873793125152587891e+00
-4.019651889801025391e+00
-3.318325519561767578e+00
-3.489956617355346680e+00
-2.167672872543334961e+00
-1.511602044105529785e+00
-2.724846363067626953e+00
-2.334980964660644531e+00
-2.290597200393676758e+00
-4.147275924682617188e+00
-3.127508640289306641e+00
-4.059224605560302734e+00
-1.958212256431579590e+00
-3.894681930541992188e+00
-4.131481170654296875e+00
-1.138146877288818359e+00
-2.545981168746948242e+00
-3.354356050491333008e+00
-3.381754159927368164e+00
-2.779667854309082031e+00
-3.415299415588378906e+00
-3.611463308334350586e+00
-2.852387189865112305e+00
-2.586561441421508789e+00
-3.172034502029418945e+00
-2.400500059127807617e+00
-2.320516109466552734e+00
-2.047776222229003906e+00
-1.915446281433105469e+00
-3.889661788940429688e+00
-2.225427627563476562e+00
-3.343509197235107422e+00
-3.646773576736450195e+00
-1.866095662117004395e+00
-2.982781648635864258e+00
-1.375430941581726074e+00
-2.149109363555908203e+00
-3.436576366424560547e+00
-2.703360319137573242e+00
-1.305995106697082520e+00
-2.318813800811767578e+00
-3.585653543472290039e+00
-2.137683391571044922e+00
-3.284357786178588867e+00
-1.497348308563232422e+00
-3.056638717651367188e+00
-2.502980709075927734e+00
-2.908777236938476562e+00
-1.255311608314514160e+00
-2.483427286148071289e+00
-1.257247805595397949e+00
-3.094269990921020508e+00
-3.324342489242553711e+00
-2.227797508239746094e+00
-2.289114952087402344e+00
-3.403059005737304688e+00
-3.378142595291137695e+00
-2.295703649520874023e+00
-3.098984241485595703e+00
-8.147937059402465820e-01
-3.262710332870483398e+00
-2.718317270278930664e+00
-3.320518016815185547e+00
-3.045588970184326172e+00
-3.184555530548095703e+00
-3.278692007064819336e+00
-1.780671954154968262e+00
-2.844715356826782227e+00
-1.404436469078063965e+00
-2.644431352615356445e+00
-3.340641021728515625e+00
-3.474460124969482422e+00
-2.580474853515625000e+00
-4.135126590728759766e+00
-3.204349994659423828e+00
-2.141659736633300781e+00
-2.449564933776855469e+00
-1.636108994483947754e+00
-2.569633245468139648e+00
-2.280776023864746094e+00
-3.048858165740966797e+00
-3.264307260513305664e+00
-3.607616186141967773e+00
-3.835526466369628906e+00
-2.550960540771484375e+00
-1.483031153678894043e+00
-3.114313840866088867e+00
-2.684083938598632812e+00
-3.136551618576049805e+00
-2.406125307083129883e+00
-2.395476341247558594e+00
-2.574356555938720703e+00
-2.450509309768676758e+00
-1.603071331977844238e+00
-2.530699253082275391e+00
-3.063182830810546875e+00
-2.659077405929565430e+00
-2.150619268417358398e+00
-2.888718843460083008e+00
-6.435378193855285645e-01
-2.856866121292114258e+00
-3.379549264907836914e+00
-1.498278856277465820e+00
-2.869016647338867188e+00
-2.422428131103515625e+00
-2.827735662460327148e+00
-1.663724303245544434e+00
-2.855434417724609375e+00
-2.207295656204223633e+00
-2.049372911453247070e+00
-1.923820972442626953e+00
-2.295835971832275391e+00
-1.821203947067260742e+00
-8.150194883346557617e-01
-2.795059919357299805e+00
-3.339730501174926758e+00
-3.554616689682006836e+00
-3.502049207687377930e+00
-3.196261644363403320e+00
-3.030049085617065430e+00
-3.330544471740722656e+00
-2.088199615478515625e+00
-2.006486892700195312e+00
-3.431891202926635742e+00
-2.201080322265625000e+00
-2.604911088943481445e+00
-2.085647344589233398e+00
-3.153932332992553711e+00
-2.803926944732666016e+00
-3.526791334152221680e+00
-1.596134781837463379e+00
-3.175752162933349609e+00
-2.779379606246948242e+00
-1.002072811126708984e+00
-3.237751960754394531e+00
-3.461424827575683594e+00
-3.684330701828002930e+00
-1.926849484443664551e+00
-2.136300325393676758e+00
-3.337362766265869141e+00
-2.446900129318237305e+00
-9.408441185951232910e-01
-1.208183646202087402e+00
-2.569608449935913086e+00
-3.364229202270507812e+00
-2.295033931732177734e+00
-2.772211551666259766e+00
-1.785671949386596680e+00
-1.414958000183105469e+00
-3.031205177307128906e+00
-3.838461399078369141e+00
-7.197330594062805176e-01
-2.091022014617919922e+00
-2.959657907485961914e+00
-2.624943017959594727e+00
-2.066097259521484375e+00
-1.479840278625488281e+00
-6.070516109466552734e-01
-3.086549520492553711e+00
-2.337105274200439453e+00
-2.423191308975219727e+00
-1.863916993141174316e+00
-2.093956232070922852e+00
-2.701923131942749023e+00
-1.778508543968200684e+00
-1.528530359268188477e+00
-2.789272069931030273e+00
-2.409245729446411133e+00
-2.444105863571166992e+00
-2.185064554214477539e+00
-2.481954813003540039e+00
-3.305180788040161133e+00
-2.689048528671264648e+00
-2.762315034866333008e+00
-2.655519247055053711e+00
-2.737026929855346680e+00
-4.205514788627624512e-01
-2.247541189193725586e+00
-3.532023191452026367e+00
-2.667808532714843750e+00
-3.049829244613647461e+00
-2.819991350173950195e+00
-4.466601371765136719e+00
-3.784987688064575195e+00
-4.277516841888427734e+00
-2.374961614608764648e+00
-2.221032857894897461e+00
-4.257197380065917969e+00
-4.263754367828369141e+00
-3.746899127960205078e+00
-2.732448816299438477e+00
-4.092138290405273438e+00
-3.090310573577880859e+00
-1.549340605735778809e+00
-3.005132436752319336e+00
-4.604458332061767578e+00
-3.325829029083251953e+00
-2.184553384780883789e+00
-1.280897974967956543e+00
-3.541246652603149414e+00
-3.149836063385009766e+00
-1.884015202522277832e+00
-2.240069627761840820e+00
-2.722923517227172852e+00
-2.933186769485473633e+00
-2.996326684951782227e+00
-1.017944574356079102e+00
-3.215687513351440430e+00
-1.183977365493774414e+00
-2.849483728408813477e+00
-1.859140038490295410e+00
-2.879507541656494141e-01
-2.092901468276977539e+00
-1.069483757019042969e+00
-2.062360763549804688e+00
-2.878023624420166016e+00
-9.864408373832702637e-01
-2.177041530609130859e+00
-1.789354801177978516e+00
-2.715781450271606445e+00
-4.786470532417297363e-01
-3.868975043296813965e-01
-2.588027000427246094e+00
-2.575623035430908203e+00
-1.628270149230957031e+00
-2.531531572341918945e+00
7.967277616262435913e-02
-1.972341299057006836e+00
-8.429520130157470703e-01
-3.058824539184570312e+00
-2.375950098037719727e+00
-1.495683670043945312e+00
-1.951358437538146973e+00
-1.133598208427429199e+00
-1.804142475128173828e+00
-2.696342945098876953e+00
-1.553852319717407227e+00
-2.623489379882812500e+00
-1.723234176635742188e+00
-2.441008806228637695e+00
-8.323838561773300171e-02
-1.329000949859619141e+00
-9.183750748634338379e-01
-2.752160549163818359e+00
-2.344143867492675781e+00
-2.150896549224853516e+00
-2.502609014511108398e+00
-4.179179191589355469e+00
-1.970211386680603027e+00
-3.081937551498413086e+00
-2.926028966903686523e+00
-2.658769607543945312e+00
-2.688581228256225586e+00
-1.683107137680053711e+00
-3.397356510162353516e+00
-2.464446544647216797e+00
-6.373460888862609863e-01
-4.051669597625732422e+00
-1.986178159713745117e+00
-3.481347322463989258e+00
-1.114982247352600098e+00
-3.822423219680786133e+00
-2.123250007629394531e+00
-2.848829507827758789e+00
-2.242819070816040039e+00
-2.839270830154418945e+00
-1.682831645011901855e+00
-1.380287647247314453e+00
-2.104668617248535156e+00
-3.149145841598510742e+00
-2.575620174407958984e+00
-1.548997879028320312e+00
-8.597632050514221191e-01
-1.824276208877563477e+00
-2.111086606979370117e+00
-2.561565160751342773e+00
-1.575261831283569336e+00
-1.993877053260803223e+00
-8.462973237037658691e-01
-3.386173963546752930e+00
-1.499002575874328613e+00
-2.214242696762084961e+00
-1.729598641395568848e+00
-1.413986682891845703e+00
-1.028573632240295410e+00
-2.873275518417358398e+00
-2.449914216995239258e+00
-2.477120399475097656e+00
-4.521474540233612061e-01
-1.187527418136596680e+00
-1.334946155548095703e+00
-1.506137967109680176e+00
-1.996905088424682617e+00
-2.240104913711547852e+00
-1.644726872444152832e+00
-7.801740169525146484e-01
-1.031018137931823730e+00
-1.470312118530273438e+00
-2.161971807479858398e+00
-1.746075630187988281e+00
-1.196278095245361328e+00
-2.124223232269287109e+00
-2.884443998336791992e+00
-2.623158693313598633e+00
-1.539163231849670410e+00
-2.921451568603515625e+00
-1.123458027839660645e+00
-2.043439865112304688e+00
-4.888833761215209961e-01
-2.129002571105957031e+00
-3.406888484954833984e+00
-2.113223791122436523e+00
-7.193587422370910645e-01
-2.269350528717041016e+00
-2.766146659851074219e+00
-1.578985691070556641e+00
-1.369187474250793457e+00
-2.925339221954345703e+00
-2.521554470062255859e+00
-2.619593143463134766e+00
-1.390240550041198730e+00
-2.234943866729736328e+00
-2.188621520996093750e+00
-1.485903382301330566e+00
-2.192893981933593750e+00
-3.335492372512817383e+00
-2.309630870819091797e+00
-1.486942052841186523e+00
-1.485594153404235840e+00
-2.302317380905151367e+00
-1.443819761276245117e+00
-2.423253774642944336e+00
-1.988320231437683105e+00
-1.630193233489990234e+00
-1.737433195114135742e+00
-2.038532733917236328e+00
-1.704508185386657715e+00
-1.935294151306152344e+00
-3.418400526046752930e+00
-3.086439847946166992e+00
-2.967788219451904297e+00
-3.234552860260009766e+00
-1.855309963226318359e+00
-3.372407674789428711e+00
-1.646630883216857910e+00
-2.900838136672973633e+00
-3.436097383499145508e+00
-2.741791009902954102e+00
-3.303189039230346680e+00
-1.908290743827819824e+00
-2.763935089111328125e+00
-2.916358232498168945e+00
-1.430273294448852539e+00
-2.578068017959594727e+00
-1.834286332130432129e+00
-8.050035834312438965e-01
-3.155474185943603516e+00
-1.305392503738403320e+00
-2.290578126907348633e+00
-1.949186205863952637e+00
-1.667077898979187012e+00
-2.137819051742553711e+00
-1.540280580520629883e+00
-2.681773662567138672e+00
-2.048865318298339844e+00
-5.026018023490905762e-01
-3.186580419540405273e+00
-2.622032642364501953e+00
-2.220710515975952148e+00
-2.703258514404296875e+00
-1.508689522743225098e+00
-1.402816534042358398e+00
-1.459472298622131348e+00
-2.501960754394531250e+00
-2.542468547821044922e+00
-2.192732810974121094e+00
-1.160906791687011719e+00
-3.385578393936157227e+00
-3.523239135742187500e+00
-2.790390729904174805e+00
-1.224355101585388184e+00
-1.664010405540466309e+00
-1.601112604141235352e+00
-2.371056556701660156e+00
-1.597977280616760254e+00
-2.338768243789672852e+00
-1.196317076683044434e+00
-2.429621219635009766e+00
-2.449068784713745117e+00
-1.960383772850036621e+00
-3.300452709197998047e+00
-1.448618054389953613e+00
-1.680209636688232422e+00
-2.674609661102294922e+00
-2.754453420639038086e+00
-3.346333980560302734e+00
-2.571564197540283203e+00
-3.490023612976074219e+00
-2.913729906082153320e+00
-2.233927249908447266e+00
-1.209574937820434570e+00
-2.345426321029663086e+00
-3.688806295394897461e+00
-3.937041282653808594e+00
-2.119121313095092773e+00
-2.118429183959960938e+00
-2.651116847991943359e+00
-2.997224807739257812e+00
-2.042712926864624023e+00
-2.092094898223876953e+00
-1.652567744255065918e+00
-3.104689359664916992e+00
-2.309254884719848633e+00
-2.855952024459838867e+00
-2.540505647659301758e+00
-2.478543996810913086e+00
-2.093497753143310547e+00
-2.844406604766845703e+00
-2.493659257888793945e+00
-2.500464200973510742e+00
-2.523252725601196289e+00
-3.012048721313476562e+00
-2.481941938400268555e+00
-2.267075061798095703e+00
-1.919957160949707031e+00
-4.007201194763183594e+00
-3.073775529861450195e+00
-8.882265090942382812e-01
-2.096583604812622070e+00
-2.101576328277587891e+00
-3.552075862884521484e+00
-2.509343147277832031e+00
-1.466491818428039551e+00
-2.521368980407714844e+00
-1.712598681449890137e+00
-2.512656211853027344e+00
-2.397005796432495117e+00
-3.151462554931640625e+00
-2.767505884170532227e+00
-2.159850597381591797e+00
-1.267428040504455566e+00
-2.950544118881225586e+00
-3.015208721160888672e+00
-2.045284509658813477e+00
-2.574390411376953125e+00
-2.073362588882446289e+00
-1.732793927192687988e+00
-4.044896602630615234e+00
-2.673473834991455078e+00
-4.177212715148925781e+00
-2.297176599502563477e+00
-3.095754384994506836e+00
-2.692663192749023438e+00
-2.962678909301757812e+00
-3.095875024795532227e+00
-2.676577329635620117e+00
-2.183659076690673828e+00
-2.898171186447143555e+00
-3.422130823135375977e+00
-3.800807714462280273e+00
-1.122522234916687012e+00
-1.602497339248657227e+00
-2.819353580474853516e+00
-3.166285276412963867e+00
-1.101740360260009766e+00
-2.934643268585205078e+00
-2.539766073226928711e+00
-8.780528306961059570e-01
-2.094090700149536133e+00
-1.089401602745056152e+00
-8.295801281929016113e-01
-1.977682709693908691e+00
-1.408896327018737793e+00
-1.583423495292663574e+00
-2.408222675323486328e+00
-2.117811441421508789e+00
-1.167768120765686035e+00
-2.472646951675415039e+00
-2.106581449508666992e+00
-1.119424343109130859e+00
-1.031501889228820801e+00
-3.199440956115722656e+00
-5.109894871711730957e-01
-1.420509099960327148e+00
-1.577572226524353027e+00
-2.422166109085083008e+00
-1.992902994155883789e+00
-1.820144414901733398e+00
-1.433099150657653809e+00
-2.048678874969482422e+00
-2.347617864608764648e+00
-1.277010560035705566e+00
-7.511174678802490234e-02
-2.753253936767578125e+00
-1.687959909439086914e+00
-4.540339708328247070e-01
-2.006002902984619141e+00
-1.847003221511840820e+00
-1.895791888236999512e+00
-1.556063890457153320e+00
-3.220005273818969727e+00
-2.770041465759277344e+00
-1.076118230819702148e+00
-2.341344356536865234e+00
-2.493376493453979492e+00
-1.770039796829223633e+00
-2.175482273101806641e+00
-2.275689363479614258e+00
-2.443035364151000977e+00
-3.558888435363769531e+00
-2.849159955978393555e+00
-7.658948898315429688e-01
-1.987400412559509277e+00
-3.946177721023559570e+00
-2.136991262435913086e+00
-1.475419878959655762e+00
-1.125275731086730957e+00
-3.491255998611450195e+00
-1.137401700019836426e+00
-2.793262720108032227e+00
-2.538393974304199219e+00
-3.255360603332519531e+00
-2.002792358398437500e+00
-2.230412483215332031e+00
-1.320448875427246094e+00
-2.180096626281738281e+00
-2.429459333419799805e+00
-1.025697708129882812e+00
-2.243827819824218750e+00
-2.795245409011840820e+00
-3.207355260848999023e+00
-1.472138047218322754e+00
-1.786955356597900391e+00
-2.465204954147338867e+00
-2.075059175491333008e+00
-1.896812319755554199e+00
-1.088446378707885742e+00
-3.364468097686767578e+00
-2.094238281250000000e+00
-2.317709207534790039e+00
-2.677018165588378906e+00
-3.313568115234375000e+00
-2.853547811508178711e+00
-2.477610349655151367e+00
-1.813950300216674805e+00
-1.061899423599243164e+00
-1.535486221313476562e+00
-6.012873649597167969e-01
-8.332951068878173828e-01
-2.862802028656005859e+00
-1.310998797416687012e+00
-1.685221552848815918e+00
-2.593909740447998047e+00
-1.772954463958740234e+00
-1.936460137367248535e+00
-2.086670398712158203e+00
-1.730562448501586914e+00
-1.957481980323791504e+00
-1.721745729446411133e+00
-9.798080325126647949e-01
-1.106981337070465088e-01
-1.968326210975646973e+00
-2.637995719909667969e+00
-9.666668176651000977e-01
-1.498793244361877441e+00
-3.371081113815307617e+00
-1.898676276206970215e+00
-2.710294246673583984e+00
-2.060723781585693359e+00
-3.370820999145507812e+00
-1.772859215736389160e+00
-2.132110357284545898e+00
-1.386618256568908691e+00
-2.510397434234619141e+00
-2.857455730438232422e+00
-2.702549695968627930e+00
-2.243293672800064087e-01
-1.680511116981506348e+00
-3.611165285110473633e+00
-1.889460444450378418e+00
-2.660086393356323242e+00
-1.544719696044921875e+00
-2.792485952377319336e+00
-1.197454452514648438e+00
-1.189584136009216309e+00
-1.530619263648986816e+00
-3.274727344512939453e+00
-1.372746825218200684e+00
-1.705928206443786621e+00
-2.516207218170166016e+00
-2.422681808471679688e+00
-6.451168656349182129e-01
-6.605399847030639648e-01
-2.554576396942138672e+00
-9.663585424423217773e-01
-2.475284099578857422e+00
-2.230174541473388672e+00
-1.619835019111633301e+00
-1.260247468948364258e+00
-2.157637923955917358e-01
-1.170218348503112793e+00
-2.915935516357421875e+00
-2.014266967773437500e+00
-1.215090870857238770e+00
-1.832547187805175781e+00
-2.112550258636474609e+00
-2.695119619369506836e+00
-1.966062664985656738e+00
-1.786595463752746582e+00
-2.284724235534667969e+00
-2.774306535720825195e+00
-2.876534223556518555e+00
-1.872885465621948242e+00
-2.449704647064208984e+00
-2.580643177032470703e+00
-2.787117719650268555e+00
-2.394271612167358398e+00
-2.831965446472167969e+00
-2.417412281036376953e+00
-2.502415657043457031e+00
-2.121436834335327148e+00
-1.308193802833557129e+00
-2.573691844940185547e+00
-3.769019603729248047e+00
-2.884040832519531250e+00
-2.304789781570434570e+00
-1.787934422492980957e+00
-3.871411085128784180e+00
-3.496337652206420898e+00
-3.262547969818115234e+00
-3.429804801940917969e+00
-2.865310907363891602e+00
-2.726557731628417969e+00
-2.505539894104003906e+00
-7.810555696487426758e-01
-1.828935384750366211e+00
-2.822351932525634766e+00
-2.477833032608032227e+00
-2.235837221145629883e+00
-1.377077698707580566e+00
-1.316631793975830078e+00
-2.601094007492065430e+00
-3.794832706451416016e+00
-2.738048791885375977e+00
-2.616222858428955078e+00
-3.068895339965820312e+00
-3.007481098175048828e+00
-3.181064605712890625e+00
-2.097053766250610352e+00
-1.936398863792419434e+00
-1.995911478996276855e+00
-2.265127420425415039e+00
-2.040165185928344727e+00
-3.334235668182373047e+00
-3.172083854675292969e+00
-1.573210716247558594e+00
-1.797542214393615723e+00
-3.185987949371337891e+00
-2.678879022598266602e+00
-2.293473482131958008e+00
-3.288349390029907227e+00
-2.992832899093627930e+00
-2.387042999267578125e+00
-1.984256505966186523e+00
-9.320523142814636230e-01
-3.623913764953613281e+00
-2.736179113388061523e+00
-2.850471258163452148e+00
-2.465703964233398438e+00
-2.974935770034790039e+00
-2.971523523330688477e+00
-2.638467788696289062e+00
-2.344767093658447266e+00
-3.407336235046386719e+00
-1.177823901176452637e+00
-1.447594285011291504e+00
-3.324532985687255859e+00
-2.058282375335693359e+00
-2.316946268081665039e+00
-2.685523033142089844e+00
-3.004635095596313477e+00
-2.501420974731445312e+00
-2.130159378051757812e+00
-2.100140094757080078e+00
-2.063508510589599609e+00
-1.874935150146484375e+00
-2.557839155197143555e+00
-2.365389108657836914e+00
-2.489634037017822266e+00
-1.549881339073181152e+00
-2.469351291656494141e+00
-2.941319465637207031e+00
-2.058211803436279297e+00
-1.578797221183776855e+00
-2.330117225646972656e+00
-1.793083071708679199e+00
-2.232581138610839844e+00
-1.624848127365112305e+00
-2.185132026672363281e+00
-2.974771022796630859e+00
-2.991773605346679688e+00
-3.558695554733276367e+00
-1.902001261711120605e+00
-2.089151620864868164e+00
-1.628707647323608398e+00
-1.993742346763610840e+00
-2.535781860351562500e+00
-3.658152341842651367e+00
-2.977610826492309570e+00
-3.464928388595581055e+00
-2.969107627868652344e+00
-2.570947647094726562e+00
-2.751238822937011719e+00
-2.080581426620483398e+00
-1.639301776885986328e+00
-2.414326906204223633e+00
-2.777499198913574219e+00
-2.212946176528930664e+00
-1.646081089973449707e+00
-1.301091074943542480e+00
-1.721235036849975586e+00
-2.578058958053588867e+00
-1.306502819061279297e+00
-1.214070081710815430e+00
-1.253195405006408691e+00
-2.692693710327148438e+00
-2.920317173004150391e+00
-7.564522624015808105e-01
-1.358863115310668945e+00
-3.087809801101684570e+00
-1.872189283370971680e+00
-1.309444785118103027e+00
-8.317636847496032715e-01
-2.284136772155761719e+00
-2.210228443145751953e+00
-2.514540672302246094e+00
-3.178112268447875977e+00
-3.089969396591186523e+00
-1.457154035568237305e+00
-2.316665172576904297e+00
-2.618004322052001953e+00
-2.356101989746093750e+00
-2.878077030181884766e+00
-1.533666014671325684e+00
-2.090234279632568359e+00
-3.622824192047119141e+00
-2.897274494171142578e+00
-2.113179922103881836e+00
-2.875686407089233398e+00
-3.251597881317138672e+00
-2.307167291641235352e+00
-2.170400619506835938e+00
-1.941180229187011719e+00
-2.544408082962036133e+00
-2.923241138458251953e+00
-2.518723964691162109e+00
-2.626382112503051758e+00
-3.651833772659301758e+00
-3.007809638977050781e+00
-3.280562162399291992e+00
-1.558880925178527832e+00
-3.484730243682861328e+00
-2.893460273742675781e+00
-2.437713623046875000e+00
-2.232593774795532227e+00
-2.514184236526489258e+00
-3.907061100006103516e+00
-2.095007658004760742e+00
-3.323434829711914062e+00
-2.666723966598510742e+00
-4.007198333740234375e+00
-2.695777177810668945e+00
-4.181033134460449219e+00
-1.813285231590270996e+00
-3.655263423919677734e+00
-2.288461446762084961e+00
-3.288219928741455078e+00
-2.575507640838623047e+00
-2.432968616485595703e+00
-2.472727775573730469e+00
-3.658627510070800781e+00
-2.675620555877685547e+00
-3.387608528137207031e+00
-2.810788869857788086e+00
-2.767205715179443359e+00
-2.677401304244995117e+00
-1.516886830329895020e+00
-3.292929172515869141e+00
-3.254078149795532227e+00
-3.052955389022827148e+00
-1.772070050239562988e+00
-3.137296676635742188e+00
-2.434012651443481445e+00
-2.887864589691162109e+00
-9.589472413063049316e-01
-3.263940572738647461e+00
-2.566103696823120117e+00
-1.512206077575683594e+00
-2.317169427871704102e+00
-1.697541594505310059e+00
-3.480087518692016602e+00
-2.320768833160400391e+00
-3.225519180297851562e+00
-2.390805721282958984e+00
-2.439894199371337891e+00
-1.119346141815185547e+00
-2.621013164520263672e+00
-3.248989582061767578e+00
-2.060939788818359375e+00
-1.310674309730529785e+00
-3.219145774841308594e+00
-2.069110631942749023e+00
-3.297076940536499023e+00
-2.679479360580444336e+00
-1.889709711074829102e+00
-3.480116128921508789e+00
-3.516560792922973633e+00
-2.094270944595336914e+00
-1.557141423225402832e+00
-3.270815134048461914e+00
-2.555664300918579102e+00
-2.454187393188476562e+00
-1.124138116836547852e+00
-1.902162194252014160e+00
-2.034339666366577148e+00
-2.415867805480957031e+00
-1.919759988784790039e+00
-3.129198551177978516e+00
-1.911858558654785156e+00
-3.300109386444091797e+00
-2.240443706512451172e+00
-2.562436580657958984e+00
-2.704542398452758789e+00
-3.242051362991333008e+00
-2.177765130996704102e+00
-2.839612007141113281e+00
-2.663010358810424805e+00
-3.390309333801269531e+00
-2.936386346817016602e+00
-2.321652173995971680e+00
-3.364309787750244141e+00
-1.298978328704833984e+00
-2.029830217361450195e+00
-1.840434670448303223e+00
-1.871373772621154785e+00
-2.042529344558715820e+00
-3.188181400299072266e+00
-2.274512767791748047e+00
-3.472640991210937500e+00
-2.837084770202636719e+00
-1.596347928047180176e+00
-2.440452814102172852e+00
-2.813251972198486328e+00
-1.271247863769531250e+00
-3.104036092758178711e+00
-2.623661518096923828e+00
-2.792900800704956055e+00
-3.064650297164916992e+00
-1.936914324760437012e+00
-2.522859811782836914e+00
-2.840898036956787109e+00
-2.238238334655761719e+00
-3.284570693969726562e+00
-2.145314216613769531e+00
-3.006680488586425781e+00
-2.483951807022094727e+00
-2.099688291549682617e+00
-3.322296380996704102e+00
-3.078937292098999023e+00
-2.188745498657226562e+00
-3.084517955780029297e+00
-3.574771881103515625e+00
-3.710434436798095703e+00
-3.210613012313842773e+00
-3.293111324310302734e+00
-2.174631118774414062e+00
-2.490653038024902344e+00
-3.295140266418457031e+00
-2.064033508300781250e+00
-2.999074220657348633e+00
-3.475374460220336914e+00
-2.644834041595458984e+00
-4.049633979797363281e+00
-3.013387441635131836e+00
-2.982609510421752930e+00
-1.092245221138000488e+00
-2.614604234695434570e+00
-2.834364652633666992e+00
-2.765229940414428711e+00
-1.007461905479431152e+00
-2.973584413528442383e+00
-2.587324142456054688e+00
-3.336481809616088867e+00
-3.239152431488037109e+00
-2.372096776962280273e+00
-2.544967889785766602e+00
-2.430039644241333008e+00
-2.128723621368408203e+00
-2.857050180435180664e+00
-3.810004949569702148e+00
-2.672032833099365234e+00
-2.294154167175292969e+00
-2.641135454177856445e+00
-2.775939226150512695e+00
-1.599004149436950684e+00
-3.247177839279174805e+00
-2.449606895446777344e+00
-2.046086311340332031e+00
-2.007695913314819336e+00
-2.264703750610351562e+00
-3.092259883880615234e+00
-1.530025839805603027e+00
-2.899329423904418945e+00
-2.216619729995727539e+00
-2.920007944107055664e+00
-2.939611673355102539e+00
-2.046029806137084961e+00
-6.617087125778198242e-01
-1.662678718566894531e+00
-1.642136454582214355e+00
-2.314361333847045898e+00
-1.914196610450744629e+00
-2.011179208755493164e+00
-2.743149757385253906e+00
-8.872459530830383301e-01
-1.671662688255310059e+00
-1.518975138664245605e+00
-1.773743987083435059e+00
-1.694199562072753906e+00
-1.953996300697326660e+00
-3.024317741394042969e+00
-9.837443232536315918e-01
-2.139373540878295898e+00
-2.092038393020629883e+00
-2.324813604354858398e+00
-2.968262195587158203e+00
-2.371346712112426758e+00
-1.717313766479492188e+00
-2.715857028961181641e+00
-2.200941562652587891e+00
-2.403075933456420898e+00
-1.308877110481262207e+00
-2.508409261703491211e+00
-1.171968698501586914e+00
-2.040486574172973633e+00
-2.502455949783325195e+00
-3.455598115921020508e+00
-1.941274285316467285e+00
-2.366768836975097656e+00
-2.259203940629959106e-01
-1.498445272445678711e+00
-1.466633439064025879e+00
-3.270051240921020508e+00
-2.674957752227783203e+00
-3.335592985153198242e+00
-2.232639074325561523e+00
-3.159670591354370117e+00
-2.658887386322021484e+00
-2.099617719650268555e+00
-1.449481606483459473e+00
-1.545547604560852051e+00
-1.755467653274536133e+00
-1.633021473884582520e+00
-3.343234539031982422e+00
-2.826750993728637695e+00
-2.102872610092163086e+00
-2.897746562957763672e+00
-2.229299545288085938e+00
-1.964854359626770020e+00
-2.281230211257934570e+00
-3.647413492202758789e+00
-3.283779382705688477e+00
-3.423861265182495117e+00
-2.391263961791992188e+00
-1.922790169715881348e+00
-3.132214069366455078e+00
-3.327128648757934570e+00
-1.077260613441467285e+00
-2.064298152923583984e+00
-2.208143234252929688e+00
-3.068287611007690430e+00
-2.087351322174072266e+00
-9.903839230537414551e-01
-2.627122640609741211e+00
-1.913627266883850098e+00
-2.290662765502929688e+00
-1.679642558097839355e+00
-3.042691946029663086e+00
-3.417824506759643555e+00
-1.754485249519348145e+00
-1.778238296508789062e+00
-2.290102005004882812e+00
-3.423449516296386719e+00
-2.226449489593505859e+00
-2.834600210189819336e+00
-1.284002780914306641e+00
-2.744886398315429688e+00
-3.141255140304565430e+00
-1.805710196495056152e+00
-3.243051767349243164e+00
-3.215373277664184570e+00
-2.600054979324340820e+00
-2.532782077789306641e+00
-2.931545495986938477e+00
-2.518230915069580078e+00
-1.535089135169982910e+00
-1.768081545829772949e+00
-3.293536424636840820e+00
-1.093313932418823242e+00
-3.580025434494018555e+00
-2.259117841720581055e+00
-2.887228250503540039e+00
-2.275880098342895508e+00
-8.316364884376525879e-01
-1.858389973640441895e+00
-3.011989355087280273e+00
-1.440046072006225586e+00
-2.661105632781982422e+00
-1.753160595893859863e+00
-1.201485514640808105e+00
-1.808544516563415527e+00
-2.331270456314086914e+00
-1.850772023200988770e+00
-2.393150329589843750e+00
-2.671480417251586914e+00
-1.929006695747375488e+00
-1.950842738151550293e+00
-2.321661710739135742e+00
-1.802848696708679199e+00
-6.919049620628356934e-01
-2.552342891693115234e+00
-2.239674329757690430e+00
-2.873277187347412109e+00
-3.782765388488769531e+00
-2.817952156066894531e+00
-3.017428398132324219e+00
-2.593137502670288086e+00
-2.240987062454223633e+00
-2.647693395614624023e+00
-3.440479278564453125e+00
-2.125860691070556641e+00
-3.570999383926391602e+00
-1.262364506721496582e+00
-2.493448972702026367e+00
-2.382575035095214844e+00
-1.888714790344238281e+00
-2.982869386672973633e+00
-2.946258306503295898e+00
-1.948017716407775879e+00
-2.977430105209350586e+00
-2.100273370742797852e+00
-4.095448970794677734e+00
-2.408367156982421875e+00
-3.761942386627197266e+00
-2.679367065429687500e+00
-3.050873279571533203e+00
-2.556528806686401367e+00
-3.999168395996093750e+00
-3.514787912368774414e+00
-3.928419589996337891e+00
-1.708893179893493652e+00
-1.788710236549377441e+00
-3.482763528823852539e+00
-2.066371679306030273e+00
-3.280826568603515625e+00
-2.171813964843750000e+00
-1.588792443275451660e+00
-1.648687839508056641e+00
-3.223237514495849609e+00
-3.150627136230468750e+00
-3.642402887344360352e+00
-1.550341010093688965e+00
-3.104360818862915039e+00
-3.466668128967285156e+00
-2.574395418167114258e+00
-2.184373378753662109e+00
-2.887013196945190430e+00
-2.084566831588745117e+00
-1.596570372581481934e+00
-1.790746569633483887e+00
-1.434499144554138184e+00
-2.157859325408935547e+00
-2.495240926742553711e+00
-9.607374668121337891e-01
-2.410332202911376953e+00
-2.349833726882934570e+00
-1.708373665809631348e+00
-1.640642523765563965e+00
-1.602621197700500488e+00
-1.849883913993835449e+00
-2.859294891357421875e+00
-2.490259408950805664e+00
-2.768322467803955078e+00
-1.956488847732543945e+00
-1.521345853805541992e+00
-2.973875999450683594e+00
-3.236082315444946289e+00
-2.824992418289184570e+00
-2.303217649459838867e+00
-1.070953965187072754e+00
-1.305610656738281250e+00
-3.748500347137451172e+00
-1.904963254928588867e+00
-2.157698869705200195e+00
-2.731526374816894531e+00
-1.734461903572082520e+00
-3.062663793563842773e+00
-2.202331781387329102e+00
-2.182999372482299805e+00
-3.303603172302246094e+00
-9.476031064987182617e-01
-2.563836574554443359e+00
-2.854401350021362305e+00
-2.403404474258422852e+00
-9.128059148788452148e-01
-1.357578754425048828e+00
-1.461414098739624023e+00
-2.585946559906005859e+00
-3.201484918594360352e+00
-2.523264408111572266e+00
-3.261979103088378906e+00
-2.216116905212402344e+00
-3.595932245254516602e+00
-2.989169597625732422e+00
-2.159260272979736328e+00
-1.380378603935241699e+00
-3.669575214385986328e+00
-3.424405097961425781e+00
-3.780021429061889648e+00
-3.173179626464843750e+00
-2.545293092727661133e+00
-3.005898952484130859e+00
-2.915829658508300781e+00
-2.532377719879150391e+00
-2.329244613647460938e+00
-3.764006853103637695e+00
-3.367824077606201172e+00
-3.216537714004516602e+00
-3.220279693603515625e+00
-2.019355058670043945e+00
-2.978129625320434570e+00
-2.118399381637573242e+00
-2.618509054183959961e+00
-1.876599192619323730e+00
-3.176286220550537109e+00
-1.303076863288879395e+00
-2.426516532897949219e+00
-1.892632246017456055e+00
-3.377436637878417969e+00
-2.458505630493164062e+00
-1.090675950050354004e+00
-2.189980268478393555e+00
-1.953011512756347656e+00
-3.128983259201049805e+00
-2.768349885940551758e+00
-2.234677076339721680e+00
-1.921504259109497070e+00
-2.065835475921630859e+00
-2.906405687332153320e+00
-2.153296232223510742e+00
-3.140517950057983398e+00
-2.651627063751220703e+00
-1.766088724136352539e+00
-5.120713114738464355e-01
-1.356380462646484375e+00
-2.804278612136840820e+00
-3.198303937911987305e+00
-2.609530925750732422e+00
-3.116793632507324219e+00
-1.118651866912841797e+00
-3.075741767883300781e+00
-9.993826746940612793e-01
-3.341318368911743164e+00
-2.193642377853393555e+00
-1.901242733001708984e+00
-8.428460955619812012e-01
-3.162228584289550781e+00
-3.134790658950805664e+00
-2.051567077636718750e+00
-2.689931392669677734e+00
-2.207723855972290039e+00
-3.014704942703247070e+00
-2.480699777603149414e+00
-2.035958766937255859e+00
-3.407261371612548828e+00
-2.866167783737182617e+00
-2.434223175048828125e+00
-3.465035438537597656e+00
-2.490306615829467773e+00
-1.742401480674743652e+00
-2.951071023941040039e+00
-2.576698780059814453e+00
-3.105159044265747070e+00
-2.524089336395263672e+00
-1.772069096565246582e+00
-1.979426383972167969e+00
-2.411561965942382812e+00
-2.413468599319458008e+00
-1.957436323165893555e+00
-1.728861212730407715e+00
-1.413977265357971191e+00
-3.128959655761718750e+00
-2.067890167236328125e+00
-1.714552283287048340e+00
-7.121763229370117188e-01
-2.590578079223632812e+00
-1.979695677757263184e+00
-2.330631017684936523e+00
-2.358621358871459961e+00
-1.818263173103332520e+00
-2.025362253189086914e+00
-3.177086830139160156e+00
-9.791492223739624023e-01
-2.676438331604003906e+00
-7.251276969909667969e-01
-2.838670492172241211e+00
-2.702128410339355469e+00
-2.592093467712402344e+00
-1.314826726913452148e+00
-1.694700717926025391e+00
-2.290127038955688477e+00
-2.260316133499145508e+00
-3.527136087417602539e+00
-2.335736751556396484e+00
-1.563253998756408691e+00
-2.208690404891967773e+00
-2.863953828811645508e+00
-2.729272603988647461e+00
-3.488803148269653320e+00
-3.808377742767333984e+00
-1.228632092475891113e+00
-2.813615083694458008e+00
-2.681936264038085938e+00
-1.833745956420898438e+00
-3.503935575485229492e+00
-2.697147369384765625e+00
-3.216632127761840820e+00
-2.327131748199462891e+00
-2.516139984130859375e+00
-2.620727777481079102e+00
-2.992654800415039062e+00
-2.657961130142211914e+00
-3.102910041809082031e+00
-2.669717550277709961e+00
-2.077817678451538086e+00
-3.635524749755859375e+00
-2.984048128128051758e+00
-2.299719810485839844e+00
-3.060428619384765625e+00
-3.211109876632690430e+00
-3.657529830932617188e+00
-3.251076936721801758e+00
-3.347582817077636719e+00
-3.292350530624389648e+00
-3.387679338455200195e+00
-1.205833792686462402e+00
-2.053332805633544922e+00
-3.253673076629638672e+00
-3.629460573196411133e+00
-1.499072670936584473e+00
-1.343112945556640625e+00
-2.404422283172607422e+00
-3.078202962875366211e+00
-2.827922344207763672e+00
-1.782000422477722168e+00
-3.429351329803466797e+00
-3.134574651718139648e+00
-1.890083312988281250e+00
-2.807056665420532227e+00
-2.977484703063964844e+00
-1.535775065422058105e+00
-3.128710269927978516e+00
-4.197697639465332031e-01
-1.516682147979736328e+00
-2.545062780380249023e+00
-2.140934944152832031e+00
-1.862159609794616699e+00
-2.177391767501831055e+00
-2.096523284912109375e+00
-2.240885496139526367e+00
-2.661535263061523438e+00
-2.989927291870117188e+00
-1.850551724433898926e+00
-1.047298550605773926e+00
-1.712849617004394531e+00
-3.378911733627319336e+00
-2.262151718139648438e+00
-1.919394969940185547e+00
-3.253612041473388672e+00
-1.989569783210754395e+00
-2.782311201095581055e+00
-2.197609663009643555e+00
-3.823973894119262695e+00
-3.192803621292114258e+00
-3.577697992324829102e+00
-1.637409448623657227e+00
-3.859487295150756836e+00
-3.413125991821289062e+00
-2.993607997894287109e+00
-3.218113183975219727e+00
-3.060163736343383789e+00
-2.581268310546875000e+00
-2.506469488143920898e+00
-3.417615652084350586e+00
-2.771211147308349609e+00
-2.657681703567504883e+00
-3.259574651718139648e+00
-2.534043312072753906e+00
-3.905135393142700195e+00
-4.031355857849121094e+00
-2.964487314224243164e+00
-1.405560016632080078e+00
-2.912939786911010742e+00
-3.245197296142578125e+00
-3.204106807708740234e+00
-3.945929527282714844e+00
-3.478832960128784180e+00
-2.185113191604614258e+00
-2.886551618576049805e+00
-2.184031963348388672e+00
-1.697527885437011719e+00
-2.398896694183349609e+00
-2.240164995193481445e+00
-2.579165458679199219e+00
-3.857159614562988281e+00
-3.068281412124633789e+00
-3.573440074920654297e+00
-1.954335093498229980e+00
-2.619766950607299805e+00
-2.888394117355346680e+00
-2.140272140502929688e+00
-1.705227971076965332e+00
-3.350865602493286133e+00
-2.817669630050659180e+00
-2.929956436157226562e+00
-1.777201652526855469e+00
-3.650687694549560547e+00
-2.019902229309082031e+00
-3.567994832992553711e+00
-2.504532098770141602e+00
-2.454352378845214844e+00
-2.744401216506958008e+00
-1.984780192375183105e+00
-2.728666305541992188e+00
-3.005884647369384766e+00
-2.390735387802124023e+00
-3.639571189880371094e+00
-2.803012609481811523e+00
-2.270306825637817383e+00
-1.694802284240722656e+00
-1.837498426437377930e+00
-1.406596899032592773e+00
-3.518087863922119141e+00
-2.569566488265991211e+00
-1.521658420562744141e+00
-2.808285474777221680e+00
-2.598665952682495117e+00
-2.838825702667236328e+00
-2.730339527130126953e+00
-2.421357035636901855e-01
-1.247647404670715332e+00
-2.169677972793579102e+00
-2.353663921356201172e+00
-3.199183940887451172e+00
-5.063304305076599121e-01
-3.431916236877441406e+00
-3.622494697570800781e+00
-2.888938426971435547e+00
-3.078530311584472656e+00
-2.514358997344970703e+00
-3.125660896301269531e+00
-2.909206628799438477e+00
-2.640318870544433594e+00
-1.528244614601135254e+00
-2.937262058258056641e+00
-2.906224250793457031e+00
-3.436282157897949219e+00
-1.180284619331359863e+00
-2.884805679321289062e+00
-2.396079778671264648e+00
-2.445271968841552734e+00
-3.427936315536499023e+00
-2.218647480010986328e+00
-1.432603478431701660e+00
-3.466408967971801758e+00
-2.181735277175903320e+00
-2.382714509963989258e+00
-8.697196245193481445e-01
-1.540918231010437012e+00
-3.805335521697998047e+00
-2.989806175231933594e+00
-3.223039388656616211e+00
-1.295815467834472656e+00
-1.119018554687500000e+00
-2.695471763610839844e+00
-2.331776857376098633e+00
-2.602076530456542969e+00
-1.090842604637145996e+00
-2.217278242111206055e+00
-2.272624254226684570e+00
-1.967811584472656250e+00
-2.408128738403320312e+00
-3.121094942092895508e+00
-2.183664560317993164e+00
-1.493429541587829590e+00
-2.833100795745849609e+00
-3.596598863601684570e+00
-3.263827323913574219e+00
-1.906000375747680664e+00
-2.714896917343139648e+00
-3.159596920013427734e+00
-1.275047659873962402e+00
-2.870560407638549805e+00
-2.545049428939819336e+00
-6.219298839569091797e-01
-2.686535596847534180e+00
-2.806915283203125000e+00
-2.574287891387939453e+00
-2.984601736068725586e+00
-3.227867841720581055e+00
-3.599287748336791992e+00
-2.910987615585327148e+00
-3.094056129455566406e+00
-2.182782649993896484e+00
-1.753763437271118164e+00
-1.504692077636718750e+00
-3.206536531448364258e+00
-2.629277706146240234e+00
-3.922595262527465820e+00
-2.997247695922851562e+00
-2.486375093460083008e+00
-1.708440184593200684e+00
-2.991450786590576172e+00
-3.379368066787719727e+00
-3.222603797912597656e+00
-1.556524395942687988e+00
-2.421409606933593750e+00
-3.534659385681152344e+00
-2.001604557037353516e+00
-1.778186082839965820e+00
-1.882624030113220215e-01
-2.110874176025390625e+00
-3.323863267898559570e+00
-2.059441089630126953e+00
-1.942152976989746094e+00
-2.250441074371337891e+00
-2.487332105636596680e+00
-2.611849069595336914e+00
-1.595374345779418945e+00
-1.615721464157104492e+00
-2.803349971771240234e+00
-2.147139787673950195e+00
-5.502495169639587402e-01
-2.651944160461425781e+00
-2.330567598342895508e+00
-2.180014371871948242e+00
-2.025526762008666992e+00
-2.168883323669433594e+00
-1.951005935668945312e+00
-2.960007667541503906e+00
-2.422270059585571289e+00
-3.045398950576782227e+00
-3.010820150375366211e+00
-3.410953760147094727e+00
-3.656775474548339844e+00
-4.057437896728515625e+00
-2.128381967544555664e+00
-4.408114910125732422e+00
-1.166699171066284180e+00
-3.523175716400146484e+00
-3.563075065612792969e+00
-1.913268089294433594e+00
-3.060114622116088867e+00
-3.206349134445190430e+00
-4.005922794342041016e+00
-4.338704109191894531e+00
-2.407757759094238281e+00
-2.046897411346435547e+00
-2.768713712692260742e+00
-2.942949295043945312e+00
-3.075027227401733398e+00
-1.493676781654357910e+00
-2.325577020645141602e+00
-2.600015163421630859e+00
-2.564370870590209961e+00
-1.898561835289001465e+00
-3.961472511291503906e+00
-1.865447759628295898e+00
-2.744678497314453125e+00
-3.870596408843994141e+00
-2.856199264526367188e+00
-1.942082643508911133e+00
-2.389656305313110352e+00
-2.395985126495361328e+00
-2.242259025573730469e+00
-4.138774871826171875e+00
-3.546713590621948242e+00
-2.671599864959716797e+00
-3.623790979385375977e+00
-1.546435832977294922e+00
-1.866518497467041016e+00
-2.747511148452758789e+00
-9.347561001777648926e-01
-2.458371400833129883e+00
-2.983960390090942383e+00
-1.952713012695312500e+00
-2.810931682586669922e+00
-2.615144252777099609e+00
-1.353659033775329590e+00
-2.849988222122192383e+00
-6.627769470214843750e-01
-1.641238331794738770e+00
-1.172244668006896973e+00
-2.112089633941650391e+00
-1.649435043334960938e+00
-1.502465128898620605e+00
-2.702169418334960938e+00
-1.413658976554870605e+00
-1.248839974403381348e+00
-3.009670019149780273e+00
-1.580828309059143066e+00
-2.288262128829956055e+00
-1.933319449424743652e+00
-2.406256198883056641e+00
-1.845018386840820312e+00
-3.677580595016479492e+00
-2.658996343612670898e+00
-1.437274575233459473e+00
-1.027872562408447266e+00
-2.038861274719238281e+00
-2.884037256240844727e+00
-2.869875192642211914e+00
-1.654499292373657227e+00
-3.469352245330810547e+00
-2.903464794158935547e+00
-2.834903478622436523e+00
-3.444411516189575195e+00
-1.763352155685424805e+00
-3.615821361541748047e+00
-2.044507980346679688e+00
-1.261890053749084473e+00
-2.235312938690185547e+00
-3.480463743209838867e+00
-5.191648602485656738e-01
-2.220208883285522461e+00
-3.701576232910156250e+00
-2.439797401428222656e+00
-2.576707839965820312e+00
-2.113690853118896484e+00
-1.979221582412719727e+00
-1.388673424720764160e+00
-2.620329141616821289e+00
-2.318870067596435547e+00
-2.475614786148071289e+00
-3.052793979644775391e+00
-2.181877851486206055e+00
-2.804322004318237305e+00
-1.523914337158203125e+00
-2.279677152633666992e+00
