-1.746786713600158691e+00
-1.034269928932189941e+00
-1.751287221908569336e+00
-3.200606107711791992e+00
-1.430857419967651367e+00
-2.083648920059204102e+00
-1.793405532836914062e+00
-2.517161369323730469e+00
-2.697436332702636719e+00
-2.795295000076293945e+00
-2.539937257766723633e+00
-2.596065998077392578e+00
-2.782978773117065430e+00
-2.961315631866455078e+00
-2.387958765029907227e+00
-2.976389169692993164e+00
-2.892801284790039062e+00
-2.814709424972534180e+00
-1.877377033233642578e+00
-3.250077247619628906e+00
-2.581203460693359375e+00
-3.312427282333374023e+00
-3.141901731491088867e+00
-3.276746511459350586e+00
-2.681389808654785156e+00
-2.837376594543457031e+00
-2.902885437011718750e+00
-2.987334012985229492e+00
-1.792794704437255859e+00
-2.411641120910644531e+00
-1.880351305007934570e+00
-2.676500082015991211e+00
-2.319136381149291992e+00
-3.412429809570312500e+00
-1.730998396873474121e+00
-2.634708642959594727e+00
-3.569632768630981445e+00
-2.485984802246093750e+00
-1.623605012893676758e+00
-3.713412046432495117e+00
-2.277096986770629883e+00
-3.146431207656860352e+00
-1.933367371559143066e+00
-3.075448751449584961e+00
-2.921974897384643555e+00
-3.349383831024169922e+00
-1.787891983985900879e+00
-2.601336956024169922e+00
-2.643293857574462891e+00
-2.917863130569458008e+00
-1.215099692344665527e+00
-2.339251279830932617e+00
-2.908953905105590820e+00
-3.956935644149780273e+00
-2.291854619979858398e+00
-3.498425722122192383e+00
-3.316141605377197266e+00
-2.612050771713256836e+00
-1.910613894462585449e+00
-3.282170295715332031e+00
-1.579364061355590820e+00
-2.529271841049194336e+00
-1.986756205558776855e+00
-2.641590118408203125e+00
-3.654994487762451172e+00
-2.955489158630371094e+00
-1.680406928062438965e+00
-2.133420228958129883e+00
-3.247175216674804688e+00
-3.908098220825195312e+00
-3.084170103073120117e+00
-3.255113363265991211e+00
-3.561463356018066406e+00
-3.467131853103637695e+00
-2.818675279617309570e+00
-2.616904258728027344e+00
-3.654649257659912109e+00
-2.617895364761352539e+00
-2.804646253585815430e+00
-2.688806295394897461e+00
-3.623913526535034180e+00
-2.919940948486328125e+00
-1.786083936691284180e+00
-3.006501197814941406e+00
-1.937957763671875000e+00
-1.468907237052917480e+00
-2.386535167694091797e+00
-2.945362567901611328e+00
-3.369723796844482422e+00
-3.166307210922241211e+00
-3.106782197952270508e+00
-3.245496749877929688e+00
-2.549063205718994141e+00
-3.090859413146972656e+00
-2.352550029754638672e+00
-3.645818710327148438e+00
-3.665084123611450195e+00
-2.148888826370239258e+00
-1.906977534294128418e+00
-2.822596549987792969e+00
-2.969721555709838867e+00
-3.136491537094116211e+00
-1.992951154708862305e+00
-3.555532455444335938e+00
-3.146181821823120117e+00
-2.283609628677368164e+00
-2.366409301757812500e+00
-2.912852287292480469e+00
-2.467016696929931641e+00
-3.205083847045898438e+00
-2.196261405944824219e+00
-1.476224422454833984e+00
-4.235594272613525391e+00
-3.379178762435913086e+00
-2.954731702804565430e+00
-3.440140008926391602e+00
-2.047227382659912109e+00
-3.128960132598876953e+00
-2.340067148208618164e+00
-2.902177333831787109e+00
-2.980308055877685547e+00
-3.837578535079956055e+00
-3.481740951538085938e+00
-1.980448007583618164e+00
-2.657884597778320312e+00
-3.220447778701782227e+00
-1.274429202079772949e+00
-2.644658565521240234e+00
-3.733653545379638672e+00
-2.044185876846313477e+00
-2.725991487503051758e+00
-2.094408035278320312e+00
-2.586380004882812500e+00
-2.511839628219604492e+00
-2.425809383392333984e+00
-3.178605318069458008e+00
-3.026277780532836914e+00
-3.980334997177124023e+00
-1.434234261512756348e+00
-3.225721597671508789e+00
-2.976647138595581055e+00
-3.265042304992675781e+00
-1.564150691032409668e+00
-2.598875045776367188e+00
-3.335542678833007812e+00
-3.945776462554931641e+00
-2.395863771438598633e+00
-2.816326379776000977e+00
-4.061100006103515625e+00
-3.272600650787353516e+00
-2.288877248764038086e+00
-2.827621221542358398e+00
-3.829906940460205078e+00
-3.976676464080810547e+00
-1.240934133529663086e+00
-1.857032537460327148e+00
-3.282482624053955078e+00
-3.221127986907958984e+00
-1.979282021522521973e+00
-2.963793516159057617e+00
-2.363867759704589844e+00
-3.520521402359008789e+00
-2.960098266601562500e+00
-1.755925059318542480e+00
-1.824975848197937012e+00
-2.887685775756835938e+00
-3.772535800933837891e+00
-2.055047988891601562e+00
-1.968256354331970215e+00
-3.310087442398071289e+00
-3.305921316146850586e+00
-2.878260135650634766e+00
-3.033846855163574219e+00
-2.358870983123779297e+00
-3.479506254196166992e+00
-3.176193475723266602e+00
-2.754943132400512695e+00
-3.241434574127197266e+00
-3.067215681076049805e+00
-2.460064172744750977e+00
-3.775335311889648438e+00
-2.296776533126831055e+00
-3.316794633865356445e+00
-2.388284444808959961e+00
-3.122435808181762695e+00
-2.693115711212158203e+00
-2.453908443450927734e+00
-3.778359174728393555e+00
-2.364159107208251953e+00
-2.900736093521118164e+00
-3.341828823089599609e+00
-3.769460439682006836e+00
-2.201297283172607422e+00
-3.391137361526489258e+00
-3.151650667190551758e+00
-3.204453468322753906e+00
-3.049983024597167969e+00
-3.818733692169189453e+00
-4.012668132781982422e+00
-3.539317607879638672e+00
-4.002540111541748047e+00
-3.418775558471679688e+00
-2.601373910903930664e+00
-3.440555095672607422e+00
-2.083024263381958008e+00
-2.649332761764526367e+00
-2.850112199783325195e+00
-2.862981081008911133e+00
-2.332053899765014648e+00
-1.782427906990051270e+00
-2.515585422515869141e+00
-3.484087944030761719e+00
-4.079834938049316406e+00
-3.315765380859375000e+00
-2.814545869827270508e+00
-3.385955572128295898e+00
-3.617876291275024414e+00
-2.710762023925781250e+00
-2.500127792358398438e+00
-3.056079387664794922e+00
-3.408223390579223633e+00
-3.229230403900146484e+00
-2.735880136489868164e+00
-3.669043064117431641e+00
-3.452596426010131836e+00
-2.585629940032958984e+00
-3.468565464019775391e+00
-2.763784885406494141e+00
-4.011269092559814453e+00
-2.238024711608886719e+00
-2.478714227676391602e+00
-2.260909318923950195e+00
-3.478778839111328125e+00
-2.103299617767333984e+00
-2.836097240447998047e+00
-2.290625333786010742e+00
-2.786574363708496094e+00
-2.685816764831542969e+00
-2.862251996994018555e+00
-2.661297082901000977e+00
-3.200960397720336914e+00
-2.161301136016845703e+00
-2.844547748565673828e+00
-3.432215929031372070e+00
-3.372073650360107422e+00
-3.490617990493774414e+00
-3.531348228454589844e+00
-3.619328498840332031e+00
-3.017599105834960938e+00
-2.966235160827636719e+00
-1.887624740600585938e+00
-2.414166450500488281e+00
-2.457355022430419922e+00
-2.251379728317260742e+00
-2.669284105300903320e+00
-3.469433546066284180e+00
-3.728470802307128906e+00
-3.310712099075317383e+00
-3.755631685256958008e+00
-1.237090826034545898e+00
-3.244651317596435547e+00
-3.052818536758422852e+00
-2.599344015121459961e+00
-3.167283535003662109e+00
-3.361475467681884766e+00
-2.848684072494506836e+00
-4.056991100311279297e+00
-3.535019159317016602e+00
-2.352493524551391602e+00
-3.395334482192993164e+00
-2.972765684127807617e+00
-3.711578130722045898e+00
-2.964295625686645508e+00
-3.886121988296508789e+00
-3.564466238021850586e+00
-3.295087099075317383e+00
-2.809014558792114258e+00
-3.247687339782714844e+00
-4.257407188415527344e+00
-2.804432868957519531e+00
-2.911117315292358398e+00
-2.221687555313110352e+00
-3.598532199859619141e+00
-3.843366384506225586e+00
-3.565736055374145508e+00
-2.953032016754150391e+00
-3.937900781631469727e+00
-3.323678731918334961e+00
-3.206046819686889648e+00
-3.456682205200195312e+00
-3.890800476074218750e+00
-3.023241281509399414e+00
-2.316876411437988281e+00
-2.246122598648071289e+00
-3.168900012969970703e+00
-3.668159723281860352e+00
-3.556473255157470703e+00
-3.000187635421752930e+00
-2.796241283416748047e+00
-3.320468187332153320e+00
-2.907667160034179688e+00
-2.839845180511474609e+00
-2.923307657241821289e+00
-2.663661718368530273e+00
-2.231207132339477539e+00
-3.737067461013793945e+00
-2.555560111999511719e+00
-1.785389065742492676e+00
-2.640655517578125000e+00
-2.460431337356567383e+00
-3.020699739456176758e+00
-3.999242067337036133e+00
-3.355339765548706055e+00
-3.282148122787475586e+00
-2.424057960510253906e+00
-2.571128606796264648e+00
-3.008306980133056641e+00
-1.698454499244689941e+00
-3.502454757690429688e+00
-3.250962018966674805e+00
-3.241258144378662109e+00
-2.994743824005126953e+00
-3.533235788345336914e+00
-3.795723676681518555e+00
-4.355375766754150391e+00
-3.202006578445434570e+00
-2.315667629241943359e+00
-3.251695394515991211e+00
-2.649628162384033203e+00
-2.413460731506347656e+00
-2.528181314468383789e+00
-3.560652732849121094e+00
-3.356057882308959961e+00
-3.063897371292114258e+00
-3.706130504608154297e+00
-2.086778640747070312e+00
-3.692602634429931641e+00
-2.778027772903442383e+00
-2.356934309005737305e+00
-3.627871990203857422e+00
-3.164005517959594727e+00
-3.756946802139282227e+00
-2.558529853820800781e+00
-2.516805648803710938e+00
-2.857688188552856445e+00
-3.487339258193969727e+00
-3.002244472503662109e+00
-3.479176282882690430e+00
-3.269180297851562500e+00
-3.629388332366943359e+00
-3.636775732040405273e+00
-3.453842401504516602e+00
-3.348364830017089844e+00
-3.598124027252197266e+00
-2.459794759750366211e+00
-3.519341707229614258e+00
-1.251379370689392090e+00
-2.831958532333374023e+00
-1.855380296707153320e+00
-2.928866863250732422e+00
-2.658501625061035156e+00
-2.628202915191650391e+00
-3.429951667785644531e+00
-3.863919734954833984e+00
-3.512817859649658203e+00
-2.927739858627319336e+00
-3.698530435562133789e+00
-3.352438926696777344e+00
-2.992497682571411133e+00
-3.922515153884887695e+00
-2.740095138549804688e+00
-2.934274673461914062e+00
-3.614012241363525391e+00
-2.845792055130004883e+00
-2.729582548141479492e+00
-2.616373777389526367e+00
-4.010789871215820312e+00
-3.695814847946166992e+00
-3.949757575988769531e+00
-3.270873069763183594e+00
-2.977465867996215820e+00
-3.765898942947387695e+00
-3.115054845809936523e+00
-2.391376733779907227e+00
-3.410899639129638672e+00
-3.589357376098632812e+00
-3.645092248916625977e+00
-3.127012252807617188e+00
-3.850210189819335938e+00
-2.798301696777343750e+00
-3.717396497726440430e+00
-3.917187213897705078e+00
-3.240098714828491211e+00
-2.947160243988037109e+00
-3.343682527542114258e+00
-3.656723499298095703e+00
-2.966931819915771484e+00
-4.264367103576660156e+00
-3.964151859283447266e+00
-3.866135597229003906e+00
-3.948551654815673828e+00
-3.519988536834716797e+00
-2.709794521331787109e+00
-3.540205240249633789e+00
-2.786588907241821289e+00
-2.172213077545166016e+00
-2.978318452835083008e+00
-2.884237527847290039e+00
-3.814501762390136719e+00
-3.060327053070068359e+00
-2.240552186965942383e+00
-3.129584789276123047e+00
-3.897967100143432617e+00
-3.653939485549926758e+00
-2.841305971145629883e+00
-4.245486259460449219e+00
-3.523255348205566406e+00
-2.061526060104370117e+00
-2.764953851699829102e+00
-3.507286310195922852e+00
-3.561351060867309570e+00
-3.275051355361938477e+00
-3.379048585891723633e+00
-3.075436353683471680e+00
-3.110455274581909180e+00
-2.595561504364013672e+00
-3.157262086868286133e+00
-2.138075828552246094e+00
-3.174835681915283203e+00
-2.961603403091430664e+00
-2.896719694137573242e+00
-3.230746269226074219e+00
-2.497544527053833008e+00
-3.230663776397705078e+00
-3.191893577575683594e+00
-2.985165357589721680e+00
-2.841060161590576172e+00
-3.868945121765136719e+00
-3.650655269622802734e+00
-2.165147066116333008e+00
-3.294474840164184570e+00
-3.747049331665039062e+00
-1.295583963394165039e+00
-3.041642904281616211e+00
-3.433947801589965820e+00
-1.697128772735595703e+00
-3.248977184295654297e+00
-3.016354799270629883e+00
-2.461160659790039062e+00
-3.623552083969116211e+00
-3.338823795318603516e+00
-3.327713251113891602e+00
-3.402203321456909180e+00
-3.896253585815429688e+00
-2.543603181838989258e+00
-3.420659065246582031e+00
-3.252073526382446289e+00
-3.527587175369262695e+00
-3.496814250946044922e+00
-2.936347723007202148e+00
-3.619085550308227539e+00
-4.145963668823242188e+00
-3.233246088027954102e+00
-3.252759933471679688e+00
-2.474623680114746094e+00
-2.998891830444335938e+00
-3.088512659072875977e+00
-3.430727005004882812e+00
-1.804240107536315918e+00
-3.942899942398071289e+00
-3.208949327468872070e+00
-2.668129920959472656e+00
-2.421451330184936523e+00
-4.082106113433837891e+00
-3.124273777008056641e+00
-2.712379693984985352e+00
-2.832471132278442383e+00
-2.460842132568359375e+00
-2.375703334808349609e+00
-3.380464315414428711e+00
-3.806789636611938477e+00
-2.233954191207885742e+00
-2.050258398056030273e+00
-3.567524194717407227e+00
-2.566361904144287109e+00
-3.177383899688720703e+00
-3.608324527740478516e+00
-3.349107503890991211e+00
-2.890588760375976562e+00
-2.553543090820312500e+00
-3.008755445480346680e+00
-2.167037010192871094e+00
-2.469367504119873047e+00
-3.381824254989624023e+00
-2.776858329772949219e+00
-2.902488946914672852e+00
-3.122204303741455078e+00
-3.426908969879150391e+00
-2.715683937072753906e+00
-3.099367141723632812e+00
-3.297621011734008789e+00
-3.901223182678222656e+00
-3.465488195419311523e+00
-2.532632350921630859e+00
-3.011735916137695312e+00
-3.321030378341674805e+00
-3.450437068939208984e+00
-1.128923416137695312e+00
-3.090349435806274414e+00
-2.846027851104736328e+00
-2.604702711105346680e+00
-2.499571800231933594e+00
-2.558743476867675781e+00
-3.174305915832519531e+00
-3.178918361663818359e+00
-2.611698627471923828e+00
-2.759243965148925781e+00
-3.714530944824218750e+00
-2.531198501586914062e+00
-2.808050632476806641e+00
-3.291131258010864258e+00
-3.552762985229492188e+00
-3.978876590728759766e+00
-4.283268928527832031e+00
-2.898435354232788086e+00
-2.722246646881103516e+00
-2.619683980941772461e+00
-2.130043506622314453e+00
-3.471037626266479492e+00
-3.233845710754394531e+00
-3.809944152832031250e+00
-1.450725197792053223e+00
-3.704300165176391602e+00
-2.748865127563476562e+00
-3.301636695861816406e+00
-2.299391508102416992e+00
-3.154733896255493164e+00
-2.519263982772827148e+00
-3.102011442184448242e+00
-3.431410551071166992e+00
-3.313594102859497070e+00
-2.394932031631469727e+00
-3.101401090621948242e+00
-3.323379755020141602e+00
-4.054556369781494141e+00
-3.399034738540649414e+00
-4.186368942260742188e+00
-3.294691801071166992e+00
-4.115273952484130859e+00
-3.144203901290893555e+00
-2.466593503952026367e+00
-3.680928230285644531e+00
-3.052022933959960938e+00
-2.925720214843750000e+00
-3.422814130783081055e+00
-2.956300973892211914e+00
-2.107240676879882812e+00
-3.276516675949096680e+00
-2.739432811737060547e+00
-2.600152730941772461e+00
-3.678185939788818359e+00
-2.901206493377685547e+00
-3.145993709564208984e+00
-3.283598423004150391e+00
-2.514367341995239258e+00
-3.977996826171875000e+00
-2.826181411743164062e+00
-3.054471492767333984e+00
-3.490395307540893555e+00
-4.058581829071044922e+00
-2.611530303955078125e+00
-3.284760713577270508e+00
-3.516968965530395508e+00
-2.291462898254394531e+00
-2.742773294448852539e+00
-1.737270355224609375e+00
-2.643093585968017578e+00
-2.274066925048828125e+00
-2.763900995254516602e+00
-2.215660333633422852e+00
-2.703047752380371094e+00
-3.434657096862792969e+00
-2.368344545364379883e+00
-3.090815544128417969e+00
-2.828743219375610352e+00
-1.893924117088317871e+00
-2.447663307189941406e+00
-3.607530355453491211e+00
-2.539184331893920898e+00
-2.575410604476928711e+00
-3.987159252166748047e+00
-4.256277561187744141e+00
-2.267472743988037109e+00
-3.012882471084594727e+00
-4.118858337402343750e+00
-4.118972301483154297e+00
-2.745833635330200195e+00
-3.175686120986938477e+00
-2.826210975646972656e+00
-3.985008955001831055e+00
-2.585502147674560547e+00
-3.732613801956176758e+00
-2.986273050308227539e+00
-3.313885211944580078e+00
-1.876011610031127930e+00
-3.781567335128784180e+00
-3.280802726745605469e+00
-2.987900257110595703e+00
-2.491119861602783203e+00
-2.188779830932617188e+00
-3.003700733184814453e+00
-2.305655241012573242e+00
-3.726497411727905273e+00
-2.658688783645629883e+00
-3.528016328811645508e+00
-3.759657144546508789e+00
-4.038053512573242188e+00
-3.210407495498657227e+00
-1.992709994316101074e+00
-2.968175649642944336e+00
-3.491510629653930664e+00
-3.096655368804931641e+00
-2.911715507507324219e+00
-2.697455644607543945e+00
-3.040653705596923828e+00
-3.587111234664916992e+00
-2.892098188400268555e+00
-3.058162212371826172e+00
-3.568669795989990234e+00
-3.267219781875610352e+00
-2.898284912109375000e+00
-1.977535486221313477e+00
-2.383091926574707031e+00
-2.198268413543701172e+00
-2.861103773117065430e+00
-2.820269823074340820e+00
-2.575940370559692383e+00
-2.702135324478149414e+00
-2.483126640319824219e+00
-3.131138324737548828e+00
-3.277043819427490234e+00
-2.639303684234619141e+00
-2.569420814514160156e+00
-1.807327032089233398e+00
-3.504091262817382812e+00
-3.995969772338867188e+00
-2.806121587753295898e+00
-3.515883207321166992e+00
-2.633210420608520508e+00
-3.276983499526977539e+00
-3.645971775054931641e+00
-2.303628444671630859e+00
-3.793923377990722656e+00
-2.196261644363403320e+00
-1.830201268196105957e+00
-2.994543313980102539e+00
-2.086120128631591797e+00
-2.455153226852416992e+00
-3.538442850112915039e+00
-3.198103666305541992e+00
-1.758027553558349609e+00
-2.097580671310424805e+00
-3.024686574935913086e+00
-3.433016061782836914e+00
-2.471104383468627930e+00
-3.848089456558227539e+00
-2.857441902160644531e+00
-3.091295719146728516e+00
-3.141761541366577148e+00
-3.009255409240722656e+00
-2.679448366165161133e+00
-3.093728542327880859e+00
-2.914585590362548828e+00
-3.157523632049560547e+00
-3.853013515472412109e+00
-2.947137832641601562e+00
-3.162614345550537109e+00
-3.542866230010986328e+00
-2.976621627807617188e+00
-1.816002130508422852e+00
-2.692881107330322266e+00
-2.567821025848388672e+00
-2.274862289428710938e+00
-2.128516912460327148e+00
-3.017656564712524414e+00
-2.165125608444213867e+00
-2.561682939529418945e+00
-3.186991214752197266e+00
-3.363414287567138672e+00
-2.200940847396850586e+00
-3.447237253189086914e+00
-3.709846258163452148e+00
-1.223266124725341797e+00
-3.100519895553588867e+00
-3.790059328079223633e+00
-2.727350950241088867e+00
-2.716685056686401367e+00
-3.652701139450073242e+00
-3.198557615280151367e+00
-3.243540763854980469e+00
-2.087296247482299805e+00
-2.877514362335205078e+00
-3.294810771942138672e+00
-3.205901384353637695e+00
-2.344835758209228516e+00
-4.125718593597412109e+00
-3.013439893722534180e+00
-1.451094985008239746e+00
-2.519412279129028320e+00
-1.561777949333190918e+00
-2.552309751510620117e+00
-2.606808185577392578e+00
-3.487427711486816406e+00
-3.814841985702514648e+00
-2.829535722732543945e+00
-2.647257089614868164e+00
-3.683311939239501953e+00
-1.219853997230529785e+00
-2.461809635162353516e+00
-3.181532621383666992e+00
-3.323218345642089844e+00
-3.169261217117309570e+00
-4.067003726959228516e+00
-3.373847961425781250e+00
-3.251533269882202148e+00
-3.830477476119995117e+00
-2.795211791992187500e+00
-3.320986747741699219e+00
-2.027667045593261719e+00
-1.609466433525085449e+00
-2.847856760025024414e+00
-3.180863857269287109e+00
-3.246141672134399414e+00
-2.693954944610595703e+00
-3.269886016845703125e+00
-3.268529176712036133e+00
-3.201969623565673828e+00
-1.915893793106079102e+00
-3.967566490173339844e+00
-3.540913343429565430e+00
-3.345431327819824219e+00
-3.555065393447875977e+00
-3.247423410415649414e+00
-3.391113758087158203e+00
-3.165780305862426758e+00
-2.501676321029663086e+00
-3.949184656143188477e+00
-3.489235401153564453e+00
-2.764343023300170898e+00
-3.709543228149414062e+00
-2.446617603302001953e+00
-3.374241828918457031e+00
-2.424756526947021484e+00
-3.898832798004150391e+00
-1.886144161224365234e+00
-1.890055298805236816e+00
-1.762253522872924805e+00
-3.294646263122558594e+00
-3.511267662048339844e+00
-2.420804977416992188e+00
-2.376333236694335938e+00
-3.229526519775390625e+00
-3.376270055770874023e+00
-3.381672382354736328e+00
-3.498734474182128906e+00
-2.774688005447387695e+00
-3.810058593750000000e+00
-2.643618345260620117e+00
-3.323503494262695312e+00
-2.683125495910644531e+00
-3.505588531494140625e+00
-4.179293632507324219e+00
-2.665715694427490234e+00
-2.773029327392578125e+00
-3.614065408706665039e+00
-3.006985664367675781e+00
-2.995613098144531250e+00
-2.795103788375854492e+00
-3.482741832733154297e+00
-2.530765295028686523e+00
-3.844293117523193359e+00
-3.274369955062866211e+00
-3.289721727371215820e+00
-3.005878686904907227e+00
-2.307702064514160156e+00
-2.270976066589355469e+00
-2.474486112594604492e+00
-3.588065624237060547e+00
-2.824503421783447266e+00
-3.055504083633422852e+00
-2.153496980667114258e+00
-3.007626295089721680e+00
-1.387007117271423340e+00
-3.039637804031372070e+00
-3.627418994903564453e+00
-3.116733551025390625e+00
-2.893164157867431641e+00
-2.571945905685424805e+00
-2.837517738342285156e+00
-3.032432079315185547e+00
-3.810242176055908203e+00
-2.298903465270996094e+00
-3.113261222839355469e+00
-3.421926498413085938e+00
-2.424639225006103516e+00
-3.392897367477416992e+00
-2.120420455932617188e+00
-3.547431707382202148e+00
-3.356633186340332031e+00
-2.450435638427734375e+00
-2.608319282531738281e+00
-2.197591304779052734e+00
-2.174630641937255859e+00
-3.632289409637451172e+00
-2.031245946884155273e+00
-3.613310813903808594e+00
-2.624590635299682617e+00
-3.293916940689086914e+00
-3.249615430831909180e+00
-4.123908042907714844e+00
-3.646719694137573242e+00
-3.116543769836425781e+00
-4.182962417602539062e+00
-3.808233261108398438e+00
-3.202146768569946289e+00
-3.003588438034057617e+00
-3.591580867767333984e+00
-3.703213214874267578e+00
-2.941085577011108398e+00
-2.278727054595947266e+00
-3.507847070693969727e+00
-2.434929609298706055e+00
-2.898576736450195312e+00
-2.615906715393066406e+00
-2.154896259307861328e+00
-2.007951974868774414e+00
-8.084957003593444824e-01
-3.769085168838500977e+00
-3.151991128921508789e+00
-2.557616710662841797e+00
-2.246925830841064453e+00
-1.887611269950866699e+00
-2.705003976821899414e+00
-2.069453716278076172e+00
-3.296211242675781250e+00
-3.010535001754760742e+00
-2.580539464950561523e+00
-4.521083354949951172e+00
-2.633350849151611328e+00
-3.840694427490234375e+00
-2.520485162734985352e+00
-2.001700162887573242e+00
-1.346671938896179199e+00
-3.549663543701171875e+00
-1.979317069053649902e+00
-2.977482795715332031e+00
-3.616466283798217773e+00
-3.347630739212036133e+00
-2.277982234954833984e+00
-2.909025430679321289e+00
-3.135872125625610352e+00
-1.079562664031982422e+00
-2.697313308715820312e+00
-2.451665878295898438e+00
-2.166025400161743164e+00
-2.810069561004638672e+00
-2.400224208831787109e+00
-2.764200687408447266e+00
-3.444672822952270508e+00
-4.200965404510498047e+00
-3.285697937011718750e+00
-1.803683280944824219e+00
-2.095818758010864258e+00
-3.431432962417602539e+00
-3.575741291046142578e+00
-3.480235099792480469e+00
-1.999045848846435547e+00
-3.364020586013793945e+00
-3.349713087081909180e+00
-1.923931598663330078e+00
-2.133636951446533203e+00
-2.759146451950073242e+00
-3.147177934646606445e+00
-2.343756437301635742e+00
-2.726581096649169922e+00
-2.931950807571411133e+00
-2.739228010177612305e+00
-3.269863128662109375e+00
-2.865029096603393555e+00
-1.553845047950744629e+00
-2.669264554977416992e+00
-2.160971641540527344e+00
-1.807035684585571289e+00
-2.114649772644042969e+00
-2.322058439254760742e+00
-3.133084774017333984e+00
-2.969649553298950195e+00
-2.435446500778198242e+00
-2.440544605255126953e+00
-2.544662237167358398e+00
-1.002453565597534180e+00
-2.583339452743530273e+00
-1.806667923927307129e+00
-1.932406783103942871e+00
-1.758275389671325684e+00
-3.714750289916992188e+00
-2.935214519500732422e+00
-7.558386921882629395e-01
-2.467602014541625977e+00
-1.472599625587463379e+00
-2.909389257431030273e+00
-2.591154813766479492e+00
-2.303550958633422852e+00
-2.913309335708618164e+00
-2.955675601959228516e+00
-2.817013978958129883e+00
-2.867330789566040039e+00
-2.497740268707275391e+00
-1.360925793647766113e+00
-3.061228513717651367e+00
-2.796958446502685547e+00
-3.001251935958862305e+00
-2.273936510086059570e+00
-3.251788377761840820e+00
-3.423299789428710938e+00
-2.610627412796020508e+00
-3.172539234161376953e+00
-2.406436920166015625e+00
-2.291740417480468750e+00
-2.265207290649414062e+00
-3.285896301269531250e+00
-2.130795001983642578e+00
-2.525770187377929688e+00
-1.577739596366882324e+00
-2.653020381927490234e+00
-2.994254350662231445e+00
-1.787836670875549316e+00
-1.480469346046447754e+00
-3.321417868137359619e-01
-2.196585178375244141e+00
-1.808499813079833984e+00
-2.367833137512207031e+00
-1.734571456909179688e+00
-3.228224992752075195e+00
-1.479474902153015137e+00
-2.876298666000366211e+00
-2.576334476470947266e+00
-1.046433687210083008e+00
-1.580224037170410156e+00
-1.290343523025512695e+00
-1.631882071495056152e+00
-1.973575353622436523e+00
-2.762781858444213867e+00
-3.107401609420776367e+00
-2.454299449920654297e+00
-2.965962886810302734e+00
-3.663787126541137695e+00
-1.868653655052185059e+00
-2.611166715621948242e+00
-3.750509977340698242e+00
-3.497663974761962891e+00
-2.677302837371826172e+00
-3.302539348602294922e+00
-3.087780475616455078e+00
-3.078013896942138672e+00
-3.754494428634643555e+00
-3.287774085998535156e+00
-9.682645797729492188e-01
-2.524371862411499023e+00
-3.208707332611083984e+00
-3.036416769027709961e+00
-2.757541179656982422e+00
-3.378769874572753906e+00
-2.818642139434814453e+00
-2.998938798904418945e+00
-1.567687749862670898e+00
-4.122702479362487793e-01
-1.859755754470825195e+00
-2.209936618804931641e+00
-3.198028326034545898e+00
-3.711431980133056641e+00
-2.436741352081298828e+00
-3.100370645523071289e+00
-3.350485563278198242e+00
-2.043299198150634766e+00
-1.257468700408935547e+00
-2.957402706146240234e+00
-3.122635841369628906e+00
-3.048052787780761719e+00
-1.942981600761413574e+00
-2.263715744018554688e+00
-2.095479249954223633e+00
-3.445191860198974609e+00
-3.168816566467285156e+00
-3.247579574584960938e+00
-2.568596839904785156e+00
-3.518290519714355469e+00
-1.261647224426269531e+00
-2.439555168151855469e+00
-8.052295446395874023e-01
-1.759591221809387207e+00
-2.816160917282104492e+00
-2.517637014389038086e+00
-7.793236970901489258e-01
-2.477418661117553711e+00
-2.490236997604370117e+00
-3.249007940292358398e+00
-2.263959407806396484e+00
-9.377924799919128418e-01
-1.817824006080627441e+00
-2.376491546630859375e+00
-2.746570587158203125e+00
-2.064815759658813477e+00
-3.552651643753051758e+00
-2.753120899200439453e+00
-2.358504772186279297e+00
-1.588101029396057129e+00
-6.260514259338378906e-01
-1.958407878875732422e+00
-3.742668628692626953e+00
-3.257366657257080078e+00
-4.076224327087402344e+00
-3.477910518646240234e+00
-3.189845561981201172e+00
-1.747728586196899414e+00
-3.059076786041259766e+00
-3.412217140197753906e+00
-1.305912613868713379e+00
-2.421367645263671875e+00
-2.259673357009887695e+00
-3.681697845458984375e+00
-2.389574050903320312e+00
-2.573929071426391602e+00
-1.872739911079406738e+00
-1.566296577453613281e+00
-2.416719675064086914e+00
-2.052333593368530273e+00
-2.667925834655761719e+00
-2.474155187606811523e+00
-3.119828939437866211e+00
-1.300655484199523926e+00
-4.354355812072753906e+00
-1.115292429924011230e+00
-3.353446006774902344e+00
-3.012818336486816406e+00
-4.259805202484130859e+00
-2.536203861236572266e+00
-3.235528230667114258e+00
-3.226697206497192383e+00
-3.787260532379150391e+00
-2.445436716079711914e+00
-3.696311712265014648e+00
-3.389654159545898438e+00
-3.068694591522216797e+00
-3.004071712493896484e+00
-2.935718297958374023e+00
-2.187300682067871094e+00
-3.552291631698608398e+00
-3.638981342315673828e+00
-3.519604206085205078e+00
-1.539960861206054688e+00
-1.994552850723266602e+00
-1.948183059692382812e+00
-1.784315109252929688e+00
-1.697578072547912598e+00
-3.696527242660522461e+00
-2.034253835678100586e+00
-1.831812143325805664e+00
-2.712042093276977539e+00
-3.093501567840576172e+00
-2.579458236694335938e+00
-3.064706087112426758e+00
-2.346066951751708984e+00
-2.279007673263549805e+00
-2.971952438354492188e+00
-2.458107948303222656e+00
-1.662520527839660645e+00
-2.668372869491577148e+00
-9.046651124954223633e-01
-1.540054678916931152e+00
-3.780411958694458008e+00
-2.646663665771484375e+00
-1.032164096832275391e+00
-2.663687944412231445e+00
-1.460611343383789062e+00
-1.962090849876403809e+00
-1.722066998481750488e+00
-3.450207710266113281e+00
-3.174343585968017578e+00
-1.506785988807678223e+00
-2.240768671035766602e+00
-3.977044582366943359e+00
-1.639579296112060547e+00
-1.872158646583557129e+00
-3.302631616592407227e+00
-2.704533815383911133e+00
-3.055150270462036133e+00
-2.834295988082885742e+00
-3.588155508041381836e+00
-3.726961135864257812e+00
-1.750678896903991699e+00
-2.423438310623168945e+00
-2.187552213668823242e+00
-2.491787433624267578e+00
-1.985680341720581055e+00
-3.489949703216552734e+00
-2.524346113204956055e+00
-1.410970568656921387e+00
-2.431874275207519531e+00
-3.018159866333007812e-01
-2.185126781463623047e+00
-2.881995439529418945e+00
-3.188023090362548828e+00
-2.864499092102050781e+00
-2.514440059661865234e+00
-3.182404994964599609e+00
-3.093357086181640625e+00
-1.057705760002136230e+00
-2.633596897125244141e+00
-3.698502779006958008e+00
-2.523118972778320312e+00
-4.011471271514892578e+00
-3.104156494140625000e+00
-2.489155292510986328e+00
-3.407512664794921875e+00
-1.117920637130737305e+00
-9.554180502891540527e-01
-2.678045272827148438e+00
-3.328941345214843750e+00
-2.740395545959472656e+00
-2.906762123107910156e+00
-2.811435699462890625e+00
-3.800245821475982666e-01
-2.891930103302001953e+00
-2.979579448699951172e+00
-3.329385280609130859e+00
-1.220408439636230469e+00
-3.278685569763183594e+00
-2.463762760162353516e+00
-3.027764320373535156e+00
-2.837862253189086914e+00
-2.185046911239624023e+00
-2.008018732070922852e+00
-2.889790296554565430e+00
-3.272466659545898438e+00
-2.131129741668701172e+00
-3.906358182430267334e-01
-2.413679599761962891e+00
-1.711186766624450684e+00
-2.682175159454345703e+00
-2.267064094543457031e+00
-2.575723171234130859e+00
-2.749903678894042969e+00
-2.915147542953491211e-01
-1.395277261734008789e+00
-1.732597649097442627e-01
-2.358721733093261719e+00
-2.027470827102661133e+00
-1.478353261947631836e+00
-1.642412424087524414e+00
-1.732659697532653809e+00
-2.685757875442504883e+00
-1.213812470436096191e+00
-2.661511898040771484e+00
-1.305809468030929565e-01
-2.600737333297729492e+00
-1.565561056137084961e+00
-2.025835752487182617e+00
-1.237348437309265137e+00
-2.203569889068603516e+00
-3.221976518630981445e+00
-2.843888759613037109e+00
-3.298928737640380859e+00
-2.620112895965576172e+00
-2.956164121627807617e+00
-2.073754072189331055e+00
-2.134075403213500977e+00
-3.094113826751708984e+00
-2.851442575454711914e+00
-2.873678684234619141e+00
-2.406074047088623047e+00
-1.158594369888305664e+00
-2.211054563522338867e+00
-2.408804416656494141e+00
-2.873498678207397461e+00
-3.251232862472534180e+00
-3.626014471054077148e+00
-2.671196699142456055e+00
-3.407407999038696289e+00
-3.134787321090698242e+00
-9.285755753517150879e-01
-2.652793645858764648e+00
-2.732000827789306641e+00
-2.394022941589355469e+00
-2.868881940841674805e+00
-1.950385808944702148e+00
-2.119459867477416992e+00
-2.379406213760375977e+00
-2.585784673690795898e+00
-2.627478122711181641e+00
-3.054611921310424805e+00
-2.723493576049804688e+00
-1.752527475357055664e+00
-5.100660324096679688e-01
-2.635695934295654297e+00
-2.554294109344482422e+00
-1.417690992355346680e+00
-8.203279376029968262e-01
-2.077589511871337891e+00
-3.335552453994750977e+00
-3.747245550155639648e+00
-3.511578559875488281e+00
-2.194421291351318359e+00
-2.403604030609130859e+00
-1.538118720054626465e+00
-4.107601642608642578e+00
-3.349062204360961914e+00
-1.291050672531127930e+00
-2.386295318603515625e+00
-4.137795448303222656e+00
-4.186452865600585938e+00
-3.209342002868652344e+00
-3.015225172042846680e+00
-2.446884393692016602e+00
-3.592370986938476562e+00
-2.552008152008056641e+00
-1.437948226928710938e+00
-2.283546686172485352e+00
-3.745227813720703125e+00
-1.860305905342102051e+00
-3.177941799163818359e+00
-2.358550310134887695e+00
-2.335139274597167969e+00
-3.350213527679443359e+00
-9.109325408935546875e-01
-2.680281639099121094e+00
-2.154673576354980469e+00
-3.471503019332885742e+00
-2.919136285781860352e+00
-3.194086551666259766e+00
-4.000302791595458984e+00
-2.175765514373779297e+00
-2.608196139335632324e-01
-2.988270044326782227e+00
-3.195246458053588867e+00
-2.440511703491210938e+00
-1.936682343482971191e+00
-2.582243680953979492e+00
-1.407961964607238770e+00
-2.925550222396850586e+00
-1.937995195388793945e+00
-3.053134679794311523e+00
-1.700608372688293457e+00
-2.189551830291748047e+00
-1.490952730178833008e+00
-2.660302639007568359e+00
-9.291527867317199707e-01
-1.596729159355163574e+00
-1.534262895584106445e+00
-1.271325230598449707e+00
-3.182226896286010742e+00
-2.498257398605346680e+00
-3.082986354827880859e+00
-2.956226348876953125e+00
-1.009423971176147461e+00
-2.296609640121459961e+00
-1.451386094093322754e+00
-1.558236002922058105e+00
-2.404882907867431641e+00
-2.923347473144531250e+00
-1.654548168182373047e+00
-1.288164615631103516e+00
-1.440891027450561523e+00
-2.511969804763793945e+00
-1.743229627609252930e+00
-2.368329524993896484e+00
-3.003853082656860352e+00
-7.487757205963134766e-01
-2.179765939712524414e+00
-2.544839859008789062e+00
-2.403590679168701172e+00
-2.919950962066650391e+00
-3.166234254837036133e+00
-3.197670221328735352e+00
-2.661523342132568359e+00
-1.445177435874938965e+00
-2.862377882003784180e+00
-1.794992208480834961e+00
-2.351452350616455078e+00
-3.042762756347656250e+00
-2.997161149978637695e+00
-3.480105638504028320e+00
-1.840052843093872070e+00
-2.726908206939697266e+00
-2.724766731262207031e+00
-1.043857932090759277e+00
-3.068809747695922852e+00
-2.751562595367431641e+00
-2.880688428878784180e+00
-3.084771633148193359e+00
-3.205481529235839844e+00
-1.701175212860107422e+00
-3.824673414230346680e+00
-2.457056999206542969e+00
-1.169281601905822754e+00
-3.026032447814941406e+00
-1.250736236572265625e+00
-1.260305047035217285e+00
-1.604574441909790039e+00
-3.434805154800415039e+00
-3.493858575820922852e+00
-3.298690319061279297e+00
-2.973351716995239258e+00
-4.103486061096191406e+00
-1.795895695686340332e+00
-2.277541399002075195e+00
-2.088036775588989258e+00
-2.306459188461303711e+00
-1.930548071861267090e+00
-2.462456226348876953e+00
-2.915522813796997070e+00
-2.793232440948486328e+00
-2.982490539550781250e+00
-1.891027808189392090e+00
-1.353459000587463379e+00
-1.998960494995117188e+00
-2.627956628799438477e+00
-2.700794935226440430e+00
-2.948205709457397461e+00
-2.279835939407348633e+00
-2.741168975830078125e+00
-2.639917850494384766e+00
-1.475330710411071777e+00
-1.946584224700927734e+00
-1.741988658905029297e+00
-2.595508813858032227e+00
-1.151453971862792969e+00
-2.418937921524047852e+00
-1.801057100296020508e+00
-2.181031227111816406e+00
-2.539713144302368164e+00
-2.766937494277954102e+00
-2.000413179397583008e+00
-2.553635835647583008e+00
-2.977646112442016602e+00
-1.520835399627685547e+00
-2.227586746215820312e+00
-2.006429672241210938e+00
-2.098944187164306641e+00
-2.116018295288085938e+00
-1.133350491523742676e+00
-1.767125129699707031e+00
-1.797197103500366211e+00
-2.679089546203613281e+00
-2.898523569107055664e+00
-2.282796144485473633e+00
-1.535634875297546387e+00
-1.291847705841064453e+00
-3.180549383163452148e+00
-2.374255180358886719e+00
-1.195604920387268066e+00
-2.827287912368774414e+00
-3.640940427780151367e+00
-3.625646352767944336e+00
-1.175918221473693848e+00
-3.376912355422973633e+00
-3.015555858612060547e+00
-1.493907451629638672e+00
-2.008732557296752930e+00
-3.817153453826904297e+00
-2.995488405227661133e+00
-3.260704040527343750e+00
-3.096592664718627930e+00
-3.292422771453857422e+00
-9.472983479499816895e-01
-2.993117809295654297e+00
-4.194107055664062500e+00
-3.328439950942993164e+00
-2.613336563110351562e+00
-1.513547062873840332e+00
-2.271284103393554688e+00
-3.042196512222290039e+00
-2.008517980575561523e+00
-2.389339208602905273e+00
-2.319820642471313477e+00
-2.226902246475219727e+00
-2.772414207458496094e+00
-2.168659687042236328e+00
-7.785181999206542969e-01
-2.906891345977783203e+00
-2.387638807296752930e+00
-3.604717850685119629e-01
-2.718655109405517578e+00
-2.486940145492553711e+00
-1.584122061729431152e+00
-2.274044752120971680e+00
-2.475384473800659180e+00
-1.804343581199645996e+00
-2.980589628219604492e+00
-2.486375331878662109e+00
-2.389729022979736328e+00
-1.941390752792358398e+00
-2.513744115829467773e+00
-2.564671039581298828e+00
-1.224095225334167480e+00
-2.101611852645874023e+00
-2.901652812957763672e+00
-2.192217588424682617e+00
-1.434870123863220215e+00
-2.197158098220825195e+00
-2.990375995635986328e+00
-1.110173821449279785e+00
-3.626414060592651367e+00
-2.834535360336303711e+00
-1.622552514076232910e+00
-1.510527171194553375e-02
-2.508533239364624023e+00
-1.462599873542785645e+00
-1.453003764152526855e+00
-2.765155315399169922e+00
-3.018903255462646484e+00
-3.122049808502197266e+00
-3.761746883392333984e-01
-2.984836816787719727e+00
-3.373873710632324219e+00
-2.726221561431884766e+00
-2.798453092575073242e+00
-1.047832727432250977e+00
-3.408558130264282227e+00
-3.147511720657348633e+00
-3.596783399581909180e+00
-6.851565837860107422e-01
-2.289119482040405273e+00
-2.978672504425048828e+00
-2.273452758789062500e+00
-3.839180707931518555e+00
-2.198635578155517578e+00
-1.948623180389404297e+00
-2.980899572372436523e+00
-2.122786998748779297e+00
-2.416781187057495117e+00
-2.738591194152832031e+00
-9.694074988365173340e-01
-3.087697029113769531e+00
-3.423936843872070312e+00
-3.317065238952636719e+00
-2.641161680221557617e+00
-2.500945091247558594e+00
-2.864941835403442383e+00
-3.907510995864868164e+00
-2.894006967544555664e+00
-3.454384326934814453e+00
-1.866769790649414062e+00
-3.105422496795654297e+00
-1.535611748695373535e+00
-4.102758884429931641e+00
-2.789760112762451172e+00
-2.403848648071289062e+00
-2.857349872589111328e+00
-2.994598865509033203e+00
-3.600497722625732422e+00
-3.181808233261108398e+00
-3.662644386291503906e+00
-3.169089555740356445e+00
-3.429819345474243164e+00
-2.939124107360839844e+00
-2.887071847915649414e+00
-1.984437584877014160e+00
-3.344663858413696289e+00
-3.526954889297485352e+00
-2.668927013874053955e-01
-1.550171494483947754e+00
-2.426369428634643555e+00
-2.146106004714965820e+00
-2.263073682785034180e+00
-2.577679872512817383e+00
-1.323604702949523926e+00
-3.001321554183959961e+00
-2.897283792495727539e+00
-2.755708932876586914e+00
-3.284320354461669922e+00
-2.739361763000488281e+00
-6.383184790611267090e-01
-2.482473134994506836e+00
-1.926048755645751953e+00
-2.831699609756469727e+00
-2.751473426818847656e+00
-3.314739227294921875e+00
-2.720693349838256836e+00
-1.920204639434814453e+00
-9.189624786376953125e-01
-1.510591506958007812e+00
-2.681245326995849609e+00
-2.366320610046386719e+00
-3.044646263122558594e+00
-3.709536075592041016e+00
-3.717475891113281250e+00
-2.413145303726196289e+00
-1.185034632682800293e+00
-2.169764280319213867e+00
-2.865838050842285156e+00
-1.984140753746032715e+00
-2.206490278244018555e+00
-3.126745462417602539e+00
-1.881135225296020508e+00
-3.781779766082763672e+00
-2.939366102218627930e+00
-2.680294275283813477e+00
-1.207479834556579590e+00
-1.470945715904235840e+00
-8.792570233345031738e-01
-1.580210208892822266e+00
-2.021162271499633789e+00
-2.130522727966308594e+00
-2.990135431289672852e+00
-1.669683218002319336e+00
-2.075526237487792969e+00
-2.407223463058471680e+00
-2.209686040878295898e+00
-1.164056420326232910e+00
-8.007366061210632324e-01
-2.314199924468994141e+00
-2.979593753814697266e+00
-1.960745573043823242e+00
-2.079508066177368164e+00
-2.510550022125244141e+00
-3.008800506591796875e+00
-6.652594208717346191e-01
-2.743625402450561523e+00
-1.193398475646972656e+00
-3.699586629867553711e+00
-3.201279163360595703e+00
-2.912895441055297852e+00
-3.248660564422607422e+00
-9.400922656059265137e-01
-2.368998527526855469e+00
-2.952689886093139648e+00
-2.752576112747192383e+00
-2.281632184982299805e+00
-2.569948673248291016e+00
-2.790566921234130859e+00
-2.012953281402587891e+00
-1.581126689910888672e+00
-1.866266489028930664e+00
-2.504373311996459961e+00
-2.496770381927490234e+00
-2.427250862121582031e+00
-2.499589443206787109e+00
-3.513635635375976562e+00
-1.893019437789916992e+00
-3.308081150054931641e+00
-3.189168453216552734e+00
-3.200954675674438477e+00
-2.017480850219726562e+00
-2.341918468475341797e+00
-3.480528116226196289e+00
-2.764724969863891602e+00
-2.411867618560791016e+00
-3.379878759384155273e+00
-2.280412197113037109e+00
-1.305003285408020020e+00
-2.112499952316284180e+00
-2.389582395553588867e+00
-3.484773635864257812e+00
-2.653455257415771484e+00
-2.764638662338256836e+00
-4.177969932556152344e+00
-1.818521976470947266e+00
-2.898972511291503906e+00
-2.058483600616455078e+00
-2.995954513549804688e+00
-3.825189113616943359e+00
-2.426905632019042969e+00
-2.704842090606689453e+00
-3.111898899078369141e+00
-1.188351035118103027e+00
-3.023272991180419922e+00
-1.537631869316101074e+00
-2.434239149093627930e+00
-9.928877353668212891e-01
-2.411570310592651367e+00
-1.755588293075561523e+00
-2.069844484329223633e+00
-3.305768251419067383e+00
-2.831348419189453125e+00
-1.973755002021789551e+00
-1.914227962493896484e+00
-2.533587455749511719e+00
-6.306844353675842285e-01
-3.487753391265869141e+00
-1.549071550369262695e+00
-1.948318123817443848e+00
-2.295830726623535156e+00
-1.835326910018920898e+00
-2.511685371398925781e+00
-2.324888944625854492e+00
-2.744856119155883789e+00
-2.869487285614013672e+00
-3.455129384994506836e+00
-2.590028047561645508e+00
-1.007310986518859863e+00
-2.782438516616821289e+00
-2.653874397277832031e+00
-7.928065657615661621e-01
-3.016345262527465820e+00
-2.861507177352905273e+00
-2.519666194915771484e+00
-2.749690294265747070e+00
-2.517460823059082031e+00
-1.637838125228881836e+00
-1.251567363739013672e+00
-1.309761643409729004e+00
-9.894996881484985352e-01
-2.091833353042602539e+00
-1.786328673362731934e+00
-3.536853075027465820e+00
-3.639051914215087891e+00
-2.300374269485473633e+00
-2.760832309722900391e+00
-2.919137001037597656e+00
-2.384590387344360352e+00
-2.978534936904907227e+00
-3.888726711273193359e+00
-2.388936519622802734e+00
-2.090285778045654297e+00
-2.772217988967895508e+00
-2.220336437225341797e+00
-2.886343955993652344e+00
-3.644346714019775391e+00
-2.611779689788818359e+00
-2.262439489364624023e+00
-3.125462770462036133e+00
-3.600190877914428711e+00
-2.155902862548828125e+00
-2.892566442489624023e+00
-1.676698923110961914e+00
-1.260677456855773926e+00
-2.300086498260498047e+00
-2.234043121337890625e+00
-2.180674314498901367e+00
-1.701034784317016602e+00
-2.413507461547851562e+00
-2.591303348541259766e+00
-3.427851498126983643e-01
-2.217107295989990234e+00
-2.441812992095947266e+00
-2.841479301452636719e+00
-2.656176567077636719e+00
-2.180752038955688477e+00
-2.348770618438720703e+00
-2.932945966720581055e+00
-2.584147453308105469e+00
-1.738049983978271484e+00
-3.066468954086303711e+00
-8.762728571891784668e-01
-3.096126079559326172e+00
-2.041033983230590820e+00
-7.757787108421325684e-01
-3.521178960800170898e+00
-3.308704376220703125e+00
-2.421091794967651367e+00
-1.557097196578979492e+00
-2.829149246215820312e+00
-4.032480239868164062e+00
-3.010814428329467773e+00
-1.500829339027404785e+00
-3.365949153900146484e+00
-2.330454826354980469e+00
-2.992053031921386719e+00
-2.265347242355346680e+00
-3.277464389801025391e+00
-3.260416746139526367e+00
-2.932988882064819336e+00
-2.662277698516845703e+00
-3.445739269256591797e+00
-3.506280422210693359e+00
-3.549511671066284180e+00
-3.393832683563232422e+00
-2.911144256591796875e+00
-1.822838544845581055e+00
-1.494933605194091797e+00
-2.427725076675415039e+00
-2.272708892822265625e+00
-1.494950056076049805e+00
-1.709665179252624512e+00
-2.289763212203979492e+00
-3.007359266281127930e+00
-3.795251607894897461e+00
-3.124736547470092773e+00
-3.175341367721557617e+00
-2.028094768524169922e+00
-2.493263483047485352e+00
-2.621275663375854492e+00
-1.319046616554260254e+00
-2.411965370178222656e+00
-2.779177904129028320e+00
-2.342732667922973633e+00
-1.292717933654785156e+00
-2.217382192611694336e+00
-2.555394172668457031e+00
-2.266569614410400391e+00
-1.569922804832458496e+00
-2.245604515075683594e+00
-2.044247388839721680e+00
-2.091427803039550781e+00
-2.619617462158203125e+00
-2.648467779159545898e+00
-1.630894422531127930e+00
-2.970703840255737305e-01
-2.964604377746582031e+00
-1.781752943992614746e+00
-3.008502483367919922e+00
-2.684576272964477539e+00
-2.115801572799682617e+00
-7.617383003234863281e-01
-1.989273309707641602e+00
-1.735489368438720703e+00
-2.677178859710693359e+00
-1.927282929420471191e+00
-2.851420402526855469e+00
-1.961929440498352051e+00
-2.307898759841918945e+00
-3.040260314941406250e+00
-2.410088300704956055e+00
-2.500553131103515625e+00
-2.585441112518310547e+00
-3.493877887725830078e+00
-1.527568221092224121e+00
-2.126435279846191406e+00
-2.723774909973144531e+00
-3.439735889434814453e+00
-3.898707389831542969e+00
-2.636439323425292969e+00
-2.175969839096069336e+00
-1.130512475967407227e+00
-2.532919883728027344e+00
-8.656080961227416992e-01
-2.539111614227294922e+00
-2.479021072387695312e+00
-3.132150411605834961e+00
-3.086082935333251953e+00
-2.770469665527343750e+00
-2.918902873992919922e+00
-2.222393512725830078e+00
-1.742898821830749512e+00
-3.436470031738281250e+00
-2.116859436035156250e+00
-1.938038468360900879e+00
-2.419167995452880859e+00
-2.164402484893798828e+00
-3.092240810394287109e+00
-3.462408065795898438e+00
-3.143911361694335938e+00
-3.303138256072998047e+00
-2.630736351013183594e+00
-3.343222856521606445e+00
-1.860165119171142578e+00
-2.300343751907348633e+00
-2.683142185211181641e+00
-2.517302274703979492e+00
-2.139745473861694336e+00
-1.958496689796447754e+00
-3.688720703125000000e+00
-2.826677799224853516e+00
-2.636584758758544922e+00
-2.388047695159912109e+00
-3.395401000976562500e+00
-2.351395368576049805e+00
-3.249577760696411133e+00
-3.123236179351806641e+00
-6.776272505521774292e-02
-2.954115629196166992e+00
-1.997410178184509277e+00
-1.152227401733398438e+00
-2.206605195999145508e+00
-2.107184410095214844e+00
-2.185060501098632812e+00
-2.998644113540649414e+00
-1.300289988517761230e+00
-2.084061384201049805e+00
-2.853266239166259766e+00
-3.341953277587890625e+00
-2.993152856826782227e+00
-1.489899039268493652e+00
-3.536051750183105469e+00
-2.964524030685424805e+00
-2.676539897918701172e+00
-3.583591461181640625e+00
-1.583163857460021973e+00
-3.360903739929199219e+00
-2.502347230911254883e+00
-3.278852939605712891e+00
-2.715579271316528320e+00
-1.906127452850341797e+00
-9.894027709960937500e-01
-3.556147336959838867e+00
-2.271919965744018555e+00
-2.085166931152343750e+00
-1.736456513404846191e+00
-3.076257705688476562e+00
-2.745627880096435547e+00
-2.361267089843750000e+00
-1.091674685478210449e+00
-2.277222394943237305e+00
-2.762659311294555664e+00
-3.870855093002319336e+00
-6.946179866790771484e-01
-3.106571197509765625e+00
-2.610570907592773438e+00
-4.029874801635742188e+00
-2.215251445770263672e+00
-1.803251385688781738e+00
-1.133391737937927246e+00
-1.600208520889282227e+00
-3.931078672409057617e+00
-2.913989543914794922e+00
-1.988172054290771484e+00
-3.135570764541625977e+00
-3.410426139831542969e+00
-4.113583087921142578e+00
-3.584017276763916016e+00
-3.285857915878295898e+00
-2.488262176513671875e+00
-2.175690889358520508e+00
-4.048370838165283203e+00
-3.146567106246948242e+00
-4.264614582061767578e+00
-1.414333224296569824e+00
-3.642678737640380859e+00
-1.937640786170959473e+00
-2.777756929397583008e+00
-8.037373423576354980e-01
-1.389417648315429688e+00
-3.353474855422973633e+00
-3.017646551132202148e+00
-2.785888195037841797e+00
-1.718188047409057617e+00
-2.916922092437744141e+00
-1.209339499473571777e+00
-3.089271783828735352e+00
-2.421104669570922852e+00
-2.805140495300292969e+00
-1.179053902626037598e+00
-2.350678920745849609e+00
-1.666155695915222168e+00
-9.934616684913635254e-01
-1.123386383056640625e+00
-1.871336936950683594e+00
-2.782642602920532227e+00
-2.687004566192626953e+00
-2.413865089416503906e+00
-4.079841613769531250e+00
-2.085869073867797852e+00
-1.293803453445434570e+00
-2.891935586929321289e+00
-2.516814470291137695e+00
-2.602696657180786133e+00
-1.841246604919433594e+00
-2.887832403182983398e+00
-3.641689777374267578e+00
-2.288616657257080078e+00
-1.976166486740112305e+00
-2.105474472045898438e+00
-3.046281814575195312e+00
-2.535755634307861328e+00
-2.873460531234741211e+00
-2.820507049560546875e+00
-2.621937036514282227e+00
-2.135887622833251953e+00
-3.227105379104614258e+00
-2.852282762527465820e+00
-2.063994407653808594e+00
-2.277400970458984375e+00
-2.538931131362915039e+00
-2.967533111572265625e+00
-2.607258319854736328e+00
-3.212302207946777344e+00
-3.114601612091064453e+00
-2.506652116775512695e+00
-2.728812932968139648e+00
-3.425267696380615234e+00
-2.846825838088989258e+00
-2.744608640670776367e+00
-1.617146134376525879e+00
-2.528934240341186523e+00
-3.375092983245849609e+00
-1.938389539718627930e+00
-1.924269676208496094e+00
-3.345743894577026367e+00
-3.321111202239990234e+00
-3.236980915069580078e+00
-3.399221897125244141e+00
-2.695047855377197266e+00
-2.616481542587280273e+00
-2.106082201004028320e+00
-1.460588932037353516e+00
-1.610043525695800781e+00
-3.655186414718627930e+00
-2.169286012649536133e+00
-2.592161893844604492e+00
-3.759312868118286133e+00
-2.805999994277954102e+00
-3.405254364013671875e+00
-3.875570535659790039e+00
-2.831774711608886719e+00
-2.615652561187744141e+00
-3.468780994415283203e+00
-3.434483766555786133e+00
-2.126812219619750977e+00
-3.750333786010742188e+00
-1.190880656242370605e+00
-3.490557909011840820e+00
-3.119278907775878906e+00
-3.488493442535400391e+00
-1.305412411689758301e+00
-1.433612585067749023e+00
-2.794588804244995117e+00
-1.155521512031555176e+00
-9.850310087203979492e-01
-9.628654122352600098e-01
-2.483927249908447266e+00
-1.340924739837646484e+00
-2.302889585494995117e+00
-2.548295736312866211e+00
-1.238323211669921875e+00
-1.444153189659118652e+00
-2.122695922851562500e+00
-8.036261796951293945e-01
-2.142536401748657227e+00
-1.040961027145385742e+00
-1.731818795204162598e+00
-1.157919168472290039e+00
-1.628850817680358887e+00
-2.942774057388305664e+00
-1.628471970558166504e+00
-2.376101016998291016e+00
-2.656452655792236328e+00
-2.603271484375000000e+00
-1.858183026313781738e+00
-9.508059024810791016e-01
-1.804160356521606445e+00
-1.991751194000244141e+00
-1.619412422180175781e+00
-1.389747619628906250e+00
-2.640312194824218750e+00
-3.069165229797363281e+00
-2.699703693389892578e+00
-2.599100112915039062e+00
-2.488220214843750000e+00
-2.208844423294067383e+00
-1.831581354141235352e+00
-1.824759840965270996e+00
-3.658568263053894043e-01
-2.866157531738281250e+00
-2.050267219543457031e+00
-2.582670211791992188e+00
-5.407350659370422363e-01
-1.380841374397277832e+00
-1.502053618431091309e+00
-1.473025560379028320e+00
-1.684231519699096680e+00
-1.822259306907653809e+00
-3.059113740921020508e+00
-3.716489791870117188e+00
-1.547523260116577148e+00
-2.301100254058837891e+00
-1.755627751350402832e+00
-2.577337980270385742e+00
-1.614320993423461914e+00
-2.917940378189086914e+00
-9.355552792549133301e-01
-9.477738738059997559e-01
-2.868857383728027344e+00
-1.497787833213806152e+00
-2.482420444488525391e+00
-2.719580888748168945e+00
-2.514919042587280273e+00
-1.160305365920066833e-01
-3.624437808990478516e+00
-3.369390010833740234e+00
-1.983221054077148438e+00
-3.246251106262207031e+00
-3.485277414321899414e+00
-3.269588708877563477e+00
-1.503891348838806152e+00
-3.037398099899291992e+00
-3.127058506011962891e+00
-1.955425024032592773e+00
-3.274727106094360352e+00
-3.568973302841186523e+00
-2.775973796844482422e+00
-2.065460920333862305e+00
-2.569088459014892578e+00
-3.219675540924072266e+00
-2.995687484741210938e+00
-3.733550786972045898e+00
-1.348971605300903320e+00
-1.673671126365661621e+00
-3.294274568557739258e+00
-2.189394474029541016e+00
-2.803653240203857422e+00
-2.452539443969726562e+00
-2.121048688888549805e+00
-3.320835351943969727e+00
-4.272727012634277344e+00
-1.306980967521667480e+00
-2.131280899047851562e+00
-3.062753200531005859e+00
-3.437005281448364258e+00
-2.464413404464721680e+00
-2.568530082702636719e+00
-1.245252966880798340e+00
-1.729498028755187988e+00
-1.993209481239318848e+00
-2.757832050323486328e+00
-1.130246281623840332e+00
-1.825743436813354492e+00
-2.339016675949096680e+00
-3.751799345016479492e+00
-3.897474765777587891e+00
-2.062842845916748047e+00
-2.883319616317749023e+00
-9.219198822975158691e-01
-7.928295135498046875e-01
-3.342957735061645508e+00
-2.167597055435180664e+00
-1.841042399406433105e+00
-2.397526264190673828e+00
-2.790042400360107422e+00
-1.719502568244934082e+00
-2.048610448837280273e+00
-2.010797023773193359e+00
-2.059786081314086914e+00
-3.078921794891357422e+00
-2.020817279815673828e+00
-2.120836496353149414e+00
-2.656904220581054688e+00
-1.837259173393249512e+00
-1.617132067680358887e+00
-2.771957874298095703e+00
-2.514691352844238281e+00
-2.281842231750488281e+00
-2.099530220031738281e+00
-1.699346423149108887e+00
-1.796102643013000488e+00
-1.600847244262695312e+00
-1.418671846389770508e+00
-2.625605583190917969e+00
-2.862685918807983398e+00
-2.147605419158935547e+00
-2.466182708740234375e+00
-1.843585729598999023e+00
-2.483615636825561523e+00
-1.334712743759155273e+00
-2.429241418838500977e+00
-2.535611391067504883e+00
-2.090005397796630859e+00
-8.004837632179260254e-01
-2.155930519104003906e+00
-2.247453927993774414e+00
-2.480054855346679688e+00
-3.070559263229370117e+00
-8.276538252830505371e-01
-1.892637133598327637e+00
-1.883182883262634277e+00
-2.499925613403320312e+00
-3.346176862716674805e+00
-2.217505216598510742e+00
-2.703526020050048828e+00
-2.598354101181030273e+00
-2.475601911544799805e+00
-3.683307409286499023e+00
-2.239311695098876953e+00
-2.587805747985839844e+00
-2.702067852020263672e+00
-3.181262016296386719e+00
-1.341997027397155762e+00
-2.329030275344848633e+00
-2.941032171249389648e+00
-3.096253156661987305e+00
-2.200472116470336914e+00
-2.719819307327270508e+00
-2.913849592208862305e+00
-4.246577739715576172e+00
-3.244877338409423828e+00
-3.237690925598144531e+00
-2.556236982345581055e+00
-2.312988519668579102e+00
-2.445140123367309570e+00
-3.558474302291870117e+00
-3.080367803573608398e+00
-1.777886867523193359e+00
-9.039386510848999023e-01
-3.361233711242675781e+00
-2.343910694122314453e+00
-1.582337975502014160e+00
-3.149546384811401367e+00
-2.776840209960937500e+00
-2.347399950027465820e+00
-2.511257648468017578e+00
-7.319669723510742188e-01
-3.786878108978271484e+00
-1.907892107963562012e+00
-3.318666458129882812e+00
-2.439217805862426758e+00
-7.877432107925415039e-01
-1.146735072135925293e+00
-2.152137756347656250e+00
-2.924233675003051758e+00
-2.160749673843383789e+00
-1.589256405830383301e+00
-2.956889867782592773e+00
-9.164801239967346191e-01
-2.055166721343994141e+00
-9.717918038368225098e-01
-3.036103487014770508e+00
-3.264145851135253906e+00
-2.908531904220581055e+00
-3.460544109344482422e+00
-1.950852155685424805e+00
-1.530662536621093750e+00
-1.456046104431152344e+00
-3.025112390518188477e+00
-3.046407938003540039e+00
-1.837593197822570801e+00
-1.880846381187438965e+00
-2.540705680847167969e+00
-2.050950527191162109e+00
-1.889104604721069336e+00
-3.306184053421020508e+00
-2.165103435516357422e+00
-8.173003792762756348e-01
-2.103015184402465820e+00
-2.373310327529907227e+00
-8.294161558151245117e-01
-1.978128433227539062e+00
-2.842664957046508789e+00
-3.505928993225097656e+00
-1.836364269256591797e+00
-2.287575244903564453e+00
-3.219025135040283203e+00
-2.114987611770629883e+00
-1.717548727989196777e+00
-2.321524381637573242e+00
-3.144719600677490234e+00
-2.884541273117065430e+00
-2.692092657089233398e+00
-9.854009747505187988e-01
-3.276190757751464844e+00
-3.953589439392089844e+00
-2.008217334747314453e+00
-2.360428094863891602e+00
-2.526525497436523438e+00
-2.129473209381103516e+00
-3.015285491943359375e+00
-2.320852279663085938e+00
-2.931180238723754883e+00
-1.435184836387634277e+00
-3.222889184951782227e+00
-1.506999492645263672e+00
-2.993130922317504883e+00
-1.720077514648437500e+00
-2.560927152633666992e+00
-2.726167440414428711e+00
-2.936637401580810547e+00
-3.674698829650878906e+00
-2.115240335464477539e+00
-2.023711919784545898e+00
-2.527162313461303711e+00
-1.630199790000915527e+00
-1.434725284576416016e+00
-1.665708065032958984e+00
-9.491751790046691895e-01
-1.030215620994567871e+00
-1.355048894882202148e+00
-1.646476626396179199e+00
-2.020689249038696289e+00
-1.389943957328796387e+00
-3.552422821521759033e-01
-1.937968969345092773e+00
-1.171526551246643066e+00
-1.480290532112121582e+00
-9.168946743011474609e-01
-1.929154396057128906e+00
-2.150295495986938477e+00
-2.213361024856567383e+00
-2.376663446426391602e+00
-1.955508351325988770e+00
-1.161895751953125000e+00
-2.290941953659057617e+00
-2.663287818431854248e-01
-1.080662846565246582e+00
-1.695797920227050781e+00
-1.958068609237670898e+00
-1.077899575233459473e+00
-1.347048401832580566e+00
-1.817194700241088867e+00
-1.620501279830932617e+00
-2.533702373504638672e+00
-2.238177299499511719e+00
-1.961724281311035156e+00
-4.161011874675750732e-01
-1.201994180679321289e+00
-2.419768333435058594e+00
-2.732117652893066406e+00
-6.855725049972534180e-01
-9.066379070281982422e-01
-1.810957431793212891e+00
-2.343068599700927734e+00
-1.336164712905883789e+00
-2.329389810562133789e+00
-2.625164031982421875e+00
-1.274077177047729492e+00
-2.763684988021850586e+00
-2.092325448989868164e+00
-3.859246015548706055e+00
-2.999971151351928711e+00
-1.928384304046630859e+00
-2.504229068756103516e+00
-3.090188980102539062e+00
-2.931374788284301758e+00
-3.218862771987915039e+00
-3.694125413894653320e+00
-3.162056446075439453e+00
-1.253552198410034180e+00
-3.115516662597656250e+00
-3.030715465545654297e+00
-2.160613775253295898e+00
-2.178281068801879883e+00
-1.404971241950988770e+00
-2.757436990737915039e+00
-2.865720987319946289e+00
-2.937662363052368164e+00
-2.479309558868408203e+00
-3.255477190017700195e+00
-3.090818166732788086e+00
-3.279608964920043945e+00
-2.414926767349243164e+00
-3.121850967407226562e+00
-3.941556930541992188e+00
-2.881574869155883789e+00
-2.965797901153564453e+00
-2.485421895980834961e+00
-3.511883020401000977e+00
-2.104538440704345703e+00
-2.784032583236694336e+00
-3.497512102127075195e+00
-4.125667095184326172e+00
-1.676295995712280273e+00
-3.635892152786254883e+00
-2.231790781021118164e+00
-2.963978767395019531e+00
-2.174383878707885742e+00
-3.749068021774291992e+00
-3.530603170394897461e+00
-3.895806074142456055e+00
-2.887435674667358398e+00
-2.523620128631591797e+00
-2.364524364471435547e+00
-4.105991840362548828e+00
-4.372211456298828125e+00
-2.261641263961791992e+00
-2.097873449325561523e+00
-3.715150117874145508e+00
-1.967870831489562988e+00
-2.893837928771972656e+00
-4.044623374938964844e+00
-4.079551696777343750e+00
-4.327035427093505859e+00
-4.229588031768798828e+00
-3.595152139663696289e+00
-2.868189811706542969e+00
-3.244344234466552734e+00
-3.923547744750976562e+00
-3.714714288711547852e+00
-2.555457592010498047e+00
-2.272213459014892578e+00
-2.510734796524047852e+00
-1.584412336349487305e+00
-1.826296806335449219e+00
-2.659732341766357422e+00
-1.694704890251159668e+00
-1.772740364074707031e+00
-1.207430839538574219e+00
-9.174810051918029785e-01
-2.667236328125000000e+00
-1.109548211097717285e+00
-1.435595870018005371e+00
-2.202605009078979492e+00
-1.535866498947143555e+00
-2.597495317459106445e+00
-1.523026943206787109e+00
-1.037804007530212402e+00
-2.915824413299560547e+00
-2.553490638732910156e+00
-3.166085481643676758e+00
-2.226789236068725586e+00
-1.122107625007629395e+00
-2.436440944671630859e+00
-2.239687204360961914e+00
-1.325031042098999023e+00
-2.717617988586425781e+00
-1.648706674575805664e+00
-2.069349527359008789e+00
-1.850977540016174316e+00
-2.865203857421875000e+00
-5.273638963699340820e-01
-1.213381290435791016e+00
-1.400264739990234375e+00
-1.460612773895263672e+00
-2.129193067550659180e+00
-1.762067079544067383e+00
-1.577426671981811523e+00
-2.583559036254882812e+00
-3.190292596817016602e+00
-1.619713306427001953e+00
-1.515355110168457031e+00
-1.375367164611816406e+00
-1.706795215606689453e+00
-2.712466716766357422e+00
-1.795477867126464844e+00
-3.112103223800659180e+00
-1.850460767745971680e+00
-2.044854640960693359e+00
-2.356056690216064453e+00
-2.841822385787963867e+00
-1.442614912986755371e+00
-1.484825611114501953e+00
-1.327819466590881348e+00
-1.629589319229125977e+00
-2.398449659347534180e+00
-1.772209405899047852e+00
-2.198168754577636719e+00
-1.367272496223449707e+00
-9.479132294654846191e-01
-1.729959726333618164e+00
-2.508455514907836914e+00
-8.214503526687622070e-01
-2.739528179168701172e+00
-2.748695611953735352e+00
-2.028430461883544922e+00
-1.270588517189025879e+00
-1.839651226997375488e+00
-2.765840053558349609e+00
-2.526273727416992188e+00
-2.268147230148315430e+00
-3.963897943496704102e+00
-2.167691230773925781e+00
-2.395014286041259766e+00
-2.156527996063232422e+00
-2.279275178909301758e+00
-1.558435440063476562e+00
-1.628618478775024414e+00
-2.229529619216918945e+00
-1.220930218696594238e+00
-2.748254776000976562e+00
-1.590366959571838379e+00
-2.160755157470703125e+00
-3.425058841705322266e+00
-1.518822669982910156e+00
-7.939099073410034180e-01
-1.966724872589111328e+00
-2.228821516036987305e+00
-1.025849580764770508e+00
-1.716549754142761230e+00
-2.206132650375366211e+00
-1.585036039352416992e+00
-1.983146071434020996e+00
-7.412124276161193848e-01
-2.285094738006591797e+00
-1.842645049095153809e+00
-2.624250650405883789e+00
-2.351429224014282227e+00
-2.333234310150146484e+00
-5.416129827499389648e-01
-1.660137534141540527e+00
-6.259582638740539551e-01
-1.605231046676635742e+00
-1.051218986511230469e+00
-1.926000714302062988e+00
-9.413657784461975098e-01
-9.830824732780456543e-01
-1.480292797088623047e+00
-2.530810117721557617e+00
-2.166980743408203125e+00
-4.428997039794921875e-01
-1.239721655845642090e+00
-1.645758986473083496e+00
-1.789895057678222656e+00
-1.010773181915283203e+00
-2.274412631988525391e+00
-1.059671282768249512e+00
-2.021768808364868164e+00
-8.322781324386596680e-01
-1.774980664253234863e+00
-2.291348457336425781e+00
-2.537790060043334961e+00
-1.976970911026000977e+00
-2.515112876892089844e+00
-2.579727649688720703e+00
-2.296515703201293945e+00
-4.278653264045715332e-01
-6.363302469253540039e-01
-1.944935560226440430e+00
-2.389570236206054688e+00
-2.147740364074707031e+00
-2.506465673446655273e+00
-2.492798328399658203e+00
-1.516118288040161133e+00
2.517846226692199707e-01
-2.418221712112426758e+00
-1.069029569625854492e+00
-1.547685742378234863e+00
-2.545671701431274414e+00
-3.181447386741638184e-01
-3.137343823909759521e-01
-2.270586490631103516e+00
-7.905852794647216797e-01
-2.510521411895751953e+00
-1.011094212532043457e+00
-2.298401117324829102e+00
-2.069269418716430664e+00
-2.567030906677246094e+00
-2.386813879013061523e+00
-1.752824306488037109e+00
-1.759644031524658203e+00
-2.465362310409545898e+00
-2.622312784194946289e+00
-2.303551912307739258e+00
-1.054795861244201660e+00
-2.447845458984375000e+00
-1.508910417556762695e+00
-2.646229267120361328e+00
-3.438312292098999023e+00
-2.672905683517456055e+00
-2.552477359771728516e+00
-1.707110047340393066e+00
-1.820735573768615723e+00
-2.723841905593872070e+00
-2.498992681503295898e+00
-2.391380786895751953e+00
-2.590576887130737305e+00
-1.982174873352050781e+00
-2.819066286087036133e+00
-2.177349328994750977e+00
-2.166185379028320312e+00
-5.547690391540527344e-01
-1.479053020477294922e+00
-1.963030457496643066e+00
-1.882272124290466309e+00
-8.280811905860900879e-01
-2.012186050415039062e+00
-2.856784343719482422e+00
-1.973331212997436523e+00
-2.420096635818481445e+00
-2.757000446319580078e+00
-2.918962955474853516e+00
-2.841894388198852539e+00
-7.244109362363815308e-02
-1.935868382453918457e+00
-1.509592175483703613e+00
-2.207597732543945312e+00
-2.428739786148071289e+00
-1.890426397323608398e+00
-2.165580511093139648e+00
-2.591998100280761719e+00
-3.298429965972900391e+00
-2.286413669586181641e+00
-2.222975969314575195e+00
-3.185334444046020508e+00
-2.738514661788940430e+00
-2.761826753616333008e+00
-3.346460819244384766e+00
-2.267490625381469727e+00
-1.349923372268676758e+00
-2.851983070373535156e+00
-2.690343856811523438e+00
-2.463014364242553711e+00
-2.283725500106811523e+00
-2.076692581176757812e+00
-2.842740058898925781e+00
-2.204295635223388672e+00
-2.307399511337280273e+00
-2.512630701065063477e+00
-3.528153896331787109e+00
-2.730835437774658203e+00
-2.091084241867065430e+00
-1.330670237541198730e+00
-2.831567525863647461e+00
-2.393041610717773438e+00
-2.348567962646484375e+00
-2.105490446090698242e+00
-1.918646574020385742e+00
-2.358424901962280273e+00
-1.976723194122314453e+00
-1.669618010520935059e+00
-1.468263745307922363e+00
-1.852728962898254395e+00
-1.428073167800903320e+00
-2.944821357727050781e+00
-1.291149973869323730e+00
-1.933369398117065430e+00
-8.718065619468688965e-01
-5.308805108070373535e-01
-5.614643692970275879e-01
-2.337021589279174805e+00
-3.113759160041809082e-01
-1.769655227661132812e+00
-1.856785297393798828e+00
-2.439619064331054688e+00
-2.359610557556152344e+00
-1.037326574325561523e+00
-2.191909313201904297e+00
-2.338279008865356445e+00
-2.398899316787719727e+00
-1.519419312477111816e+00
-2.101649761199951172e+00
-2.984517574310302734e+00
-3.079082250595092773e+00
-2.040738344192504883e+00
-1.226230025291442871e+00
-7.482051253318786621e-01
-2.344870805740356445e+00
-2.019553661346435547e+00
-2.726117134094238281e+00
-1.628463745117187500e+00
-1.458819270133972168e+00
-2.253831148147583008e+00
-3.255038261413574219e+00
-1.892523050308227539e+00
-1.066879630088806152e+00
-2.752170801162719727e+00
-1.838692545890808105e+00
-1.365907669067382812e+00
-6.187726855278015137e-01
-2.744282782077789307e-01
-1.741019010543823242e+00
-1.586102366447448730e+00
-1.710943579673767090e+00
-1.330304026603698730e+00
-1.836013913154602051e+00
-1.998766303062438965e+00
-1.998170375823974609e+00
-1.697706937789916992e+00
-1.990151762962341309e+00
-1.609145998954772949e+00
-1.622418045997619629e+00
-1.301485061645507812e+00
-5.296901464462280273e-01
-1.350674510002136230e+00
-1.639965176582336426e+00
-2.171545028686523438e+00
-2.443025112152099609e+00
-9.550490379333496094e-01
-2.781363487243652344e+00
-1.656363725662231445e+00
-2.002797603607177734e+00
-1.462540149688720703e+00
-2.433975696563720703e+00
-2.254613637924194336e+00
-1.582588076591491699e+00
-2.077943086624145508e+00
-3.373224020004272461e+00
-2.751047134399414062e+00
-7.480214834213256836e-01
-1.964991450309753418e+00
-1.345201253890991211e+00
-1.273391723632812500e+00
-2.370403051376342773e+00
-2.183477163314819336e+00
-1.759144425392150879e+00
-1.909482121467590332e+00
-2.311292648315429688e+00
-2.296552896499633789e+00
-1.316162586212158203e+00
-2.808960437774658203e+00
-3.393747329711914062e+00
-1.496716737747192383e+00
-2.535132646560668945e+00
-1.478007912635803223e+00
-2.028131246566772461e+00
-2.991237878799438477e+00
-2.399345397949218750e+00
-2.708542346954345703e+00
-2.393484354019165039e+00
-2.310296297073364258e+00
-2.405529260635375977e+00
-2.991921424865722656e+00
-1.982322335243225098e+00
-1.839604377746582031e+00
-1.508782386779785156e+00
-1.981249809265136719e+00
-1.051923036575317383e+00
-1.018373131752014160e+00
-1.910843968391418457e+00
-2.390243053436279297e+00
-1.869169592857360840e+00
-1.398501515388488770e+00
-2.961739063262939453e+00
-1.987847328186035156e+00
-2.091573953628540039e+00
-3.072058200836181641e+00
-9.991922974586486816e-01
-1.681088447570800781e+00
-3.607069015502929688e+00
-2.396347999572753906e+00
-1.966763854026794434e+00
-1.362857580184936523e+00
-1.950988650321960449e+00
-2.679760694503784180e+00
-1.140167474746704102e+00
-1.751848697662353516e+00
-2.245326757431030273e+00
-1.254515647888183594e+00
-2.253378868103027344e+00
-1.351638674736022949e+00
-1.099476933479309082e+00
-2.029444456100463867e+00
-2.445414304733276367e+00
-1.809830665588378906e+00
-1.546750783920288086e+00
-1.288984775543212891e+00
-9.802672266960144043e-01
-1.794254899024963379e+00
-1.348751068115234375e+00
1.514824181795120239e-01
-3.155184984207153320e+00
-1.847380280494689941e+00
-2.277230262756347656e+00
-1.613329529762268066e+00
-7.208778858184814453e-01
-2.149091720581054688e+00
-8.437476754188537598e-01
-1.394760310649871826e-01
-1.746415972709655762e+00
-3.008973121643066406e+00
-6.657201647758483887e-01
-1.246711254119873047e+00
-1.190209627151489258e+00
-1.922871589660644531e+00
-2.312451362609863281e+00
-6.161057353019714355e-01
-2.737748861312866211e+00
-2.068690299987792969e+00
-2.741421937942504883e+00
-2.920097351074218750e+00
-1.713650584220886230e+00
-2.651854038238525391e+00
-2.389007568359375000e+00
-2.625205755233764648e+00
-2.909409284591674805e+00
-9.518276453018188477e-01
-2.274909734725952148e+00
-1.092411398887634277e+00
-2.183511734008789062e+00
-1.976884126663208008e+00
-2.351486682891845703e+00
-1.445311307907104492e+00
-2.526996135711669922e+00
-2.441260814666748047e+00
-2.691935539245605469e+00
-2.268974542617797852e+00
-1.787624478340148926e+00
-2.406497478485107422e+00
-1.642248392105102539e+00
-2.130748271942138672e+00
-1.478581666946411133e+00
-3.228865861892700195e+00
-3.547844648361206055e+00
-1.847440719604492188e+00
-2.006266832351684570e+00
-3.575327396392822266e+00
-2.102336883544921875e+00
-2.868143796920776367e+00
-2.296847820281982422e+00
-3.344312906265258789e+00
-3.450377225875854492e+00
-3.022893428802490234e+00
-1.282817959785461426e+00
-1.712963938713073730e+00
-3.535900115966796875e+00
-1.446907639503479004e+00
-2.596959352493286133e+00
-9.201888442039489746e-01
-2.368134737014770508e+00
-2.565139770507812500e+00
-3.346401691436767578e+00
-1.975368618965148926e+00
-1.815554499626159668e+00
-1.931633710861206055e+00
-2.957755804061889648e+00
-3.510573387145996094e+00
-1.762939333915710449e+00
-1.610448002815246582e+00
-2.999919652938842773e+00
-3.114511489868164062e+00
-2.009045839309692383e+00
-1.804396510124206543e+00
-2.818660259246826172e+00
-2.065589189529418945e+00
-1.767415046691894531e+00
-3.019745111465454102e+00
-2.911156177520751953e+00
-2.956924200057983398e+00
-2.512084722518920898e+00
-2.312930583953857422e+00
-3.140544414520263672e+00
-2.735110998153686523e+00
-2.587487459182739258e+00
-2.917242765426635742e+00
-1.740286707878112793e+00
-1.807987928390502930e+00
-2.991009712219238281e+00
-2.648058176040649414e+00
-3.371067047119140625e+00
-2.380999803543090820e+00
-1.264707922935485840e+00
-3.028235912322998047e+00
-2.442137241363525391e+00
-1.966294765472412109e+00
-3.217205524444580078e+00
-3.376235723495483398e+00
-3.318562984466552734e+00
-4.072738170623779297e+00
-1.969759464263916016e+00
-1.552126288414001465e+00
-1.680181026458740234e+00
-1.217508316040039062e+00
-2.132473945617675781e+00
-2.305430412292480469e+00
-1.136302232742309570e+00
-2.632996797561645508e+00
-1.201022028923034668e+00
-4.100940525531768799e-01
-2.486825942993164062e+00
-1.562491655349731445e+00
-2.127674818038940430e+00
-2.288924217224121094e+00
-1.479825973510742188e+00
-2.058585166931152344e+00
-7.273838520050048828e-01
-8.664591908454895020e-01
-9.180652499198913574e-01
-2.597024917602539062e+00
-2.522461712360382080e-01
-1.384722232818603516e+00
-1.345578074455261230e+00
-2.216662883758544922e+00
-1.206137061119079590e+00
-1.366768360137939453e+00
-2.620187520980834961e+00
-2.032435178756713867e+00
-3.255549371242523193e-01
-2.108187437057495117e+00
-2.319371223449707031e+00
-2.745876789093017578e+00
-1.225173711776733398e+00
-5.677798390388488770e-01
-3.029323339462280273e+00
-2.992643356323242188e+00
-2.946261882781982422e+00
-1.567082405090332031e+00
-1.610656142234802246e+00
-3.049643278121948242e+00
-1.618894934654235840e+00
-6.865988373756408691e-01
-1.440365195274353027e+00
-1.074626445770263672e+00
-2.609466075897216797e+00
-1.475345969200134277e+00
-1.596377968788146973e+00
-1.995530605316162109e+00
-2.163054943084716797e+00
-1.200457930564880371e+00
-1.987456679344177246e+00
-1.577747702598571777e+00
-3.247587919235229492e+00
-1.151416897773742676e+00
-3.486741781234741211e+00
-1.020474672317504883e+00
-2.364724159240722656e+00
-1.762360453605651855e+00
-1.469624757766723633e+00
-1.532293915748596191e+00
-2.861851930618286133e+00
-2.945680856704711914e+00
-1.108341217041015625e+00
-2.295700550079345703e+00
-2.797924995422363281e+00
-3.044264078140258789e+00
-1.430801391601562500e+00
-1.807478308677673340e+00
-2.869497299194335938e+00
-1.423766851425170898e+00
-2.805157899856567383e+00
-3.816195487976074219e+00
-1.109746932983398438e+00
-1.510158896446228027e+00
-1.752307772636413574e+00
-1.747694015502929688e+00
-2.909492492675781250e+00
-2.710251331329345703e+00
-7.929933071136474609e-01
-1.339437365531921387e+00
-3.433364152908325195e+00
-2.767982959747314453e+00
-3.690529584884643555e+00
-2.870958328247070312e+00
-2.342570304870605469e+00
-2.653448104858398438e+00
-1.536686897277832031e+00
-1.572567343711853027e+00
-2.561222314834594727e+00
-1.371601462364196777e+00
-1.319285154342651367e+00
-1.883143901824951172e+00
-2.595147609710693359e+00
-1.876142263412475586e+00
-1.568488359451293945e+00
-2.674024581909179688e+00
-2.803109645843505859e+00
-2.981720209121704102e+00
-2.289377689361572266e+00
-1.525753855705261230e+00
-2.029157400131225586e+00
-2.032431602478027344e+00
-2.417353391647338867e+00
-1.201111793518066406e+00
-3.052509307861328125e+00
-2.202308654785156250e+00
-6.602279543876647949e-01
-2.708205938339233398e+00
-2.487564802169799805e+00
-2.533601045608520508e+00
-2.924932003021240234e+00
-1.209005713462829590e+00
-2.814755678176879883e+00
-2.839123725891113281e+00
-2.854217290878295898e+00
-1.669821619987487793e+00
-7.600424885749816895e-01
-2.278042554855346680e+00
-2.404527187347412109e+00
-2.062827348709106445e+00
-1.876579403877258301e+00
-1.914348840713500977e+00
-2.658451795578002930e+00
-1.322492361068725586e+00
-3.178775310516357422e+00
-2.592773437500000000e+00
-1.849478244781494141e+00
-1.010590314865112305e+00
-1.912256240844726562e+00
-2.108162403106689453e+00
-1.886438012123107910e+00
-3.290775537490844727e+00
-3.030568361282348633e+00
-2.567152738571166992e+00
-2.482733488082885742e+00
-2.008088350296020508e+00
-3.653770208358764648e+00
-1.981402277946472168e+00
-3.504555940628051758e+00
-2.126113414764404297e+00
-2.378013610839843750e+00
-2.204605340957641602e+00
-3.232899665832519531e+00
-2.064623594284057617e+00
-2.296387195587158203e+00
-1.103895664215087891e+00
-1.942752003669738770e+00
-2.376000881195068359e+00
-2.671968936920166016e+00
-2.852936983108520508e+00
-2.070708513259887695e+00
-2.745540142059326172e+00
-1.584885001182556152e+00
-2.178451299667358398e+00
-2.246640205383300781e+00
-3.697688579559326172e+00
-1.681578993797302246e+00
-3.099130868911743164e+00
-2.689277648925781250e+00
-3.696583747863769531e+00
-2.817218542098999023e+00
-2.383960962295532227e+00
-2.232407093048095703e+00
-3.864466667175292969e+00
-3.142493009567260742e+00
-2.003019094467163086e+00
-2.955825805664062500e+00
-1.921149730682373047e+00
-1.502895593643188477e+00
-2.661780357360839844e+00
-1.659979343414306641e+00
-1.893510699272155762e+00
-1.249431014060974121e+00
-3.212026119232177734e+00
-2.269504070281982422e+00
-1.637987375259399414e+00
-1.844507694244384766e+00
-2.539426326751708984e+00
-2.238059759140014648e+00
-1.607452750205993652e+00
-1.468748688697814941e+00
-2.394962072372436523e+00
-2.062157392501831055e+00
-2.261757850646972656e+00
-2.790419816970825195e+00
-1.372515320777893066e+00
-2.068690538406372070e+00
-2.502500534057617188e+00
-2.805767297744750977e+00
-2.580219507217407227e+00
-1.332147240638732910e+00
-2.060248851776123047e+00
-1.552943944931030273e+00
-2.044553041458129883e+00
-9.603053331375122070e-01
-5.976977944374084473e-01
-1.720284819602966309e+00
-3.326815843582153320e+00
-1.972237229347229004e+00
-1.430647015571594238e+00
-1.950619816780090332e+00
-2.104489803314208984e+00
-2.887887001037597656e+00
-2.607300281524658203e+00
-1.533604621887207031e+00
-8.971141576766967773e-01
-2.593802928924560547e+00
-2.035368680953979492e+00
-2.558035135269165039e+00
-2.759444475173950195e+00
-2.279788017272949219e+00
-1.370518207550048828e+00
-2.095903873443603516e+00
-2.415395259857177734e+00
-2.610089540481567383e+00
-3.439290046691894531e+00
-1.778948187828063965e+00
-1.716796159744262695e+00
-1.727771878242492676e+00
-2.766273736953735352e+00
-2.933704137802124023e+00
-2.024935007095336914e+00
-3.173091650009155273e+00
-2.890687942504882812e+00
-1.505682945251464844e+00
-1.993906617164611816e+00
-2.466777086257934570e+00
-2.729525804519653320e+00
-3.345081806182861328e+00
-2.235629320144653320e+00
-2.913760185241699219e+00
-3.015467166900634766e+00
-2.203088521957397461e+00
-2.799999952316284180e+00
-2.763220071792602539e+00
-2.295887708663940430e+00
-3.150925159454345703e+00
-3.150415420532226562e+00
-4.268599510192871094e+00
-2.433746814727783203e+00
-2.851902723312377930e+00
-4.080040931701660156e+00
-3.940716266632080078e+00
-4.104125976562500000e+00
-2.510947227478027344e+00
-2.096454858779907227e+00
-2.078145503997802734e+00
-4.104645729064941406e+00
-4.552047252655029297e+00
-2.550518989562988281e+00
-2.208259105682373047e+00
-3.506108522415161133e+00
-4.199138641357421875e+00
-3.216121435165405273e+00
-3.036565065383911133e+00
-2.426894664764404297e+00
-6.790102124214172363e-01
-1.844335675239562988e+00
-6.451149284839630127e-02
-1.471848487854003906e+00
-2.586405992507934570e+00
-1.302912712097167969e+00
-1.980380892753601074e+00
-1.893348693847656250e+00
-2.130241870880126953e+00
-1.520261406898498535e+00
-1.609011888504028320e+00
-2.421471595764160156e+00
-8.481561541557312012e-01
-1.103550791740417480e+00
-1.230119705200195312e+00
-1.640549302101135254e+00
-2.498564004898071289e+00
-1.837377548217773438e+00
-7.766269445419311523e-01
-3.274853467941284180e+00
-1.687047004699707031e+00
-2.383867502212524414e+00
-2.211241006851196289e+00
-9.781628847122192383e-02
-3.054405927658081055e+00
-1.770351290702819824e+00
-7.317830920219421387e-01
-3.327902078628540039e+00
-7.862696051597595215e-01
-2.027389049530029297e+00
-1.943320989608764648e+00
-1.575969696044921875e+00
-2.207666397094726562e+00
-1.259458780288696289e+00
-2.173319816589355469e+00
-2.431964635848999023e+00
-1.981562972068786621e+00
-2.461305379867553711e+00
-1.390289425849914551e+00
-1.806033134460449219e+00
-1.893589019775390625e+00
-2.224920034408569336e+00
-2.079822301864624023e+00
-2.859813272953033447e-01
3.064746856689453125e-01
2.638415098190307617e-01
-1.551965594291687012e+00
-1.605834484100341797e+00
6.036638021469116211e-01
-1.605749428272247314e-01
-1.435277462005615234e+00
-2.360363721847534180e+00
-1.877634078264236450e-01
-8.235311508178710938e-01
-1.111572146415710449e+00
-1.561485290527343750e+00
-6.500429511070251465e-01
-1.020711064338684082e+00
-1.440117835998535156e+00
-7.781065106391906738e-01
1.974661350250244141e-01
-6.962085366249084473e-01
-2.260866165161132812e+00
-9.332455992698669434e-01
-5.819413065910339355e-01
-1.548367023468017578e+00
-8.448256850242614746e-01
-2.939888536930084229e-01
-1.183860540390014648e+00
-2.161174058914184570e+00
-5.453647375106811523e-01
-1.364684939384460449e+00
-2.292598724365234375e+00
-1.380481839179992676e+00
-2.645843982696533203e+00
-1.714265227317810059e+00
-2.051141560077667236e-01
-1.618041992187500000e+00
-1.672986626625061035e+00
-1.720807313919067383e+00
-1.360599875450134277e+00
-1.740264534950256348e+00
-1.106117606163024902e+00
-9.530540108680725098e-01
-1.276698112487792969e+00
-2.232190132141113281e+00
-1.208913803100585938e+00
-3.979676961898803711e-01
-9.869865179061889648e-01
4.256203472614288330e-01
-7.399179339408874512e-01
-2.291968345642089844e+00
-1.064546465873718262e+00
-1.202310204505920410e+00
-1.102875709533691406e+00
-1.548392057418823242e+00
-2.351234912872314453e+00
-8.901344537734985352e-01
-2.265590429306030273e+00
-1.362155079841613770e+00
-2.018129348754882812e+00
-1.389761567115783691e+00
-3.258002996444702148e+00
-9.865017533302307129e-01
-1.349405288696289062e+00
-1.211771130561828613e+00
-9.505097270011901855e-01
-2.729050397872924805e+00
-1.525149822235107422e+00
-1.563373446464538574e+00
-1.054986834526062012e+00
-2.842397689819335938e+00
-2.407757759094238281e+00
-1.967469692230224609e+00
-1.413613677024841309e+00
-2.342211484909057617e+00
-2.407290458679199219e+00
-2.499820709228515625e+00
-1.688380241394042969e+00
-1.779064297676086426e+00
-2.268351078033447266e+00
-2.706989049911499023e+00
-1.288964629173278809e+00
-2.685537815093994141e+00
-2.006681203842163086e+00
-2.322600841522216797e+00
-2.524416446685791016e+00
-2.526436805725097656e+00
-2.801259279251098633e+00
-2.636651277542114258e+00
-2.262125968933105469e+00
-2.179619073867797852e+00
-1.150676250457763672e+00
-3.659517049789428711e+00
-2.212375879287719727e+00
-2.445526123046875000e+00
-2.213773012161254883e+00
-2.243188381195068359e+00
-2.383702993392944336e+00
-2.284106492996215820e+00
-1.670108556747436523e+00
-2.663539648056030273e+00
-5.134237408638000488e-01
-1.330138444900512695e+00
-8.734568953514099121e-01
-2.208226919174194336e+00
-1.708155512809753418e+00
-2.373995065689086914e+00
-3.631394863128662109e+00
-3.989129304885864258e+00
-3.164546012878417969e+00
-4.695806503295898438e+00
-3.172752141952514648e+00
-2.015096664428710938e+00
-2.227455377578735352e+00
-2.883582830429077148e+00
-1.345175623893737793e+00
-4.492104530334472656e+00
-2.748775959014892578e+00
-2.933154821395874023e+00
-2.504829645156860352e+00
-2.565147638320922852e+00
-2.780090570449829102e+00
-2.537633180618286133e+00
-2.490095138549804688e+00
-2.360295772552490234e+00
-3.047532558441162109e+00
-1.859847903251647949e+00
-3.432711124420166016e+00
-1.802093029022216797e+00
-3.403069019317626953e+00
-1.177464127540588379e+00
-2.337546825408935547e+00
-1.916971683502197266e+00
-2.653252124786376953e+00
-3.369180917739868164e+00
-2.755479574203491211e+00
-3.323145627975463867e+00
-1.994263410568237305e+00
-3.620195388793945312e+00
-2.710780858993530273e+00
-2.408173084259033203e+00
-2.674031257629394531e+00
-2.844304084777832031e+00
-2.738146305084228516e+00
-3.114681720733642578e+00
-8.872240781784057617e-01
-7.155092358589172363e-01
-2.556721448898315430e+00
-2.966072797775268555e+00
-1.779145121574401855e+00
-2.637221813201904297e+00
-2.178848505020141602e+00
-3.041508197784423828e+00
-2.492226123809814453e+00
-3.345779180526733398e+00
-2.294842481613159180e+00
-2.352876186370849609e+00
-2.903671264648437500e+00
-2.331611871719360352e+00
-2.452325820922851562e+00
-3.111277580261230469e+00
-1.425275802612304688e+00
-1.892861843109130859e+00
-3.002341508865356445e+00
-2.553219556808471680e+00
-1.326181054115295410e+00
-2.084587097167968750e+00
-3.647991895675659180e+00
-2.258115291595458984e+00
-6.718881726264953613e-01
-2.647458314895629883e+00
-2.682240009307861328e+00
-1.175880670547485352e+00
-4.007996559143066406e+00
-3.488338947296142578e+00
-3.729803562164306641e+00
-1.573598861694335938e+00
-2.790216922760009766e+00
-5.878192186355590820e-01
-1.751376628875732422e+00
-3.176675558090209961e+00
-1.524230003356933594e+00
-2.564775466918945312e+00
-1.010107040405273438e+00
-3.829961776733398438e+00
-3.962105035781860352e+00
-2.707687616348266602e+00
-1.903704524040222168e+00
-2.941177845001220703e+00
-2.994166135787963867e+00
-3.054788351058959961e+00
-2.030500888824462891e+00
-2.288211584091186523e+00
-2.566844224929809570e+00
-1.725645899772644043e+00
-2.681094884872436523e+00
-1.360550642013549805e+00
-2.673531532287597656e+00
-1.896999001502990723e+00
-2.128311157226562500e+00
-1.628712892532348633e+00
-2.677430391311645508e+00
-3.314122915267944336e+00
-3.230668544769287109e+00
-2.158612012863159180e+00
-2.617747783660888672e+00
-1.518027186393737793e+00
-1.770126581192016602e+00
-3.054853916168212891e+00
-1.401923060417175293e+00
-2.685483932495117188e+00
-3.317950487136840820e+00
-2.491170406341552734e+00
-2.367070436477661133e+00
-1.933837771415710449e+00
-3.372474193572998047e+00
-3.369254589080810547e+00
-2.390008449554443359e+00
-1.182338595390319824e+00
-5.665385723114013672e-01
-2.224892616271972656e+00
-3.732851982116699219e+00
-3.172568798065185547e+00
-3.053876161575317383e+00
-1.711326360702514648e+00
-3.333431482315063477e+00
-3.177100181579589844e+00
-2.205727815628051758e+00
-3.253190994262695312e+00
-2.563564538955688477e+00
-1.811795473098754883e+00
-2.646559000015258789e+00
-2.798469781875610352e+00
-2.428467988967895508e+00
-3.498086929321289062e+00
-2.852084636688232422e+00
-1.725548267364501953e+00
-2.740782737731933594e+00
-3.581849098205566406e+00
-3.185750961303710938e+00
-3.557362079620361328e+00
-4.036576747894287109e+00
-4.111040592193603516e+00
-1.694313645362854004e+00
-3.330226421356201172e+00
-2.470675230026245117e+00
-3.094783067703247070e+00
-1.554603219032287598e+00
-3.714778661727905273e+00
-2.870758056640625000e+00
-2.649953126907348633e+00
-2.023855686187744141e+00
-2.999160528182983398e+00
-1.828728914260864258e+00
-2.965962409973144531e+00
-1.513901352882385254e+00
-2.218087434768676758e+00
-2.619294881820678711e+00
-2.892212867736816406e+00
-3.384027481079101562e+00
-3.676220893859863281e+00
-1.259326696395874023e+00
-1.437169313430786133e+00
-1.991665959358215332e+00
-3.762053489685058594e+00
-1.726624369621276855e+00
-2.194251298904418945e+00
-3.568271875381469727e+00
-2.253124713897705078e+00
-2.968821763992309570e+00
-3.990619659423828125e+00
-2.663630485534667969e+00
-2.319722175598144531e+00
-2.852558374404907227e+00
-2.159042835235595703e+00
-3.213941097259521484e+00
-2.453228712081909180e+00
-2.309402465820312500e+00
-2.391348838806152344e+00
-2.830152034759521484e+00
-3.339394092559814453e+00
-3.673377990722656250e+00
-2.119924306869506836e+00
-2.742460012435913086e+00
-4.312412261962890625e+00
-2.331020593643188477e+00
-3.863863229751586914e+00
-3.570210933685302734e+00
-4.368173599243164062e+00
-2.076093196868896484e+00
-3.064508676528930664e+00
-3.037330389022827148e+00
-3.482081651687622070e+00
-2.793637514114379883e+00
-2.906625032424926758e+00
-3.088785409927368164e+00
-2.740717649459838867e+00
-4.167077541351318359e+00
-2.073214054107666016e+00
-2.887149333953857422e+00
-3.561283826828002930e+00
-2.393517971038818359e+00
-2.172758340835571289e+00
-2.397588014602661133e+00
-2.906232833862304688e+00
-2.700520515441894531e+00
-3.669497013092041016e+00
-1.803267478942871094e+00
-3.079869508743286133e+00
-2.103469848632812500e+00
-3.388988971710205078e+00
-1.595647931098937988e+00
-1.578582882881164551e+00
-2.373750686645507812e+00
-1.742695212364196777e+00
-4.184309005737304688e+00
-3.214030742645263672e+00
-1.788085341453552246e+00
-3.260876655578613281e+00
-2.589742422103881836e+00
-2.176161289215087891e+00
-1.417432785034179688e+00
-1.949220657348632812e+00
-1.233714342117309570e+00
-2.153132200241088867e+00
-2.145094633102416992e+00
-1.699160695075988770e+00
-2.999604940414428711e+00
-3.601616382598876953e+00
-3.151064157485961914e+00
-1.558673024177551270e+00
-2.335643291473388672e+00
-2.619007825851440430e+00
-1.970135331153869629e+00
-3.595672607421875000e+00
-3.616304159164428711e+00
-2.919759035110473633e+00
-3.426054477691650391e+00
-2.114717960357666016e+00
-1.798863768577575684e+00
-2.186107397079467773e+00
-2.663050889968872070e+00
-1.632456183433532715e+00
-2.405763387680053711e+00
-3.004079580307006836e+00
-2.319487571716308594e+00
-3.802569866180419922e+00
-3.290103912353515625e+00
-1.914165377616882324e+00
-2.530615091323852539e+00
-5.788834095001220703e-01
-2.453627109527587891e+00
-2.540413856506347656e+00
-2.933322906494140625e+00
-4.219192504882812500e+00
-2.176069021224975586e+00
-2.470078468322753906e+00
-3.928835391998291016e+00
-1.357674121856689453e+00
-2.455255746841430664e+00
-2.933106422424316406e+00
-2.437927484512329102e+00
-6.086255908012390137e-01
-2.834817647933959961e+00
-3.876074314117431641e+00
-1.609037995338439941e+00
-2.147721290588378906e+00
-2.185349941253662109e+00
-2.311822414398193359e+00
-2.123831510543823242e+00
-1.906188249588012695e+00
-2.288830518722534180e+00
-2.470126867294311523e+00
-2.461285591125488281e+00
-3.050366640090942383e+00
-2.703837871551513672e+00
-1.721268415451049805e+00
-2.541302680969238281e+00
-2.309338569641113281e+00
-2.962333679199218750e+00
-2.681468486785888672e+00
-2.196040153503417969e+00
-1.051634311676025391e+00
-1.892140150070190430e+00
-1.136511683464050293e+00
-2.402547597885131836e+00
-2.531725645065307617e+00
-2.768816947937011719e+00
-2.688298702239990234e+00
-2.532938718795776367e+00
-3.204881906509399414e+00
-1.837294578552246094e+00
-3.327595233917236328e+00
-2.250695705413818359e+00
-1.492178201675415039e+00
-2.151838779449462891e+00
-2.074724912643432617e+00
-2.483988523483276367e+00
-3.704726934432983398e+00
-2.364591598510742188e+00
-2.538311243057250977e+00
-2.401570081710815430e+00
-2.664016962051391602e+00
-1.607979655265808105e+00
-7.887955904006958008e-01
-1.686767101287841797e+00
-2.896714448928833008e+00
-2.965437412261962891e+00
-1.100476384162902832e+00
-3.272500991821289062e+00
-3.149089097976684570e+00
-2.841682910919189453e+00
-2.727471590042114258e+00
-2.464416742324829102e+00
-2.809862375259399414e+00
-4.292149543762207031e+00
-1.408309102058410645e+00
-2.160593986511230469e+00
-1.522167563438415527e+00
-2.807114362716674805e+00
-3.968865633010864258e+00
-3.281117439270019531e+00
-3.343813180923461914e+00
-2.181951045989990234e+00
-1.418405532836914062e+00
-2.581759452819824219e+00
-2.467436075210571289e+00
-2.428414821624755859e+00
-4.221406936645507812e+00
-3.156548261642456055e+00
-4.015328884124755859e+00
-1.958949089050292969e+00
-3.887205362319946289e+00
-4.177636146545410156e+00
-1.275387525558471680e+00
-2.561034202575683594e+00
-3.621088504791259766e+00
-3.447945117950439453e+00
-2.944140434265136719e+00
-3.468031167984008789e+00
-3.680287122726440430e+00
-2.835997343063354492e+00
-2.557409763336181641e+00
-3.224743127822875977e+00
-2.366766691207885742e+00
-2.374647378921508789e+00
-2.038189888000488281e+00
-1.983779311180114746e+00
-3.908404350280761719e+00
-2.197121143341064453e+00
-3.421385765075683594e+00
-3.734151363372802734e+00
-2.008465766906738281e+00
-3.043493747711181641e+00
-1.469578623771667480e+00
-2.229380369186401367e+00
-3.511222362518310547e+00
-2.776072740554809570e+00
-1.396329760551452637e+00
-2.358605146408081055e+00
-3.651579618453979492e+00
-2.265785217285156250e+00
-3.414990186691284180e+00
-1.608898997306823730e+00
-3.149984598159790039e+00
-2.699456214904785156e+00
-2.961904764175415039e+00
-1.339767098426818848e+00
-2.548115253448486328e+00
-1.248356699943542480e+00
-3.105403661727905273e+00
-3.093326330184936523e+00
-2.122076988220214844e+00
-2.222070932388305664e+00
-3.319233655929565430e+00
-3.239351749420166016e+00
-2.142041444778442383e+00
-2.942169904708862305e+00
-7.470290064811706543e-01
-3.316236972808837891e+00
-2.614068031311035156e+00
-3.310053586959838867e+00
-2.894590139389038086e+00
-3.135420083999633789e+00
-3.194573640823364258e+00
-1.750495553016662598e+00
-2.677061796188354492e+00
-1.410902380943298340e+00
-2.570849418640136719e+00
-3.111736774444580078e+00
-3.599513530731201172e+00
-2.783110618591308594e+00
-4.230305671691894531e+00
-3.272616386413574219e+00
-2.119561433792114258e+00
-2.476303815841674805e+00
-1.635193347930908203e+00
-2.619227409362792969e+00
-2.466875314712524414e+00
-3.169096946716308594e+00
-3.570165634155273438e+00
-3.668700456619262695e+00
-4.026928424835205078e+00
-2.699139356613159180e+00
-1.545356392860412598e+00
-3.170151710510253906e+00
-2.695932626724243164e+00
-3.280678272247314453e+00
-2.459853649139404297e+00
-2.413185596466064453e+00
-2.586535692214965820e+00
-2.574636220932006836e+00
-1.463960409164428711e+00
-2.457114696502685547e+00
-3.082085609436035156e+00
-2.701008319854736328e+00
-2.083021879196166992e+00
-2.906356811523437500e+00
-6.746050715446472168e-01
-2.786080360412597656e+00
-3.413102626800537109e+00
-1.431206941604614258e+00
-2.833642005920410156e+00
-2.374449729919433594e+00
-2.805816650390625000e+00
-1.640304327011108398e+00
-2.902011871337890625e+00
-2.178573608398437500e+00
-2.014674425125122070e+00
-1.935099482536315918e+00
-2.276484489440917969e+00
-1.826882839202880859e+00
-8.405774235725402832e-01
-2.841751813888549805e+00
-3.446302413940429688e+00
-3.504877090454101562e+00
-3.491814613342285156e+00
-3.228936433792114258e+00
-3.052640199661254883e+00
-3.350555896759033203e+00
-2.134377002716064453e+00
-2.036150217056274414e+00
-3.518994569778442383e+00
-2.260136127471923828e+00
-2.689917564392089844e+00
-2.175126791000366211e+00
-3.216744899749755859e+00
-2.926394462585449219e+00
-3.611390590667724609e+00
-1.634444594383239746e+00
-3.199095010757446289e+00
-2.847148180007934570e+00
-1.011752367019653320e+00
-3.310683012008666992e+00
-3.516015529632568359e+00
-3.771723985671997070e+00
-2.038623571395874023e+00
-2.117454051971435547e+00
-3.329683065414428711e+00
-2.500931024551391602e+00
-8.981020450592041016e-01
-1.157739162445068359e+00
-2.641791105270385742e+00
-3.454185962677001953e+00
-2.446409225463867188e+00
-2.795151710510253906e+00
-1.818763971328735352e+00
-1.410811662673950195e+00
-3.050324916839599609e+00
-3.809913158416748047e+00
-6.733148694038391113e-01
-2.223006248474121094e+00
-3.008985042572021484e+00
-2.631255865097045898e+00
-1.975807309150695801e+00
-1.466258883476257324e+00
-4.084497690200805664e-01
-2.927755594253540039e+00
-2.165900945663452148e+00
-2.382462739944458008e+00
-1.683612704277038574e+00
-2.054318428039550781e+00
-2.642223834991455078e+00
-1.625053048133850098e+00
-1.345555782318115234e+00
-2.601452112197875977e+00
-2.150046825408935547e+00
-2.282477855682373047e+00
-2.013339757919311523e+00
-2.359957933425903320e+00
-3.196226358413696289e+00
-2.454789638519287109e+00
-2.501058578491210938e+00
-2.563713312149047852e+00
-2.652022123336791992e+00
-2.803588211536407471e-01
-2.134795665740966797e+00
-3.672159671783447266e+00
-2.879424333572387695e+00
-3.189448595046997070e+00
-2.983371734619140625e+00
-4.669785022735595703e+00
-3.943118095397949219e+00
-4.464512348175048828e+00
-2.495126247406005859e+00
-2.273700714111328125e+00
-4.416174411773681641e+00
-4.341701507568359375e+00
-3.872053623199462891e+00
-2.869829893112182617e+00
-4.212339878082275391e+00
-3.342452287673950195e+00
-1.685765743255615234e+00
-3.118547439575195312e+00
-4.731157302856445312e+00
-3.416347742080688477e+00
-2.335363864898681641e+00
-1.389147043228149414e+00
-3.646767377853393555e+00
-3.292281389236450195e+00
-2.010808706283569336e+00
-2.344097614288330078e+00
-2.730041980743408203e+00
-3.158647060394287109e+00
-3.143503904342651367e+00
-1.021428585052490234e+00
-3.247338056564331055e+00
-1.167261242866516113e+00
-3.058662652969360352e+00
-1.896779417991638184e+00
-3.731725513935089111e-01
-2.188238620758056641e+00
-1.071540713310241699e+00
-2.058732986450195312e+00
-2.922905683517456055e+00
-9.596489667892456055e-01
-2.248809099197387695e+00
-1.713242411613464355e+00
-2.861381053924560547e+00
-6.110837459564208984e-01
-2.668585479259490967e-01
-2.487882137298583984e+00
-2.459500551223754883e+00
-1.597480893135070801e+00
-2.584467649459838867e+00
1.051162630319595337e-01
-1.931201577186584473e+00
-1.063488483428955078e+00
-3.354118585586547852e+00
-2.596351861953735352e+00
-1.771443009376525879e+00
-2.244589567184448242e+00
-1.034408330917358398e+00
-1.679429292678833008e+00
-2.629060268402099609e+00
-1.424382090568542480e+00
-2.572597503662109375e+00
-1.658597230911254883e+00
-2.390217781066894531e+00
4.813487455248832703e-02
-1.241867423057556152e+00
-9.202978014945983887e-01
-2.696575164794921875e+00
-2.233959913253784180e+00
-2.102478981018066406e+00
-2.458480119705200195e+00
-4.131714820861816406e+00
-1.934477329254150391e+00
-3.052052497863769531e+00
-2.958740234375000000e+00
-2.576232194900512695e+00
-2.639836072921752930e+00
-1.643743753433227539e+00
-3.412330865859985352e+00
-2.453561067581176758e+00
-6.500537991523742676e-01
-4.008376598358154297e+00
-2.023487091064453125e+00
-3.494663238525390625e+00
-1.120492458343505859e+00
-3.654034376144409180e+00
-2.062126636505126953e+00
-2.869217872619628906e+00
-2.303930759429931641e+00
-2.935723066329956055e+00
-1.648307085037231445e+00
-1.352038860321044922e+00
-1.969902396202087402e+00
-3.105896949768066406e+00
-2.649156808853149414e+00
-1.507569789886474609e+00
-8.195108175277709961e-01
-1.823366165161132812e+00
-2.065985441207885742e+00
-2.440154314041137695e+00
-1.480503320693969727e+00
-1.930730938911437988e+00
-7.657436132431030273e-01
-3.346935272216796875e+00
-1.463959455490112305e+00
-2.126232385635375977e+00
-1.643078207969665527e+00
-1.353115916252136230e+00
-9.694606065750122070e-01
-2.782857656478881836e+00
-2.403267860412597656e+00
-2.442097663879394531e+00
-3.710711896419525146e-01
-9.380239248275756836e-01
-1.302181839942932129e+00
-1.586588382720947266e+00
-1.934892177581787109e+00
-2.216979026794433594e+00
-1.479593992233276367e+00
-6.643573641777038574e-01
-9.133784770965576172e-01
-1.348490953445434570e+00
-2.103640079498291016e+00
-1.710427165031433105e+00
-1.109043359756469727e+00
-1.882225751876831055e+00
-2.816416263580322266e+00
-2.563658237457275391e+00
-1.476230025291442871e+00
-2.880688190460205078e+00
-9.734985232353210449e-01
-1.909100890159606934e+00
-3.279159665107727051e-01
-1.984407305717468262e+00
-3.191960573196411133e+00
-1.888775110244750977e+00
-5.999917984008789062e-01
-2.105530977249145508e+00
-2.665539026260375977e+00
-1.396619081497192383e+00
-1.286873459815979004e+00
-2.771326303482055664e+00
-2.459134817123413086e+00
-2.557866811752319336e+00
-1.189748644828796387e+00
-2.013675928115844727e+00
-2.056314945220947266e+00
-1.506308794021606445e+00
-2.064713239669799805e+00
-3.163294315338134766e+00
-2.163130998611450195e+00
-1.569927811622619629e+00
-1.578201889991760254e+00
-2.456680059432983398e+00
-1.568643808364868164e+00
-2.487273454666137695e+00
-2.105660200119018555e+00
-1.779471874237060547e+00
-1.845458030700683594e+00
-2.047506093978881836e+00
-1.713440775871276855e+00
-2.098042726516723633e+00
-3.479312419891357422e+00
-3.206337928771972656e+00
-3.122243165969848633e+00
-3.297444820404052734e+00
-1.919025778770446777e+00
-3.542030334472656250e+00
-1.666447997093200684e+00
-2.982517957687377930e+00
-3.502254009246826172e+00
-2.947069883346557617e+00
-3.519140005111694336e+00
-2.009961605072021484e+00
-2.888069629669189453e+00
-3.042623996734619141e+00
-1.417236566543579102e+00
-2.595937967300415039e+00
-1.817154884338378906e+00
-8.198348283767700195e-01
-3.211264133453369141e+00
-1.452041387557983398e+00
-2.353043079376220703e+00
-2.152171134948730469e+00
-1.667574405670166016e+00
-2.265579223632812500e+00
-1.626292467117309570e+00
-2.741334915161132812e+00
-2.167400598526000977e+00
-6.699265241622924805e-01
-3.157548666000366211e+00
-2.714131355285644531e+00
-2.337576150894165039e+00
-2.674910545349121094e+00
-1.456545114517211914e+00
-1.434468269348144531e+00
-1.590243577957153320e+00
-2.649544239044189453e+00
-2.713536500930786133e+00
-2.340162277221679688e+00
-1.286349296569824219e+00
-3.459383964538574219e+00
-3.568299531936645508e+00
-2.952211618423461914e+00
-1.285143494606018066e+00
-1.788543462753295898e+00
-1.642288804054260254e+00
-2.444317579269409180e+00
-1.631807565689086914e+00
-2.416758537292480469e+00
-1.324891209602355957e+00
-2.533186197280883789e+00
-2.556602239608764648e+00
-2.113704681396484375e+00
-3.467734098434448242e+00
-1.568951368331909180e+00
-1.774250984191894531e+00
-2.904325962066650391e+00
-2.863456249237060547e+00
-3.470693826675415039e+00
-2.794008493423461914e+00
-3.643746852874755859e+00
-3.041575908660888672e+00
-2.263198852539062500e+00
-1.281480193138122559e+00
-2.558572292327880859e+00
-3.788495779037475586e+00
-4.150523185729980469e+00
-2.355602025985717773e+00
-2.229829788208007812e+00
-2.753510475158691406e+00
-3.131950139999389648e+00
-2.081011295318603516e+00
-2.185122251510620117e+00
-1.883957147598266602e+00
-3.308622360229492188e+00
-2.501996755599975586e+00
-2.849620580673217773e+00
-2.443982839584350586e+00
-2.427565813064575195e+00
-2.067338943481445312e+00
-2.794286489486694336e+00
-2.505340099334716797e+00
-2.483312368392944336e+00
-2.514758110046386719e+00
-2.990823507308959961e+00
-2.409790039062500000e+00
-2.199983835220336914e+00
-1.882443547248840332e+00
-3.908019304275512695e+00
-2.974265098571777344e+00
-8.193358182907104492e-01
-2.031363725662231445e+00
-1.901405811309814453e+00
-3.555497884750366211e+00
-2.465816020965576172e+00
-1.355886816978454590e+00
-2.477908611297607422e+00
-1.829794883728027344e+00
-2.684606790542602539e+00
-2.579441308975219727e+00
-3.294910907745361328e+00
-2.893254041671752930e+00
-2.340316295623779297e+00
-1.419734477996826172e+00
-3.172033786773681641e+00
-3.134210109710693359e+00
-2.258721828460693359e+00
-2.658324956893920898e+00
-2.203602552413940430e+00
-1.813743472099304199e+00
-4.176856040954589844e+00
-2.765903234481811523e+00
-4.418709754943847656e+00
-2.393856287002563477e+00
-3.243965625762939453e+00
-2.843210220336914062e+00
-3.157395601272583008e+00
-3.251921653747558594e+00
-2.785889148712158203e+00
-2.256990909576416016e+00
-2.980196475982666016e+00
-3.497444629669189453e+00
-3.829343080520629883e+00
-1.222538113594055176e+00
-1.674001097679138184e+00
-2.853707075119018555e+00
-3.190407752990722656e+00
-1.094722509384155273e+00
-3.073872566223144531e+00
-2.558535099029541016e+00
-9.925441145896911621e-01
-2.246549367904663086e+00
-1.084526062011718750e+00
-8.610563874244689941e-01
-2.023739814758300781e+00
-1.380839586257934570e+00
-1.694104671478271484e+00
-2.399202585220336914e+00
-2.245259523391723633e+00
-1.169596076011657715e+00
-2.392257928848266602e+00
-2.024222612380981445e+00
-9.833913445472717285e-01
-9.880937933921813965e-01
-3.260095596313476562e+00
-5.341417193412780762e-01
-1.369988441467285156e+00
-1.528466224670410156e+00
-2.284291744232177734e+00
-1.948389172554016113e+00
-1.650330781936645508e+00
-1.381428122520446777e+00
-2.097003459930419922e+00
-2.240830421447753906e+00
-1.208387613296508789e+00
9.025601297616958618e-02
-2.620948314666748047e+00
-1.701990962028503418e+00
-4.083681106567382812e-01
-1.889916658401489258e+00
-1.809020638465881348e+00
-1.901294350624084473e+00
-1.526767373085021973e+00
-3.124358177185058594e+00
-2.640275478363037109e+00
-9.104766845703125000e-01
-2.272125482559204102e+00
-2.432561635971069336e+00
-1.681754708290100098e+00
-2.184695005416870117e+00
-2.187155246734619141e+00
-2.375159263610839844e+00
-3.449984788894653320e+00
-2.822652816772460938e+00
-7.149933576583862305e-01
-1.810765743255615234e+00
-3.878730773925781250e+00
-2.101434469223022461e+00
-1.429274201393127441e+00
-1.114142060279846191e+00
-3.339157819747924805e+00
-1.020400524139404297e+00
-2.900398969650268555e+00
-2.639876842498779297e+00
-3.446106910705566406e+00
-2.102077960968017578e+00
-2.233341693878173828e+00
-1.503475546836853027e+00
-2.305342912673950195e+00
-2.450670719146728516e+00
-1.052142977714538574e+00
-2.335287570953369141e+00
-2.976606369018554688e+00
-3.185059785842895508e+00
-1.548560142517089844e+00
-1.939286470413208008e+00
-2.472833156585693359e+00
-2.068719148635864258e+00
-1.963241219520568848e+00
-1.076291680335998535e+00
-3.387593030929565430e+00
-2.112947225570678711e+00
-2.483713388442993164e+00
-2.808920860290527344e+00
-3.179172992706298828e+00
-2.814198732376098633e+00
-2.422812461853027344e+00
-1.748355507850646973e+00
-8.962072730064392090e-01
-1.481802463531494141e+00
-5.417152643203735352e-01
-7.121321558952331543e-01
-2.718506813049316406e+00
-1.141148805618286133e+00
-1.547512412071228027e+00
-2.450658321380615234e+00
-1.662659525871276855e+00
-1.795181512832641602e+00
-2.052594423294067383e+00
-1.630882382392883301e+00
-1.743781447410583496e+00
-1.657284021377563477e+00
-1.048659563064575195e+00
3.867861628532409668e-02
-1.918157100677490234e+00
-2.731640815734863281e+00
-1.026338577270507812e+00
-1.603673696517944336e+00
-3.497165441513061523e+00
-2.026942729949951172e+00
-2.847505331039428711e+00
-2.137700319290161133e+00
-3.464187860488891602e+00
-1.829671502113342285e+00
-2.243117094039916992e+00
-1.479480504989624023e+00
-2.664501667022705078e+00
-2.974353075027465820e+00
-2.761716127395629883e+00
-3.927485346794128418e-01
-1.799718260765075684e+00
-3.706852674484252930e+00
-1.986347913742065430e+00
-2.779618024826049805e+00
-1.722831249237060547e+00
-2.938330411911010742e+00
-1.277762174606323242e+00
-1.163347601890563965e+00
-1.569614171981811523e+00
-3.218119621276855469e+00
-1.319773435592651367e+00
-1.534783959388732910e+00
-2.432631254196166992e+00
-2.326806783676147461e+00
-6.269996762275695801e-01
-7.397521734237670898e-01
-2.430527925491333008e+00
-8.703274130821228027e-01
-2.298835515975952148e+00
-2.114808320999145508e+00
-1.574711918830871582e+00
-1.177381992340087891e+00
-1.107768416404724121e-01
-1.259228229522705078e+00
-2.828653812408447266e+00
-1.945811748504638672e+00
-1.100906729698181152e+00
-1.707785844802856445e+00
-2.175238609313964844e+00
-2.824636697769165039e+00
-2.084193944931030273e+00
-1.946370005607604980e+00
-2.583904266357421875e+00
-2.926338195800781250e+00
-3.038111686706542969e+00
-2.050261735916137695e+00
-2.670984745025634766e+00
-2.837754011154174805e+00
-2.970828771591186523e+00
-2.611035585403442383e+00
-3.036584615707397461e+00
-2.545166730880737305e+00
-2.600788831710815430e+00
-2.373880863189697266e+00
-1.612078309059143066e+00
-2.733965873718261719e+00
-3.847873926162719727e+00
-3.014625787734985352e+00
-2.437146186828613281e+00
-1.732156038284301758e+00
-3.863595962524414062e+00
-3.353170156478881836e+00
-3.113660573959350586e+00
-3.251991987228393555e+00
-2.703425884246826172e+00
-2.634195566177368164e+00
-2.363548278808593750e+00
-6.918995380401611328e-01
-1.689435958862304688e+00
-2.728505611419677734e+00
-2.358750581741333008e+00
-2.195719718933105469e+00
-1.288821578025817871e+00
-1.123267889022827148e+00
-2.348883390426635742e+00
-3.670317411422729492e+00
-2.658720970153808594e+00
-2.445435523986816406e+00
-2.886209726333618164e+00
-2.867740154266357422e+00
-3.236260414123535156e+00
-2.010590791702270508e+00
-1.846953272819519043e+00
-1.897967338562011719e+00
-2.203367710113525391e+00
-1.879270434379577637e+00
-3.231334447860717773e+00
-3.159848690032958984e+00
-1.821334123611450195e+00
-2.016976118087768555e+00
-3.361848831176757812e+00
-2.915505409240722656e+00
-2.479923009872436523e+00
-3.150661230087280273e+00
-2.988718748092651367e+00
-2.387464046478271484e+00
-1.945082187652587891e+00
-9.583332538604736328e-01
-3.610759973526000977e+00
-2.688616752624511719e+00
-2.700605869293212891e+00
-2.433404684066772461e+00
-3.017871618270874023e+00
-2.989426851272583008e+00
-2.584609508514404297e+00
-2.416718006134033203e+00
-3.320892810821533203e+00
-1.153610110282897949e+00
-1.318695306777954102e+00
-3.176668405532836914e+00
-1.932699561119079590e+00
-2.283624649047851562e+00
-2.629004240036010742e+00
-2.935549259185791016e+00
-2.336253643035888672e+00
-2.083791255950927734e+00
-2.040386676788330078e+00
-1.931609153747558594e+00
-1.698435306549072266e+00
-2.528064012527465820e+00
-2.330702781677246094e+00
-2.379044532775878906e+00
-1.529712677001953125e+00
-2.478132486343383789e+00
-3.019487619400024414e+00
-2.213822841644287109e+00
-1.707545280456542969e+00
-2.460540771484375000e+00
-1.904985785484313965e+00
-2.334908962249755859e+00
-1.743235468864440918e+00
-2.212103605270385742e+00
-3.137857198715209961e+00
-3.079290151596069336e+00
-3.661075592041015625e+00
-1.979062080383300781e+00
-2.132400989532470703e+00
-1.834857344627380371e+00
-2.103996038436889648e+00
-2.610714435577392578e+00
-3.737736463546752930e+00
-3.017655372619628906e+00
-3.640994787216186523e+00
-3.139496326446533203e+00
-2.507684230804443359e+00
-2.756968021392822266e+00
-2.005773782730102539e+00
-1.652142524719238281e+00
-2.443821668624877930e+00
-2.701510190963745117e+00
-2.136255741119384766e+00
-1.675250291824340820e+00
-1.299350857734680176e+00
-1.724199771881103516e+00
-2.571341037750244141e+00
-1.329048395156860352e+00
-1.056508541107177734e+00
-1.200761318206787109e+00
-2.693406105041503906e+00
-2.929835796356201172e+00
-7.235286831855773926e-01
-1.367907285690307617e+00
-3.106155872344970703e+00
-1.930240154266357422e+00
-1.213947415351867676e+00
-8.054081201553344727e-01
-2.125413417816162109e+00
-2.141872406005859375e+00
-2.412304878234863281e+00
-3.150655984878540039e+00
-2.974870204925537109e+00
-1.487966775894165039e+00
-2.298765420913696289e+00
-2.575605630874633789e+00
-2.194377899169921875e+00
-2.846109390258789062e+00
-1.354107022285461426e+00
-2.016996383666992188e+00
-3.490939855575561523e+00
-2.820727825164794922e+00
-2.028903961181640625e+00
-2.707225084304809570e+00
-3.218979835510253906e+00
-2.331482172012329102e+00
-2.103670597076416016e+00
-1.827609419822692871e+00
-2.501431465148925781e+00
-2.956317901611328125e+00
-2.505771636962890625e+00
-2.526452302932739258e+00
-3.555383443832397461e+00
-2.948441743850708008e+00
-3.138566493988037109e+00
-1.406060576438903809e+00
-3.415363788604736328e+00
-2.874735832214355469e+00
-2.300738096237182617e+00
-2.294646739959716797e+00
-2.363883733749389648e+00
-3.921198606491088867e+00
-1.960596561431884766e+00
-3.184714317321777344e+00
-2.540972948074340820e+00
-3.958173036575317383e+00
-2.621849536895751953e+00
-4.059612274169921875e+00
-1.670802354812622070e+00
-3.591266393661499023e+00
-2.234149217605590820e+00
-3.260938882827758789e+00
-2.561569452285766602e+00
-2.439913272857666016e+00
-2.560360908508300781e+00
-3.498932838439941406e+00
-2.604863166809082031e+00
-3.374888896942138672e+00
-2.755401611328125000e+00
-2.726907730102539062e+00
-2.617842197418212891e+00
-1.514580488204956055e+00
-3.126454830169677734e+00
-3.124783277511596680e+00
-2.930881977081298828e+00
-1.733786940574645996e+00
-3.065752267837524414e+00
-2.334297895431518555e+00
-2.833874464035034180e+00
-8.962289690971374512e-01
-3.136197328567504883e+00
-2.512542486190795898e+00
-1.551624298095703125e+00
-2.337917089462280273e+00
-1.826832890510559082e+00
-3.564693927764892578e+00
-2.543990850448608398e+00
-3.248509168624877930e+00
-2.413800716400146484e+00
-2.542857646942138672e+00
-1.236520648002624512e+00
-2.726230859756469727e+00
-3.452646017074584961e+00
-2.192599058151245117e+00
-1.412618637084960938e+00
-3.333322048187255859e+00
-2.125588893890380859e+00
-3.476395368576049805e+00
-2.889209508895874023e+00
-1.950644254684448242e+00
-3.542271137237548828e+00
-3.664033889770507812e+00
-2.125227928161621094e+00
-1.392387270927429199e+00
-3.143219470977783203e+00
-2.476134061813354492e+00
-2.384808301925659180e+00
-9.370577335357666016e-01
-1.676430225372314453e+00
-1.923682808876037598e+00
-2.371706724166870117e+00
-1.793375492095947266e+00
-3.023162603378295898e+00
-1.802894115447998047e+00
-3.116371631622314453e+00
-2.100273132324218750e+00
-2.632948160171508789e+00
-2.616467952728271484e+00
-3.060387611389160156e+00
-2.048505067825317383e+00
-2.728815078735351562e+00
-2.518107414245605469e+00
-3.242249488830566406e+00
-2.767954826354980469e+00
-2.483402013778686523e+00
-3.474019765853881836e+00
-1.429552435874938965e+00
-2.226748466491699219e+00
-1.963830590248107910e+00
-2.117439985275268555e+00
-2.175082445144653320e+00
-3.306076049804687500e+00
-2.459444284439086914e+00
-3.609949827194213867e+00
-3.082507133483886719e+00
-1.647456169128417969e+00
-2.632626771926879883e+00
-3.027875423431396484e+00
-1.457859396934509277e+00
-3.285351753234863281e+00
-2.868522167205810547e+00
-2.872368335723876953e+00
-3.139398574829101562e+00
-2.190083503723144531e+00
-2.775304794311523438e+00
-3.061286449432373047e+00
-2.145848512649536133e+00
-3.348943948745727539e+00
-2.010884523391723633e+00
-2.886184930801391602e+00
-2.256045103073120117e+00
-1.930644989013671875e+00
-3.209433794021606445e+00
-2.904386520385742188e+00
-2.066266298294067383e+00
-2.836483716964721680e+00
-3.419710636138916016e+00
-3.520699501037597656e+00
-3.087466478347778320e+00
-3.186848640441894531e+00
-2.080128192901611328e+00
-2.273206233978271484e+00
-3.006448268890380859e+00
-1.866659879684448242e+00
-2.905048370361328125e+00
-3.342170476913452148e+00
-2.523589134216308594e+00
-3.964783668518066406e+00
-3.088159084320068359e+00
-2.927783250808715820e+00
-1.065780758857727051e+00
-2.613752126693725586e+00
-2.871307134628295898e+00
-2.746539831161499023e+00
-9.932772517204284668e-01
-3.016731262207031250e+00
-2.580613374710083008e+00
-3.310725450515747070e+00
-3.227544069290161133e+00
-2.423759222030639648e+00
-2.586334466934204102e+00
-2.434154033660888672e+00
-2.134477615356445312e+00
-2.898662090301513672e+00
-3.845978975296020508e+00
-2.676435470581054688e+00
-2.233116865158081055e+00
-2.599001169204711914e+00
-2.843610525131225586e+00
-1.701924443244934082e+00
-3.389805316925048828e+00
-2.487990617752075195e+00
-1.998393177986145020e+00
-2.133924007415771484e+00
-2.335831880569458008e+00
-3.092931270599365234e+00
-1.542069196701049805e+00
-2.886642932891845703e+00
-2.227215290069580078e+00
-2.871569156646728516e+00
-3.085118293762207031e+00
-2.114110946655273438e+00
-6.295809149742126465e-01
-1.651141881942749023e+00
-1.639154314994812012e+00
-2.253166437149047852e+00
-1.971854686737060547e+00
-1.967126846313476562e+00
-2.847194194793701172e+00
-8.658118844032287598e-01
-1.657979726791381836e+00
-1.574811220169067383e+00
-1.862486958503723145e+00
-1.779156327247619629e+00
-2.124018669128417969e+00
-3.049808025360107422e+00
-1.082619905471801758e+00
-2.236652612686157227e+00
-2.292333602905273438e+00
-2.460710525512695312e+00
-3.120617151260375977e+00
-2.505507230758666992e+00
-1.894100546836853027e+00
-2.869365692138671875e+00
-2.280133724212646484e+00
-2.615664482116699219e+00
-1.514317274093627930e+00
-2.585839271545410156e+00
-1.230816960334777832e+00
-2.190336942672729492e+00
-2.615904331207275391e+00
-3.265374422073364258e+00
-1.810610532760620117e+00
-2.180438041687011719e+00
-4.199869930744171143e-02
-1.240902662277221680e+00
-1.224601030349731445e+00
-3.151584386825561523e+00
-2.509532451629638672e+00
-3.259977579116821289e+00
-2.076930284500122070e+00
-3.063927650451660156e+00
-2.446597576141357422e+00
-1.964540958404541016e+00
-1.249792218208312988e+00
-1.231486558914184570e+00
-1.522177457809448242e+00
-1.491121888160705566e+00
-3.195842266082763672e+00
-2.702012062072753906e+00
-1.921546816825866699e+00
-2.699054479598999023e+00
-2.348111629486083984e+00
-2.019383668899536133e+00
-2.283918142318725586e+00
-3.760516405105590820e+00
-3.380513668060302734e+00
-3.513393878936767578e+00
-2.498307466506958008e+00
-2.015649080276489258e+00
-3.237520933151245117e+00
-3.428872823715209961e+00
-1.280505895614624023e+00
-2.100633144378662109e+00
-2.373761177062988281e+00
-3.252211332321166992e+00
-2.156568527221679688e+00
-1.067781925201416016e+00
-2.748545169830322266e+00
-1.953475832939147949e+00
-2.406748294830322266e+00
-1.820488095283508301e+00
-3.190798759460449219e+00
-3.613032579421997070e+00
-1.911012172698974609e+00
-1.866288542747497559e+00
-2.318462610244750977e+00
-3.422535657882690430e+00
-2.258249998092651367e+00
-2.792166709899902344e+00
-1.224845886230468750e+00
-2.728089570999145508e+00
-3.079581260681152344e+00
-1.810613512992858887e+00
-3.376333713531494141e+00
-3.200199127197265625e+00
-2.708971023559570312e+00
-2.567905426025390625e+00
-2.933764696121215820e+00
-2.539800882339477539e+00
-1.652773976325988770e+00
-1.747194528579711914e+00
-3.310628652572631836e+00
-1.209284067153930664e+00
-3.565441370010375977e+00
-2.126136064529418945e+00
-2.753028869628906250e+00
-2.126320600509643555e+00
-7.427572607994079590e-01
-1.667487621307373047e+00
-2.878621578216552734e+00
-1.331532835960388184e+00
-2.597924232482910156e+00
-1.720839619636535645e+00
-1.054270029067993164e+00
-1.736712455749511719e+00
-2.220435857772827148e+00
-1.828470706939697266e+00
-2.259589433670043945e+00
-2.493171453475952148e+00
-1.964686870574951172e+00
-1.806736469268798828e+00
-2.264834642410278320e+00
-1.682972550392150879e+00
-5.861728191375732422e-01
-2.368440389633178711e+00
-2.193443298339843750e+00
-2.899774789810180664e+00
-3.771104097366333008e+00
-2.720282316207885742e+00
-3.009896039962768555e+00
-2.405631065368652344e+00
-2.137477636337280273e+00
-2.672586441040039062e+00
-3.458370685577392578e+00
-2.210697889328002930e+00
-3.456573963165283203e+00
-1.280592322349548340e+00
-2.395294189453125000e+00
-2.361798286437988281e+00
-1.875764608383178711e+00
-2.953917741775512695e+00
-2.928322792053222656e+00
-1.999880313873291016e+00
-2.946646213531494141e+00
-2.137652397155761719e+00
-3.989341974258422852e+00
-2.312420606613159180e+00
-3.917051553726196289e+00
-2.734273195266723633e+00
-3.095084428787231445e+00
-2.606449127197265625e+00
-4.081408023834228516e+00
-3.442097187042236328e+00
-3.883217096328735352e+00
-1.759122848510742188e+00
-1.752933502197265625e+00
-3.518744707107543945e+00
-2.164829015731811523e+00
-3.312159299850463867e+00
-2.240011453628540039e+00
-1.632538676261901855e+00
-1.672337770462036133e+00
-3.323837518692016602e+00
-3.283150672912597656e+00
-3.597732543945312500e+00
-1.652539014816284180e+00
-3.164351224899291992e+00
-3.465730667114257812e+00
-2.473981380462646484e+00
-2.108108282089233398e+00
-2.755685567855834961e+00
-1.973519206047058105e+00
-1.483138084411621094e+00
-1.818381071090698242e+00
-1.276877999305725098e+00
-2.346627712249755859e+00
-2.701805114746093750e+00
-1.150365114212036133e+00
-2.616035699844360352e+00
-2.554720163345336914e+00
-1.954744815826416016e+00
-1.842661023139953613e+00
-1.495068073272705078e+00
-1.717303276062011719e+00
-2.773316144943237305e+00
-2.695650815963745117e+00
-2.646874904632568359e+00
-1.878281950950622559e+00
-1.404675483703613281e+00
-3.221326828002929688e+00
-3.312159776687622070e+00
-2.917237520217895508e+00
-2.424415588378906250e+00
-1.282786607742309570e+00
-1.493568181991577148e+00
-3.864638328552246094e+00
-1.999782085418701172e+00
-2.374194383621215820e+00
-2.708699226379394531e+00
-1.864817142486572266e+00
-3.082862138748168945e+00
-2.442579030990600586e+00
-2.361358165740966797e+00
-3.424969434738159180e+00
-1.038619875907897949e+00
-2.783545732498168945e+00
-2.869636774063110352e+00
-2.565479516983032227e+00
-1.057605743408203125e+00
-1.577856063842773438e+00
-1.628699541091918945e+00
-2.461991548538208008e+00
-3.077038764953613281e+00
-2.721684217453002930e+00
-3.315519571304321289e+00
-1.925559282302856445e+00
-3.476945638656616211e+00
-3.191461563110351562e+00
-2.010264158248901367e+00
-1.185393571853637695e+00
-3.400014162063598633e+00
-3.651200294494628906e+00
-3.506601572036743164e+00
-3.023904561996459961e+00
-2.436531543731689453e+00
-3.217585086822509766e+00
-2.645958662033081055e+00
-2.240409851074218750e+00
-2.168373823165893555e+00
-3.962432146072387695e+00
-3.227703809738159180e+00
-3.092353820800781250e+00
-3.187865734100341797e+00
-2.188401699066162109e+00
-2.845782756805419922e+00
-2.055579662322998047e+00
-2.489752292633056641e+00
-2.046959161758422852e+00
-3.129084110260009766e+00
-1.240438461303710938e+00
-2.449274539947509766e+00
-2.057134151458740234e+00
-3.320928573608398438e+00
-2.469638824462890625e+00
-1.052108764648437500e+00
-2.395382642745971680e+00
-1.932290792465209961e+00
-3.085570096969604492e+00
-2.758383035659790039e+00
-2.437789916992187500e+00
-1.892362594604492188e+00
-1.977703571319580078e+00
-2.767767906188964844e+00
-2.358514547348022461e+00
-3.118634700775146484e+00
-2.523400545120239258e+00
-1.646593332290649414e+00
-7.186211347579956055e-01
-1.194667935371398926e+00
-2.714702606201171875e+00
-3.076111793518066406e+00
-2.819385290145874023e+00
-3.030525684356689453e+00
-9.934680461883544922e-01
-2.993779659271240234e+00
-1.128059387207031250e+00
-3.211774587631225586e+00
-2.052489757537841797e+00
-1.939693093299865723e+00
-1.042040586471557617e+00
-3.166459083557128906e+00
-3.078631877899169922e+00
-1.861221551895141602e+00
-2.885770559310913086e+00
-1.992303133010864258e+00
-3.067812442779541016e+00
-2.577669620513916016e+00
-2.260983228683471680e+00
-3.436381578445434570e+00
-2.931864500045776367e+00
-2.484871864318847656e+00
-3.682160854339599609e+00
-2.549692153930664062e+00
-1.802222967147827148e+00
-3.120153903961181641e+00
-2.802712440490722656e+00
-3.155845403671264648e+00
-2.653974294662475586e+00
-1.868577718734741211e+00
-2.189776659011840820e+00
-2.509146690368652344e+00
-2.643219709396362305e+00
-2.011562824249267578e+00
-1.970721244812011719e+00
-1.528729677200317383e+00
-3.139505386352539062e+00
-1.924929499626159668e+00
-1.858196139335632324e+00
-5.677466392517089844e-01
-2.523482799530029297e+00
-1.800247311592102051e+00
-2.464596509933471680e+00
-2.234055757522583008e+00
-1.652589559555053711e+00
-1.963001489639282227e+00
-3.000653505325317383e+00
-8.552280068397521973e-01
-2.476254463195800781e+00
-6.518157124519348145e-01
-2.795608282089233398e+00
-2.532806158065795898e+00
-2.477271318435668945e+00
-1.181861639022827148e+00
-1.576513528823852539e+00
-2.198691129684448242e+00
-2.138209581375122070e+00
-3.490144252777099609e+00
-2.319948673248291016e+00
-1.542191505432128906e+00
-2.184079885482788086e+00
-2.914768457412719727e+00
-2.746119737625122070e+00
-3.595920801162719727e+00
-3.903126716613769531e+00
-1.361015200614929199e+00
-2.898873805999755859e+00
-2.784007549285888672e+00
-1.967346310615539551e+00
-3.557007551193237305e+00
-2.903999090194702148e+00
-3.383235931396484375e+00
-2.400750875473022461e+00
-2.626562356948852539e+00
-2.724776983261108398e+00
-3.002268791198730469e+00
-2.783826351165771484e+00
-3.246675968170166016e+00
-2.768553972244262695e+00
-2.174862146377563477e+00
-3.759708881378173828e+00
-3.099425792694091797e+00
-2.430751323699951172e+00
-3.090835809707641602e+00
-3.343461990356445312e+00
-3.672511816024780273e+00
-3.344699621200561523e+00
-3.344314813613891602e+00
-3.454461097717285156e+00
-3.578062534332275391e+00
-1.453253388404846191e+00
-2.169842720031738281e+00
-3.364296197891235352e+00
-3.703130722045898438e+00
-1.503777623176574707e+00
-1.490830540657043457e+00
-2.570528507232666016e+00
-3.124018192291259766e+00
-2.918647527694702148e+00
-1.875627517700195312e+00
-3.518476963043212891e+00
-3.075516700744628906e+00
-1.834648370742797852e+00
-2.740784406661987305e+00
-3.037442922592163086e+00
-1.530814290046691895e+00
-3.102247953414916992e+00
-4.159749746322631836e-01
-1.527852296829223633e+00
-2.563741207122802734e+00
-2.144184112548828125e+00
-1.853211283683776855e+00
-2.170774698257446289e+00
-2.087929725646972656e+00
-2.222536087036132812e+00
-2.589252948760986328e+00
-3.003506898880004883e+00
-1.843369722366333008e+00
-1.056593298912048340e+00
-1.724663734436035156e+00
-3.448131799697875977e+00
-2.120995044708251953e+00
-1.986649751663208008e+00
-3.291475534439086914e+00
-2.081467390060424805e+00
-2.920346021652221680e+00
-2.243661403656005859e+00
-3.976474761962890625e+00
-3.304879426956176758e+00
-3.662924289703369141e+00
-1.692540049552917480e+00
-3.961902618408203125e+00
-3.612947702407836914e+00
-3.061064004898071289e+00
-3.419119596481323242e+00
-3.199971437454223633e+00
-2.719128608703613281e+00
-2.577625751495361328e+00
-3.489240407943725586e+00
-2.823914051055908203e+00
-2.771153688430786133e+00
-3.347501993179321289e+00
-2.677001953125000000e+00
-4.076291084289550781e+00
-4.007913589477539062e+00
-2.894324779510498047e+00
-1.324853777885437012e+00
-2.805164575576782227e+00
-3.008163690567016602e+00
-3.116552591323852539e+00
-3.844190359115600586e+00
-3.411330938339233398e+00
-1.977364420890808105e+00
-2.691913127899169922e+00
-1.977703094482421875e+00
-1.483461380004882812e+00
-2.295373201370239258e+00
-2.079527378082275391e+00
-2.474885702133178711e+00
-3.883786439895629883e+00
-2.827025175094604492e+00
-3.439745903015136719e+00
-2.013524532318115234e+00
-2.493047714233398438e+00
-2.829680204391479492e+00
-2.107850074768066406e+00
-1.790430426597595215e+00
-3.451694488525390625e+00
-2.870772838592529297e+00
-3.071803569793701172e+00
-1.907065749168395996e+00
-3.680579662322998047e+00
-2.126331806182861328e+00
-3.613040447235107422e+00
-2.613636732101440430e+00
-2.530892610549926758e+00
-2.809949159622192383e+00
-2.075717210769653320e+00
-2.707364559173583984e+00
-3.069574356079101562e+00
-2.513361215591430664e+00
-3.702368497848510742e+00
-2.926141500473022461e+00
-2.309513568878173828e+00
-1.810971856117248535e+00
-1.995213150978088379e+00
-1.425265789031982422e+00
-3.577839612960815430e+00
-2.602851867675781250e+00
-1.505118608474731445e+00
-2.826160430908203125e+00
-2.684079408645629883e+00
-2.802591562271118164e+00
-2.702519893646240234e+00
-2.755145430564880371e-01
-1.187597155570983887e+00
-2.127575874328613281e+00
-2.345477581024169922e+00
-3.082787752151489258e+00
-5.069195628166198730e-01
-3.515426874160766602e+00
-3.624255418777465820e+00
-2.871929407119750977e+00
-3.112017393112182617e+00
-2.462873697280883789e+00
-3.077696561813354492e+00
-2.878633975982666016e+00
-2.616879701614379883e+00
-1.406488060951232910e+00
-2.848866701126098633e+00
-2.875476837158203125e+00
-3.373803615570068359e+00
-1.099051713943481445e+00
-2.847503900527954102e+00
-2.382987737655639648e+00
-2.368338584899902344e+00
-3.385085105895996094e+00
-2.098002433776855469e+00
-1.281728267669677734e+00
-3.429748535156250000e+00
-2.187714338302612305e+00
-2.273073673248291016e+00
-8.775735497474670410e-01
-1.476908564567565918e+00
-3.595713615417480469e+00
-2.939515829086303711e+00
-3.238334655761718750e+00
-1.179160714149475098e+00
-1.081259369850158691e+00
-2.844286918640136719e+00
-2.464584112167358398e+00
-2.783035278320312500e+00
-1.237216353416442871e+00
-2.350497007369995117e+00
-2.448696136474609375e+00
-2.075482606887817383e+00
-2.607743263244628906e+00
-3.210208177566528320e+00
-2.361621618270874023e+00
-1.577273607254028320e+00
-2.919450044631958008e+00
-3.704943180084228516e+00
-3.347352027893066406e+00
-2.127021074295043945e+00
-2.877022027969360352e+00
-3.287686824798583984e+00
-1.383249044418334961e+00
-2.986794948577880859e+00
-2.686131715774536133e+00
-8.101423978805541992e-01
-2.739576101303100586e+00
-2.858465671539306641e+00
-2.715241670608520508e+00
-3.124758005142211914e+00
-3.277180433273315430e+00
-3.754287004470825195e+00
-3.037401914596557617e+00
-3.173086166381835938e+00
-2.249304056167602539e+00
-1.874001145362854004e+00
-1.690540671348571777e+00
-3.255703449249267578e+00
-2.775801658630371094e+00
-4.096957683563232422e+00
-3.055033206939697266e+00
-2.529741525650024414e+00
-1.890614509582519531e+00
-3.046865463256835938e+00
-3.498106479644775391e+00
-3.310419559478759766e+00
-1.666967391967773438e+00
-2.496507406234741211e+00
-3.677592039108276367e+00
-2.121184349060058594e+00
-1.929395198822021484e+00
-3.130232691764831543e-01
-2.371527194976806641e+00
-3.408235073089599609e+00
-2.196666955947875977e+00
-2.128103971481323242e+00
-2.450344562530517578e+00
-2.685659646987915039e+00
-2.837222814559936523e+00
-1.865593552589416504e+00
-1.747410535812377930e+00
-2.946257114410400391e+00
-2.255806207656860352e+00
-7.790678739547729492e-01
-2.880912780761718750e+00
-2.498780965805053711e+00
-2.162162542343139648e+00
-2.184499025344848633e+00
-2.261300563812255859e+00
-1.895377159118652344e+00
-2.855572938919067383e+00
-2.332286119461059570e+00
-2.953699350357055664e+00
-2.927116632461547852e+00
-3.317882537841796875e+00
-3.548713207244873047e+00
-3.959733009338378906e+00
-2.065387010574340820e+00
-4.303795814514160156e+00
-1.153944730758666992e+00
-3.501059532165527344e+00
-3.514084815979003906e+00
-1.832840919494628906e+00
-2.957754373550415039e+00
-3.126682758331298828e+00
-3.898112535476684570e+00
-4.254819393157958984e+00
-2.300257682800292969e+00
-1.905404567718505859e+00
-2.671210527420043945e+00
-2.989926338195800781e+00
-3.148382663726806641e+00
-1.687311410903930664e+00
-2.448740959167480469e+00
-2.682824611663818359e+00
-2.657917261123657227e+00
-2.022342443466186523e+00
-4.137372493743896484e+00
-1.989648580551147461e+00
-2.814137458801269531e+00
-3.949089050292968750e+00
-2.977021217346191406e+00
-2.118855714797973633e+00
-2.542751073837280273e+00
-2.476111888885498047e+00
-2.359730005264282227e+00
-4.277001380920410156e+00
-3.642125844955444336e+00
-2.826596498489379883e+00
-3.816141128540039062e+00
-1.649548649787902832e+00
-1.942397117614746094e+00
-2.706016302108764648e+00
-8.712031245231628418e-01
-2.379825353622436523e+00
-2.821856737136840820e+00
-1.866462707519531250e+00
-2.721351861953735352e+00
-2.544845581054687500e+00
-1.721988320350646973e+00
-3.254302501678466797e+00
-1.029957532882690430e+00
-2.044480562210083008e+00
-1.579541206359863281e+00
-2.106036901473999023e+00
-1.546891927719116211e+00
-1.401351213455200195e+00
-2.616665840148925781e+00
-1.322192549705505371e+00
-1.184805989265441895e+00
-2.917255401611328125e+00
-1.463569760322570801e+00
-2.186421871185302734e+00
-1.825770378112792969e+00
-2.311613559722900391e+00
-1.670218348503112793e+00
-3.540257692337036133e+00
-2.544301509857177734e+00
-1.279889822006225586e+00
-8.543853163719177246e-01
-1.936967015266418457e+00
-2.755833625793457031e+00
-2.694579601287841797e+00
-1.507022023200988770e+00
-3.322053432464599609e+00
-2.735590934753417969e+00
-2.668429136276245117e+00
-3.265397071838378906e+00
-1.588767766952514648e+00
-3.451450586318969727e+00
-1.910220146179199219e+00
-1.095110416412353516e+00
-2.071487665176391602e+00
-3.263815641403198242e+00
-5.727966427803039551e-01
-2.292547941207885742e+00
-3.830632925033569336e+00
-2.588228225708007812e+00
-2.653686046600341797e+00
-2.184613227844238281e+00
-2.084239721298217773e+00
-1.534168004989624023e+00
-2.700133085250854492e+00
-2.400911808013916016e+00
-2.564220190048217773e+00
-3.116008996963500977e+00
-2.293559074401855469e+00
-2.924178600311279297e+00
-1.566247105598449707e+00
-2.359828710556030273e+00
