-8.292464613914489746e-01
-1.214460372924804688e+00
-1.908812403678894043e+00
-3.078296184539794922e+00
-1.486127972602844238e+00
-1.906246185302734375e+00
-1.815210938453674316e+00
-2.487025976181030273e+00
-2.717877388000488281e+00
-2.727048158645629883e+00
-2.535757303237915039e+00
-2.528383016586303711e+00
-2.736835956573486328e+00
-3.057336091995239258e+00
-2.231343746185302734e+00
-2.726980924606323242e+00
-2.848154783248901367e+00
-2.969835758209228516e+00
-1.710638999938964844e+00
-2.875593900680541992e+00
-2.591717481613159180e+00
-3.166836500167846680e+00
-2.939885139465332031e+00
-3.202992200851440430e+00
-2.582592010498046875e+00
-2.839137792587280273e+00
-2.923930644989013672e+00
-2.909201145172119141e+00
-1.881522297859191895e+00
-2.473444700241088867e+00
-1.668880701065063477e+00
-2.552127838134765625e+00
-2.465022802352905273e+00
-3.444349288940429688e+00
-1.597050309181213379e+00
-2.497327566146850586e+00
-3.707094192504882812e+00
-2.382498264312744141e+00
-1.722617864608764648e+00
-3.141452550888061523e+00
-2.043179750442504883e+00
-3.099128246307373047e+00
-2.064833164215087891e+00
-2.472821235656738281e+00
-2.812253475189208984e+00
-3.286642074584960938e+00
-1.672265529632568359e+00
-2.024126768112182617e+00
-2.645633697509765625e+00
-2.795491218566894531e+00
-1.156317710876464844e+00
-1.844521522521972656e+00
-3.009902477264404297e+00
-3.967103958129882812e+00
-2.315672159194946289e+00
-2.799743890762329102e+00
-3.346037387847900391e+00
-2.693352937698364258e+00
-1.965886235237121582e+00
-2.646243333816528320e+00
-1.486510276794433594e+00
-2.701847791671752930e+00
-1.820363283157348633e+00
-2.118564128875732422e+00
-3.555860996246337891e+00
-2.855314970016479492e+00
-1.508882641792297363e+00
-1.723803520202636719e+00
-3.139081478118896484e+00
-3.627090692520141602e+00
-2.485157966613769531e+00
-2.702500820159912109e+00
-3.409444808959960938e+00
-3.499330520629882812e+00
-2.586603403091430664e+00
-2.042710781097412109e+00
-3.728809356689453125e+00
-2.725996494293212891e+00
-2.208820104598999023e+00
-2.709815025329589844e+00
-3.483747720718383789e+00
-2.931910753250122070e+00
-1.926901817321777344e+00
-3.045206785202026367e+00
-1.812920331954956055e+00
-1.468841910362243652e+00
-2.074162960052490234e+00
-2.835628032684326172e+00
-3.455494165420532227e+00
-3.018772363662719727e+00
-2.810526847839355469e+00
-3.120774030685424805e+00
-2.672387123107910156e+00
-2.992017984390258789e+00
-2.033879041671752930e+00
-3.542938709259033203e+00
-3.690818786621093750e+00
-1.891617298126220703e+00
-1.880300045013427734e+00
-2.692189216613769531e+00
-2.926608562469482422e+00
-3.220260143280029297e+00
-2.042210102081298828e+00
-3.558034181594848633e+00
-3.198741197586059570e+00
-2.059339284896850586e+00
-2.373035669326782227e+00
-2.998664855957031250e+00
-2.553334236145019531e+00
-3.084055662155151367e+00
-2.141217947006225586e+00
-1.567307949066162109e+00
-4.112833023071289062e+00
-3.413452148437500000e+00
-2.772473096847534180e+00
-3.336012363433837891e+00
-1.926335811614990234e+00
-3.284511804580688477e+00
-2.132759571075439453e+00
-2.709414720535278320e+00
-3.097402811050415039e+00
-3.769603252410888672e+00
-3.024843692779541016e+00
-1.741095423698425293e+00
-2.538974285125732422e+00
-3.126276969909667969e+00
-1.314723134040832520e+00
-2.691761970520019531e+00
-3.868682384490966797e+00
-2.070698261260986328e+00
-2.527049541473388672e+00
-2.068953275680541992e+00
-2.725041866302490234e+00
-2.557954549789428711e+00
-2.237361669540405273e+00
-3.173822164535522461e+00
-3.189683675765991211e+00
-3.812736511230468750e+00
-1.420393586158752441e+00
-3.122011184692382812e+00
-2.855568885803222656e+00
-3.139051198959350586e+00
-1.726592898368835449e+00
-2.441123962402343750e+00
-3.084949731826782227e+00
-3.942025899887084961e+00
-2.291287422180175781e+00
-2.630808591842651367e+00
-3.982386589050292969e+00
-3.123138904571533203e+00
-2.255095005035400391e+00
-2.878260135650634766e+00
-3.986974954605102539e+00
-3.825677633285522461e+00
-1.273185610771179199e+00
-1.596319556236267090e+00
-3.294523954391479492e+00
-3.256870269775390625e+00
-2.027145385742187500e+00
-2.867715358734130859e+00
-2.415338993072509766e+00
-3.688505649566650391e+00
-2.809887886047363281e+00
-1.827300548553466797e+00
-1.678228616714477539e+00
-2.736325979232788086e+00
-3.669517278671264648e+00
-2.245582818984985352e+00
-1.794640064239501953e+00
-3.029113054275512695e+00
-3.260766029357910156e+00
-2.770654678344726562e+00
-2.818379402160644531e+00
-2.396051168441772461e+00
-3.315770149230957031e+00
-3.112940311431884766e+00
-2.846132040023803711e+00
-3.330679655075073242e+00
-3.112549304962158203e+00
-2.519487619400024414e+00
-3.565099954605102539e+00
-2.263677835464477539e+00
-3.457802534103393555e+00
-2.425076007843017578e+00
-2.990324258804321289e+00
-2.648985385894775391e+00
-2.525102615356445312e+00
-3.671692371368408203e+00
-2.368909358978271484e+00
-2.821300268173217773e+00
-3.242107868194580078e+00
-3.720412254333496094e+00
-2.413512945175170898e+00
-3.337544202804565430e+00
-2.905815601348876953e+00
-3.094589471817016602e+00
-2.883928537368774414e+00
-3.566204547882080078e+00
-3.919631719589233398e+00
-3.385554790496826172e+00
-4.015073299407958984e+00
-3.440779685974121094e+00
-2.658493280410766602e+00
-3.151729583740234375e+00
-2.155305147171020508e+00
-2.425718784332275391e+00
-2.820967674255371094e+00
-2.996948957443237305e+00
-2.351915836334228516e+00
-1.627991199493408203e+00
-2.482752799987792969e+00
-3.504523038864135742e+00
-3.929787397384643555e+00
-3.399365425109863281e+00
-2.731612443923950195e+00
-3.307797908782958984e+00
-3.508975744247436523e+00
-2.881407499313354492e+00
-2.416989088058471680e+00
-2.774272680282592773e+00
-3.422110319137573242e+00
-3.070652008056640625e+00
-2.521062374114990234e+00
-3.825764179229736328e+00
-3.337024211883544922e+00
-2.550578355789184570e+00
-3.556221008300781250e+00
-2.865689754486083984e+00
-4.012962341308593750e+00
-2.293866395950317383e+00
-2.245088338851928711e+00
-2.230419158935546875e+00
-3.648971319198608398e+00
-2.144907474517822266e+00
-2.703664541244506836e+00
-2.271979570388793945e+00
-2.935105562210083008e+00
-2.535041570663452148e+00
-2.912621021270751953e+00
-2.632329463958740234e+00
-3.043566703796386719e+00
-2.052288293838500977e+00
-3.004056930541992188e+00
-3.357311725616455078e+00
-3.122259855270385742e+00
-3.536747455596923828e+00
-3.382891178131103516e+00
-3.411145210266113281e+00
-3.045504570007324219e+00
-2.790095567703247070e+00
-1.868439435958862305e+00
-2.450511455535888672e+00
-2.391848564147949219e+00
-2.319209098815917969e+00
-2.550279140472412109e+00
-3.230838775634765625e+00
-3.700946331024169922e+00
-3.491647005081176758e+00
-3.782985210418701172e+00
-1.234558939933776855e+00
-3.204688549041748047e+00
-2.992301940917968750e+00
-2.513066768646240234e+00
-3.271092176437377930e+00
-3.324889898300170898e+00
-2.742356538772583008e+00
-4.000976085662841797e+00
-3.709598541259765625e+00
-2.270280122756958008e+00
-3.146711587905883789e+00
-2.897701263427734375e+00
-3.562512874603271484e+00
-2.732760906219482422e+00
-3.973152875900268555e+00
-3.477738857269287109e+00
-3.274577140808105469e+00
-2.761759281158447266e+00
-3.210715770721435547e+00
-4.480225563049316406e+00
-2.877817392349243164e+00
-2.685336112976074219e+00
-2.211380004882812500e+00
-3.757322549819946289e+00
-3.876996040344238281e+00
-3.472250938415527344e+00
-2.945725440979003906e+00
-4.115684032440185547e+00
-3.177785634994506836e+00
-3.032441139221191406e+00
-3.392791986465454102e+00
-3.780120849609375000e+00
-2.900712013244628906e+00
-2.505325555801391602e+00
-2.164789915084838867e+00
-2.882793664932250977e+00
-3.683763504028320312e+00
-3.419656991958618164e+00
-2.765289783477783203e+00
-2.456407070159912109e+00
-3.125505924224853516e+00
-2.869471549987792969e+00
-2.926061868667602539e+00
-3.028086423873901367e+00
-2.857468843460083008e+00
-2.331298828125000000e+00
-3.508738040924072266e+00
-2.551758289337158203e+00
-1.950090169906616211e+00
-2.686793088912963867e+00
-2.332546234130859375e+00
-2.918048143386840820e+00
-4.114816665649414062e+00
-3.178473711013793945e+00
-3.341458797454833984e+00
-2.311520814895629883e+00
-2.417043447494506836e+00
-2.872307777404785156e+00
-1.934454679489135742e+00
-3.442380189895629883e+00
-2.966999053955078125e+00
-3.106910467147827148e+00
-2.873740196228027344e+00
-3.296977519989013672e+00
-3.769506931304931641e+00
-4.013581752777099609e+00
-3.144126415252685547e+00
-2.401467323303222656e+00
-3.334638833999633789e+00
-2.545142173767089844e+00
-2.031845092773437500e+00
-2.160408973693847656e+00
-3.478398561477661133e+00
-3.526341438293457031e+00
-3.111005306243896484e+00
-3.373863220214843750e+00
-2.087924480438232422e+00
-3.835554361343383789e+00
-2.607031822204589844e+00
-2.378182649612426758e+00
-3.486586332321166992e+00
-3.033167123794555664e+00
-3.298516988754272461e+00
-2.724581480026245117e+00
-2.443685531616210938e+00
-2.579176187515258789e+00
-3.547936201095581055e+00
-2.913229703903198242e+00
-3.262931346893310547e+00
-3.242965936660766602e+00
-3.459111213684082031e+00
-3.608038663864135742e+00
-3.400949239730834961e+00
-3.397139549255371094e+00
-3.748943328857421875e+00
-2.532904624938964844e+00
-3.303042411804199219e+00
-1.203556060791015625e+00
-2.705345153808593750e+00
-1.850394248962402344e+00
-2.863617658615112305e+00
-2.551103591918945312e+00
-2.694590568542480469e+00
-3.374068260192871094e+00
-3.179880380630493164e+00
-3.435062170028686523e+00
-2.825454711914062500e+00
-3.588413953781127930e+00
-3.503490209579467773e+00
-2.897954225540161133e+00
-3.488237142562866211e+00
-2.696921110153198242e+00
-2.871389150619506836e+00
-3.448948621749877930e+00
-2.624963045120239258e+00
-2.601714849472045898e+00
-2.326607942581176758e+00
-3.705874443054199219e+00
-3.296805858612060547e+00
-3.691353321075439453e+00
-3.004349708557128906e+00
-2.535688638687133789e+00
-3.396809101104736328e+00
-3.159992456436157227e+00
-2.395378112792968750e+00
-3.360697746276855469e+00
-3.065265417098999023e+00
-3.674245357513427734e+00
-3.000835418701171875e+00
-3.928647994995117188e+00
-2.388868808746337891e+00
-3.669936418533325195e+00
-3.816154479980468750e+00
-3.407090663909912109e+00
-2.474701166152954102e+00
-3.103829622268676758e+00
-3.527275800704956055e+00
-2.762218713760375977e+00
-3.718892335891723633e+00
-3.777338743209838867e+00
-3.721370458602905273e+00
-3.939193725585937500e+00
-3.204951286315917969e+00
-2.703733682632446289e+00
-3.651413679122924805e+00
-2.860330581665039062e+00
-1.708066344261169434e+00
-2.927546501159667969e+00
-3.029275894165039062e+00
-3.822543859481811523e+00
-2.737692356109619141e+00
-2.163643121719360352e+00
-3.273456096649169922e+00
-3.832964897155761719e+00
-3.378992319107055664e+00
-2.786864995956420898e+00
-4.256082534790039062e+00
-3.470450162887573242e+00
-1.828291296958923340e+00
-2.666409254074096680e+00
-3.271452426910400391e+00
-3.502589941024780273e+00
-2.829026699066162109e+00
-3.207252979278564453e+00
-3.221758127212524414e+00
-2.865847110748291016e+00
-2.292323827743530273e+00
-3.152582883834838867e+00
-2.226290225982666016e+00
-3.168016433715820312e+00
-2.471132755279541016e+00
-2.665644645690917969e+00
-3.293627977371215820e+00
-2.638036966323852539e+00
-2.912903070449829102e+00
-3.030609130859375000e+00
-2.989106655120849609e+00
-3.044079542160034180e+00
-3.557539701461791992e+00
-3.733172178268432617e+00
-2.107860565185546875e+00
-3.167500734329223633e+00
-3.414766311645507812e+00
-1.392636895179748535e+00
-2.977036952972412109e+00
-3.160515546798706055e+00
-1.327062964439392090e+00
-3.115425109863281250e+00
-2.816720247268676758e+00
-2.555667638778686523e+00
-3.215920925140380859e+00
-3.249907016754150391e+00
-3.352538824081420898e+00
-3.508260965347290039e+00
-3.672692537307739258e+00
-2.564088344573974609e+00
-3.214486360549926758e+00
-3.206576585769653320e+00
-3.340533733367919922e+00
-3.422482728958129883e+00
-2.968750953674316406e+00
-3.551478862762451172e+00
-3.941212892532348633e+00
-3.080076932907104492e+00
-3.309934616088867188e+00
-2.447300434112548828e+00
-2.635607719421386719e+00
-2.973186016082763672e+00
-3.606563806533813477e+00
-1.674711585044860840e+00
-3.490356683731079102e+00
-3.122699975967407227e+00
-2.561144828796386719e+00
-2.179176092147827148e+00
-3.798593044281005859e+00
-2.987891197204589844e+00
-2.702934265136718750e+00
-2.902946949005126953e+00
-2.125107288360595703e+00
-2.435012578964233398e+00
-3.333443164825439453e+00
-3.577905416488647461e+00
-1.861533164978027344e+00
-1.657710909843444824e+00
-3.599296569824218750e+00
-2.482396602630615234e+00
-2.853960037231445312e+00
-3.697389602661132812e+00
-3.216745615005493164e+00
-3.010867834091186523e+00
-2.274497509002685547e+00
-2.882625341415405273e+00
-2.097406387329101562e+00
-2.570632934570312500e+00
-2.697787046432495117e+00
-2.543134212493896484e+00
-2.866823911666870117e+00
-3.008142471313476562e+00
-2.994542598724365234e+00
-2.734039783477783203e+00
-3.061780691146850586e+00
-3.267524480819702148e+00
-3.598453998565673828e+00
-3.485257625579833984e+00
-2.778993368148803711e+00
-3.050821304321289062e+00
-3.085025548934936523e+00
-3.210683584213256836e+00
-1.252292513847351074e+00
-3.113368511199951172e+00
-2.800903558731079102e+00
-2.558965206146240234e+00
-2.700337409973144531e+00
-2.398739576339721680e+00
-2.579655647277832031e+00
-3.140884637832641602e+00
-2.363917827606201172e+00
-2.610320091247558594e+00
-3.653244018554687500e+00
-2.416774511337280273e+00
-2.555006742477416992e+00
-3.216258525848388672e+00
-3.396367311477661133e+00
-3.759378910064697266e+00
-4.084076404571533203e+00
-2.730983257293701172e+00
-2.671487092971801758e+00
-2.685441017150878906e+00
-2.204133272171020508e+00
-3.447336196899414062e+00
-3.309071302413940430e+00
-3.585623025894165039e+00
-1.439479112625122070e+00
-3.209704875946044922e+00
-2.765674352645874023e+00
-3.195353031158447266e+00
-2.289705276489257812e+00
-3.359084844589233398e+00
-2.414611816406250000e+00
-2.873240470886230469e+00
-3.360292911529541016e+00
-3.178726673126220703e+00
-1.662089467048645020e+00
-3.294161558151245117e+00
-3.243172168731689453e+00
-3.798048496246337891e+00
-3.332845687866210938e+00
-4.030486106872558594e+00
-3.050597190856933594e+00
-3.870500564575195312e+00
-2.982053279876708984e+00
-2.453184127807617188e+00
-3.754449129104614258e+00
-3.141673088073730469e+00
-3.109832048416137695e+00
-3.486950874328613281e+00
-2.723601818084716797e+00
-2.121167421340942383e+00
-3.456256866455078125e+00
-2.757395267486572266e+00
-2.496272087097167969e+00
-3.482045888900756836e+00
-2.966992616653442383e+00
-2.814432382583618164e+00
-3.338224649429321289e+00
-2.468933105468750000e+00
-3.911876201629638672e+00
-2.709368705749511719e+00
-3.207806587219238281e+00
-3.375680446624755859e+00
-3.932822227478027344e+00
-2.521492719650268555e+00
-3.000183820724487305e+00
-3.348977088928222656e+00
-2.181366443634033203e+00
-2.623600721359252930e+00
-1.761963486671447754e+00
-2.634845256805419922e+00
-2.312571048736572266e+00
-2.927333116531372070e+00
-2.322407960891723633e+00
-2.590048313140869141e+00
-3.486181735992431641e+00
-2.428775072097778320e+00
-2.948002815246582031e+00
-2.730943679809570312e+00
-1.975162744522094727e+00
-2.548331022262573242e+00
-3.455118894577026367e+00
-2.576644659042358398e+00
-2.428540229797363281e+00
-3.879664897918701172e+00
-4.154894828796386719e+00
-2.454760551452636719e+00
-2.915868043899536133e+00
-3.679473638534545898e+00
-4.128099918365478516e+00
-2.600835561752319336e+00
-2.944982528686523438e+00
-2.931667327880859375e+00
-3.866009235382080078e+00
-2.580619812011718750e+00
-3.814472913742065430e+00
-3.028828382492065430e+00
-3.477213382720947266e+00
-1.680380344390869141e+00
-3.521952867507934570e+00
-3.286864280700683594e+00
-3.127210378646850586e+00
-2.499614000320434570e+00
-2.114336729049682617e+00
-2.925223827362060547e+00
-2.402392625808715820e+00
-3.541733741760253906e+00
-2.568312406539916992e+00
-3.188610792160034180e+00
-3.661455392837524414e+00
-3.981514692306518555e+00
-3.374624967575073242e+00
-1.903980374336242676e+00
-2.706691980361938477e+00
-3.309137344360351562e+00
-2.942621469497680664e+00
-2.683862924575805664e+00
-2.641736984252929688e+00
-2.903864383697509766e+00
-3.534042596817016602e+00
-2.994177341461181641e+00
-3.159589290618896484e+00
-3.648517847061157227e+00
-3.363135814666748047e+00
-2.604859352111816406e+00
-1.945653796195983887e+00
-2.514762639999389648e+00
-2.127279996871948242e+00
-2.605889320373535156e+00
-2.752976655960083008e+00
-2.768899679183959961e+00
-2.574788093566894531e+00
-2.572649240493774414e+00
-2.966573238372802734e+00
-3.226222276687622070e+00
-2.495199441909790039e+00
-2.794286251068115234e+00
-1.692421078681945801e+00
-3.144940376281738281e+00
-3.884671688079833984e+00
-2.634179353713989258e+00
-3.208931922912597656e+00
-2.751929998397827148e+00
-3.042015314102172852e+00
-3.499661207199096680e+00
-2.309612989425659180e+00
-3.592032432556152344e+00
-2.374121189117431641e+00
-1.912453651428222656e+00
-2.607621908187866211e+00
-2.059001445770263672e+00
-2.573433160781860352e+00
-3.554527997970581055e+00
-3.097155332565307617e+00
-1.708668947219848633e+00
-2.159344196319580078e+00
-2.900918006896972656e+00
-3.415243148803710938e+00
-2.232123136520385742e+00
-3.816487073898315430e+00
-2.766960382461547852e+00
-3.237944126129150391e+00
-3.088072538375854492e+00
-2.751857519149780273e+00
-2.713589668273925781e+00
-2.958954334259033203e+00
-2.679383039474487305e+00
-2.985971212387084961e+00
-3.679332017898559570e+00
-2.280675888061523438e+00
-3.236379384994506836e+00
-3.672711133956909180e+00
-2.989627361297607422e+00
-1.811107039451599121e+00
-2.457042217254638672e+00
-2.590260505676269531e+00
-2.437982797622680664e+00
-2.156061172485351562e+00
-2.880658864974975586e+00
-1.982012391090393066e+00
-2.573647022247314453e+00
-2.872030973434448242e+00
-3.347307920455932617e+00
-1.999782085418701172e+00
-3.393491506576538086e+00
-3.644826173782348633e+00
-1.360192298889160156e+00
-2.970367431640625000e+00
-3.652169227600097656e+00
-2.758286714553833008e+00
-2.533802032470703125e+00
-3.374358415603637695e+00
-3.281002521514892578e+00
-2.871638536453247070e+00
-2.043232202529907227e+00
-2.895298719406127930e+00
-3.365441799163818359e+00
-3.362902402877807617e+00
-2.444700241088867188e+00
-3.831806182861328125e+00
-2.941187858581542969e+00
-1.591466903686523438e+00
-2.499053955078125000e+00
-1.437859296798706055e+00
-2.527426242828369141e+00
-2.792921543121337891e+00
-3.379506587982177734e+00
-3.868730068206787109e+00
-2.784343481063842773e+00
-2.626795530319213867e+00
-3.651420116424560547e+00
-1.459975361824035645e+00
-2.333641529083251953e+00
-2.878980398178100586e+00
-3.348579406738281250e+00
-2.766954898834228516e+00
-3.812958955764770508e+00
-3.500496387481689453e+00
-3.082499980926513672e+00
-3.817043542861938477e+00
-2.766253232955932617e+00
-3.165803670883178711e+00
-2.159310340881347656e+00
-1.693467378616333008e+00
-2.434711694717407227e+00
-3.161610126495361328e+00
-3.389476060867309570e+00
-2.682114124298095703e+00
-3.262169599533081055e+00
-3.243277788162231445e+00
-3.377881288528442383e+00
-1.787729263305664062e+00
-3.930209875106811523e+00
-3.485959053039550781e+00
-2.780825853347778320e+00
-3.474255561828613281e+00
-3.416356325149536133e+00
-3.326064586639404297e+00
-3.169719457626342773e+00
-2.478466510772705078e+00
-3.779180526733398438e+00
-3.286732196807861328e+00
-2.658064365386962891e+00
-3.462153673171997070e+00
-2.341568708419799805e+00
-3.499313831329345703e+00
-2.529902935028076172e+00
-3.644727706909179688e+00
-1.960294127464294434e+00
-1.478562712669372559e+00
-1.855097770690917969e+00
-3.465041875839233398e+00
-3.605777263641357422e+00
-2.277166843414306641e+00
-2.201656818389892578e+00
-3.345421552658081055e+00
-3.279587984085083008e+00
-3.425653219223022461e+00
-3.480624437332153320e+00
-2.543011665344238281e+00
-3.742264509201049805e+00
-2.740715265274047852e+00
-3.250721693038940430e+00
-2.426652193069458008e+00
-3.569190740585327148e+00
-3.933492660522460938e+00
-1.914006471633911133e+00
-2.953468561172485352e+00
-3.487855911254882812e+00
-3.013273477554321289e+00
-3.074326276779174805e+00
-2.897518634796142578e+00
-3.516638755798339844e+00
-2.581690788269042969e+00
-3.104272603988647461e+00
-3.207808732986450195e+00
-3.396963119506835938e+00
-3.019552230834960938e+00
-2.326072216033935547e+00
-2.207018136978149414e+00
-2.701447010040283203e+00
-3.242318153381347656e+00
-2.757694005966186523e+00
-3.013866186141967773e+00
-1.927039623260498047e+00
-2.868113994598388672e+00
-1.593064665794372559e+00
-2.500204563140869141e+00
-3.367333412170410156e+00
-3.080946683883666992e+00
-2.778588533401489258e+00
-2.376709461212158203e+00
-2.613341569900512695e+00
-2.864963769912719727e+00
-3.783940553665161133e+00
-2.349781751632690430e+00
-3.216544151306152344e+00
-3.618075847625732422e+00
-2.523544073104858398e+00
-3.280037164688110352e+00
-2.096877098083496094e+00
-3.729865312576293945e+00
-3.396383047103881836e+00
-2.361624717712402344e+00
-2.545525789260864258e+00
-2.382404565811157227e+00
-2.042286157608032227e+00
-3.678337812423706055e+00
-2.007621526718139648e+00
-2.986425399780273438e+00
-2.076654434204101562e+00
-3.478770017623901367e+00
-3.183863401412963867e+00
-3.812695980072021484e+00
-3.555827140808105469e+00
-2.805998802185058594e+00
-3.942330598831176758e+00
-3.920711517333984375e+00
-2.999328851699829102e+00
-2.612768173217773438e+00
-3.163918018341064453e+00
-3.779933214187622070e+00
-3.153606891632080078e+00
-2.389513015747070312e+00
-3.327339887619018555e+00
-2.529021978378295898e+00
-3.129567623138427734e+00
-2.726267099380493164e+00
-2.153390645980834961e+00
-2.009136915206909180e+00
-6.924825906753540039e-01
-3.189679861068725586e+00
-3.139486551284790039e+00
-2.498615503311157227e+00
-2.131468534469604492e+00
-1.786452412605285645e+00
-2.548571825027465820e+00
-1.964640140533447266e+00
-3.131693840026855469e+00
-3.013114690780639648e+00
-2.267278432846069336e+00
-3.822026968002319336e+00
-2.726179361343383789e+00
-3.592779397964477539e+00
-2.586276292800903320e+00
-2.100871562957763672e+00
-1.367883443832397461e+00
-3.669685840606689453e+00
-1.932905673980712891e+00
-2.814613103866577148e+00
-3.639413356781005859e+00
-2.915257453918457031e+00
-2.237279176712036133e+00
-2.895283699035644531e+00
-3.118835449218750000e+00
-1.239181041717529297e+00
-2.610816001892089844e+00
-2.412425756454467773e+00
-2.091588973999023438e+00
-2.761281728744506836e+00
-2.381400585174560547e+00
-2.276564598083496094e+00
-2.667075395584106445e+00
-3.905968666076660156e+00
-3.287680387496948242e+00
-1.491457104682922363e+00
-1.908074140548706055e+00
-3.118292093276977539e+00
-3.372950315475463867e+00
-3.420680522918701172e+00
-2.113944292068481445e+00
-3.464898109436035156e+00
-2.857535600662231445e+00
-1.933926820755004883e+00
-1.909429669380187988e+00
-2.690737724304199219e+00
-3.355438709259033203e+00
-2.283237218856811523e+00
-2.681236267089843750e+00
-2.866290569305419922e+00
-2.892429590225219727e+00
-3.164497137069702148e+00
-2.278421640396118164e+00
-1.508491396903991699e+00
-2.624866962432861328e+00
-2.209115743637084961e+00
-1.961857914924621582e+00
-1.980436801910400391e+00
-2.067439079284667969e+00
-2.946765661239624023e+00
-2.739108800888061523e+00
-2.212100505828857422e+00
-2.584863424301147461e+00
-2.373425006866455078e+00
-1.060478925704956055e+00
-2.816910743713378906e+00
-1.919588088989257812e+00
-2.104405641555786133e+00
-1.717771530151367188e+00
-3.539423704147338867e+00
-2.727665185928344727e+00
-9.517341256141662598e-01
-2.337559223175048828e+00
-1.537944436073303223e+00
-2.934750318527221680e+00
-2.705418825149536133e+00
-2.237611293792724609e+00
-2.790994405746459961e+00
-2.817405223846435547e+00
-2.554445028305053711e+00
-2.898350477218627930e+00
-2.644688367843627930e+00
-1.122608900070190430e+00
-2.790728330612182617e+00
-2.800096035003662109e+00
-2.697342395782470703e+00
-2.086691856384277344e+00
-3.340771675109863281e+00
-3.221284389495849609e+00
-2.352100372314453125e+00
-3.261744737625122070e+00
-2.474639892578125000e+00
-2.494763374328613281e+00
-2.279742956161499023e+00
-3.038102149963378906e+00
-2.183256626129150391e+00
-2.844263315200805664e+00
-1.683916449546813965e+00
-2.923044204711914062e+00
-3.211657285690307617e+00
-1.708124995231628418e+00
-1.715150356292724609e+00
-5.726549625396728516e-01
-2.285667419433593750e+00
-1.940873622894287109e+00
-2.654041528701782227e+00
-1.983956813812255859e+00
-2.629698514938354492e+00
-1.829866528511047363e+00
-3.154691457748413086e+00
-2.583647012710571289e+00
-1.098884224891662598e+00
-1.849611520767211914e+00
-1.496456384658813477e+00
-1.986179828643798828e+00
-2.293294191360473633e+00
-2.986715316772460938e+00
-3.392156362533569336e+00
-1.706422924995422363e+00
-2.555313587188720703e+00
-3.024546384811401367e+00
-1.946568012237548828e+00
-2.394206285476684570e+00
-3.454158067703247070e+00
-3.309563875198364258e+00
-2.556522846221923828e+00
-3.064408063888549805e+00
-2.884685039520263672e+00
-2.258503198623657227e+00
-3.567132949829101562e+00
-2.970221519470214844e+00
-8.132328391075134277e-01
-2.192776441574096680e+00
-2.850804805755615234e+00
-2.657362937927246094e+00
-2.330188035964965820e+00
-2.925350666046142578e+00
-2.041017532348632812e+00
-2.490957498550415039e+00
-1.122812151908874512e+00
-5.386998057365417480e-01
-1.816626191139221191e+00
-2.468807697296142578e+00
-3.201855182647705078e+00
-3.580783367156982422e+00
-1.852091073989868164e+00
-3.283663272857666016e+00
-3.269307851791381836e+00
-2.047618865966796875e+00
-1.209542632102966309e+00
-3.176219701766967773e+00
-3.135855436325073242e+00
-3.118418693542480469e+00
-1.899442076683044434e+00
-2.301620960235595703e+00
-2.149242162704467773e+00
-2.957954168319702148e+00
-3.035996437072753906e+00
-2.906882762908935547e+00
-2.767361164093017578e+00
-3.101981878280639648e+00
-1.213417291641235352e+00
-2.782639980316162109e+00
-1.041715979576110840e+00
-2.126786947250366211e+00
-3.136437416076660156e+00
-2.870175600051879883e+00
-1.077504158020019531e+00
-2.539145469665527344e+00
-2.514033079147338867e+00
-3.342018842697143555e+00
-2.650631427764892578e+00
-1.169412970542907715e+00
-1.960553050041198730e+00
-2.626801252365112305e+00
-3.088537454605102539e+00
-2.428169250488281250e+00
-3.027735471725463867e+00
-2.864541769027709961e+00
-2.509073734283447266e+00
-1.920584678649902344e+00
-8.776620626449584961e-01
-1.281937241554260254e+00
-3.322835922241210938e+00
-3.088683605194091797e+00
-3.739845275878906250e+00
-3.156590223312377930e+00
-3.045340538024902344e+00
-1.001009464263916016e+00
-3.093406438827514648e+00
-3.340491294860839844e+00
-1.291514635086059570e+00
-2.307940483093261719e+00
-2.229515790939331055e+00
-3.007845401763916016e+00
-2.362982273101806641e+00
-2.737296819686889648e+00
-1.716627717018127441e+00
-1.501001834869384766e+00
-2.400745391845703125e+00
-1.320420742034912109e+00
-2.515287160873413086e+00
-2.210592985153198242e+00
-2.877342224121093750e+00
-9.666351079940795898e-01
-3.992907285690307617e+00
-1.045798063278198242e+00
-3.027476310729980469e+00
-2.598873138427734375e+00
-3.997457265853881836e+00
-2.001425266265869141e+00
-2.832113265991210938e+00
-2.441922903060913086e+00
-3.309951305389404297e+00
-2.191763639450073242e+00
-3.666712284088134766e+00
-3.270686149597167969e+00
-2.855867385864257812e+00
-2.351916790008544922e+00
-2.648435115814208984e+00
-1.962453365325927734e+00
-3.485996246337890625e+00
-3.387303113937377930e+00
-2.827347993850708008e+00
-1.726882219314575195e+00
-2.259307861328125000e+00
-2.133789777755737305e+00
-2.028538942337036133e+00
-1.864444971084594727e+00
-3.188254117965698242e+00
-2.274746179580688477e+00
-2.096338748931884766e+00
-2.773277044296264648e+00
-3.117477416992187500e+00
-2.790614604949951172e+00
-3.098494768142700195e+00
-2.560431003570556641e+00
-2.534335374832153320e+00
-3.142098188400268555e+00
-2.739957809448242188e+00
-2.088789701461791992e+00
-3.022769689559936523e+00
-1.205122470855712891e+00
-1.714259862899780273e+00
-3.204074621200561523e+00
-2.743265628814697266e+00
-1.284193515777587891e+00
-2.549813032150268555e+00
-1.516571521759033203e+00
-1.964664816856384277e+00
-2.017785549163818359e+00
-3.546412944793701172e+00
-3.227937698364257812e+00
-1.469566822052001953e+00
-2.320282459259033203e+00
-3.446706771850585938e+00
-1.812526822090148926e+00
-1.741718411445617676e+00
-2.925834178924560547e+00
-2.745155096054077148e+00
-2.818821191787719727e+00
-2.679846286773681641e+00
-3.786788940429687500e+00
-3.635384321212768555e+00
-1.982093691825866699e+00
-2.530306339263916016e+00
-2.285950660705566406e+00
-2.351203918457031250e+00
-1.970046997070312500e+00
-3.344398498535156250e+00
-2.480495214462280273e+00
-1.625141501426696777e+00
-2.372023820877075195e+00
-3.242209553718566895e-01
-2.225423574447631836e+00
-3.005198955535888672e+00
-3.198841810226440430e+00
-2.879932880401611328e+00
-2.390199422836303711e+00
-3.122446537017822266e+00
-3.127244710922241211e+00
-1.210286974906921387e+00
-2.466682195663452148e+00
-3.524970054626464844e+00
-2.595848798751831055e+00
-3.215940952301025391e+00
-2.909328937530517578e+00
-1.920594096183776855e+00
-3.477050065994262695e+00
-1.272271156311035156e+00
-1.072236776351928711e+00
-2.567362546920776367e+00
-3.582098007202148438e+00
-2.688144445419311523e+00
-2.767926692962646484e+00
-2.265529394149780273e+00
-6.072764396667480469e-01
-2.242867708206176758e+00
-3.027733564376831055e+00
-3.367985248565673828e+00
-1.350667953491210938e+00
-3.284344196319580078e+00
-2.553605794906616211e+00
-2.939770698547363281e+00
-2.756724834442138672e+00
-2.250355720520019531e+00
-2.129549503326416016e+00
-2.714561462402343750e+00
-2.571220636367797852e+00
-2.162432670593261719e+00
-4.118797183036804199e-01
-2.643637657165527344e+00
-1.977570176124572754e+00
-2.914860963821411133e+00
-2.504690885543823242e+00
-2.896976470947265625e+00
-3.111749410629272461e+00
-5.581396818161010742e-01
-1.555524826049804688e+00
-4.017347693443298340e-01
-2.411494255065917969e+00
-2.333837985992431641e+00
-1.746551871299743652e+00
-1.782911777496337891e+00
-1.895732402801513672e+00
-2.975171089172363281e+00
-1.497196435928344727e+00
-2.839014291763305664e+00
-3.881196081638336182e-01
-2.794704198837280273e+00
-1.901069998741149902e+00
-2.016130924224853516e+00
-1.039332270622253418e+00
-2.024815559387207031e+00
-3.038602352142333984e+00
-2.521764993667602539e+00
-2.962681770324707031e+00
-2.532938718795776367e+00
-2.713799953460693359e+00
-1.946743249893188477e+00
-2.115283250808715820e+00
-3.016038417816162109e+00
-2.698382139205932617e+00
-2.796803474426269531e+00
-2.199111700057983398e+00
-9.674320220947265625e-01
-2.222212314605712891e+00
-2.158923149108886719e+00
-2.597616672515869141e+00
-2.911884307861328125e+00
-3.475849628448486328e+00
-2.407373189926147461e+00
-2.777911186218261719e+00
-2.845162391662597656e+00
-9.249353408813476562e-01
-2.711979627609252930e+00
-2.861380577087402344e+00
-2.272049188613891602e+00
-2.764570951461791992e+00
-2.154091119766235352e+00
-2.138159513473510742e+00
-1.844765305519104004e+00
-2.710514783859252930e+00
-2.516508817672729492e+00
-2.844619750976562500e+00
-2.887989044189453125e+00
-1.917693853378295898e+00
-6.970682144165039062e-01
-2.590065956115722656e+00
-2.334804058074951172e+00
-1.447948217391967773e+00
-1.012966036796569824e+00
-2.045683622360229492e+00
-2.651338577270507812e+00
-3.460490465164184570e+00
-3.316855669021606445e+00
-1.939190149307250977e+00
-2.154611110687255859e+00
-1.289566278457641602e+00
-3.712992906570434570e+00
-2.997996330261230469e+00
-1.232415437698364258e+00
-2.144066572189331055e+00
-3.751865863800048828e+00
-3.922803401947021484e+00
-2.779281854629516602e+00
-2.620698213577270508e+00
-2.154042482376098633e+00
-3.133746385574340820e+00
-2.382756710052490234e+00
-1.143703579902648926e+00
-2.164256811141967773e+00
-3.105609178543090820e+00
-1.681288719177246094e+00
-2.835453510284423828e+00
-2.274873971939086914e+00
-2.393305301666259766e+00
-3.193902492523193359e+00
-7.467657327651977539e-01
-2.637883663177490234e+00
-2.075983762741088867e+00
-3.243347644805908203e+00
-2.145686626434326172e+00
-3.060626983642578125e+00
-3.272952556610107422e+00
-1.991486549377441406e+00
-3.256836533546447754e-01
-2.785969495773315430e+00
-2.875557422637939453e+00
-2.246850967407226562e+00
-1.612515330314636230e+00
-2.362727165222167969e+00
-1.192108035087585449e+00
-2.129412651062011719e+00
-1.825104236602783203e+00
-2.983500242233276367e+00
-1.975974321365356445e+00
-2.431895732879638672e+00
-1.608774185180664062e+00
-2.844260692596435547e+00
-1.076525092124938965e+00
-1.945265650749206543e+00
-1.660684227943420410e+00
-8.097782731056213379e-01
-3.318818092346191406e+00
-2.199036359786987305e+00
-3.019527196884155273e+00
-3.088984966278076172e+00
-1.260108232498168945e+00
-2.549010992050170898e+00
-1.698722720146179199e+00
-1.882745146751403809e+00
-2.111659288406372070e+00
-3.097899198532104492e+00
-1.953016877174377441e+00
-1.471933722496032715e+00
-1.493267893791198730e+00
-2.815034866333007812e+00
-1.441986560821533203e+00
-2.211023807525634766e+00
-2.893688201904296875e+00
-7.894378900527954102e-01
-2.092518568038940430e+00
-1.819422006607055664e+00
-2.187192916870117188e+00
-2.879748106002807617e+00
-3.143866062164306641e+00
-2.954707384109497070e+00
-2.401310682296752930e+00
-1.258720636367797852e+00
-2.702512979507446289e+00
-1.568035960197448730e+00
-2.153444766998291016e+00
-2.772410392761230469e+00
-2.293597221374511719e+00
-3.201936006546020508e+00
-1.769595623016357422e+00
-2.511715888977050781e+00
-2.415581703186035156e+00
-7.589691281318664551e-01
-2.662605762481689453e+00
-2.315201044082641602e+00
-2.583204984664916992e+00
-2.678858280181884766e+00
-2.890259504318237305e+00
-1.496846199035644531e+00
-3.628686904907226562e+00
-2.279721498489379883e+00
-1.053167223930358887e+00
-2.678678750991821289e+00
-1.096734404563903809e+00
-1.219644427299499512e+00
-1.351592063903808594e+00
-3.282241582870483398e+00
-3.294036149978637695e+00
-3.098597764968872070e+00
-2.609701156616210938e+00
-3.396450042724609375e+00
-1.346187829971313477e+00
-1.960995554924011230e+00
-2.164425849914550781e+00
-2.597799062728881836e+00
-2.067168712615966797e+00
-2.644127845764160156e+00
-3.160259246826171875e+00
-2.788607597351074219e+00
-3.134804964065551758e+00
-2.202122926712036133e+00
-1.584898829460144043e+00
-2.207559347152709961e+00
-3.015590429306030273e+00
-2.956181287765502930e+00
-3.397979736328125000e+00
-2.454702615737915039e+00
-2.778966188430786133e+00
-2.761352539062500000e+00
-1.763407588005065918e+00
-2.086868762969970703e+00
-1.931451082229614258e+00
-2.109235048294067383e+00
-1.090816378593444824e+00
-2.665553092956542969e+00
-1.878096938133239746e+00
-2.247754335403442383e+00
-2.510589122772216797e+00
-2.899271249771118164e+00
-2.272454738616943359e+00
-2.021856546401977539e+00
-2.868013620376586914e+00
-1.581851959228515625e+00
-2.120193004608154297e+00
-1.934452652931213379e+00
-2.328039169311523438e+00
-2.170462131500244141e+00
-1.293568849563598633e+00
-1.946590423583984375e+00
-1.993875265121459961e+00
-2.931986331939697266e+00
-2.944952726364135742e+00
-2.218790769577026367e+00
-1.602801442146301270e+00
-1.539983391761779785e+00
-3.125763177871704102e+00
-2.329311609268188477e+00
-1.063026309013366699e+00
-2.791753292083740234e+00
-3.496041297912597656e+00
-3.504903078079223633e+00
-1.018222451210021973e+00
-3.280150890350341797e+00
-2.612380266189575195e+00
-1.578291296958923340e+00
-1.843459844589233398e+00
-3.462885856628417969e+00
-2.889219045639038086e+00
-3.000250816345214844e+00
-2.312477588653564453e+00
-3.141494274139404297e+00
-6.744120717048645020e-01
-2.998435258865356445e+00
-3.672831058502197266e+00
-3.268350124359130859e+00
-2.714803457260131836e+00
-1.465432763099670410e+00
-2.226981878280639648e+00
-3.140295743942260742e+00
-1.664296150207519531e+00
-2.378068208694458008e+00
-2.363141059875488281e+00
-2.329556465148925781e+00
-2.650430679321289062e+00
-2.196018695831298828e+00
-9.032608270645141602e-01
-2.861392021179199219e+00
-2.469342231750488281e+00
-5.026222467422485352e-01
-2.898546218872070312e+00
-2.440223932266235352e+00
-9.225162267684936523e-01
-2.117103338241577148e+00
-2.536690473556518555e+00
-1.799869775772094727e+00
-3.208288908004760742e+00
-2.611959934234619141e+00
-2.558249711990356445e+00
-2.207608699798583984e+00
-2.855266571044921875e+00
-2.804079771041870117e+00
-1.398109912872314453e+00
-2.217538118362426758e+00
-2.494318485260009766e+00
-2.231796741485595703e+00
-1.611077189445495605e+00
-2.360555887222290039e+00
-3.117867708206176758e+00
-1.398088455200195312e+00
-3.206752538681030273e+00
-3.043932914733886719e+00
-1.723278641700744629e+00
-1.717910617589950562e-01
-2.054533958435058594e+00
-1.411588549613952637e+00
-1.550463914871215820e+00
-2.927896976470947266e+00
-3.179722070693969727e+00
-3.260390520095825195e+00
-5.577923655509948730e-01
-2.925645828247070312e+00
-3.175171375274658203e+00
-2.553758621215820312e+00
-2.833230972290039062e+00
-1.055787682533264160e+00
-3.268628597259521484e+00
-2.999398469924926758e+00
-3.306801557540893555e+00
-5.696823596954345703e-01
-2.269200325012207031e+00
-2.796062231063842773e+00
-2.118462562561035156e+00
-3.158285856246948242e+00
-2.129976034164428711e+00
-1.830340743064880371e+00
-2.876339197158813477e+00
-1.899079322814941406e+00
-2.214920997619628906e+00
-2.596487998962402344e+00
-9.110327363014221191e-01
-2.807602405548095703e+00
-3.050653934478759766e+00
-3.055680036544799805e+00
-2.292690277099609375e+00
-2.095043420791625977e+00
-2.614096403121948242e+00
-3.562769174575805664e+00
-2.563172340393066406e+00
-3.267016887664794922e+00
-1.702470541000366211e+00
-2.999777793884277344e+00
-1.333013653755187988e+00
-3.347306251525878906e+00
-2.459653377532958984e+00
-2.256510496139526367e+00
-2.533581018447875977e+00
-2.770507097244262695e+00
-3.191218852996826172e+00
-2.923678159713745117e+00
-3.298000574111938477e+00
-2.925106048583984375e+00
-3.202198982238769531e+00
-2.760918855667114258e+00
-2.814268827438354492e+00
-1.446831226348876953e+00
-3.289783000946044922e+00
-3.268964767456054688e+00
-7.917774468660354614e-02
-1.347631812095642090e+00
-2.121028423309326172e+00
-2.065516710281372070e+00
-2.120517969131469727e+00
-2.624502182006835938e+00
-1.330015540122985840e+00
-3.066826105117797852e+00
-3.001254320144653320e+00
-2.494473218917846680e+00
-3.147057771682739258e+00
-2.736892938613891602e+00
-8.453999161720275879e-01
-2.391247510910034180e+00
-1.964375853538513184e+00
-2.750037670135498047e+00
-2.854988574981689453e+00
-3.118651390075683594e+00
-2.572697401046752930e+00
-1.731052637100219727e+00
-8.273517489433288574e-01
-1.288296103477478027e+00
-2.667545557022094727e+00
-2.238615989685058594e+00
-2.761506557464599609e+00
-2.957714796066284180e+00
-3.393621206283569336e+00
-2.089646100997924805e+00
-1.070292949676513672e+00
-1.931662440299987793e+00
-2.164704322814941406e+00
-1.795475244522094727e+00
-2.206159591674804688e+00
-3.043143510818481445e+00
-1.782092213630676270e+00
-3.538811445236206055e+00
-2.265473842620849609e+00
-2.721052885055541992e+00
-1.388822197914123535e+00
-1.623311161994934082e+00
-8.479905724525451660e-01
-1.895737648010253906e+00
-2.170091629028320312e+00
-2.296839237213134766e+00
-3.200081825256347656e+00
-1.899813294410705566e+00
-2.296188592910766602e+00
-2.062617063522338867e+00
-2.353612899780273438e+00
-1.219472646713256836e+00
-1.019640922546386719e+00
-2.408491849899291992e+00
-2.992530345916748047e+00
-2.218590736389160156e+00
-2.271520614624023438e+00
-2.724700927734375000e+00
-3.206793546676635742e+00
-8.960961103439331055e-01
-2.949045896530151367e+00
-1.371245145797729492e+00
-3.259896516799926758e+00
-2.909833908081054688e+00
-2.777417421340942383e+00
-3.036743164062500000e+00
-6.221411824226379395e-01
-2.089223623275756836e+00
-2.781800985336303711e+00
-2.474157810211181641e+00
-2.050866842269897461e+00
-2.298439502716064453e+00
-2.559733152389526367e+00
-1.712812900543212891e+00
-1.441392421722412109e+00
-1.601971149444580078e+00
-2.137556791305541992e+00
-2.227974653244018555e+00
-2.008924245834350586e+00
-2.160703897476196289e+00
-3.227218151092529297e+00
-1.517969608306884766e+00
-2.979147434234619141e+00
-3.287278413772583008e+00
-3.233210802078247070e+00
-2.094156026840209961e+00
-1.647357702255249023e+00
-3.292777776718139648e+00
-2.637093067169189453e+00
-2.474100351333618164e+00
-3.189212083816528320e+00
-2.146826267242431641e+00
-1.208508491516113281e+00
-2.059994697570800781e+00
-2.198906898498535156e+00
-3.335547208786010742e+00
-2.281299591064453125e+00
-2.581404924392700195e+00
-3.557752847671508789e+00
-1.798934698104858398e+00
-2.728008031845092773e+00
-1.707843184471130371e+00
-2.842511892318725586e+00
-3.405001878738403320e+00
-2.501901388168334961e+00
-3.004215002059936523e+00
-3.256453037261962891e+00
-1.457325577735900879e+00
-3.255273103713989258e+00
-1.830329537391662598e+00
-2.833955049514770508e+00
-1.166092634201049805e+00
-2.479411363601684570e+00
-1.813519716262817383e+00
-2.435662984848022461e+00
-3.313135623931884766e+00
-3.045341491699218750e+00
-2.124982833862304688e+00
-2.288614511489868164e+00
-2.431698083877563477e+00
-8.244651556015014648e-01
-2.894921302795410156e+00
-1.749535322189331055e+00
-2.185328006744384766e+00
-2.509556055068969727e+00
-1.910268187522888184e+00
-2.454328298568725586e+00
-2.524960279464721680e+00
-2.637877941131591797e+00
-2.823113918304443359e+00
-3.438563346862792969e+00
-2.655227422714233398e+00
-1.221426010131835938e+00
-2.960032939910888672e+00
-2.784899234771728516e+00
-1.018019437789916992e+00
-3.211457967758178711e+00
-2.978254079818725586e+00
-2.619267702102661133e+00
-2.915963888168334961e+00
-2.677139997482299805e+00
-1.825909137725830078e+00
-7.597610354423522949e-01
-1.419408559799194336e+00
-1.047809481620788574e+00
-2.285627365112304688e+00
-1.943007588386535645e+00
-2.808540344238281250e+00
-3.484081268310546875e+00
-2.046964645385742188e+00
-2.647300004959106445e+00
-2.751052856445312500e+00
-2.143337965011596680e+00
-2.552146196365356445e+00
-3.673131704330444336e+00
-2.213547706604003906e+00
-1.911780595779418945e+00
-2.503582000732421875e+00
-1.975923418998718262e+00
-2.714927673339843750e+00
-3.420665740966796875e+00
-2.447931289672851562e+00
-2.024505615234375000e+00
-2.904025316238403320e+00
-3.391560077667236328e+00
-2.007622957229614258e+00
-2.739223957061767578e+00
-1.450276613235473633e+00
-1.317507743835449219e+00
-2.424200296401977539e+00
-1.769366502761840820e+00
-2.376655817031860352e+00
-1.792853951454162598e+00
-2.531456708908081055e+00
-2.732401609420776367e+00
-4.990823864936828613e-01
-2.294986724853515625e+00
-1.948438405990600586e+00
-2.990471839904785156e+00
-2.561869144439697266e+00
-2.233005046844482422e+00
-2.474019765853881836e+00
-2.931464433670043945e+00
-2.695240497589111328e+00
-1.730364441871643066e+00
-3.193933248519897461e+00
-9.370328783988952637e-01
-2.937582731246948242e+00
-2.032174110412597656e+00
-8.788077831268310547e-01
-2.870038270950317383e+00
-3.117913722991943359e+00
-2.240090608596801758e+00
-1.404312968254089355e+00
-2.708407878875732422e+00
-3.908841848373413086e+00
-2.822854280471801758e+00
-1.266863107681274414e+00
-3.005377531051635742e+00
-2.101210117340087891e+00
-2.824018478393554688e+00
-1.955105662345886230e+00
-2.549206018447875977e+00
-3.142912149429321289e+00
-2.783618211746215820e+00
-2.531700372695922852e+00
-3.368464946746826172e+00
-3.302517652511596680e+00
-3.472344875335693359e+00
-3.094048500061035156e+00
-2.806320190429687500e+00
-1.840445637702941895e+00
-9.164583086967468262e-01
-2.492095470428466797e+00
-2.211821079254150391e+00
-1.478765964508056641e+00
-1.630540966987609863e+00
-2.300645828247070312e+00
-2.987551927566528320e+00
-3.248268127441406250e+00
-3.163704872131347656e+00
-3.102106571197509766e+00
-2.005695819854736328e+00
-2.448231220245361328e+00
-2.587223291397094727e+00
-1.283841848373413086e+00
-2.367928981781005859e+00
-2.775651693344116211e+00
-2.300986528396606445e+00
-1.264183282852172852e+00
-2.287772893905639648e+00
-2.222941160202026367e+00
-2.338484764099121094e+00
-1.620124220848083496e+00
-2.284423828125000000e+00
-2.074584484100341797e+00
-2.220657110214233398e+00
-2.598188638687133789e+00
-2.615262508392333984e+00
-1.664581179618835449e+00
-6.673166155815124512e-01
-3.089157104492187500e+00
-1.880993366241455078e+00
-3.181322097778320312e+00
-2.562188148498535156e+00
-2.299942493438720703e+00
-8.072658181190490723e-01
-2.128703594207763672e+00
-1.665522336959838867e+00
-2.116878032684326172e+00
-1.955149531364440918e+00
-2.866274356842041016e+00
-1.818582177162170410e+00
-2.468330383300781250e+00
-2.832175254821777344e+00
-2.239761114120483398e+00
-2.267574548721313477e+00
-2.435510396957397461e+00
-3.283373117446899414e+00
-1.280868411064147949e+00
-1.974271893501281738e+00
-2.593643665313720703e+00
-3.203676462173461914e+00
-3.196787595748901367e+00
-2.449573040008544922e+00
-1.948156714439392090e+00
-8.542494177818298340e-01
-2.203040361404418945e+00
-6.429227590560913086e-01
-2.273875951766967773e+00
-1.448768973350524902e+00
-2.887783050537109375e+00
-3.162588834762573242e+00
-2.634886264801025391e+00
-2.986916303634643555e+00
-2.447185039520263672e+00
-1.879457235336303711e+00
-3.526694297790527344e+00
-2.186197280883789062e+00
-2.333751916885375977e+00
-2.818937063217163086e+00
-2.115059614181518555e+00
-2.884601354598999023e+00
-3.796498060226440430e+00
-3.447862386703491211e+00
-3.513265371322631836e+00
-2.737919330596923828e+00
-3.553091526031494141e+00
-1.958729982376098633e+00
-2.393391132354736328e+00
-2.806745767593383789e+00
-2.705431699752807617e+00
-2.193226575851440430e+00
-2.356906175613403320e+00
-3.237986803054809570e+00
-2.956658840179443359e+00
-1.919738411903381348e+00
-2.502154827117919922e+00
-3.253406763076782227e+00
-2.498596668243408203e+00
-3.090110540390014648e+00
-2.982843399047851562e+00
-1.981732398271560669e-01
-3.446650981903076172e+00
-1.956953287124633789e+00
-1.564765691757202148e+00
-2.048781871795654297e+00
-2.381274700164794922e+00
-1.989600658416748047e+00
-3.288938760757446289e+00
-1.634517788887023926e+00
-2.084683895111083984e+00
-2.910928487777709961e+00
-3.150654792785644531e+00
-2.841875314712524414e+00
-1.840203046798706055e+00
-3.307862758636474609e+00
-3.273157358169555664e+00
-2.617814064025878906e+00
-3.553990125656127930e+00
-1.506575822830200195e+00
-3.267691612243652344e+00
-2.548574924468994141e+00
-3.134819746017456055e+00
-2.746079444885253906e+00
-1.970936655998229980e+00
-9.164188504219055176e-01
-3.529330253601074219e+00
-1.804145097732543945e+00
-1.942821264266967773e+00
-1.651011109352111816e+00
-2.961942195892333984e+00
-2.709047555923461914e+00
-2.214420557022094727e+00
-9.109126329421997070e-01
-2.103872060775756836e+00
-3.090526819229125977e+00
-3.450129747390747070e+00
-9.528030157089233398e-01
-3.125314235687255859e+00
-1.948525071144104004e+00
-3.378439664840698242e+00
-1.869104266166687012e+00
-2.072849988937377930e+00
-1.132714152336120605e+00
-1.309012174606323242e+00
-3.776726961135864258e+00
-2.949102878570556641e+00
-1.944044470787048340e+00
-2.943340778350830078e+00
-2.809448003768920898e+00
-3.588765859603881836e+00
-3.371361970901489258e+00
-3.175400495529174805e+00
-2.161882877349853516e+00
-2.080428123474121094e+00
-3.606909513473510742e+00
-2.738230943679809570e+00
-3.605516672134399414e+00
-1.385430932044982910e+00
-3.162398815155029297e+00
-1.658264398574829102e+00
-2.556384325027465820e+00
-9.696762561798095703e-01
-1.346115112304687500e+00
-3.068514585494995117e+00
-3.086224079132080078e+00
-3.166431188583374023e+00
-2.217262506484985352e+00
-3.178888559341430664e+00
-1.026048898696899414e+00
-3.336606740951538086e+00
-2.428578615188598633e+00
-3.002071857452392578e+00
-1.412607073783874512e+00
-2.668065309524536133e+00
-1.800210714340209961e+00
-1.238381862640380859e+00
-9.792136549949645996e-01
-1.808637619018554688e+00
-2.812513351440429688e+00
-2.541957378387451172e+00
-2.375054359436035156e+00
-3.217216491699218750e+00
-2.110810279846191406e+00
-1.452605843544006348e+00
-2.431991815567016602e+00
-2.577275037765502930e+00
-2.257740736007690430e+00
-1.868948459625244141e+00
-3.057094097137451172e+00
-3.573402643203735352e+00
-2.072359085083007812e+00
-2.075739145278930664e+00
-1.817614674568176270e+00
-2.857333898544311523e+00
-1.914930462837219238e+00
-2.590632200241088867e+00
-3.137450933456420898e+00
-2.561389446258544922e+00
-2.571149826049804688e+00
-3.565180540084838867e+00
-2.412741422653198242e+00
-2.692229747772216797e+00
-2.317269086837768555e+00
-2.782750606536865234e+00
-2.989031314849853516e+00
-2.992380619049072266e+00
-3.556580781936645508e+00
-3.177919626235961914e+00
-2.963281631469726562e+00
-2.972700119018554688e+00
-3.576401233673095703e+00
-3.090420007705688477e+00
-2.409727096557617188e+00
-1.947483897209167480e+00
-2.817875623703002930e+00
-3.439079284667968750e+00
-2.015100479125976562e+00
-2.002858161926269531e+00
-3.368184804916381836e+00
-3.563284873962402344e+00
-3.165992021560668945e+00
-3.601597070693969727e+00
-3.258100509643554688e+00
-2.884169340133666992e+00
-2.352337360382080078e+00
-1.349942803382873535e+00
-1.862589240074157715e+00
-3.961140871047973633e+00
-2.316946744918823242e+00
-2.728263139724731445e+00
-3.570755958557128906e+00
-3.058470249176025391e+00
-3.304608345031738281e+00
-3.918757915496826172e+00
-3.016194105148315430e+00
-2.749923944473266602e+00
-3.511002540588378906e+00
-3.574093103408813477e+00
-2.130433559417724609e+00
-3.536315679550170898e+00
-1.612432003021240234e+00
-3.500131845474243164e+00
-3.552098751068115234e+00
-3.769306898117065430e+00
-1.495218515396118164e+00
-1.733888983726501465e+00
-3.081654310226440430e+00
-1.382883071899414062e+00
-1.333928585052490234e+00
-1.342407584190368652e+00
-2.723636150360107422e+00
-1.408584356307983398e+00
-2.671074867248535156e+00
-2.686638355255126953e+00
-1.087878227233886719e+00
-1.684145927429199219e+00
-2.363685607910156250e+00
-1.002213478088378906e+00
-2.409592151641845703e+00
-1.358857989311218262e+00
-2.300891399383544922e+00
-1.456073164939880371e+00
-1.868034601211547852e+00
-2.580361366271972656e+00
-1.729688048362731934e+00
-2.264638423919677734e+00
-2.479725837707519531e+00
-2.099506616592407227e+00
-1.687218308448791504e+00
-8.144894242286682129e-01
-1.468974351882934570e+00
-1.818841457366943359e+00
-1.416370034217834473e+00
-1.189806461334228516e+00
-2.461933135986328125e+00
-2.923240184783935547e+00
-2.481279850006103516e+00
-2.154533147811889648e+00
-2.288068532943725586e+00
-1.951909303665161133e+00
-1.613874912261962891e+00
-1.492246031761169434e+00
-1.004827767610549927e-01
-2.666259288787841797e+00
-2.242139577865600586e+00
-2.631175518035888672e+00
-1.405595660209655762e+00
-1.764935970306396484e+00
-2.058567762374877930e+00
-1.719589114189147949e+00
-2.118990421295166016e+00
-2.419223785400390625e+00
-3.255378246307373047e+00
-3.401863098144531250e+00
-1.726488232612609863e+00
-2.634508132934570312e+00
-2.331339359283447266e+00
-3.112827301025390625e+00
-2.134949922561645508e+00
-2.980811357498168945e+00
-1.290206074714660645e+00
-1.201366066932678223e+00
-3.103660345077514648e+00
-2.026768922805786133e+00
-3.217798948287963867e+00
-2.400780916213989258e+00
-2.308063507080078125e+00
-1.814958453178405762e-01
-3.280076026916503906e+00
-2.551368713378906250e+00
-1.623902559280395508e+00
-3.008770704269409180e+00
-3.004827737808227539e+00
-3.042765140533447266e+00
-1.042043924331665039e+00
-2.591063976287841797e+00
-2.806628227233886719e+00
-1.493343710899353027e+00
-3.103922843933105469e+00
-3.202429294586181641e+00
-2.588316917419433594e+00
-1.743685364723205566e+00
-1.755330801010131836e+00
-2.819460868835449219e+00
-2.519343614578247070e+00
-3.415698766708374023e+00
-1.441144824028015137e+00
-1.730124115943908691e+00
-3.369915962219238281e+00
-2.330566644668579102e+00
-2.997306585311889648e+00
-2.724581480026245117e+00
-2.411118745803833008e+00
-3.635187149047851562e+00
-4.107994079589843750e+00
-1.558743953704833984e+00
-2.198147773742675781e+00
-3.013191938400268555e+00
-3.389383554458618164e+00
-2.726848363876342773e+00
-2.652458667755126953e+00
-1.507700443267822266e+00
-1.877498149871826172e+00
-2.133553743362426758e+00
-3.048449277877807617e+00
-1.312554478645324707e+00
-2.044253110885620117e+00
-2.660791397094726562e+00
-3.242446899414062500e+00
-3.530621767044067383e+00
-1.677976846694946289e+00
-2.926338434219360352e+00
-7.059755921363830566e-01
-9.797394871711730957e-01
-2.992849826812744141e+00
-1.976462244987487793e+00
-1.483548641204833984e+00
-2.458311557769775391e+00
-2.643502235412597656e+00
-1.798982381820678711e+00
-2.165030479431152344e+00
-1.929444432258605957e+00
-2.029471397399902344e+00
-3.041029453277587891e+00
-2.218081712722778320e+00
-2.219271659851074219e+00
-2.548411130905151367e+00
-1.890758275985717773e+00
-1.706781387329101562e+00
-2.721182823181152344e+00
-2.707972288131713867e+00
-2.412425518035888672e+00
-2.207585573196411133e+00
-1.717935442924499512e+00
-1.825131416320800781e+00
-1.602698326110839844e+00
-1.533414721488952637e+00
-2.760705947875976562e+00
-2.840961217880249023e+00
-2.243380784988403320e+00
-2.522203683853149414e+00
-1.902831912040710449e+00
-2.734895944595336914e+00
-1.105079889297485352e+00
-2.412195682525634766e+00
-2.544020175933837891e+00
-1.952839732170104980e+00
-5.213828682899475098e-01
-2.035847187042236328e+00
-2.223695755004882812e+00
-2.752014160156250000e+00
-2.985168933868408203e+00
-8.495626449584960938e-01
-1.794876694679260254e+00
-1.876644134521484375e+00
-2.025625944137573242e+00
-3.244776725769042969e+00
-2.312454462051391602e+00
-2.472835063934326172e+00
-2.235823154449462891e+00
-2.485035419464111328e+00
-3.520587205886840820e+00
-2.152593612670898438e+00
-2.225215673446655273e+00
-2.646738290786743164e+00
-3.247662067413330078e+00
-1.471048712730407715e+00
-1.969113945960998535e+00
-3.123856544494628906e+00
-3.022413492202758789e+00
-2.342423439025878906e+00
-2.135209321975708008e+00
-2.265076637268066406e+00
-3.673011302947998047e+00
-2.960803508758544922e+00
-3.178239107131958008e+00
-2.538571834564208984e+00
-2.141038656234741211e+00
-2.349087238311767578e+00
-3.259860038757324219e+00
-2.922379493713378906e+00
-1.901918888092041016e+00
-8.062132596969604492e-01
-3.199891805648803711e+00
-2.459141254425048828e+00
-1.637530565261840820e+00
-2.937641620635986328e+00
-2.719204902648925781e+00
-2.541414260864257812e+00
-2.707174301147460938e+00
-3.682920634746551514e-01
-3.349294185638427734e+00
-1.808081388473510742e+00
-3.044471979141235352e+00
-2.359062910079956055e+00
-8.577601313591003418e-01
-8.273258805274963379e-01
-2.020712375640869141e+00
-2.576038122177124023e+00
-2.045603275299072266e+00
-1.264726042747497559e+00
-2.637296915054321289e+00
-9.014855027198791504e-01
-1.711108446121215820e+00
-9.295635223388671875e-01
-2.772533178329467773e+00
-3.119667291641235352e+00
-2.569099187850952148e+00
-3.044057846069335938e+00
-1.582738518714904785e+00
-1.098429560661315918e+00
-1.152625799179077148e+00
-2.825300455093383789e+00
-3.101290225982666016e+00
-2.138553142547607422e+00
-1.787228941917419434e+00
-2.740348339080810547e+00
-2.494511604309082031e+00
-2.214711189270019531e+00
-3.029974222183227539e+00
-2.206413269042968750e+00
-1.158937215805053711e+00
-2.534536123275756836e+00
-2.442364454269409180e+00
-1.422540068626403809e+00
-2.064034223556518555e+00
-2.923002243041992188e+00
-3.289768934249877930e+00
-2.416857719421386719e+00
-2.436221122741699219e+00
-3.645233392715454102e+00
-2.071916580200195312e+00
-2.234959840774536133e+00
-2.420866250991821289e+00
-3.574668169021606445e+00
-2.698040485382080078e+00
-2.730773925781250000e+00
-9.394859075546264648e-01
-3.502758026123046875e+00
-3.706473827362060547e+00
-1.778866291046142578e+00
-2.608099937438964844e+00
-2.625490665435791016e+00
-1.918251872062683105e+00
-3.156922817230224609e+00
-2.222805500030517578e+00
-3.179624319076538086e+00
-1.295713663101196289e+00
-3.270134210586547852e+00
-1.566568970680236816e+00
-3.008722543716430664e+00
-1.447867870330810547e+00
-2.861612558364868164e+00
-2.874500036239624023e+00
-3.257342338562011719e+00
-3.343579292297363281e+00
-2.006864309310913086e+00
-2.032252550125122070e+00
-2.796701192855834961e+00
-1.624376773834228516e+00
-1.826404452323913574e+00
-1.842102646827697754e+00
-1.316210627555847168e+00
-1.013973236083984375e+00
-1.643056511878967285e+00
-2.099907875061035156e+00
-2.304323434829711914e+00
-1.780590295791625977e+00
-7.715053558349609375e-01
-2.303110122680664062e+00
-1.561612725257873535e+00
-1.733036994934082031e+00
-1.190359711647033691e+00
-2.267686605453491211e+00
-2.372762680053710938e+00
-2.007592678070068359e+00
-2.773371696472167969e+00
-2.367923736572265625e+00
-1.536227583885192871e+00
-2.591239213943481445e+00
-3.462182283401489258e-01
-9.655962586402893066e-01
-1.633800506591796875e+00
-1.834002375602722168e+00
-7.783634662628173828e-01
-1.138404607772827148e+00
-1.772507429122924805e+00
-1.524173617362976074e+00
-2.226330518722534180e+00
-2.296118497848510742e+00
-1.990425109863281250e+00
-2.768921852111816406e-01
-1.160500764846801758e+00
-2.214029788970947266e+00
-2.643595457077026367e+00
-4.770537018775939941e-01
-8.158009052276611328e-01
-1.651676177978515625e+00
-2.144629001617431641e+00
-1.156668424606323242e+00
-2.565453767776489258e+00
-2.629857301712036133e+00
-1.513481140136718750e+00
-2.662471055984497070e+00
-2.035082101821899414e+00
-3.634994506835937500e+00
-3.087661027908325195e+00
-1.971183300018310547e+00
-2.477363824844360352e+00
-2.852004528045654297e+00
-2.974161386489868164e+00
-3.085366010665893555e+00
-3.536235094070434570e+00
-3.133763790130615234e+00
-1.051652073860168457e+00
-3.037622213363647461e+00
-2.765340328216552734e+00
-1.890217185020446777e+00
-2.196102142333984375e+00
-1.237135648727416992e+00
-2.795849084854125977e+00
-2.203928232192993164e+00
-2.328710556030273438e+00
-1.941085219383239746e+00
-2.752264261245727539e+00
-2.243629455566406250e+00
-2.652410984039306641e+00
-2.033919095993041992e+00
-2.344772338867187500e+00
-3.293341159820556641e+00
-2.040347576141357422e+00
-2.077092409133911133e+00
-1.959773898124694824e+00
-2.799673795700073242e+00
-1.347250819206237793e+00
-2.098426818847656250e+00
-2.798452854156494141e+00
-3.409768104553222656e+00
-1.143398165702819824e+00
-3.154318809509277344e+00
-1.625545978546142578e+00
-2.417135715484619141e+00
-1.458463788032531738e+00
-3.071723222732543945e+00
-2.722920179367065430e+00
-3.259013891220092773e+00
-2.193269968032836914e+00
-1.789655327796936035e+00
-1.644322872161865234e+00
-3.360126018524169922e+00
-3.685179948806762695e+00
-1.503283262252807617e+00
-1.306359767913818359e+00
-2.887595891952514648e+00
-1.238119363784790039e+00
-2.200357675552368164e+00
-3.275723218917846680e+00
-3.434626817703247070e+00
-3.542793989181518555e+00
-3.409654855728149414e+00
-2.746810913085937500e+00
-2.075091123580932617e+00
-2.634511232376098633e+00
-3.338870763778686523e+00
-3.282372713088989258e+00
-2.160135507583618164e+00
-2.235219955444335938e+00
-2.843499422073364258e+00
-1.687679648399353027e+00
-1.740389943122863770e+00
-2.686224460601806641e+00
-1.703412055969238281e+00
-1.700668215751647949e+00
-1.269525885581970215e+00
-1.118619203567504883e+00
-2.814292907714843750e+00
-1.387002587318420410e+00
-1.548570275306701660e+00
-2.304058790206909180e+00
-1.897430896759033203e+00
-2.785539865493774414e+00
-1.711139678955078125e+00
-1.077190041542053223e+00
-3.031811237335205078e+00
-2.458399534225463867e+00
-2.718654155731201172e+00
-2.016226768493652344e+00
-9.953060746192932129e-01
-1.814205527305603027e+00
-1.808078765869140625e+00
-9.052763581275939941e-01
-2.495938539505004883e+00
-1.255938768386840820e+00
-1.601957440376281738e+00
-1.603792905807495117e+00
-2.053256988525390625e+00
-1.270517110824584961e-01
-7.561589479446411133e-01
-9.854758381843566895e-01
-8.069886565208435059e-01
-1.520657777786254883e+00
-1.389609098434448242e+00
-1.051528453826904297e+00
-2.084334611892700195e+00
-2.544391155242919922e+00
-1.238266468048095703e+00
-1.365677356719970703e+00
-1.376725435256958008e+00
-1.455143213272094727e+00
-2.354199409484863281e+00
-1.673287630081176758e+00
-3.107975244522094727e+00
-1.852539658546447754e+00
-2.105784893035888672e+00
-2.067720413208007812e+00
-2.717550754547119141e+00
-1.224383592605590820e+00
-1.103725433349609375e+00
-1.044322013854980469e+00
-1.603411793708801270e+00
-2.258550167083740234e+00
-1.426461815834045410e+00
-2.050217151641845703e+00
-1.464542388916015625e+00
-1.036728143692016602e+00
-1.830457568168640137e+00
-2.581424236297607422e+00
-7.576773762702941895e-01
-2.184634923934936523e+00
-2.251720190048217773e+00
-1.548822283744812012e+00
-1.268285989761352539e+00
-1.604233384132385254e+00
-2.413267612457275391e+00
-1.943686246871948242e+00
-1.904940009117126465e+00
-3.318296194076538086e+00
-2.038418292999267578e+00
-1.934712767601013184e+00
-1.664423584938049316e+00
-2.264833211898803711e+00
-1.303290367126464844e+00
-1.270061135292053223e+00
-2.225273370742797852e+00
-1.249986410140991211e+00
-2.443160057067871094e+00
-1.208789825439453125e+00
-2.015976428985595703e+00
-2.972365617752075195e+00
-1.501710534095764160e+00
-7.722175717353820801e-01
-2.025623321533203125e+00
-2.288387775421142578e+00
-1.118225693702697754e+00
-1.691150307655334473e+00
-2.400175094604492188e+00
-1.644145131111145020e+00
-1.859704971313476562e+00
-8.789236545562744141e-01
-1.946563482284545898e+00
-2.023003816604614258e+00
-2.599746227264404297e+00
-2.415851593017578125e+00
-2.159903287887573242e+00
-4.427239298820495605e-01
-1.612195611000061035e+00
-6.207309365272521973e-01
-1.572753190994262695e+00
-1.023854970932006836e+00
-2.057460546493530273e+00
-1.282921671867370605e+00
-1.428051590919494629e+00
-1.522018551826477051e+00
-2.352420806884765625e+00
-2.279574155807495117e+00
-6.819820404052734375e-01
-1.165521502494812012e+00
-1.665957570075988770e+00
-1.712359428405761719e+00
-1.153387904167175293e+00
-2.476314306259155273e+00
-1.221073031425476074e+00
-2.140616178512573242e+00
-7.710623145103454590e-01
-1.936469554901123047e+00
-2.377797126770019531e+00
-2.822201728820800781e+00
-2.221737861633300781e+00
-2.852775573730468750e+00
-2.494324922561645508e+00
-2.458503246307373047e+00
-4.361690580844879150e-01
-8.045500516891479492e-01
-2.033674716949462891e+00
-2.827889919281005859e+00
-2.713250875473022461e+00
-2.966223955154418945e+00
-2.651454687118530273e+00
-1.809437751770019531e+00
-1.357161905616521835e-02
-2.779620409011840820e+00
-1.315375208854675293e+00
-2.067925453186035156e+00
-2.914013624191284180e+00
-7.972254753112792969e-01
-7.775998711585998535e-01
-2.534959077835083008e+00
-1.255093216896057129e+00
-2.909353017807006836e+00
-1.591914772987365723e+00
-2.649068593978881836e+00
-2.067491054534912109e+00
-2.885822534561157227e+00
-2.022564888000488281e+00
-1.675009250640869141e+00
-1.634070634841918945e+00
-1.939785122871398926e+00
-2.322110891342163086e+00
-1.892679929733276367e+00
-7.228990197181701660e-01
-2.055086612701416016e+00
-1.110792040824890137e+00
-2.461744785308837891e+00
-2.777030229568481445e+00
-2.211665153503417969e+00
-1.988445281982421875e+00
-1.483911633491516113e+00
-1.393817067146301270e+00
-2.169013261795043945e+00
-2.391928672790527344e+00
-1.612682819366455078e+00
-2.169368982315063477e+00
-1.368313908576965332e+00
-2.540511846542358398e+00
-2.255715131759643555e+00
-2.203959703445434570e+00
-4.677149057388305664e-01
-1.747561573982238770e+00
-2.299192428588867188e+00
-2.103900671005249023e+00
-9.838247299194335938e-01
-2.147383928298950195e+00
-2.944449663162231445e+00
-2.311408281326293945e+00
-2.706425666809082031e+00
-2.609473228454589844e+00
-2.852263450622558594e+00
-3.005927562713623047e+00
-1.470330804586410522e-01
-1.823983311653137207e+00
-1.795795798301696777e+00
-2.402557373046875000e+00
-2.610087156295776367e+00
-2.203914403915405273e+00
-2.118862390518188477e+00
-2.920837163925170898e+00
-2.759568214416503906e+00
-1.911224961280822754e+00
-1.535661458969116211e+00
-2.487118244171142578e+00
-2.135221719741821289e+00
-2.312726259231567383e+00
-2.728080272674560547e+00
-1.650278806686401367e+00
-8.299795985221862793e-01
-2.485380887985229492e+00
-2.171539306640625000e+00
-1.938796281814575195e+00
-1.564954519271850586e+00
-1.316684603691101074e+00
-2.397787094116210938e+00
-1.621871471405029297e+00
-1.717434644699096680e+00
-1.816553115844726562e+00
-3.035583257675170898e+00
-2.110318422317504883e+00
-1.666668653488159180e+00
-9.088388681411743164e-01
-2.529360532760620117e+00
-1.786141633987426758e+00
-2.456731319427490234e+00
-2.112122535705566406e+00
-1.892592668533325195e+00
-2.272182464599609375e+00
-1.926787257194519043e+00
-1.863067626953125000e+00
-1.507340669631958008e+00
-2.351056098937988281e+00
-1.358984589576721191e+00
-3.060345888137817383e+00
-1.382124304771423340e+00
-2.161532878875732422e+00
-9.681859016418457031e-01
-5.787161588668823242e-01
-6.580356955528259277e-01
-2.463595867156982422e+00
-5.267576575279235840e-01
-1.743347048759460449e+00
-1.722410917282104492e+00
-1.915830969810485840e+00
-2.404891729354858398e+00
-9.265663027763366699e-01
-2.100250244140625000e+00
-2.110081911087036133e+00
-2.321120977401733398e+00
-1.263354182243347168e+00
-2.073148012161254883e+00
-2.773398160934448242e+00
-3.105494022369384766e+00
-2.145431995391845703e+00
-1.202672362327575684e+00
-6.326629519462585449e-01
-2.335889101028442383e+00
-1.691817283630371094e+00
-2.400486707687377930e+00
-1.329845309257507324e+00
-1.294795751571655273e+00
-2.107646703720092773e+00
-2.823262929916381836e+00
-1.802495479583740234e+00
-1.429059267044067383e+00
-3.269944667816162109e+00
-2.270722150802612305e+00
-1.994814395904541016e+00
-1.037859201431274414e+00
-8.417000770568847656e-01
-2.478767633438110352e+00
-2.351493358612060547e+00
-2.152765035629272461e+00
-1.766327738761901855e+00
-2.560198783874511719e+00
-2.582384586334228516e+00
-2.663234472274780273e+00
-2.378863334655761719e+00
-2.566937446594238281e+00
-1.880749106407165527e+00
-2.069443225860595703e+00
-2.170560836791992188e+00
-1.112398386001586914e+00
-1.910344362258911133e+00
-2.127329826354980469e+00
-2.168480157852172852e+00
-2.997101306915283203e+00
-1.246978759765625000e+00
-2.665303707122802734e+00
-1.414858937263488770e+00
-1.925123333930969238e+00
-1.349054932594299316e+00
-2.522676944732666016e+00
-2.340480327606201172e+00
-1.629754662513732910e+00
-2.377788066864013672e+00
-3.200812816619873047e+00
-2.971342802047729492e+00
-6.800683736801147461e-01
-1.825024247169494629e+00
-1.398202538490295410e+00
-1.189888358116149902e+00
-2.409934282302856445e+00
-2.064756393432617188e+00
-1.809539079666137695e+00
-1.618833184242248535e+00
-2.139185667037963867e+00
-2.075547695159912109e+00
-1.060251474380493164e+00
-2.678499460220336914e+00
-3.377549648284912109e+00
-1.551474094390869141e+00
-2.574639558792114258e+00
-1.753769397735595703e+00
-1.985369324684143066e+00
-3.013590574264526367e+00
-2.303227424621582031e+00
-2.581139087677001953e+00
-2.178973436355590820e+00
-2.457205057144165039e+00
-2.540030717849731445e+00
-3.001548051834106445e+00
-2.104769706726074219e+00
-1.961120724678039551e+00
-1.613481998443603516e+00
-2.118864297866821289e+00
-1.036066770553588867e+00
-1.141299128532409668e+00
-1.397556066513061523e+00
-2.240027904510498047e+00
-1.485532999038696289e+00
-1.346683263778686523e+00
-2.765827655792236328e+00
-2.002215385437011719e+00
-1.930957913398742676e+00
-2.841115236282348633e+00
-6.064841747283935547e-01
-1.551481485366821289e+00
-3.313018560409545898e+00
-2.337612390518188477e+00
-1.971143245697021484e+00
-1.266366362571716309e+00
-1.942718148231506348e+00
-2.591919422149658203e+00
-1.065745711326599121e+00
-1.731642603874206543e+00
-2.117045164108276367e+00
-1.228731870651245117e+00
-2.038753271102905273e+00
-1.644727945327758789e+00
-1.494863629341125488e+00
-2.459767103195190430e+00
-2.583040952682495117e+00
-1.909227967262268066e+00
-1.840942621231079102e+00
-1.394690155982971191e+00
-1.298313975334167480e+00
-2.214209318161010742e+00
-1.539850234985351562e+00
-2.863400578498840332e-01
-3.380348920822143555e+00
-2.168106079101562500e+00
-2.703171014785766602e+00
-1.769046783447265625e+00
-1.001926422119140625e+00
-2.503858327865600586e+00
-1.108249664306640625e+00
-2.490355670452117920e-01
-1.989613294601440430e+00
-3.440790891647338867e+00
-1.123749256134033203e+00
-1.683201313018798828e+00
-1.607977747917175293e+00
-2.469361066818237305e+00
-2.783534049987792969e+00
-1.449666619300842285e+00
-2.747361660003662109e+00
-2.641377449035644531e+00
-3.044502019882202148e+00
-3.610314130783081055e+00
-2.392050504684448242e+00
-3.201630592346191406e+00
-2.957312583923339844e+00
-3.137041330337524414e+00
-3.460634469985961914e+00
-1.387877106666564941e+00
-2.792727231979370117e+00
-1.762306571006774902e+00
-2.688758850097656250e+00
-2.418262958526611328e+00
-2.729300498962402344e+00
-1.876743435859680176e+00
-2.950744628906250000e+00
-2.631877422332763672e+00
-2.820883989334106445e+00
-2.250418186187744141e+00
-2.016894817352294922e+00
-2.510002851486206055e+00
-1.753169417381286621e+00
-2.496629238128662109e+00
-1.592533588409423828e+00
-3.248051643371582031e+00
-3.724245309829711914e+00
-2.013334512710571289e+00
-2.089696645736694336e+00
-3.722852945327758789e+00
-2.231141567230224609e+00
-2.758798837661743164e+00
-1.957023262977600098e+00
-3.357867717742919922e+00
-3.574947357177734375e+00
-3.234999179840087891e+00
-1.188214421272277832e+00
-1.826915264129638672e+00
-3.535521030426025391e+00
-1.356840372085571289e+00
-2.790333986282348633e+00
-8.202016353607177734e-01
-2.709810495376586914e+00
-2.663341999053955078e+00
-3.405598878860473633e+00
-2.184448480606079102e+00
-1.759314537048339844e+00
-2.286867380142211914e+00
-2.825089454650878906e+00
-3.540110111236572266e+00
-1.793927431106567383e+00
-1.833040118217468262e+00
-3.101053714752197266e+00
-3.404849052429199219e+00
-2.282339572906494141e+00
-2.003074884414672852e+00
-2.913918733596801758e+00
-1.951617240905761719e+00
-1.246658802032470703e+00
-2.452803373336791992e+00
-2.342689275741577148e+00
-2.371939659118652344e+00
-1.939059138298034668e+00
-1.806638479232788086e+00
-2.648346424102783203e+00
-2.195941448211669922e+00
-2.059399366378784180e+00
-2.182325839996337891e+00
-1.256675601005554199e+00
-1.415078997611999512e+00
-2.583602428436279297e+00
-2.049712419509887695e+00
-2.915665149688720703e+00
-1.705007672309875488e+00
-5.860920548439025879e-01
-2.463005304336547852e+00
-1.814095973968505859e+00
-1.381513237953186035e+00
-2.622127771377563477e+00
-2.805530071258544922e+00
-3.155668020248413086e+00
-3.840165138244628906e+00
-2.302929878234863281e+00
-2.032715082168579102e+00
-1.958205461502075195e+00
-1.224112153053283691e+00
-2.319075584411621094e+00
-2.483898639678955078e+00
-1.332383394241333008e+00
-2.802223920822143555e+00
-1.485265016555786133e+00
-6.787220239639282227e-01
-2.893895626068115234e+00
-1.889932274818420410e+00
-2.294724464416503906e+00
-2.620751142501831055e+00
-1.883091807365417480e+00
-2.473186492919921875e+00
-8.800929188728332520e-01
-1.053917169570922852e+00
-1.187559008598327637e+00
-2.227239608764648438e+00
-1.901535540819168091e-01
-1.356119871139526367e+00
-1.029720067977905273e+00
-2.037212371826171875e+00
-1.048116087913513184e+00
-1.356747865676879883e+00
-2.357754945755004883e+00
-1.829923272132873535e+00
-3.504820168018341064e-01
-1.586373090744018555e+00
-1.987948060035705566e+00
-2.466834068298339844e+00
-1.065696477890014648e+00
-3.000024259090423584e-01
-2.552086591720581055e+00
-2.688627958297729492e+00
-2.535621166229248047e+00
-1.248188495635986328e+00
-1.383381247520446777e+00
-2.858561038970947266e+00
-1.704218864440917969e+00
-1.116329550743103027e+00
-1.576378464698791504e+00
-1.169171690940856934e+00
-2.854431152343750000e+00
-2.023608446121215820e+00
-1.706469774246215820e+00
-2.276731967926025391e+00
-2.072464466094970703e+00
-1.435814261436462402e+00
-2.253371477127075195e+00
-1.561427116394042969e+00
-3.480504512786865234e+00
-1.342753291130065918e+00
-3.731859683990478516e+00
-1.308989286422729492e+00
-2.858989953994750977e+00
-2.117966890335083008e+00
-1.738404273986816406e+00
-1.814088582992553711e+00
-3.103833436965942383e+00
-3.076571226119995117e+00
-1.038938879966735840e+00
-2.172466993331909180e+00
-2.559205770492553711e+00
-2.686300992965698242e+00
-1.291058540344238281e+00
-1.369109511375427246e+00
-2.420483350753784180e+00
-1.188496351242065430e+00
-2.442749738693237305e+00
-3.516819477081298828e+00
-7.229641079902648926e-01
-1.160274744033813477e+00
-1.267128109931945801e+00
-1.424045562744140625e+00
-2.470186710357666016e+00
-2.434533357620239258e+00
-3.083623945713043213e-01
-6.276485323905944824e-01
-3.055843830108642578e+00
-2.263393163681030273e+00
-3.381950378417968750e+00
-2.721053838729858398e+00
-2.134948253631591797e+00
-2.163300037384033203e+00
-1.557996988296508789e+00
-1.765308260917663574e+00
-2.770709037780761719e+00
-1.588561177253723145e+00
-1.293760299682617188e+00
-1.856040000915527344e+00
-2.581722497940063477e+00
-1.792070388793945312e+00
-1.736160397529602051e+00
-2.517755985260009766e+00
-2.743573904037475586e+00
-3.211617469787597656e+00
-2.353552103042602539e+00
-1.598556995391845703e+00
-2.321123600006103516e+00
-2.225726604461669922e+00
-2.620942831039428711e+00
-1.436748027801513672e+00
-2.994048833847045898e+00
-2.112752199172973633e+00
-6.141287088394165039e-01
-2.382307291030883789e+00
-2.000523328781127930e+00
-2.083175182342529297e+00
-2.407272338867187500e+00
-8.047043681144714355e-01
-2.558498382568359375e+00
-2.297447443008422852e+00
-2.329814672470092773e+00
-1.521598577499389648e+00
-5.535107851028442383e-01
-1.934429168701171875e+00
-2.135860681533813477e+00
-1.566517472267150879e+00
-1.409280896186828613e+00
-1.550815105438232422e+00
-2.069806098937988281e+00
-9.467263817787170410e-01
-2.662241220474243164e+00
-2.109091043472290039e+00
-2.239018678665161133e+00
-1.177398920059204102e+00
-2.180525779724121094e+00
-2.059706211090087891e+00
-1.901528000831604004e+00
-3.037200689315795898e+00
-3.088868618011474609e+00
-2.659648895263671875e+00
-2.778541803359985352e+00
-1.822585940361022949e+00
-3.578432559967041016e+00
-2.179542779922485352e+00
-3.213072538375854492e+00
-2.271922588348388672e+00
-2.229042291641235352e+00
-2.081892013549804688e+00
-3.097829103469848633e+00
-2.179977178573608398e+00
-2.456710338592529297e+00
-9.712374210357666016e-01
-2.162710905075073242e+00
-2.010191202163696289e+00
-2.015251874923706055e+00
-2.055719852447509766e+00
-1.918126821517944336e+00
-2.477334976196289062e+00
-1.345964550971984863e+00
-2.054153919219970703e+00
-1.792445898056030273e+00
-3.318160295486450195e+00
-1.350674867630004883e+00
-2.608628273010253906e+00
-2.543416976928710938e+00
-3.396756172180175781e+00
-2.497112751007080078e+00
-2.165239810943603516e+00
-1.808526158332824707e+00
-3.617528200149536133e+00
-3.026567697525024414e+00
-1.836908817291259766e+00
-2.787938117980957031e+00
-2.067794322967529297e+00
-1.392569780349731445e+00
-2.381254434585571289e+00
-1.750881671905517578e+00
-2.100617408752441406e+00
-1.403457999229431152e+00
-3.106479167938232422e+00
-2.456062793731689453e+00
-1.584539651870727539e+00
-2.241475582122802734e+00
-2.644245386123657227e+00
-2.080580472946166992e+00
-1.859272837638854980e+00
-1.556020736694335938e+00
-2.589089393615722656e+00
-2.182279348373413086e+00
-2.116253137588500977e+00
-2.807478427886962891e+00
-1.184520959854125977e+00
-2.112661838531494141e+00
-2.465016603469848633e+00
-2.740181446075439453e+00
-2.428153991699218750e+00
-1.815255641937255859e+00
-2.598632812500000000e+00
-2.088469266891479492e+00
-2.003164052963256836e+00
-1.066818475723266602e+00
-1.063480019569396973e+00
-2.056332111358642578e+00
-3.728048086166381836e+00
-2.434054613113403320e+00
-1.544856429100036621e+00
-2.200659751892089844e+00
-2.400636434555053711e+00
-3.006733655929565430e+00
-2.962288856506347656e+00
-1.698459506034851074e+00
-9.146544337272644043e-01
-2.894854068756103516e+00
-2.387933254241943359e+00
-2.790447473526000977e+00
-2.950868844985961914e+00
-2.751847982406616211e+00
-1.470946788787841797e+00
-2.350677251815795898e+00
-2.268892049789428711e+00
-2.990297794342041016e+00
-3.521789312362670898e+00
-2.091917037963867188e+00
-1.858649253845214844e+00
-1.865817904472351074e+00
-2.919466018676757812e+00
-2.975894212722778320e+00
-2.653169870376586914e+00
-3.329187154769897461e+00
-3.219215154647827148e+00
-1.730285286903381348e+00
-2.404002666473388672e+00
-2.805919647216796875e+00
-2.902993679046630859e+00
-3.489895343780517578e+00
-2.328915357589721680e+00
-3.192227125167846680e+00
-3.001810789108276367e+00
-2.353894948959350586e+00
-2.373669862747192383e+00
-2.337946176528930664e+00
-1.609052300453186035e+00
-2.527302265167236328e+00
-2.426812648773193359e+00
-3.601745605468750000e+00
-1.956133961677551270e+00
-2.264559745788574219e+00
-3.223036527633666992e+00
-3.288326501846313477e+00
-3.697109699249267578e+00
-2.128215551376342773e+00
-1.480526328086853027e+00
-1.660793781280517578e+00
-3.375115871429443359e+00
-3.679112434387207031e+00
-1.983142018318176270e+00
-1.605952382087707520e+00
-2.855285167694091797e+00
-3.487640380859375000e+00
-2.443992376327514648e+00
-2.850018501281738281e+00
-2.548578977584838867e+00
-1.088809013366699219e+00
-2.361193180084228516e+00
-4.657823741436004639e-01
-1.688909769058227539e+00
-2.887517690658569336e+00
-1.616392254829406738e+00
-2.251232624053955078e+00
-2.301300764083862305e+00
-2.627022027969360352e+00
-1.916782021522521973e+00
-2.110419750213623047e+00
-2.838504791259765625e+00
-1.030926823616027832e+00
-1.437504887580871582e+00
-1.729840874671936035e+00
-2.160148382186889648e+00
-2.783533334732055664e+00
-2.169975519180297852e+00
-8.079309463500976562e-01
-3.238193988800048828e+00
-1.425986528396606445e+00
-2.424417734146118164e+00
-2.133680582046508789e+00
-2.290503680706024170e-01
-3.113666296005249023e+00
-1.824283957481384277e+00
-7.205498218536376953e-01
-3.315545320510864258e+00
-9.241636991500854492e-01
-1.714064717292785645e+00
-1.830571532249450684e+00
-1.521619915962219238e+00
-2.217158794403076172e+00
-1.359865665435791016e+00
-1.974820017814636230e+00
-2.251354932785034180e+00
-1.855983495712280273e+00
-2.429296493530273438e+00
-1.182434916496276855e+00
-2.121015310287475586e+00
-2.338105916976928711e+00
-2.559505939483642578e+00
-2.676928520202636719e+00
-8.439057469367980957e-01
-2.605069279670715332e-01
-3.319425284862518311e-01
-2.000881195068359375e+00
-2.266170263290405273e+00
5.838748440146446228e-02
-8.623184561729431152e-01
-2.085862874984741211e+00
-2.843496322631835938e+00
-6.260315775871276855e-01
-1.322441339492797852e+00
-1.632290482521057129e+00
-2.075521230697631836e+00
-1.281464099884033203e+00
-1.697157382965087891e+00
-2.146359443664550781e+00
-1.290025353431701660e+00
-3.890376985073089600e-01
-1.129571676254272461e+00
-2.498523950576782227e+00
-1.150425314903259277e+00
-7.088353633880615234e-01
-1.302960872650146484e+00
-6.868911385536193848e-01
-4.645412266254425049e-01
-1.275288343429565430e+00
-2.113314390182495117e+00
-9.163596034049987793e-01
-1.284413099288940430e+00
-2.179530620574951172e+00
-1.316818237304687500e+00
-2.437289953231811523e+00
-1.639354467391967773e+00
-2.268258780241012573e-01
-1.372998118400573730e+00
-1.580373167991638184e+00
-1.649615168571472168e+00
-1.451702594757080078e+00
-1.723578691482543945e+00
-1.134940505027770996e+00
-1.000724554061889648e+00
-1.480363607406616211e+00
-2.140197038650512695e+00
-1.634132146835327148e+00
-6.818201541900634766e-01
-1.303349971771240234e+00
2.123996764421463013e-01
-1.028243422508239746e+00
-2.486632823944091797e+00
-9.865296483039855957e-01
-1.881134271621704102e+00
-1.277021646499633789e+00
-1.797777295112609863e+00
-2.606967210769653320e+00
-1.354535579681396484e+00
-2.776581525802612305e+00
-1.406372427940368652e+00
-2.277251482009887695e+00
-1.746385335922241211e+00
-3.440085887908935547e+00
-1.278235673904418945e+00
-1.297658562660217285e+00
-9.182139039039611816e-01
-6.714209318161010742e-01
-2.395760536193847656e+00
-1.147554039955139160e+00
-1.184474229812622070e+00
-7.017982602119445801e-01
-2.309108257293701172e+00
-2.084216356277465820e+00
-1.492914319038391113e+00
-1.100828289985656738e+00
-2.213885068893432617e+00
-2.064720869064331055e+00
-2.162883758544921875e+00
-1.429425120353698730e+00
-1.317753911018371582e+00
-1.964574694633483887e+00
-2.173452138900756836e+00
-7.135478258132934570e-01
-2.215193748474121094e+00
-1.594326376914978027e+00
-1.725761890411376953e+00
-2.735979080200195312e+00
-2.536101102828979492e+00
-2.870805740356445312e+00
-2.621754169464111328e+00
-2.295529842376708984e+00
-1.837224006652832031e+00
-1.069913625717163086e+00
-3.496658802032470703e+00
-2.558603763580322266e+00
-2.410290479660034180e+00
-2.292198181152343750e+00
-2.150968313217163086e+00
-2.110062599182128906e+00
-2.200973033905029297e+00
-1.396184921264648438e+00
-2.401252508163452148e+00
-4.613648056983947754e-01
-1.375360369682312012e+00
-8.908122181892395020e-01
-1.955374598503112793e+00
-1.729408383369445801e+00
-1.817045211791992188e+00
-2.979714632034301758e+00
-3.352134466171264648e+00
-2.462258100509643555e+00
-4.092896461486816406e+00
-2.637768030166625977e+00
-1.746184825897216797e+00
-1.582973957061767578e+00
-2.277608156204223633e+00
-1.098577380180358887e+00
-3.766529798507690430e+00
-2.295683622360229492e+00
-2.172687053680419922e+00
-1.884060621261596680e+00
-1.954362392425537109e+00
-2.043156862258911133e+00
-1.942263126373291016e+00
-1.917493700981140137e+00
-2.087700128555297852e+00
-2.535323858261108398e+00
-1.281921386718750000e+00
-2.874125242233276367e+00
-9.158273339271545410e-01
-2.587545633316040039e+00
-4.409849047660827637e-01
-1.699214577674865723e+00
-1.234131455421447754e+00
-1.980749487876892090e+00
-2.637299299240112305e+00
-2.089077711105346680e+00
-2.407934904098510742e+00
-1.223168969154357910e+00
-2.952776908874511719e+00
-2.249595880508422852e+00
-1.683751106262207031e+00
-2.021447658538818359e+00
-2.064584732055664062e+00
-1.853326678276062012e+00
-2.410479784011840820e+00
-5.670101381838321686e-03
-7.671334594488143921e-02
-1.741533994674682617e+00
-2.351042985916137695e+00
-1.412249922752380371e+00
-2.166274785995483398e+00
-2.328716039657592773e+00
-3.189544916152954102e+00
-2.715479612350463867e+00
-3.217704296112060547e+00
-2.321621656417846680e+00
-2.300168991088867188e+00
-2.829031705856323242e+00
-2.226572751998901367e+00
-2.354218721389770508e+00
-3.176728725433349609e+00
-1.553269267082214355e+00
-1.981052517890930176e+00
-3.038316488265991211e+00
-2.668242692947387695e+00
-1.211561679840087891e+00
-2.296849727630615234e+00
-3.591599702835083008e+00
-2.379804611206054688e+00
-7.864711284637451172e-01
-2.061247110366821289e+00
-2.109730005264282227e+00
-8.861868977546691895e-01
-3.444281578063964844e+00
-2.971806287765502930e+00
-3.180202960968017578e+00
-1.143659234046936035e+00
-2.347999572753906250e+00
-1.878947615623474121e-01
-1.341929793357849121e+00
-2.426632642745971680e+00
-1.068053245544433594e+00
-2.204174518585205078e+00
-7.272179126739501953e-01
-3.174784660339355469e+00
-3.492507696151733398e+00
-2.182583093643188477e+00
-1.269861459732055664e+00
-2.522727489471435547e+00
-2.488989353179931641e+00
-2.783050298690795898e+00
-1.751665592193603516e+00
-2.122235059738159180e+00
-2.545958280563354492e+00
-1.688736677169799805e+00
-2.568637371063232422e+00
-1.465211510658264160e+00
-2.746636867523193359e+00
-2.074208974838256836e+00
-2.140633583068847656e+00
-1.771273851394653320e+00
-2.757136583328247070e+00
-3.490417242050170898e+00
-3.266815662384033203e+00
-2.305158376693725586e+00
-2.694713354110717773e+00
-1.720410585403442383e+00
-1.823939442634582520e+00
-3.020960330963134766e+00
-1.628539443016052246e+00
-2.771202802658081055e+00
-3.525456428527832031e+00
-2.708751916885375977e+00
-1.859684586524963379e+00
-1.738936066627502441e+00
-2.805769681930541992e+00
-3.137385129928588867e+00
-1.965816497802734375e+00
-7.982454299926757812e-01
5.967504694126546383e-04
-1.403051972389221191e+00
-3.063495159149169922e+00
-2.492242813110351562e+00
-2.436746358871459961e+00
-1.144952893257141113e+00
-2.941511154174804688e+00
-2.484126091003417969e+00
-1.774082660675048828e+00
-3.047278165817260742e+00
-2.436436176300048828e+00
-1.444741725921630859e+00
-2.430068969726562500e+00
-2.645148038864135742e+00
-2.177455186843872070e+00
-2.774718999862670898e+00
-2.749918699264526367e+00
-1.401449322700500488e+00
-2.286514282226562500e+00
-2.815475463867187500e+00
-2.713053941726684570e+00
-3.072895765304565430e+00
-3.698409318923950195e+00
-3.510688304901123047e+00
-1.319329738616943359e+00
-2.814457893371582031e+00
-2.162096023559570312e+00
-2.404674768447875977e+00
-1.300380110740661621e+00
-3.241600990295410156e+00
-2.505569934844970703e+00
-1.923607230186462402e+00
-1.578078746795654297e+00
-2.535145998001098633e+00
-1.549749732017517090e+00
-2.228205442428588867e+00
-1.199347496032714844e+00
-1.828169822692871094e+00
-2.171409845352172852e+00
-2.050819873809814453e+00
-3.051880836486816406e+00
-3.254214286804199219e+00
-9.539538025856018066e-01
-6.949858069419860840e-01
-1.585985302925109863e+00
-3.176528692245483398e+00
-1.200925230979919434e+00
-1.265650153160095215e+00
-3.209150075912475586e+00
-1.879833698272705078e+00
-2.568583488464355469e+00
-3.472986459732055664e+00
-2.244224071502685547e+00
-1.910212874412536621e+00
-2.758558034896850586e+00
-1.426847934722900391e+00
-2.811347007751464844e+00
-2.209500789642333984e+00
-1.656918168067932129e+00
-1.397079348564147949e+00
-1.958883762359619141e+00
-2.525263786315917969e+00
-2.862644910812377930e+00
-1.036001682281494141e+00
-1.799625992774963379e+00
-3.442998170852661133e+00
-1.437631368637084961e+00
-2.731583595275878906e+00
-2.650103569030761719e+00
-3.405044794082641602e+00
-1.245109319686889648e+00
-1.853456735610961914e+00
-2.400904893875122070e+00
-2.704439878463745117e+00
-1.940269589424133301e+00
-1.664161801338195801e+00
-2.191162824630737305e+00
-1.720835804939270020e+00
-3.087741851806640625e+00
-1.064429163932800293e+00
-2.378681421279907227e+00
-2.762807607650756836e+00
-1.822513341903686523e+00
-1.288321018218994141e+00
-1.729844093322753906e+00
-2.395713567733764648e+00
-2.158374786376953125e+00
-2.888375043869018555e+00
-1.010848879814147949e+00
-2.357387781143188477e+00
-1.505328178405761719e+00
-2.445034265518188477e+00
-9.384633302688598633e-01
-1.045862078666687012e+00
-1.912135720252990723e+00
-7.595483660697937012e-01
-3.506009817123413086e+00
-2.672147750854492188e+00
-1.286658287048339844e+00
-2.412739992141723633e+00
-1.933695197105407715e+00
-1.426823258399963379e+00
-9.531825780868530273e-01
-1.287235975265502930e+00
-6.506605148315429688e-01
-1.482283949851989746e+00
-2.066254615783691406e+00
-1.332561612129211426e+00
-2.544806003570556641e+00
-3.115993738174438477e+00
-2.662521839141845703e+00
-8.846562504768371582e-01
-2.035457134246826172e+00
-2.295994997024536133e+00
-1.548934459686279297e+00
-2.997402906417846680e+00
-2.678900480270385742e+00
-2.373424530029296875e+00
-2.792651414871215820e+00
-1.681544423103332520e+00
-1.406265497207641602e+00
-1.896139025688171387e+00
-2.220212459564208984e+00
-1.153722167015075684e+00
-2.149813413619995117e+00
-2.945050954818725586e+00
-2.222078561782836914e+00
-3.703968524932861328e+00
-2.963721513748168945e+00
-1.965886116027832031e+00
-2.451977252960205078e+00
-6.509661078453063965e-01
-2.409712076187133789e+00
-2.375273942947387695e+00
-3.114012956619262695e+00
-4.219017982482910156e+00
-2.217421531677246094e+00
-2.337447643280029297e+00
-4.149143695831298828e+00
-1.444807410240173340e+00
-2.558992624282836914e+00
-2.763254165649414062e+00
-2.260237693786621094e+00
-1.044827222824096680e+00
-3.143092870712280273e+00
-4.008926868438720703e+00
-1.918815851211547852e+00
-2.487099647521972656e+00
-2.421424150466918945e+00
-2.527461051940917969e+00
-2.408812522888183594e+00
-2.022930383682250977e+00
-2.456789016723632812e+00
-2.578036546707153320e+00
-2.539206981658935547e+00
-3.563336849212646484e+00
-2.944408416748046875e+00
-1.850067615509033203e+00
-2.747851848602294922e+00
-2.525757074356079102e+00
-3.191364526748657227e+00
-2.466175317764282227e+00
-2.522972345352172852e+00
-1.163710236549377441e+00
-2.185272216796875000e+00
-8.281560540199279785e-01
-2.664639472961425781e+00
-2.429537534713745117e+00
-2.953377246856689453e+00
-2.706412076950073242e+00
-2.585133790969848633e+00
-3.042717933654785156e+00
-1.994989275932312012e+00
-3.148321628570556641e+00
-2.256070375442504883e+00
-1.303708195686340332e+00
-2.333217144012451172e+00
-1.506276130676269531e+00
-2.626051902770996094e+00
-3.899546384811401367e+00
-2.487541913986206055e+00
-2.375877857208251953e+00
-2.604787588119506836e+00
-2.901353359222412109e+00
-1.339799046516418457e+00
5.396450683474540710e-02
-1.329372525215148926e+00
-2.769028663635253906e+00
-2.881570100784301758e+00
-5.896661877632141113e-01
-3.322306394577026367e+00
-2.616549015045166016e+00
-2.793158292770385742e+00
-2.445442438125610352e+00
-2.625167131423950195e+00
-2.397263050079345703e+00
-4.053045272827148438e+00
-5.029471516609191895e-01
-1.957369089126586914e+00
-1.473811984062194824e+00
-2.461345195770263672e+00
-3.679603815078735352e+00
-2.958482980728149414e+00
-3.104649305343627930e+00
-2.339796066284179688e+00
-1.018183946609497070e+00
-2.783406734466552734e+00
-1.988188862800598145e+00
-1.995225787162780762e+00
-3.899759769439697266e+00
-3.188530683517456055e+00
-4.104858398437500000e+00
-1.995089530944824219e+00
-3.790555238723754883e+00
-4.133650302886962891e+00
-9.999043941497802734e-01
-2.339290380477905273e+00
-3.236819982528686523e+00
-3.566959619522094727e+00
-2.802330493927001953e+00
-3.392253398895263672e+00
-3.507882833480834961e+00
-2.701637744903564453e+00
-2.446873903274536133e+00
-3.161007642745971680e+00
-2.391111612319946289e+00
-2.243250846862792969e+00
-2.110146284103393555e+00
-1.826431632041931152e+00
-3.432991027832031250e+00
-1.977203369140625000e+00
-2.942425727844238281e+00
-3.282772541046142578e+00
-1.445723414421081543e+00
-2.648846864700317383e+00
-9.711657166481018066e-01
-1.840595602989196777e+00
-2.992845535278320312e+00
-2.426346540451049805e+00
-9.458355903625488281e-01
-2.050947904586791992e+00
-3.238472700119018555e+00
-1.874670624732971191e+00
-2.805505275726318359e+00
-1.188973784446716309e+00
-2.628203153610229492e+00
-2.189928531646728516e+00
-2.681885242462158203e+00
-9.588460326194763184e-01
-2.098575115203857422e+00
-1.161083579063415527e+00
-2.735265970230102539e+00
-3.217049598693847656e+00
-2.248064994812011719e+00
-2.281568527221679688e+00
-3.118723154067993164e+00
-3.119378089904785156e+00
-1.928162455558776855e+00
-2.784988880157470703e+00
-4.963973164558410645e-01
-2.881727933883666992e+00
-2.545579433441162109e+00
-2.952145099639892578e+00
-2.910466432571411133e+00
-2.851746797561645508e+00
-3.150510311126708984e+00
-1.699383378028869629e+00
-2.431413650512695312e+00
-1.271872997283935547e+00
-2.472802877426147461e+00
-3.276982545852661133e+00
-2.966006517410278320e+00
-2.187810659408569336e+00
-3.830695390701293945e+00
-2.967458486557006836e+00
-1.877435207366943359e+00
-2.286067485809326172e+00
-1.621508002281188965e+00
-2.253918170928955078e+00
-2.200813055038452148e+00
-2.763194561004638672e+00
-2.985775709152221680e+00
-3.397923231124877930e+00
-3.477649927139282227e+00
-2.334905862808227539e+00
-1.289753317832946777e+00
-2.816726446151733398e+00
-2.369865179061889648e+00
-2.960784435272216797e+00
-2.182864904403686523e+00
-2.431982517242431641e+00
-2.514148712158203125e+00
-2.808996915817260742e+00
-1.758988738059997559e+00
-2.629528284072875977e+00
-2.951847553253173828e+00
-2.581580400466918945e+00
-2.137880563735961914e+00
-2.797581434249877930e+00
-4.933050572872161865e-01
-2.634372472763061523e+00
-3.229171752929687500e+00
-1.433357954025268555e+00
-2.829769372940063477e+00
-2.325447082519531250e+00
-2.842292785644531250e+00
-1.593514442443847656e+00
-2.584239721298217773e+00
-1.994527578353881836e+00
-1.939205884933471680e+00
-1.805311441421508789e+00
-2.188401937484741211e+00
-1.861851930618286133e+00
-6.968287825584411621e-01
-2.436351060867309570e+00
-2.952062606811523438e+00
-3.056907176971435547e+00
-3.087678670883178711e+00
-2.689040899276733398e+00
-2.470317125320434570e+00
-2.819622039794921875e+00
-1.579216361045837402e+00
-1.429555773735046387e+00
-2.892555236816406250e+00
-1.919524312019348145e+00
-2.126574516296386719e+00
-1.589350700378417969e+00
-2.826343774795532227e+00
-2.316339492797851562e+00
-3.097305774688720703e+00
-1.011451840400695801e+00
-2.338802337646484375e+00
-2.203027009963989258e+00
-4.037616252899169922e-01
-2.506750345230102539e+00
-3.177624702453613281e+00
-3.560228109359741211e+00
-1.526310920715332031e+00
-2.189626693725585938e+00
-3.284379482269287109e+00
-2.459915161132812500e+00
-1.178709864616394043e+00
-1.097441792488098145e+00
-2.615771532058715820e+00
-3.366015195846557617e+00
-2.363921880722045898e+00
-2.804126501083374023e+00
-1.770091056823730469e+00
-1.448028445243835449e+00
-3.088931083679199219e+00
-3.639532804489135742e+00
-6.376909017562866211e-01
-2.219725847244262695e+00
-3.169469356536865234e+00
-2.364749670028686523e+00
-2.004527330398559570e+00
-1.997770190238952637e+00
-8.392332792282104492e-01
-3.197905778884887695e+00
-2.479900836944580078e+00
-2.599996805191040039e+00
-2.049330472946166992e+00
-2.354704141616821289e+00
-2.714924573898315430e+00
-2.047690153121948242e+00
-1.899434924125671387e+00
-3.021843910217285156e+00
-2.301631212234497070e+00
-2.734330892562866211e+00
-2.467462778091430664e+00
-2.456290960311889648e+00
-3.534983396530151367e+00
-2.873920679092407227e+00
-2.767018795013427734e+00
-2.847623825073242188e+00
-2.902497529983520508e+00
-5.840553045272827148e-01
-2.473556995391845703e+00
-3.405944585800170898e+00
-2.140559911727905273e+00
-2.578948259353637695e+00
-2.374046087265014648e+00
-4.003015041351318359e+00
-3.469769239425659180e+00
-3.729255676269531250e+00
-1.867674112319946289e+00
-1.793974041938781738e+00
-3.853759050369262695e+00
-3.812624454498291016e+00
-3.268931150436401367e+00
-2.242462396621704102e+00
-3.771175384521484375e+00
-2.700272321701049805e+00
-1.267284274101257324e+00
-2.435709714889526367e+00
-4.125334262847900391e+00
-2.776131153106689453e+00
-1.941632151603698730e+00
-7.459318041801452637e-01
-3.099549293518066406e+00
-3.003746747970581055e+00
-1.484637975692749023e+00
-2.067917823791503906e+00
-2.639520645141601562e+00
-3.107246875762939453e+00
-2.975883007049560547e+00
-9.229626059532165527e-01
-3.307900428771972656e+00
-1.011451482772827148e+00
-2.998281478881835938e+00
-1.859882712364196777e+00
-3.622118532657623291e-01
-1.957231044769287109e+00
-9.905840754508972168e-01
-2.129315853118896484e+00
-3.042825698852539062e+00
-9.750770926475524902e-01
-2.087572813034057617e+00
-1.720715403556823730e+00
-2.493460655212402344e+00
-1.072041988372802734e+00
-4.598871171474456787e-01
-2.894905805587768555e+00
-2.749174594879150391e+00
-1.790071487426757812e+00
-2.456304073333740234e+00
-2.885428667068481445e-01
-2.130311965942382812e+00
-9.577869176864624023e-01
-3.268930673599243164e+00
-2.592392921447753906e+00
-1.663534402847290039e+00
-2.189613819122314453e+00
-1.310922145843505859e+00
-2.104604005813598633e+00
-2.940231084823608398e+00
-1.597792387008666992e+00
-2.566595554351806641e+00
-1.927010774612426758e+00
-2.644830942153930664e+00
-2.308899462223052979e-01
-1.415468215942382812e+00
-1.011715888977050781e+00
-2.810034751892089844e+00
-1.803243637084960938e+00
-2.058969020843505859e+00
-2.198393583297729492e+00
-3.852032423019409180e+00
-1.582822561264038086e+00
-2.798017263412475586e+00
-2.618769884109497070e+00
-2.466338634490966797e+00
-2.280104875564575195e+00
-1.750766515731811523e+00
-3.122715473175048828e+00
-2.207850217819213867e+00
-3.285611569881439209e-01
-3.885072708129882812e+00
-1.543697714805603027e+00
-3.179630994796752930e+00
-1.144899129867553711e+00
-3.550169706344604492e+00
-1.833731770515441895e+00
-2.710221052169799805e+00
-2.228250741958618164e+00
-2.792449474334716797e+00
-1.846551060676574707e+00
-1.577558875083923340e+00
-2.401971340179443359e+00
-3.445098400115966797e+00
-2.736814498901367188e+00
-1.820964813232421875e+00
-1.092379570007324219e+00
-1.807368516921997070e+00
-2.239675760269165039e+00
-2.718215465545654297e+00
-1.846067905426025391e+00
-2.327996730804443359e+00
-9.413160085678100586e-01
-3.650990962982177734e+00
-1.795423626899719238e+00
-2.389276266098022461e+00
-1.735697984695434570e+00
-1.589922070503234863e+00
-1.088171124458312988e+00
-2.967504262924194336e+00
-2.620018482208251953e+00
-2.511042356491088867e+00
-7.083237171173095703e-01
-1.202577114105224609e+00
-1.513480663299560547e+00
-1.541682243347167969e+00
-2.026948213577270508e+00
-2.412223577499389648e+00
-1.737722039222717285e+00
-1.021366715431213379e+00
-1.219408750534057617e+00
-1.460300445556640625e+00
-2.423573017120361328e+00
-1.993880629539489746e+00
-1.263181209564208984e+00
-2.178993940353393555e+00
-3.160194158554077148e+00
-2.853413820266723633e+00
-1.594514727592468262e+00
-3.104131937026977539e+00
-1.613141298294067383e+00
-2.295961618423461914e+00
-7.994934916496276855e-01
-2.333577156066894531e+00
-3.565271139144897461e+00
-2.294688940048217773e+00
-8.132624030113220215e-01
-2.442141532897949219e+00
-3.130722045898437500e+00
-1.954670310020446777e+00
-1.591277360916137695e+00
-3.209360122680664062e+00
-2.728008270263671875e+00
-2.860503435134887695e+00
-1.579182386398315430e+00
-2.495368242263793945e+00
-2.309762477874755859e+00
-1.765156030654907227e+00
-2.344533443450927734e+00
-3.430170536041259766e+00
-2.561487913131713867e+00
-1.324322819709777832e+00
-1.353358864784240723e+00
-2.148472547531127930e+00
-1.387168765068054199e+00
-2.283298730850219727e+00
-2.020755529403686523e+00
-1.563341736793518066e+00
-1.547729492187500000e+00
-2.139491081237792969e+00
-1.626122832298278809e+00
-1.944392085075378418e+00
-3.418880701065063477e+00
-3.047098398208618164e+00
-2.817349672317504883e+00
-3.158292770385742188e+00
-1.710656523704528809e+00
-3.389150381088256836e+00
-1.679482817649841309e+00
-2.877748250961303711e+00
-3.419388294219970703e+00
-2.719075202941894531e+00
-3.210823774337768555e+00
-1.949521899223327637e+00
-2.628458499908447266e+00
-2.976225852966308594e+00
-1.403161525726318359e+00
-2.408252000808715820e+00
-1.772233605384826660e+00
-7.814876437187194824e-01
-2.951730728149414062e+00
-1.225827932357788086e+00
-2.207566976547241211e+00
-2.110119342803955078e+00
-1.809300422668457031e+00
-2.053812742233276367e+00
-1.708151459693908691e+00
-2.547805547714233398e+00
-1.935907006263732910e+00
-5.901691913604736328e-01
-3.161939620971679688e+00
-2.583854436874389648e+00
-2.255301952362060547e+00
-2.578850030899047852e+00
-1.281660795211791992e+00
-1.159339427947998047e+00
-1.206921696662902832e+00
-2.198089122772216797e+00
-2.286252737045288086e+00
-1.891091465950012207e+00
-8.207391500473022461e-01
-3.304260015487670898e+00
-3.217359542846679688e+00
-2.586212635040283203e+00
-9.226099252700805664e-01
-1.424778699874877930e+00
-1.376182079315185547e+00
-2.189358472824096680e+00
-1.207941055297851562e+00
-2.204929590225219727e+00
-1.033600807189941406e+00
-2.169790506362915039e+00
-2.336606264114379883e+00
-1.606985092163085938e+00
-2.991244077682495117e+00
-1.181913852691650391e+00
-1.592561125755310059e+00
-2.281456708908081055e+00
-2.268816709518432617e+00
-2.692457199096679688e+00
-2.098189592361450195e+00
-3.163176298141479492e+00
-2.395028591156005859e+00
-1.790808558464050293e+00
-8.231872916221618652e-01
-1.864910006523132324e+00
-3.044015169143676758e+00
-3.492261171340942383e+00
-1.618772149085998535e+00
-1.620514035224914551e+00
-2.310968875885009766e+00
-2.542983293533325195e+00
-1.747043609619140625e+00
-1.646133303642272949e+00
-1.143338084220886230e+00
-2.761939287185668945e+00
-2.254075288772583008e+00
-2.442575454711914062e+00
-2.448982715606689453e+00
-2.505787134170532227e+00
-2.293925762176513672e+00
-2.494296550750732422e+00
-2.522485256195068359e+00
-2.507569551467895508e+00
-2.632329225540161133e+00
-2.710452318191528320e+00
-2.511044502258300781e+00
-2.307559728622436523e+00
-1.837736129760742188e+00
-3.629234313964843750e+00
-3.144885778427124023e+00
-1.121472835540771484e+00
-2.208487033843994141e+00
-1.776390314102172852e+00
-3.522984743118286133e+00
-2.435050964355468750e+00
-1.438944220542907715e+00
-2.202785015106201172e+00
-1.325794696807861328e+00
-2.141909837722778320e+00
-1.779455184936523438e+00
-2.571436405181884766e+00
-2.286034584045410156e+00
-1.697107791900634766e+00
-7.579507231712341309e-01
-2.343376159667968750e+00
-2.460246324539184570e+00
-1.377557396888732910e+00
-2.115316390991210938e+00
-1.525052785873413086e+00
-1.163226366043090820e+00
-3.579786539077758789e+00
-2.286746740341186523e+00
-3.597596168518066406e+00
-1.770348668098449707e+00
-2.591344833374023438e+00
-2.075296640396118164e+00
-2.272542715072631836e+00
-2.537565469741821289e+00
-2.357205867767333984e+00
-2.314810752868652344e+00
-2.480798482894897461e+00
-3.376083612442016602e+00
-3.526955127716064453e+00
-1.259038686752319336e+00
-1.423139214515686035e+00
-2.739253997802734375e+00
-3.209527969360351562e+00
-9.577755928039550781e-01
-2.658611774444580078e+00
-2.520142078399658203e+00
-7.210238575935363770e-01
-2.129277944564819336e+00
-9.100545644760131836e-01
-6.583968997001647949e-01
-2.008695840835571289e+00
-1.318197250366210938e+00
-1.229980826377868652e+00
-2.503547191619873047e+00
-1.982767105102539062e+00
-1.495089411735534668e+00
-2.081523656845092773e+00
-2.235571384429931641e+00
-1.218475222587585449e+00
-9.972795844078063965e-01
-2.738838195800781250e+00
-6.385754942893981934e-01
-1.505226254463195801e+00
-1.624805808067321777e+00
-1.996153473854064941e+00
-2.053021907806396484e+00
-1.761049032211303711e+00
-1.500180482864379883e+00
-1.554636240005493164e+00
-2.453164100646972656e+00
-1.390727877616882324e+00
-1.946526169776916504e-01
-2.226270437240600586e+00
-1.734981417655944824e+00
-6.404226422309875488e-01
-2.036667108535766602e+00
-1.511115789413452148e+00
-2.083575010299682617e+00
-1.468334794044494629e+00
-2.911022186279296875e+00
-2.440832376480102539e+00
-8.264060020446777344e-01
-2.122682332992553711e+00
-2.604741573333740234e+00
-1.199442028999328613e+00
-1.908784151077270508e+00
-2.111413478851318359e+00
-2.083256244659423828e+00
-3.157749652862548828e+00
-2.520336866378784180e+00
-8.262928724288940430e-01
-1.834454655647277832e+00
-3.355901479721069336e+00
-1.797857165336608887e+00
-1.101835966110229492e+00
-9.521973729133605957e-01
-2.897580146789550781e+00
-1.073203682899475098e+00
-2.809298753738403320e+00
-2.638186693191528320e+00
-2.778458833694458008e+00
-2.183321237564086914e+00
-2.291040897369384766e+00
-1.497518777847290039e+00
-2.020088434219360352e+00
-2.451497793197631836e+00
-1.170894503593444824e+00
-2.328871488571166992e+00
-2.998387813568115234e+00
-3.284953832626342773e+00
-1.507451534271240234e+00
-1.915111541748046875e+00
-2.725464344024658203e+00
-2.230083465576171875e+00
-2.109394073486328125e+00
-1.097858190536499023e+00
-3.316200017929077148e+00
-2.222076177597045898e+00
-2.265674352645874023e+00
-2.623764276504516602e+00
-3.378229618072509766e+00
-3.123798847198486328e+00
-2.605300188064575195e+00
-2.066548347473144531e+00
-1.116407036781311035e+00
-1.654543876647949219e+00
-7.007788419723510742e-01
-1.092631936073303223e+00
-3.119182348251342773e+00
-1.385466575622558594e+00
-1.793724656105041504e+00
-2.712965965270996094e+00
-1.897623896598815918e+00
-2.192058563232421875e+00
-2.215262174606323242e+00
-1.755299687385559082e+00
-2.044659614562988281e+00
-1.934075832366943359e+00
-1.358213186264038086e+00
-2.104223370552062988e-01
-1.977233648300170898e+00
-2.539000511169433594e+00
-9.162667989730834961e-01
-1.180716991424560547e+00
-3.106900453567504883e+00
-1.558092117309570312e+00
-2.338974237442016602e+00
-1.710744023323059082e+00
-3.367554664611816406e+00
-1.600915789604187012e+00
-1.739286899566650391e+00
-1.221753954887390137e+00
-2.289549350738525391e+00
-2.627386093139648438e+00
-2.539366245269775391e+00
1.566523313522338867e-01
-1.553849220275878906e+00
-3.269284725189208984e+00
-1.624304771423339844e+00
-2.467539787292480469e+00
-1.147827148437500000e+00
-2.491474628448486328e+00
-1.341668486595153809e+00
-1.418317914009094238e+00
-1.593873858451843262e+00
-3.470607042312622070e+00
-1.649583339691162109e+00
-1.989718914031982422e+00
-2.901345729827880859e+00
-2.679116964340209961e+00
-9.721261262893676758e-01
-9.815994501113891602e-01
-2.888889074325561523e+00
-1.102740406990051270e+00
-2.701598644256591797e+00
-2.609852552413940430e+00
-2.174063444137573242e+00
-1.505887985229492188e+00
-6.495550274848937988e-01
-1.450947880744934082e+00
-3.249054431915283203e+00
-2.150419235229492188e+00
-1.342344284057617188e+00
-1.623262882232666016e+00
-1.881052732467651367e+00
-2.530759096145629883e+00
-1.648936986923217773e+00
-1.501865744590759277e+00
-1.900832653045654297e+00
-2.558784008026123047e+00
-2.456924915313720703e+00
-1.541375041007995605e+00
-2.273258209228515625e+00
-2.340798854827880859e+00
-2.227819681167602539e+00
-2.234583377838134766e+00
-2.450099468231201172e+00
-2.212117433547973633e+00
-2.051552295684814453e+00
-1.856976985931396484e+00
-9.705239534378051758e-01
-2.302999973297119141e+00
-3.577547311782836914e+00
-2.677805900573730469e+00
-2.155077695846557617e+00
-1.782212018966674805e+00
-3.508408308029174805e+00
-3.163245439529418945e+00
-3.141548395156860352e+00
-3.094359874725341797e+00
-2.525167226791381836e+00
-2.334045648574829102e+00
-2.089173793792724609e+00
-6.256569027900695801e-01
-1.681901454925537109e+00
-2.602615833282470703e+00
-2.252504348754882812e+00
-1.875012159347534180e+00
-1.285376429557800293e+00
-1.335557103157043457e+00
-2.082298755645751953e+00
-3.433869123458862305e+00
-2.193680286407470703e+00
-2.449944734573364258e+00
-2.982770919799804688e+00
-2.839930057525634766e+00
-3.321578979492187500e+00
-2.119009733200073242e+00
-2.171517848968505859e+00
-2.181523084640502930e+00
-2.467997789382934570e+00
-2.214297294616699219e+00
-3.465575456619262695e+00
-3.396023988723754883e+00
-1.647191286087036133e+00
-2.035034418106079102e+00
-3.262228727340698242e+00
-2.805291891098022461e+00
-2.571574926376342773e+00
-3.397648334503173828e+00
-2.849066019058227539e+00
-2.690637350082397461e+00
-2.007380962371826172e+00
-1.094830989837646484e+00
-3.490550756454467773e+00
-2.835774421691894531e+00
-2.951435089111328125e+00
-2.369129896163940430e+00
-2.797550916671752930e+00
-2.892926931381225586e+00
-2.730109930038452148e+00
-2.502130508422851562e+00
-3.396692037582397461e+00
-1.242251157760620117e+00
-1.409244537353515625e+00
-3.387404680252075195e+00
-1.914213895797729492e+00
-2.489876508712768555e+00
-2.961173534393310547e+00
-3.078714132308959961e+00
-2.531135797500610352e+00
-2.084607601165771484e+00
-2.167463541030883789e+00
-2.108314514160156250e+00
-1.871843576431274414e+00
-2.659973859786987305e+00
-2.339753627777099609e+00
-2.561096429824829102e+00
-1.428264379501342773e+00
-2.182896375656127930e+00
-2.945742845535278320e+00
-2.266949415206909180e+00
-1.766012191772460938e+00
-2.300920724868774414e+00
-1.777377724647521973e+00
-2.192504882812500000e+00
-1.798754692077636719e+00
-2.273166894912719727e+00
-3.009064435958862305e+00
-3.022441864013671875e+00
-3.340483427047729492e+00
-2.084524869918823242e+00
-2.150272130966186523e+00
-1.568828940391540527e+00
-2.128375053405761719e+00
-2.520144701004028320e+00
-3.749486684799194336e+00
-2.853271961212158203e+00
-3.578070402145385742e+00
-3.003462314605712891e+00
-2.815099477767944336e+00
-2.887188196182250977e+00
-2.146929025650024414e+00
-1.711113452911376953e+00
-2.757709741592407227e+00
-2.876569271087646484e+00
-2.312762975692749023e+00
-1.863429546356201172e+00
-1.491082787513732910e+00
-1.845316767692565918e+00
-2.952660083770751953e+00
-1.412463068962097168e+00
-1.317208886146545410e+00
-1.370571732521057129e+00
-2.761257886886596680e+00
-3.112926721572875977e+00
-1.007474303245544434e+00
-1.565038204193115234e+00
-3.055185079574584961e+00
-2.048805475234985352e+00
-1.499723553657531738e+00
-1.431369066238403320e+00
-2.273791790008544922e+00
-2.445076227188110352e+00
-2.639076471328735352e+00
-3.304991245269775391e+00
-3.062732458114624023e+00
-1.698597311973571777e+00
-2.405695676803588867e+00
-2.892709016799926758e+00
-2.286945343017578125e+00
-3.098818540573120117e+00
-1.480076551437377930e+00
-2.290105342864990234e+00
-3.292358636856079102e+00
-2.882490396499633789e+00
-2.299313783645629883e+00
-3.059603214263916016e+00
-3.008320569992065430e+00
-2.379543304443359375e+00
-2.446569919586181641e+00
-2.122507810592651367e+00
-2.413583040237426758e+00
-2.678580999374389648e+00
-2.228064775466918945e+00
-2.247200727462768555e+00
-3.099474906921386719e+00
-2.698045730590820312e+00
-2.977109193801879883e+00
-1.289975285530090332e+00
-2.944617271423339844e+00
-2.577277183532714844e+00
-1.945256471633911133e+00
-1.926868915557861328e+00
-2.134961366653442383e+00
-3.460638999938964844e+00
-1.727663755416870117e+00
-3.078902006149291992e+00
-2.131922483444213867e+00
-3.641115665435791016e+00
-2.213176965713500977e+00
-3.800656557083129883e+00
-1.373289942741394043e+00
-3.351828098297119141e+00
-1.992224454879760742e+00
-3.149490356445312500e+00
-2.359257936477661133e+00
-2.370255947113037109e+00
-2.470055341720581055e+00
-3.597218036651611328e+00
-2.642973184585571289e+00
-3.219791650772094727e+00
-2.787522792816162109e+00
-2.698390722274780273e+00
-2.687777042388916016e+00
-1.506185173988342285e+00
-3.220843315124511719e+00
-3.256597995758056641e+00
-3.144820451736450195e+00
-1.684034943580627441e+00
-3.264121532440185547e+00
-2.448902368545532227e+00
-3.083084583282470703e+00
-9.354348182678222656e-01
-3.103159427642822266e+00
-2.615095615386962891e+00
-1.521200418472290039e+00
-2.386854410171508789e+00
-1.618029832839965820e+00
-3.427845001220703125e+00
-1.968090295791625977e+00
-3.254482746124267578e+00
-2.367868423461914062e+00
-2.417517185211181641e+00
-1.024918913841247559e+00
-2.410719394683837891e+00
-3.478903532028198242e+00
-2.071357965469360352e+00
-1.048116683959960938e+00
-3.269242763519287109e+00
-1.940382242202758789e+00
-3.085281372070312500e+00
-2.817850828170776367e+00
-1.980627417564392090e+00
-3.515008449554443359e+00
-3.240062952041625977e+00
-1.799742341041564941e+00
-1.407309412956237793e+00
-3.155734300613403320e+00
-2.499232769012451172e+00
-2.428259849548339844e+00
-1.032291889190673828e+00
-1.871412754058837891e+00
-1.898213624954223633e+00
-2.490463972091674805e+00
-1.760620594024658203e+00
-3.110117435455322266e+00
-1.681104302406311035e+00
-3.133379459381103516e+00
-2.293962955474853516e+00
-2.502421855926513672e+00
-2.808205366134643555e+00
-3.160771846771240234e+00
-2.177599906921386719e+00
-2.910818338394165039e+00
-2.443480253219604492e+00
-3.404352426528930664e+00
-2.776932239532470703e+00
-2.518692016601562500e+00
-3.329168319702148438e+00
-1.364709019660949707e+00
-1.999265193939208984e+00
-1.746297717094421387e+00
-1.767803311347961426e+00
-2.047773122787475586e+00
-3.059185028076171875e+00
-2.188415765762329102e+00
-3.441034555435180664e+00
-2.815179347991943359e+00
-1.518143773078918457e+00
-2.375334024429321289e+00
-2.754827022552490234e+00
-1.201229572296142578e+00
-3.018361806869506836e+00
-2.428598880767822266e+00
-2.699207782745361328e+00
-2.922049283981323242e+00
-1.954651713371276855e+00
-2.341811656951904297e+00
-2.454946279525756836e+00
-2.055491447448730469e+00
-3.072763204574584961e+00
-2.001852512359619141e+00
-2.871897220611572266e+00
-2.340869903564453125e+00
-1.840474843978881836e+00
-3.152290344238281250e+00
-2.857072353363037109e+00
-1.952285408973693848e+00
-2.927895545959472656e+00
-3.401615858078002930e+00
-3.271326541900634766e+00
-2.986492395401000977e+00
-3.007108926773071289e+00
-2.100558757781982422e+00
-2.114007472991943359e+00
-3.254677772521972656e+00
-1.995023608207702637e+00
-2.837780952453613281e+00
-3.305789709091186523e+00
-2.484414577484130859e+00
-3.614621400833129883e+00
-2.781246662139892578e+00
-2.703969001770019531e+00
-9.478436112403869629e-01
-2.210505962371826172e+00
-2.570206880569458008e+00
-2.581471204757690430e+00
-8.934485316276550293e-01
-2.686009645462036133e+00
-2.340460300445556641e+00
-2.960910081863403320e+00
-3.025615215301513672e+00
-2.061620712280273438e+00
-2.225978374481201172e+00
-2.114239931106567383e+00
-1.710701823234558105e+00
-2.368938446044921875e+00
-3.504745006561279297e+00
-2.466435194015502930e+00
-1.988573193550109863e+00
-2.250298976898193359e+00
-2.842991352081298828e+00
-1.875959277153015137e+00
-3.280992507934570312e+00
-2.638577699661254883e+00
-2.142692565917968750e+00
-2.305494546890258789e+00
-2.574850082397460938e+00
-3.369394540786743164e+00
-1.840102553367614746e+00
-3.187458038330078125e+00
-2.618632078170776367e+00
-3.106784582138061523e+00
-3.108131170272827148e+00
-2.447808504104614258e+00
-9.689717292785644531e-01
-1.876524090766906738e+00
-2.020594835281372070e+00
-2.571994066238403320e+00
-2.169295787811279297e+00
-2.063256263732910156e+00
-2.970824718475341797e+00
-1.112925529479980469e+00
-1.855831980705261230e+00
-1.580246210098266602e+00
-2.045608282089233398e+00
-1.677186489105224609e+00
-2.011903762817382812e+00
-3.215308666229248047e+00
-1.278906345367431641e+00
-2.206364393234252930e+00
-2.239500045776367188e+00
-2.447463750839233398e+00
-3.315412282943725586e+00
-2.501604318618774414e+00
-1.640623211860656738e+00
-3.043531417846679688e+00
-2.379207134246826172e+00
-2.340033292770385742e+00
-1.551636219024658203e+00
-2.664680242538452148e+00
-1.336004018783569336e+00
-2.216341733932495117e+00
-2.506668090820312500e+00
-3.493074655532836914e+00
-1.938997030258178711e+00
-2.362312555313110352e+00
-3.113523423671722412e-01
-1.440064787864685059e+00
-1.436017990112304688e+00
-3.303101301193237305e+00
-2.782908201217651367e+00
-3.388577938079833984e+00
-2.258210420608520508e+00
-3.218868494033813477e+00
-2.696480989456176758e+00
-2.089732170104980469e+00
-1.477254390716552734e+00
-1.605038881301879883e+00
-1.812921285629272461e+00
-1.639362335205078125e+00
-3.341946840286254883e+00
-2.903838634490966797e+00
-2.154428482055664062e+00
-2.777860164642333984e+00
-2.155959367752075195e+00
-2.008545160293579102e+00
-2.348241329193115234e+00
-3.491863489151000977e+00
-2.957032442092895508e+00
-3.228928804397583008e+00
-2.241853237152099609e+00
-1.810476899147033691e+00
-3.028183221817016602e+00
-3.334383964538574219e+00
-9.654114246368408203e-01
-1.939929485321044922e+00
-2.040004968643188477e+00
-2.879290819168090820e+00
-1.822797060012817383e+00
-9.401491880416870117e-01
-2.381395339965820312e+00
-1.832987546920776367e+00
-2.324377536773681641e+00
-1.758157849311828613e+00
-2.758693456649780273e+00
-3.032567024230957031e+00
-1.616688489913940430e+00
-1.560102105140686035e+00
-2.296648025512695312e+00
-3.404177904129028320e+00
-2.188497066497802734e+00
-2.625667810440063477e+00
-1.403448820114135742e+00
-2.605537414550781250e+00
-3.123747587203979492e+00
-1.789119362831115723e+00
-3.380119562149047852e+00
-3.112388372421264648e+00
-2.583675622940063477e+00
-2.449484109878540039e+00
-2.954105138778686523e+00
-2.243706464767456055e+00
-1.717453956604003906e+00
-1.847358345985412598e+00
-3.194347143173217773e+00
-1.301094651222229004e+00
-3.307395219802856445e+00
-2.476731777191162109e+00
-3.169526576995849609e+00
-2.249574422836303711e+00
-7.804352641105651855e-01
-1.961916804313659668e+00
-2.946531534194946289e+00
-1.454251766204833984e+00
-2.978761911392211914e+00
-1.990446567535400391e+00
-1.330718636512756348e+00
-1.907323598861694336e+00
-2.491113185882568359e+00
-2.088249683380126953e+00
-2.293638706207275391e+00
-2.623837471008300781e+00
-2.116057872772216797e+00
-2.022906780242919922e+00
-2.440928697586059570e+00
-2.013001441955566406e+00
-6.773544549942016602e-01
-2.649951934814453125e+00
-2.083537101745605469e+00
-2.688348054885864258e+00
-3.348053932189941406e+00
-2.333487033843994141e+00
-2.585539340972900391e+00
-2.089988231658935547e+00
-1.756725072860717773e+00
-2.349883079528808594e+00
-3.062594175338745117e+00
-1.745983362197875977e+00
-3.052333593368530273e+00
-7.014120221138000488e-01
-1.940674781799316406e+00
-2.046870946884155273e+00
-1.323484897613525391e+00
-2.550381898880004883e+00
-2.497766971588134766e+00
-1.549061059951782227e+00
-2.461075067520141602e+00
-1.610019207000732422e+00
-3.679029703140258789e+00
-2.079344749450683594e+00
-3.675904273986816406e+00
-2.668383836746215820e+00
-3.046736001968383789e+00
-2.630432605743408203e+00
-4.009939193725585938e+00
-3.489336490631103516e+00
-3.986154079437255859e+00
-1.624423027038574219e+00
-1.799773454666137695e+00
-3.500676155090332031e+00
-2.115107059478759766e+00
-3.205080032348632812e+00
-2.369823694229125977e+00
-1.484202027320861816e+00
-1.812136411666870117e+00
-3.381047248840332031e+00
-3.257556438446044922e+00
-3.661746025085449219e+00
-1.450082182884216309e+00
-3.288563489913940430e+00
-3.416718006134033203e+00
-2.903264522552490234e+00
-2.595890522003173828e+00
-3.275991439819335938e+00
-2.521794795989990234e+00
-1.831328034400939941e+00
-2.092151641845703125e+00
-1.684598088264465332e+00
-2.608520030975341797e+00
-2.865259170532226562e+00
-1.224184036254882812e+00
-2.851901769638061523e+00
-2.606855392456054688e+00
-2.217242479324340820e+00
-1.955399751663208008e+00
-1.922052025794982910e+00
-2.291615247726440430e+00
-3.037712812423706055e+00
-2.862616300582885742e+00
-3.072001218795776367e+00
-2.234332799911499023e+00
-1.904965162277221680e+00
-3.014859199523925781e+00
-3.212142467498779297e+00
-2.864516258239746094e+00
-2.357388496398925781e+00
-1.199311137199401855e+00
-1.319412112236022949e+00
-3.671110153198242188e+00
-1.836700201034545898e+00
-2.249534606933593750e+00
-2.702544689178466797e+00
-1.747712135314941406e+00
-3.297141790390014648e+00
-2.307480335235595703e+00
-2.232580184936523438e+00
-3.379305839538574219e+00
-9.527139663696289062e-01
-2.500383138656616211e+00
-2.867729902267456055e+00
-2.604431390762329102e+00
-1.058129906654357910e+00
-1.393299102783203125e+00
-1.269826650619506836e+00
-2.367599487304687500e+00
-2.880270242691040039e+00
-2.390534162521362305e+00
-2.995488643646240234e+00
-2.008588075637817383e+00
-3.350305318832397461e+00
-2.782887458801269531e+00
-1.922721028327941895e+00
-1.103778243064880371e+00
-3.453835487365722656e+00
-3.320868253707885742e+00
-3.534829854965209961e+00
-3.103430271148681641e+00
-2.286543369293212891e+00
-2.967356443405151367e+00
-2.651250839233398438e+00
-2.381102085113525391e+00
-2.207952499389648438e+00
-3.513324975967407227e+00
-3.098770380020141602e+00
-3.101708173751831055e+00
-3.100653886795043945e+00
-2.007284164428710938e+00
-3.108577489852905273e+00
-2.180598258972167969e+00
-2.626791238784790039e+00
-1.754786252975463867e+00
-3.211755037307739258e+00
-1.313394546508789062e+00
-2.540555953979492188e+00
-1.886438846588134766e+00
-3.419111728668212891e+00
-2.609688043594360352e+00
-1.017899155616760254e+00
-2.259232044219970703e+00
-2.036451339721679688e+00
-3.174092769622802734e+00
-2.781613349914550781e+00
-2.148849487304687500e+00
-2.021769285202026367e+00
-2.041823863983154297e+00
-2.848455429077148438e+00
-2.427132844924926758e+00
-3.425472021102905273e+00
-2.784803628921508789e+00
-1.999571800231933594e+00
-7.213988900184631348e-01
-1.597776055335998535e+00
-3.214429855346679688e+00
-3.628967761993408203e+00
-2.967547655105590820e+00
-3.409488201141357422e+00
-1.437262058258056641e+00
-3.362929821014404297e+00
-1.273288726806640625e+00
-3.604503631591796875e+00
-2.595944881439208984e+00
-2.122736454010009766e+00
-1.214314937591552734e+00
-3.408201456069946289e+00
-3.366294622421264648e+00
-2.222878932952880859e+00
-2.993908166885375977e+00
-1.990840792655944824e+00
-2.984459400177001953e+00
-2.537717103958129883e+00
-2.065973997116088867e+00
-3.330155849456787109e+00
-2.797236680984497070e+00
-2.446602106094360352e+00
-3.403598785400390625e+00
-2.416341304779052734e+00
-1.789070844650268555e+00
-2.892849206924438477e+00
-2.549555301666259766e+00
-3.110417366027832031e+00
-2.476659059524536133e+00
-1.915674448013305664e+00
-1.781162261962890625e+00
-2.319172382354736328e+00
-2.329568862915039062e+00
-1.968858480453491211e+00
-1.761284828186035156e+00
-1.429750442504882812e+00
-3.052002906799316406e+00
-2.322738170623779297e+00
-1.705637574195861816e+00
-8.371960520744323730e-01
-2.710561990737915039e+00
-2.026007890701293945e+00
-2.471649408340454102e+00
-2.232039928436279297e+00
-1.994413971900939941e+00
-2.250435352325439453e+00
-3.397810220718383789e+00
-8.996003866195678711e-01
-2.698558568954467773e+00
-9.388548135757446289e-01
-2.887328624725341797e+00
-2.821717262268066406e+00
-2.766694784164428711e+00
-1.361862778663635254e+00
-1.929579019546508789e+00
-2.319021701812744141e+00
-2.419208765029907227e+00
-3.644769906997680664e+00
-2.269968748092651367e+00
-1.137962698936462402e+00
-2.089656591415405273e+00
-2.548488140106201172e+00
-2.520516395568847656e+00
-3.096634626388549805e+00
-3.413038730621337891e+00
-7.568018436431884766e-01
-2.431981563568115234e+00
-2.380058050155639648e+00
-1.568921208381652832e+00
-3.242612600326538086e+00
-2.361747503280639648e+00
-2.812820672988891602e+00
-1.736283898353576660e+00
-2.173711299896240234e+00
-2.284775495529174805e+00
-2.640802860260009766e+00
-2.342516183853149414e+00
-2.688556432723999023e+00
-2.341768741607666016e+00
-1.793678641319274902e+00
-3.441489934921264648e+00
-2.840362310409545898e+00
-2.198618888854980469e+00
-2.953429698944091797e+00
-2.984723806381225586e+00
-3.405371427536010742e+00
-3.089299440383911133e+00
-3.229768037796020508e+00
-2.999551773071289062e+00
-3.256186485290527344e+00
-1.194148778915405273e+00
-1.748486042022705078e+00
-3.176617145538330078e+00
-3.436634778976440430e+00
-1.325073480606079102e+00
-1.110576272010803223e+00
-2.325383663177490234e+00
-2.839500427246093750e+00
-2.598728179931640625e+00
-1.708376049995422363e+00
-3.255197048187255859e+00
-2.940751791000366211e+00
-1.805198192596435547e+00
-2.747534275054931641e+00
-3.006192684173583984e+00
-1.599164724349975586e+00
-3.165585517883300781e+00
-3.219685256481170654e-01
-1.658702492713928223e+00
-2.457683563232421875e+00
-2.230278730392456055e+00
-1.785279154777526855e+00
-2.170969247817993164e+00
-2.054013490676879883e+00
-2.161916017532348633e+00
-2.534892797470092773e+00
-2.977518796920776367e+00
-1.926725387573242188e+00
-1.199466347694396973e+00
-1.802867174148559570e+00
-3.223003387451171875e+00
-2.349174022674560547e+00
-1.862230896949768066e+00
-3.071789026260375977e+00
-1.835167288780212402e+00
-2.503358125686645508e+00
-1.807996988296508789e+00
-3.494988203048706055e+00
-2.895509958267211914e+00
-3.253964424133300781e+00
-1.327931880950927734e+00
-3.657228469848632812e+00
-3.011740207672119141e+00
-2.731851100921630859e+00
-2.932970046997070312e+00
-2.832359552383422852e+00
-2.201509475708007812e+00
-2.354678630828857422e+00
-3.085012912750244141e+00
-2.447743654251098633e+00
-2.265067577362060547e+00
-3.055258035659790039e+00
-2.235567569732666016e+00
-3.669726610183715820e+00
-3.846426486968994141e+00
-2.758697032928466797e+00
-1.281068921089172363e+00
-2.807692289352416992e+00
-3.256079196929931641e+00
-3.032667160034179688e+00
-3.760085821151733398e+00
-3.345681190490722656e+00
-1.888186812400817871e+00
-2.680572032928466797e+00
-1.936415433883666992e+00
-1.476760506629943848e+00
-2.277404308319091797e+00
-1.962793111801147461e+00
-2.475519180297851562e+00
-3.592710018157958984e+00
-2.922369003295898438e+00
-3.463875293731689453e+00
-1.787916660308837891e+00
-2.449054718017578125e+00
-2.657593011856079102e+00
-1.879278659820556641e+00
-1.570298552513122559e+00
-3.017424583435058594e+00
-2.491440296173095703e+00
-2.788100957870483398e+00
-1.419384002685546875e+00
-3.358506917953491211e+00
-1.811822533607482910e+00
-3.381014823913574219e+00
-2.126846313476562500e+00
-2.321430444717407227e+00
-2.639637470245361328e+00
-1.770120143890380859e+00
-2.541234970092773438e+00
-2.874188661575317383e+00
-2.202731847763061523e+00
-3.357649087905883789e+00
-2.562528371810913086e+00
-2.098549127578735352e+00
-1.348718285560607910e+00
-1.606031179428100586e+00
-1.225661158561706543e+00
-3.599266052246093750e+00
-2.478107929229736328e+00
-1.424801945686340332e+00
-2.593465566635131836e+00
-2.523503780364990234e+00
-2.768958568572998047e+00
-2.905573606491088867e+00
-2.026226520538330078e-01
-1.082410573959350586e+00
-1.931480169296264648e+00
-2.067816495895385742e+00
-3.120283126831054688e+00
-3.914038240909576416e-01
-3.390211105346679688e+00
-3.475754499435424805e+00
-2.849930524826049805e+00
-2.908559799194335938e+00
-2.375806570053100586e+00
-2.947270631790161133e+00
-2.838214397430419922e+00
-2.731300830841064453e+00
-1.463321447372436523e+00
-3.109028100967407227e+00
-2.871668815612792969e+00
-3.421591520309448242e+00
-1.159472703933715820e+00
-2.955477237701416016e+00
-2.383857488632202148e+00
-2.571398973464965820e+00
-3.418620109558105469e+00
-2.220636129379272461e+00
-1.304207444190979004e+00
-3.593147039413452148e+00
-2.083221197128295898e+00
-2.408545494079589844e+00
-8.903901576995849609e-01
-1.581650376319885254e+00
-3.707136631011962891e+00
-3.051736593246459961e+00
-3.306613206863403320e+00
-1.320116639137268066e+00
-1.141464710235595703e+00
-2.623858690261840820e+00
-2.356083393096923828e+00
-2.537871360778808594e+00
-9.309850335121154785e-01
-2.044681787490844727e+00
-2.383775234222412109e+00
-2.029035329818725586e+00
-2.086835384368896484e+00
-3.008528947830200195e+00
-2.151030302047729492e+00
-1.386883258819580078e+00
-2.800012111663818359e+00
-3.547510385513305664e+00
-3.327980041503906250e+00
-1.874239206314086914e+00
-2.540664672851562500e+00
-2.940730094909667969e+00
-1.104431271553039551e+00
-2.675024032592773438e+00
-2.498888969421386719e+00
-6.133866310119628906e-01
-2.572283029556274414e+00
-2.591153144836425781e+00
-2.326558351516723633e+00
-2.865653514862060547e+00
-3.066685199737548828e+00
-3.364295959472656250e+00
-2.677342891693115234e+00
-2.829606771469116211e+00
-1.888100981712341309e+00
-1.476863026618957520e+00
-1.397990703582763672e+00
-2.873347282409667969e+00
-2.311297655105590820e+00
-3.559777736663818359e+00
-2.812008857727050781e+00
-2.309008359909057617e+00
-1.368077874183654785e+00
-2.673966169357299805e+00
-3.107970237731933594e+00
-2.978948354721069336e+00
-1.522924780845642090e+00
-2.583982467651367188e+00
-3.508382320404052734e+00
-2.013674497604370117e+00
-1.737451434135437012e+00
-2.304206490516662598e-01
-2.137798070907592773e+00
-3.359377861022949219e+00
-2.162978649139404297e+00
-2.047793388366699219e+00
-2.170165777206420898e+00
-2.574861764907836914e+00
-2.588063478469848633e+00
-1.794548034667968750e+00
-1.666387081146240234e+00
-2.694962263107299805e+00
-2.204239368438720703e+00
-7.583729028701782227e-01
-2.644477367401123047e+00
-2.257218837738037109e+00
-2.275226354598999023e+00
-2.014216899871826172e+00
-2.087106943130493164e+00
-1.794583678245544434e+00
-2.853786945343017578e+00
-1.827662706375122070e+00
-2.489141941070556641e+00
-2.392906427383422852e+00
-2.844427824020385742e+00
-3.189575195312500000e+00
-3.541315555572509766e+00
-1.755502939224243164e+00
-3.761169672012329102e+00
-6.651150584220886230e-01
-2.991669416427612305e+00
-3.020902633666992188e+00
-1.410158276557922363e+00
-2.678409814834594727e+00
-2.737178325653076172e+00
-3.456475734710693359e+00
-3.817692995071411133e+00
-1.938455104827880859e+00
-1.481289267539978027e+00
-2.048258066177368164e+00
-2.429227828979492188e+00
-2.651670455932617188e+00
-1.223873376846313477e+00
-1.982915639877319336e+00
-2.211441993713378906e+00
-2.351262569427490234e+00
-1.595435619354248047e+00
-3.645587682723999023e+00
-1.583398342132568359e+00
-2.340339183807373047e+00
-3.545040130615234375e+00
-2.483817577362060547e+00
-1.740299582481384277e+00
-2.175851583480834961e+00
-2.118929624557495117e+00
-1.986293911933898926e+00
-3.805570602416992188e+00
-3.284543752670288086e+00
-2.466120004653930664e+00
-3.371228218078613281e+00
-1.223478317260742188e+00
-1.660962700843811035e+00
-2.918646574020385742e+00
-1.203514575958251953e+00
-2.670977830886840820e+00
-3.258299827575683594e+00
-2.243369340896606445e+00
-3.096255064010620117e+00
-2.757061243057250977e+00
-1.802258491516113281e+00
-3.321357011795043945e+00
-9.661408662796020508e-01
-1.924534916877746582e+00
-1.314566493034362793e+00
-2.477358818054199219e+00
-1.992049574851989746e+00
-1.755885601043701172e+00
-3.149595260620117188e+00
-1.582725286483764648e+00
-1.339508414268493652e+00
-3.328726053237915039e+00
-1.924498915672302246e+00
-2.741209268569946289e+00
-1.936470270156860352e+00
-2.356743335723876953e+00
-1.554736495018005371e+00
-3.580112457275390625e+00
-2.482772827148437500e+00
-1.259262204170227051e+00
-9.645152688026428223e-01
-1.846150279045104980e+00
-2.679095029830932617e+00
-2.648512125015258789e+00
-1.511078596115112305e+00
-3.217521905899047852e+00
-2.709546089172363281e+00
-2.715536594390869141e+00
-3.395990371704101562e+00
-1.465278387069702148e+00
-3.423210382461547852e+00
-1.815216660499572754e+00
-1.051210761070251465e+00
-1.972814440727233887e+00
-3.349202871322631836e+00
-2.928479909896850586e-01
-2.051063299179077148e+00
-3.378685474395751953e+00
-2.213233709335327148e+00
-2.363132476806640625e+00
-1.637624025344848633e+00
-1.764755368232727051e+00
-1.228906750679016113e+00
-2.339037179946899414e+00
-2.226959943771362305e+00
-2.396945238113403320e+00
-2.837572574615478516e+00
-1.902358889579772949e+00
-2.631198644638061523e+00
-1.435753464698791504e+00
-1.942281961441040039e+00
