-3.639424145221710205e-01
-1.285203576087951660e+00
-1.905251979827880859e+00
-2.617319822311401367e+00
-1.368458867073059082e+00
-1.851254105567932129e+00
-1.835168004035949707e+00
-2.157392263412475586e+00
-2.459053039550781250e+00
-2.547822713851928711e+00
-2.608707189559936523e+00
-2.377583503723144531e+00
-2.452223539352416992e+00
-2.927788734436035156e+00
-2.139565229415893555e+00
-2.428784132003784180e+00
-2.445322275161743164e+00
-2.973058938980102539e+00
-1.207133054733276367e+00
-2.881948709487915039e+00
-1.814015984535217285e+00
-2.781824827194213867e+00
-2.350538253784179688e+00
-3.115657091140747070e+00
-2.148110628128051758e+00
-2.569579601287841797e+00
-2.544415950775146484e+00
-2.698358535766601562e+00
-1.254282712936401367e+00
-2.347812652587890625e+00
-1.377591371536254883e+00
-2.288560628890991211e+00
-2.243124246597290039e+00
-3.297230482101440430e+00
-1.272879004478454590e+00
-2.208948135375976562e+00
-3.419111728668212891e+00
-2.010946035385131836e+00
-1.195352077484130859e+00
-2.959726333618164062e+00
-1.510323524475097656e+00
-2.797184705734252930e+00
-1.863549470901489258e+00
-2.077555656433105469e+00
-2.414974212646484375e+00
-2.363157510757446289e+00
-1.327537417411804199e+00
-1.367224216461181641e+00
-1.765743732452392578e+00
-2.475512742996215820e+00
-7.961862683296203613e-01
-1.288539886474609375e+00
-2.670748710632324219e+00
-3.617909193038940430e+00
-2.018775463104248047e+00
-2.429425477981567383e+00
-3.186517477035522461e+00
-2.402478933334350586e+00
-1.642042636871337891e+00
-2.355224132537841797e+00
-1.025771737098693848e+00
-2.125148296356201172e+00
-1.490747809410095215e+00
-1.860317349433898926e+00
-3.379227399826049805e+00
-2.541865110397338867e+00
-8.788909912109375000e-01
-1.612854838371276855e+00
-3.014991044998168945e+00
-3.277368068695068359e+00
-1.492328405380249023e+00
-2.469835519790649414e+00
-3.127159595489501953e+00
-3.365426778793334961e+00
-2.209457635879516602e+00
-1.664325714111328125e+00
-3.497599363327026367e+00
-2.372269868850708008e+00
-1.401089668273925781e+00
-2.493843317031860352e+00
-3.132953882217407227e+00
-2.732383489608764648e+00
-1.608109831809997559e+00
-2.717863082885742188e+00
-1.623674273490905762e+00
-1.123144984245300293e+00
-1.304055690765380859e+00
-2.562577486038208008e+00
-3.035016298294067383e+00
-2.714219093322753906e+00
-2.508160591125488281e+00
-2.741595506668090820e+00
-2.546502828598022461e+00
-2.764793634414672852e+00
-1.810277342796325684e+00
-2.784555435180664062e+00
-3.465043544769287109e+00
-1.398836374282836914e+00
-8.923640847206115723e-01
-2.429592847824096680e+00
-2.612935781478881836e+00
-2.909215211868286133e+00
-1.610330581665039062e+00
-2.927517175674438477e+00
-3.071399450302124023e+00
-1.682263612747192383e+00
-2.039300680160522461e+00
-2.650886774063110352e+00
-2.264577627182006836e+00
-3.022367954254150391e+00
-1.597264409065246582e+00
-7.339885234832763672e-01
-3.927027940750122070e+00
-3.130865097045898438e+00
-2.310505628585815430e+00
-3.122789382934570312e+00
-1.465094566345214844e+00
-3.195236444473266602e+00
-1.548218846321105957e+00
-2.306287288665771484e+00
-2.342477083206176758e+00
-3.599012136459350586e+00
-2.592905282974243164e+00
-9.960473775863647461e-01
-2.117932081222534180e+00
-2.979431867599487305e+00
-7.105928659439086914e-01
-2.302405595779418945e+00
-3.332296371459960938e+00
-1.915359735488891602e+00
-2.306041717529296875e+00
-1.868729591369628906e+00
-2.552083730697631836e+00
-2.452458620071411133e+00
-2.027503967285156250e+00
-2.975582361221313477e+00
-2.637928962707519531e+00
-3.652555704116821289e+00
-1.018453955650329590e+00
-2.744348764419555664e+00
-2.719809770584106445e+00
-2.818832874298095703e+00
-1.698553204536437988e+00
-2.021067857742309570e+00
-2.839082717895507812e+00
-3.488213777542114258e+00
-1.980503439903259277e+00
-2.089221715927124023e+00
-3.532820701599121094e+00
-2.911948919296264648e+00
-1.812649369239807129e+00
-2.657088994979858398e+00
-3.725990056991577148e+00
-3.281627893447875977e+00
-1.091845154762268066e+00
-1.147403120994567871e+00
-3.164484500885009766e+00
-3.071305990219116211e+00
-1.823668956756591797e+00
-2.861192941665649414e+00
-2.318650245666503906e+00
-3.386467933654785156e+00
-2.534656763076782227e+00
-1.344017624855041504e+00
-1.425593614578247070e+00
-2.662689685821533203e+00
-3.260352611541748047e+00
-2.071177482604980469e+00
-1.299438238143920898e+00
-2.730948448181152344e+00
-2.625547885894775391e+00
-2.530734777450561523e+00
-2.677556276321411133e+00
-1.884078860282897949e+00
-2.950813055038452148e+00
-2.921696186065673828e+00
-2.630249023437500000e+00
-3.097276926040649414e+00
-2.612428665161132812e+00
-2.421928167343139648e+00
-3.386671066284179688e+00
-2.090334415435791016e+00
-3.415738821029663086e+00
-2.369067907333374023e+00
-2.976054668426513672e+00
-2.396279573440551758e+00
-2.018621206283569336e+00
-3.471624135971069336e+00
-1.983399510383605957e+00
-2.653417825698852539e+00
-3.030719995498657227e+00
-3.422508478164672852e+00
-2.370547771453857422e+00
-3.153660297393798828e+00
-2.526907682418823242e+00
-2.630205869674682617e+00
-2.560819149017333984e+00
-3.233831405639648438e+00
-3.455899953842163086e+00
-3.057010412216186523e+00
-3.761215209960937500e+00
-3.206799983978271484e+00
-2.560962200164794922e+00
-2.706590414047241211e+00
-2.024347782135009766e+00
-2.264007329940795898e+00
-2.709841251373291016e+00
-2.811465263366699219e+00
-2.283472537994384766e+00
-1.535693049430847168e+00
-2.411247730255126953e+00
-3.064460515975952148e+00
-3.800338506698608398e+00
-3.261983633041381836e+00
-2.564451932907104492e+00
-3.144841194152832031e+00
-3.256118297576904297e+00
-2.943672418594360352e+00
-2.346900701522827148e+00
-2.545856475830078125e+00
-2.997112274169921875e+00
-2.869210720062255859e+00
-2.467636346817016602e+00
-3.527086973190307617e+00
-3.092689514160156250e+00
-2.299607515335083008e+00
-3.375948905944824219e+00
-2.664930582046508789e+00
-3.437908887863159180e+00
-2.184006452560424805e+00
-2.096065521240234375e+00
-2.105484008789062500e+00
-3.515432119369506836e+00
-2.041229724884033203e+00
-2.712399005889892578e+00
-2.164819478988647461e+00
-2.260573863983154297e+00
-2.373970985412597656e+00
-2.784541845321655273e+00
-2.534438371658325195e+00
-2.946017980575561523e+00
-1.722317576408386230e+00
-3.012933254241943359e+00
-3.320555686950683594e+00
-2.778967142105102539e+00
-3.161076068878173828e+00
-3.210228443145751953e+00
-3.225486755371093750e+00
-2.316950082778930664e+00
-2.505258321762084961e+00
-1.633686304092407227e+00
-2.225173950195312500e+00
-2.133474349975585938e+00
-2.174860954284667969e+00
-2.432944774627685547e+00
-2.969228744506835938e+00
-3.577717542648315430e+00
-3.238507747650146484e+00
-3.733244895935058594e+00
-1.203154444694519043e+00
-3.118352890014648438e+00
-2.568663358688354492e+00
-2.153079271316528320e+00
-2.857818841934204102e+00
-3.284143924713134766e+00
-2.520598649978637695e+00
-3.644822120666503906e+00
-3.643623828887939453e+00
-2.082472085952758789e+00
-2.898369789123535156e+00
-2.516279220581054688e+00
-3.362393379211425781e+00
-2.408584117889404297e+00
-3.444001436233520508e+00
-3.335598707199096680e+00
-3.029748678207397461e+00
-2.592818737030029297e+00
-2.928424358367919922e+00
-3.940198659896850586e+00
-2.789918661117553711e+00
-2.482079505920410156e+00
-2.112548351287841797e+00
-3.590988159179687500e+00
-3.775083065032958984e+00
-3.552878618240356445e+00
-2.802680253982543945e+00
-3.690160751342773438e+00
-3.019113540649414062e+00
-2.675092458724975586e+00
-3.287398576736450195e+00
-3.870519161224365234e+00
-2.591392040252685547e+00
-2.548153162002563477e+00
-1.922692418098449707e+00
-2.809721231460571289e+00
-3.314452171325683594e+00
-3.240210771560668945e+00
-2.419252872467041016e+00
-1.767212986946105957e+00
-2.824076890945434570e+00
-2.664787530899047852e+00
-2.740434646606445312e+00
-2.789964199066162109e+00
-2.578639507293701172e+00
-2.245598793029785156e+00
-3.355732202529907227e+00
-2.433887004852294922e+00
-1.725578546524047852e+00
-2.559242725372314453e+00
-2.443456411361694336e+00
-2.845327615737915039e+00
-3.737044095993041992e+00
-2.948568105697631836e+00
-3.014042615890502930e+00
-2.107117176055908203e+00
-2.361469984054565430e+00
-2.582852363586425781e+00
-1.878816127777099609e+00
-3.351045370101928711e+00
-2.620887756347656250e+00
-2.723347663879394531e+00
-2.605829477310180664e+00
-3.109437942504882812e+00
-3.485739469528198242e+00
-3.705572128295898438e+00
-2.843848466873168945e+00
-2.177095413208007812e+00
-3.133473157882690430e+00
-2.288823604583740234e+00
-1.906827688217163086e+00
-2.096525192260742188e+00
-3.386939287185668945e+00
-3.383049726486206055e+00
-3.023281335830688477e+00
-3.424601316452026367e+00
-1.887213110923767090e+00
-3.506009340286254883e+00
-2.376609563827514648e+00
-2.063928842544555664e+00
-3.477450609207153320e+00
-3.019705772399902344e+00
-3.016685962677001953e+00
-2.749727725982666016e+00
-2.270930051803588867e+00
-2.334289073944091797e+00
-3.124197483062744141e+00
-2.709191560745239258e+00
-3.175090789794921875e+00
-2.854131698608398438e+00
-3.237334728240966797e+00
-3.416207075119018555e+00
-3.295941591262817383e+00
-3.190006494522094727e+00
-3.610907077789306641e+00
-2.411464691162109375e+00
-3.159195184707641602e+00
-1.053048014640808105e+00
-2.590035915374755859e+00
-1.779966711997985840e+00
-2.830037593841552734e+00
-2.638115167617797852e+00
-2.750082015991210938e+00
-3.346035718917846680e+00
-3.048795938491821289e+00
-3.471709728240966797e+00
-2.857930660247802734e+00
-3.595160722732543945e+00
-3.542193174362182617e+00
-2.923203945159912109e+00
-3.422584772109985352e+00
-2.387207269668579102e+00
-2.722917795181274414e+00
-3.355780124664306641e+00
-2.454367876052856445e+00
-2.446773052215576172e+00
-2.324541807174682617e+00
-3.424266099929809570e+00
-3.102763414382934570e+00
-3.195964097976684570e+00
-2.872754812240600586e+00
-2.282753705978393555e+00
-3.262781143188476562e+00
-2.969810247421264648e+00
-2.269994497299194336e+00
-3.249475240707397461e+00
-2.801546812057495117e+00
-3.181807994842529297e+00
-2.778132200241088867e+00
-3.701754570007324219e+00
-2.087343454360961914e+00
-3.435722827911376953e+00
-3.569002151489257812e+00
-3.392983436584472656e+00
-2.377713203430175781e+00
-2.744592428207397461e+00
-2.893906831741333008e+00
-2.422369241714477539e+00
-3.537705659866333008e+00
-3.437139034271240234e+00
-3.611287117004394531e+00
-3.706753730773925781e+00
-2.928546428680419922e+00
-2.457184076309204102e+00
-3.194957017898559570e+00
-2.824505805969238281e+00
-1.552202939987182617e+00
-2.815895557403564453e+00
-2.920047760009765625e+00
-3.741644382476806641e+00
-2.877745628356933594e+00
-1.986486792564392090e+00
-2.684324741363525391e+00
-3.696822643280029297e+00
-3.214452266693115234e+00
-2.599093198776245117e+00
-4.080915927886962891e+00
-3.250612974166870117e+00
-1.845239639282226562e+00
-2.579795360565185547e+00
-3.197360515594482422e+00
-3.415714263916015625e+00
-2.741693735122680664e+00
-2.871664285659790039e+00
-3.101162195205688477e+00
-2.819504022598266602e+00
-2.245038032531738281e+00
-3.120735645294189453e+00
-2.130761146545410156e+00
-3.054206848144531250e+00
-2.387032270431518555e+00
-2.583676815032958984e+00
-3.205193519592285156e+00
-2.573451757431030273e+00
-2.814760684967041016e+00
-3.137540340423583984e+00
-2.932323217391967773e+00
-2.869642972946166992e+00
-3.537983894348144531e+00
-3.649942636489868164e+00
-2.108822107315063477e+00
-3.143232345581054688e+00
-3.142133712768554688e+00
-1.347356200218200684e+00
-2.910131454467773438e+00
-3.001084327697753906e+00
-1.063590526580810547e+00
-2.979239225387573242e+00
-2.685621023178100586e+00
-2.264468193054199219e+00
-3.022497653961181641e+00
-3.083205938339233398e+00
-3.225314855575561523e+00
-3.347568988800048828e+00
-3.509806394577026367e+00
-2.450416564941406250e+00
-3.024869680404663086e+00
-3.097023248672485352e+00
-3.298421144485473633e+00
-3.268417835235595703e+00
-2.961772680282592773e+00
-3.443211793899536133e+00
-3.688811540603637695e+00
-2.821453809738159180e+00
-3.058057308197021484e+00
-2.228412389755249023e+00
-2.373303890228271484e+00
-2.629044294357299805e+00
-3.639146089553833008e+00
-1.477497816085815430e+00
-3.236097097396850586e+00
-2.985075950622558594e+00
-2.299598217010498047e+00
-1.800118565559387207e+00
-3.491537094116210938e+00
-2.710106611251831055e+00
-2.535869121551513672e+00
-2.711183786392211914e+00
-1.863750338554382324e+00
-2.188402175903320312e+00
-3.188621520996093750e+00
-3.374458312988281250e+00
-1.763464570045471191e+00
-1.455503106117248535e+00
-3.449555635452270508e+00
-2.539262771606445312e+00
-2.788110256195068359e+00
-3.569299936294555664e+00
-3.030344963073730469e+00
-2.969373226165771484e+00
-2.059738874435424805e+00
-2.765698909759521484e+00
-1.707458019256591797e+00
-2.550135612487792969e+00
-2.678373098373413086e+00
-2.390294551849365234e+00
-2.861350059509277344e+00
-2.832929611206054688e+00
-2.914028882980346680e+00
-2.547271490097045898e+00
-2.769572734832763672e+00
-3.090349197387695312e+00
-3.476115226745605469e+00
-3.402952432632446289e+00
-2.659667730331420898e+00
-2.927466630935668945e+00
-2.892935037612915039e+00
-3.134983777999877930e+00
-1.069213390350341797e+00
-3.005650281906127930e+00
-2.910071849822998047e+00
-2.477530956268310547e+00
-2.636031627655029297e+00
-2.199770212173461914e+00
-2.458024263381958008e+00
-3.037775039672851562e+00
-2.352906227111816406e+00
-2.391818761825561523e+00
-3.720482110977172852e+00
-2.307323694229125977e+00
-2.350806236267089844e+00
-3.057492256164550781e+00
-3.218795061111450195e+00
-3.683096647262573242e+00
-3.793553113937377930e+00
-2.431400299072265625e+00
-2.504921674728393555e+00
-2.490539312362670898e+00
-2.083529233932495117e+00
-2.918230772018432617e+00
-3.183996438980102539e+00
-3.398910045623779297e+00
-1.263038754463195801e+00
-3.061583995819091797e+00
-2.735813379287719727e+00
-3.262536287307739258e+00
-2.182656764984130859e+00
-3.256744623184204102e+00
-2.164115905761718750e+00
-2.700130224227905273e+00
-3.252629995346069336e+00
-3.097920656204223633e+00
-1.253809571266174316e+00
-3.206901550292968750e+00
-3.149125099182128906e+00
-3.670666217803955078e+00
-3.270519495010375977e+00
-3.878209114074707031e+00
-2.707843780517578125e+00
-3.639698743820190430e+00
-2.734867811203002930e+00
-2.241111278533935547e+00
-3.685852766036987305e+00
-2.979575872421264648e+00
-3.104317188262939453e+00
-3.389209508895874023e+00
-2.473778724670410156e+00
-2.004136562347412109e+00
-3.331623315811157227e+00
-2.591007709503173828e+00
-2.512802362442016602e+00
-3.414995908737182617e+00
-2.438353061676025391e+00
-2.566984415054321289e+00
-3.180603742599487305e+00
-2.352585315704345703e+00
-3.990300178527832031e+00
-2.450059652328491211e+00
-3.185246706008911133e+00
-3.497959375381469727e+00
-3.803071498870849609e+00
-2.392123699188232422e+00
-3.054440736770629883e+00
-3.376112461090087891e+00
-2.252532720565795898e+00
-2.433124303817749023e+00
-1.451410889625549316e+00
-2.703351259231567383e+00
-2.348970413208007812e+00
-2.807462215423583984e+00
-2.380467414855957031e+00
-2.555495738983154297e+00
-3.606707572937011719e+00
-2.456881761550903320e+00
-2.945442676544189453e+00
-2.860871791839599609e+00
-1.975222349166870117e+00
-2.445943355560302734e+00
-3.513561487197875977e+00
-2.688259124755859375e+00
-2.327431440353393555e+00
-3.735295534133911133e+00
-3.903259992599487305e+00
-2.503533601760864258e+00
-2.829291820526123047e+00
-3.412611007690429688e+00
-3.809114933013916016e+00
-2.450924873352050781e+00
-2.726586818695068359e+00
-2.347295999526977539e+00
-3.531579732894897461e+00
-2.257744789123535156e+00
-3.573091506958007812e+00
-2.624267578125000000e+00
-3.240272521972656250e+00
-1.515391230583190918e+00
-3.285107135772705078e+00
-3.202332973480224609e+00
-2.966820240020751953e+00
-2.322244644165039062e+00
-2.148700952529907227e+00
-2.793221950531005859e+00
-2.305696249008178711e+00
-3.345468044281005859e+00
-2.632338047027587891e+00
-3.262869834899902344e+00
-3.604926347732543945e+00
-3.917198181152343750e+00
-3.240538358688354492e+00
-1.977695345878601074e+00
-2.599505662918090820e+00
-3.179107666015625000e+00
-2.883552551269531250e+00
-2.742830753326416016e+00
-2.427081346511840820e+00
-2.792433977127075195e+00
-3.312711715698242188e+00
-2.936247348785400391e+00
-2.969343900680541992e+00
-3.757141113281250000e+00
-3.338657617568969727e+00
-2.553886651992797852e+00
-1.854128479957580566e+00
-2.260131835937500000e+00
-1.951261043548583984e+00
-2.521868228912353516e+00
-2.587574005126953125e+00
-2.542239904403686523e+00
-2.289353847503662109e+00
-2.344645500183105469e+00
-2.876471757888793945e+00
-3.022172927856445312e+00
-2.084010839462280273e+00
-2.721144914627075195e+00
-1.454209566116333008e+00
-2.761282920837402344e+00
-3.487698316574096680e+00
-2.277889013290405273e+00
-2.952161073684692383e+00
-2.518361330032348633e+00
-2.736987590789794922e+00
-3.303620338439941406e+00
-2.241853237152099609e+00
-3.382849454879760742e+00
-1.801940798759460449e+00
-1.790556907653808594e+00
-2.433408260345458984e+00
-1.945289850234985352e+00
-2.399639606475830078e+00
-3.485204696655273438e+00
-3.175355434417724609e+00
-1.505191564559936523e+00
-1.615797758102416992e+00
-2.704041242599487305e+00
-3.290129661560058594e+00
-2.049486637115478516e+00
-3.666452646255493164e+00
-2.534197330474853516e+00
-3.306773424148559570e+00
-2.916702985763549805e+00
-2.607198238372802734e+00
-2.480272531509399414e+00
-2.626906871795654297e+00
-2.373591899871826172e+00
-2.459840297698974609e+00
-3.352198600769042969e+00
-2.139225721359252930e+00
-3.326346158981323242e+00
-3.624868154525756836e+00
-2.930016040802001953e+00
-1.729065656661987305e+00
-2.325458765029907227e+00
-2.531216859817504883e+00
-2.297495603561401367e+00
-2.178858041763305664e+00
-3.033537149429321289e+00
-2.088975906372070312e+00
-2.394957780838012695e+00
-2.610168218612670898e+00
-3.569715499877929688e+00
-1.945260643959045410e+00
-3.319844245910644531e+00
-3.466759681701660156e+00
-1.338123917579650879e+00
-3.025081634521484375e+00
-3.692934989929199219e+00
-2.616902589797973633e+00
-2.257257223129272461e+00
-3.163380146026611328e+00
-2.910750150680541992e+00
-2.507038116455078125e+00
-1.892128705978393555e+00
-2.724091053009033203e+00
-3.040399789810180664e+00
-3.172790050506591797e+00
-2.326016426086425781e+00
-3.672634601593017578e+00
-2.822670936584472656e+00
-1.354723095893859863e+00
-2.324111223220825195e+00
-1.412899136543273926e+00
-2.405820369720458984e+00
-2.587958574295043945e+00
-3.189998149871826172e+00
-3.598809242248535156e+00
-2.579318761825561523e+00
-2.396499156951904297e+00
-3.445593833923339844e+00
-1.315520524978637695e+00
-2.073292016983032227e+00
-2.620767116546630859e+00
-3.115008592605590820e+00
-2.382708072662353516e+00
-3.570064067840576172e+00
-2.971525669097900391e+00
-2.768979310989379883e+00
-3.505759716033935547e+00
-2.571619987487792969e+00
-2.873333692550659180e+00
-1.858739972114562988e+00
-1.534899353981018066e+00
-2.138761281967163086e+00
-3.088960886001586914e+00
-3.250786781311035156e+00
-2.538760900497436523e+00
-3.162814140319824219e+00
-3.084618330001831055e+00
-3.186599493026733398e+00
-1.481343269348144531e+00
-3.690528631210327148e+00
-3.571923971176147461e+00
-2.626611232757568359e+00
-3.369440317153930664e+00
-3.479369163513183594e+00
-3.364653825759887695e+00
-3.016566991806030273e+00
-2.455744743347167969e+00
-3.841695547103881836e+00
-3.177241086959838867e+00
-2.513962507247924805e+00
-3.524430513381958008e+00
-2.293836593627929688e+00
-3.502288818359375000e+00
-2.656956434249877930e+00
-3.267985820770263672e+00
-1.882630109786987305e+00
-1.311929702758789062e+00
-1.883224010467529297e+00
-3.473170042037963867e+00
-3.669322490692138672e+00
-2.239574670791625977e+00
-2.141957283020019531e+00
-3.057307243347167969e+00
-3.159758329391479492e+00
-3.298434019088745117e+00
-3.419601917266845703e+00
-2.365631818771362305e+00
-3.590543746948242188e+00
-2.797452449798583984e+00
-3.147303104400634766e+00
-2.093204975128173828e+00
-3.291901350021362305e+00
-3.729354381561279297e+00
-1.639784574508666992e+00
-2.643073558807373047e+00
-3.148947477340698242e+00
-2.831073760986328125e+00
-2.917931556701660156e+00
-2.663067579269409180e+00
-3.334463596343994141e+00
-2.469830751419067383e+00
-2.920167207717895508e+00
-3.109610795974731445e+00
-3.312081813812255859e+00
-2.938279390335083008e+00
-2.372442007064819336e+00
-2.098795652389526367e+00
-2.489914894104003906e+00
-3.093858003616333008e+00
-2.572410106658935547e+00
-2.967364549636840820e+00
-1.819351315498352051e+00
-2.698520898818969727e+00
-1.547186970710754395e+00
-2.451068878173828125e+00
-3.141737222671508789e+00
-2.845108747482299805e+00
-2.549709796905517578e+00
-2.277933835983276367e+00
-2.382573604583740234e+00
-2.658338069915771484e+00
-3.591806650161743164e+00
-2.257414579391479492e+00
-3.123648405075073242e+00
-3.566475629806518555e+00
-2.424481153488159180e+00
-3.153390169143676758e+00
-1.969999074935913086e+00
-3.636908531188964844e+00
-3.308204650878906250e+00
-2.425995349884033203e+00
-2.415509462356567383e+00
-2.265168190002441406e+00
-1.809251308441162109e+00
-3.609846115112304688e+00
-2.017096281051635742e+00
-2.721937894821166992e+00
-2.010165691375732422e+00
-3.568483352661132812e+00
-3.057823419570922852e+00
-3.618502616882324219e+00
-3.354349613189697266e+00
-2.528753280639648438e+00
-3.796589612960815430e+00
-3.663868665695190430e+00
-2.989208698272705078e+00
-2.587122917175292969e+00
-3.226314067840576172e+00
-3.728502988815307617e+00
-3.044561147689819336e+00
-2.316555023193359375e+00
-3.353390932083129883e+00
-2.472305774688720703e+00
-2.965095758438110352e+00
-2.653686523437500000e+00
-2.171201944351196289e+00
-2.004775285720825195e+00
-7.855007648468017578e-01
-3.226906776428222656e+00
-3.291930437088012695e+00
-2.539905071258544922e+00
-2.158651828765869141e+00
-1.869719624519348145e+00
-2.624378681182861328e+00
-1.956924796104431152e+00
-3.175747156143188477e+00
-2.872782945632934570e+00
-2.049500226974487305e+00
-3.606524467468261719e+00
-2.549525499343872070e+00
-3.359599351882934570e+00
-2.514257431030273438e+00
-1.925534605979919434e+00
-1.309012532234191895e+00
-3.484283924102783203e+00
-1.792326807975769043e+00
-2.663819551467895508e+00
-3.523484230041503906e+00
-2.810196399688720703e+00
-2.081787109375000000e+00
-2.767885446548461914e+00
-3.117477655410766602e+00
-1.188589930534362793e+00
-2.473171234130859375e+00
-2.254202604293823242e+00
-1.995183229446411133e+00
-2.695994377136230469e+00
-2.267768144607543945e+00
-2.320510387420654297e+00
-2.513895511627197266e+00
-3.614383697509765625e+00
-3.211764335632324219e+00
-1.405363798141479492e+00
-1.843919754028320312e+00
-2.942079305648803711e+00
-3.155106782913208008e+00
-3.318070650100708008e+00
-2.011190891265869141e+00
-3.254946947097778320e+00
-2.796181917190551758e+00
-1.803684353828430176e+00
-1.659409284591674805e+00
-2.640300035476684570e+00
-3.222948312759399414e+00
-2.212829351425170898e+00
-2.627643823623657227e+00
-2.812721490859985352e+00
-2.782452344894409180e+00
-3.034144878387451172e+00
-2.050549268722534180e+00
-1.472119688987731934e+00
-2.627504348754882812e+00
-2.191029071807861328e+00
-1.976288080215454102e+00
-1.903451204299926758e+00
-1.951088309288024902e+00
-2.485852003097534180e+00
-2.677238702774047852e+00
-2.094232559204101562e+00
-2.386733293533325195e+00
-2.007280826568603516e+00
-8.923193812370300293e-01
-2.725551128387451172e+00
-1.735902547836303711e+00
-2.109817028045654297e+00
-1.614042043685913086e+00
-3.358639001846313477e+00
-2.670778274536132812e+00
-8.994945883750915527e-01
-2.262554407119750977e+00
-1.352442145347595215e+00
-2.688427209854125977e+00
-2.424196958541870117e+00
-2.113259553909301758e+00
-2.612345218658447266e+00
-2.550789117813110352e+00
-2.249670028686523438e+00
-2.685827016830444336e+00
-2.521083354949951172e+00
-9.685562252998352051e-01
-2.563013792037963867e+00
-2.527409315109252930e+00
-2.370887517929077148e+00
-1.982641220092773438e+00
-3.232736587524414062e+00
-2.930429935455322266e+00
-2.173476696014404297e+00
-3.094079017639160156e+00
-2.260157823562622070e+00
-2.257387399673461914e+00
-2.125059127807617188e+00
-2.877130270004272461e+00
-2.219083070755004883e+00
-2.964303016662597656e+00
-1.855781674385070801e+00
-2.907594919204711914e+00
-3.357776880264282227e+00
-1.834134459495544434e+00
-1.839572191238403320e+00
-7.032803297042846680e-01
-2.326714038848876953e+00
-1.993268728256225586e+00
-2.691248893737792969e+00
-1.915311098098754883e+00
-2.680623054504394531e+00
-1.955348968505859375e+00
-3.223284959793090820e+00
-2.628817319869995117e+00
-1.096763372421264648e+00
-1.922462224960327148e+00
-1.595259070396423340e+00
-2.059596776962280273e+00
-2.353749752044677734e+00
-2.994616270065307617e+00
-3.404719829559326172e+00
-1.515503048896789551e+00
-2.345787763595581055e+00
-2.887689828872680664e+00
-1.730527520179748535e+00
-2.209687471389770508e+00
-3.345546960830688477e+00
-3.187217473983764648e+00
-2.328019142150878906e+00
-2.783801078796386719e+00
-2.689536333084106445e+00
-2.093799352645874023e+00
-3.482215642929077148e+00
-2.736137390136718750e+00
-7.200344800949096680e-01
-1.980957150459289551e+00
-2.474470615386962891e+00
-2.400456428527832031e+00
-2.053486108779907227e+00
-2.683681964874267578e+00
-1.798436403274536133e+00
-2.105777978897094727e+00
-9.009703993797302246e-01
-4.964773356914520264e-01
-1.775659561157226562e+00
-2.274429798126220703e+00
-3.105512380599975586e+00
-3.442431926727294922e+00
-1.721009492874145508e+00
-3.198842525482177734e+00
-3.246613502502441406e+00
-2.015513420104980469e+00
-1.013533234596252441e+00
-3.066003561019897461e+00
-2.917347908020019531e+00
-3.104388952255249023e+00
-1.769369840621948242e+00
-2.247192144393920898e+00
-2.017999172210693359e+00
-2.977049589157104492e+00
-3.002206563949584961e+00
-2.720581769943237305e+00
-2.708035707473754883e+00
-3.135282993316650391e+00
-1.334224104881286621e+00
-2.754346609115600586e+00
-1.130829095840454102e+00
-2.126731634140014648e+00
-3.249663114547729492e+00
-3.027627944946289062e+00
-1.121657013893127441e+00
-2.525186538696289062e+00
-2.570523023605346680e+00
-3.396338224411010742e+00
-2.666095256805419922e+00
-1.285558819770812988e+00
-2.080086469650268555e+00
-2.733389377593994141e+00
-3.165650844573974609e+00
-2.435983180999755859e+00
-3.093886375427246094e+00
-2.982494831085205078e+00
-2.472652912139892578e+00
-2.014242887496948242e+00
-9.758713245391845703e-01
-1.237920761108398438e+00
-3.223734855651855469e+00
-2.785925865173339844e+00
-3.598895311355590820e+00
-3.158791780471801758e+00
-3.021434307098388672e+00
-9.823353290557861328e-01
-2.995281696319580078e+00
-3.385756731033325195e+00
-1.202410459518432617e+00
-2.252216100692749023e+00
-2.193506002426147461e+00
-3.066654205322265625e+00
-2.299392223358154297e+00
-2.841394662857055664e+00
-1.718293547630310059e+00
-1.633800387382507324e+00
-2.343635797500610352e+00
-1.326843619346618652e+00
-2.287311553955078125e+00
-1.951913714408874512e+00
-2.610184431076049805e+00
-8.684683442115783691e-01
-3.638569355010986328e+00
-8.658103942871093750e-01
-2.741415023803710938e+00
-2.297593593597412109e+00
-3.709350824356079102e+00
-1.692050218582153320e+00
-2.486927509307861328e+00
-2.188479900360107422e+00
-2.956052541732788086e+00
-1.951786398887634277e+00
-3.406398534774780273e+00
-3.040941238403320312e+00
-2.678589105606079102e+00
-2.193373441696166992e+00
-2.415923357009887695e+00
-1.871104359626770020e+00
-3.423302650451660156e+00
-3.269885540008544922e+00
-2.916094541549682617e+00
-1.789067029953002930e+00
-2.427878856658935547e+00
-2.122662305831909180e+00
-2.033879756927490234e+00
-1.795681834220886230e+00
-3.366904735565185547e+00
-2.406775236129760742e+00
-2.122915744781494141e+00
-2.918534755706787109e+00
-3.240615844726562500e+00
-2.903393507003784180e+00
-3.085248231887817383e+00
-2.718833684921264648e+00
-2.620446205139160156e+00
-3.287361145019531250e+00
-2.747598171234130859e+00
-2.061786651611328125e+00
-3.188905954360961914e+00
-1.292823076248168945e+00
-1.677970886230468750e+00
-3.226821660995483398e+00
-2.802269697189331055e+00
-1.176256775856018066e+00
-2.403374433517456055e+00
-1.572241783142089844e+00
-1.907104969024658203e+00
-1.976445317268371582e+00
-3.420013666152954102e+00
-3.216911554336547852e+00
-1.436135053634643555e+00
-2.161439418792724609e+00
-3.293354988098144531e+00
-1.846881151199340820e+00
-1.658490657806396484e+00
-2.690476655960083008e+00
-2.683643817901611328e+00
-2.713203191757202148e+00
-2.608341693878173828e+00
-3.641166210174560547e+00
-3.424947261810302734e+00
-1.820235013961791992e+00
-2.427198410034179688e+00
-2.211646318435668945e+00
-2.271824836730957031e+00
-1.891978025436401367e+00
-3.288886070251464844e+00
-2.454863548278808594e+00
-1.589132666587829590e+00
-2.293414354324340820e+00
-3.259579241275787354e-01
-2.145941972732543945e+00
-2.927052259445190430e+00
-3.115336656570434570e+00
-2.806389093399047852e+00
-2.412851572036743164e+00
-3.023257493972778320e+00
-2.964809417724609375e+00
-1.131697297096252441e+00
-2.402861595153808594e+00
-3.343282938003540039e+00
-2.180963039398193359e+00
-3.113010644912719727e+00
-2.820183992385864258e+00
-1.335291385650634766e+00
-3.337618350982666016e+00
-1.016584396362304688e+00
-9.120403528213500977e-01
-2.558887958526611328e+00
-3.298951387405395508e+00
-2.455197811126708984e+00
-2.676062583923339844e+00
-2.148342132568359375e+00
-4.241333901882171631e-01
-2.013364076614379883e+00
-2.940621614456176758e+00
-3.230520725250244141e+00
-1.148103952407836914e+00
-3.097501516342163086e+00
-2.402882814407348633e+00
-2.876757144927978516e+00
-2.538454532623291016e+00
-1.964889049530029297e+00
-2.043821573257446289e+00
-2.613146781921386719e+00
-2.524820327758789062e+00
-2.133949518203735352e+00
-4.405276477336883545e-01
-2.654679298400878906e+00
-1.986015200614929199e+00
-3.002356767654418945e+00
-2.575467109680175781e+00
-3.050660848617553711e+00
-3.113620996475219727e+00
-6.313247084617614746e-01
-1.637394547462463379e+00
-4.140716493129730225e-01
-2.548612117767333984e+00
-2.368518352508544922e+00
-1.859617829322814941e+00
-1.918012976646423340e+00
-2.024165153503417969e+00
-3.097528934478759766e+00
-1.609699606895446777e+00
-2.911365032196044922e+00
-5.429943799972534180e-01
-2.895159006118774414e+00
-2.106647729873657227e+00
-2.071026086807250977e+00
-9.483207464218139648e-01
-1.838178396224975586e+00
-3.064699172973632812e+00
-2.547812938690185547e+00
-2.825780153274536133e+00
-2.548966407775878906e+00
-2.680840730667114258e+00
-1.840513825416564941e+00
-2.105533361434936523e+00
-3.046877384185791016e+00
-2.674842834472656250e+00
-2.696307897567749023e+00
-2.038308382034301758e+00
-9.072811603546142578e-01
-2.129508972167968750e+00
-2.101598024368286133e+00
-2.488627672195434570e+00
-2.852120876312255859e+00
-3.374136924743652344e+00
-2.295260906219482422e+00
-2.780030488967895508e+00
-2.870734214782714844e+00
-8.757920265197753906e-01
-2.612611293792724609e+00
-2.873072624206542969e+00
-2.226158857345581055e+00
-2.729121923446655273e+00
-2.112569093704223633e+00
-2.023207426071166992e+00
-1.768782258033752441e+00
-2.631473541259765625e+00
-2.412543058395385742e+00
-2.762247323989868164e+00
-2.922858953475952148e+00
-1.941231131553649902e+00
-7.049831151962280273e-01
-2.488765478134155273e+00
-2.191431283950805664e+00
-1.332911372184753418e+00
-9.662831425666809082e-01
-1.920550346374511719e+00
-2.558384656906127930e+00
-3.278134107589721680e+00
-3.157845973968505859e+00
-1.781760811805725098e+00
-1.939796924591064453e+00
-1.092393875122070312e+00
-3.600226163864135742e+00
-2.830446481704711914e+00
-1.207006096839904785e+00
-1.821757793426513672e+00
-3.498537540435791016e+00
-3.628323793411254883e+00
-2.482510089874267578e+00
-2.276238203048706055e+00
-2.084386825561523438e+00
-2.908899784088134766e+00
-2.098492622375488281e+00
-9.155895709991455078e-01
-2.049637079238891602e+00
-3.071646213531494141e+00
-1.640926122665405273e+00
-2.686111211776733398e+00
-2.138949632644653320e+00
-2.312679767608642578e+00
-3.054481744766235352e+00
-6.754083037376403809e-01
-2.493210792541503906e+00
-1.989677429199218750e+00
-3.101899862289428711e+00
-1.980485677719116211e+00
-2.953288555145263672e+00
-3.231759071350097656e+00
-1.837757706642150879e+00
-2.628484070301055908e-01
-2.645463466644287109e+00
-2.617262125015258789e+00
-2.169030427932739258e+00
-1.413124322891235352e+00
-2.261083841323852539e+00
-1.028647422790527344e+00
-1.968016862869262695e+00
-1.687864542007446289e+00
-2.985390663146972656e+00
-1.975296974182128906e+00
-2.533311605453491211e+00
-1.621975898742675781e+00
-2.815912246704101562e+00
-1.105741381645202637e+00
-2.004995107650756836e+00
-1.765490531921386719e+00
-9.013556838035583496e-01
-3.242537975311279297e+00
-2.352441072463989258e+00
-3.065113067626953125e+00
-3.132879972457885742e+00
-1.328720211982727051e+00
-2.607090234756469727e+00
-1.760901451110839844e+00
-1.793447136878967285e+00
-2.239601373672485352e+00
-3.150838851928710938e+00
-1.899818539619445801e+00
-1.480106353759765625e+00
-1.572274088859558105e+00
-2.786128759384155273e+00
-1.343636631965637207e+00
-2.080161333084106445e+00
-2.814232349395751953e+00
-6.649762392044067383e-01
-2.017525434494018555e+00
-1.615577459335327148e+00
-2.058827400207519531e+00
-2.773513793945312500e+00
-3.105805397033691406e+00
-2.845535278320312500e+00
-2.335892915725708008e+00
-1.152059197425842285e+00
-2.619278669357299805e+00
-1.542010188102722168e+00
-2.033411979675292969e+00
-2.681257963180541992e+00
-2.198476791381835938e+00
-3.102244377136230469e+00
-1.718294501304626465e+00
-2.406041860580444336e+00
-2.237615823745727539e+00
-4.567259252071380615e-01
-2.387937068939208984e+00
-2.248286008834838867e+00
-2.347906112670898438e+00
-2.568020343780517578e+00
-2.759772300720214844e+00
-1.344606161117553711e+00
-3.454171180725097656e+00
-2.262876987457275391e+00
-8.951045274734497070e-01
-2.553818464279174805e+00
-9.298108816146850586e-01
-1.065338611602783203e+00
-1.294321775436401367e+00
-3.245072364807128906e+00
-3.130117893218994141e+00
-2.934657812118530273e+00
-2.481392621994018555e+00
-3.391790390014648438e+00
-1.259496927261352539e+00
-1.872151851654052734e+00
-2.217158317565917969e+00
-2.654464244842529297e+00
-2.118628740310668945e+00
-2.631194114685058594e+00
-3.212476491928100586e+00
-2.730490446090698242e+00
-3.119865179061889648e+00
-2.256846189498901367e+00
-1.579747557640075684e+00
-2.124203205108642578e+00
-3.013947010040283203e+00
-3.018777847290039062e+00
-3.465158462524414062e+00
-2.375979661941528320e+00
-2.742164850234985352e+00
-2.749079227447509766e+00
-1.748170852661132812e+00
-2.057950019836425781e+00
-2.020701885223388672e+00
-2.132338523864746094e+00
-1.144935369491577148e+00
-2.633328676223754883e+00
-1.791943430900573730e+00
-2.227354526519775391e+00
-2.533787965774536133e+00
-2.896978139877319336e+00
-2.228823184967041016e+00
-1.981912255287170410e+00
-2.767202615737915039e+00
-1.467236638069152832e+00
-1.968209624290466309e+00
-1.849287986755371094e+00
-2.301303386688232422e+00
-2.094298601150512695e+00
-1.179214835166931152e+00
-1.914511680603027344e+00
-2.001392602920532227e+00
-2.869554519653320312e+00
-2.907846927642822266e+00
-2.077057361602783203e+00
-1.495052337646484375e+00
-1.363659024238586426e+00
-2.988518476486206055e+00
-2.114187240600585938e+00
-9.808992147445678711e-01
-2.555660486221313477e+00
-3.211846351623535156e+00
-3.245155334472656250e+00
-8.841351866722106934e-01
-3.102021694183349609e+00
-2.449965000152587891e+00
-1.516668558120727539e+00
-1.733083844184875488e+00
-3.321848630905151367e+00
-2.688117265701293945e+00
-2.632836341857910156e+00
-2.103002071380615234e+00
-2.942865610122680664e+00
-3.987198472023010254e-01
-2.802220821380615234e+00
-3.476204156875610352e+00
-3.111891269683837891e+00
-2.575072765350341797e+00
-1.367280840873718262e+00
-2.254096984863281250e+00
-3.140713691711425781e+00
-1.713162302970886230e+00
-2.404578447341918945e+00
-2.505639314651489258e+00
-2.429692029953002930e+00
-2.742689371109008789e+00
-2.167378664016723633e+00
-9.187957048416137695e-01
-3.006220102310180664e+00
-2.559480428695678711e+00
-3.014562427997589111e-01
-3.046443223953247070e+00
-2.538009166717529297e+00
-9.285970330238342285e-01
-1.983902335166931152e+00
-2.547286272048950195e+00
-1.810570597648620605e+00
-3.264291286468505859e+00
-2.640594959259033203e+00
-2.531810283660888672e+00
-2.226410150527954102e+00
-2.910434722900390625e+00
-2.845516681671142578e+00
-1.405961036682128906e+00
-2.223247289657592773e+00
-2.572174310684204102e+00
-2.306687355041503906e+00
-1.646357417106628418e+00
-2.437627315521240234e+00
-3.114856243133544922e+00
-1.418508768081665039e+00
-3.258443355560302734e+00
-3.127854347229003906e+00
-1.750518918037414551e+00
-1.837667673826217651e-01
-2.150193452835083008e+00
-1.490708231925964355e+00
-1.593641877174377441e+00
-2.992818593978881836e+00
-3.211842060089111328e+00
-3.263029336929321289e+00
-5.730427503585815430e-01
-2.802698135375976562e+00
-3.064683675765991211e+00
-2.395533323287963867e+00
-2.788926362991333008e+00
-8.766995072364807129e-01
-3.193332195281982422e+00
-2.845885992050170898e+00
-3.210029602050781250e+00
-4.770891368389129639e-01
-2.152344226837158203e+00
-2.662008047103881836e+00
-2.092004060745239258e+00
-3.097878456115722656e+00
-2.045555114746093750e+00
-1.755893349647521973e+00
-2.727493286132812500e+00
-1.800064563751220703e+00
-2.198393344879150391e+00
-2.505366325378417969e+00
-8.965622782707214355e-01
-2.581551074981689453e+00
-2.861359357833862305e+00
-2.826335906982421875e+00
-2.180713653564453125e+00
-1.876116633415222168e+00
-2.473547697067260742e+00
-3.303179025650024414e+00
-2.308282852172851562e+00
-3.178539037704467773e+00
-1.492288827896118164e+00
-2.761800765991210938e+00
-1.138813495635986328e+00
-3.185438394546508789e+00
-2.181246757507324219e+00
-2.223404884338378906e+00
-2.373553752899169922e+00
-2.667925596237182617e+00
-3.005288362503051758e+00
-2.705719947814941406e+00
-3.028259515762329102e+00
-2.740135908126831055e+00
-3.191928148269653320e+00
-2.747203826904296875e+00
-2.913784027099609375e+00
-1.387097239494323730e+00
-3.281186342239379883e+00
-3.280373573303222656e+00
-2.142948359251022339e-01
-1.360281467437744141e+00
-2.072488546371459961e+00
-1.948976635932922363e+00
-2.186343669891357422e+00
-2.548377990722656250e+00
-1.524280190467834473e+00
-3.167308092117309570e+00
-3.121027231216430664e+00
-2.566289901733398438e+00
-3.189617395401000977e+00
-2.768707036972045898e+00
-9.883411526679992676e-01
-2.412756919860839844e+00
-2.072870254516601562e+00
-2.674259901046752930e+00
-2.810442924499511719e+00
-2.983116865158081055e+00
-2.473615407943725586e+00
-1.679071903228759766e+00
-7.725533246994018555e-01
-1.175602555274963379e+00
-2.672650337219238281e+00
-2.111850023269653320e+00
-2.665368318557739258e+00
-2.843138456344604492e+00
-3.182189464569091797e+00
-2.020615339279174805e+00
-1.014076709747314453e+00
-1.749709486961364746e+00
-2.148550748825073242e+00
-1.644745707511901855e+00
-2.132523059844970703e+00
-3.010711431503295898e+00
-1.701240897178649902e+00
-3.367217540740966797e+00
-2.210222005844116211e+00
-2.558308839797973633e+00
-1.358710765838623047e+00
-1.647707223892211914e+00
-8.860169053077697754e-01
-1.959432005882263184e+00
-2.137749195098876953e+00
-2.262835741043090820e+00
-3.167247056961059570e+00
-1.997188448905944824e+00
-2.310811996459960938e+00
-2.121557950973510742e+00
-2.299031972885131836e+00
-1.100998640060424805e+00
-8.196656107902526855e-01
-2.374041795730590820e+00
-2.990190029144287109e+00
-2.309297323226928711e+00
-2.293752670288085938e+00
-2.707913875579833984e+00
-3.273877859115600586e+00
-8.917338848114013672e-01
-3.121800422668457031e+00
-1.332943320274353027e+00
-3.157142639160156250e+00
-2.810602426528930664e+00
-2.661891937255859375e+00
-2.916783332824707031e+00
-4.591585397720336914e-01
-1.970665097236633301e+00
-2.720817804336547852e+00
-2.307563066482543945e+00
-1.965689063072204590e+00
-2.210924625396728516e+00
-2.476212501525878906e+00
-1.633896827697753906e+00
-1.382940530776977539e+00
-1.470708966255187988e+00
-2.018505811691284180e+00
-2.092360258102416992e+00
-1.810474872589111328e+00
-2.040015220642089844e+00
-3.089554071426391602e+00
-1.376224756240844727e+00
-2.837073802947998047e+00
-3.376079320907592773e+00
-3.201952934265136719e+00
-2.119239330291748047e+00
-1.613614678382873535e+00
-3.266059398651123047e+00
-2.565042018890380859e+00
-2.524203538894653320e+00
-3.192381620407104492e+00
-2.276860475540161133e+00
-1.000422477722167969e+00
-2.101416587829589844e+00
-2.176478147506713867e+00
-3.349693775177001953e+00
-2.316716909408569336e+00
-2.606949329376220703e+00
-3.548959255218505859e+00
-1.841607809066772461e+00
-2.767556190490722656e+00
-1.649185061454772949e+00
-2.729418277740478516e+00
-3.132603645324707031e+00
-2.376875638961791992e+00
-2.882405042648315430e+00
-3.297142267227172852e+00
-1.369221568107604980e+00
-3.329152822494506836e+00
-1.830902338027954102e+00
-2.829073190689086914e+00
-1.132721662521362305e+00
-2.425691127777099609e+00
-1.823165774345397949e+00
-2.381325721740722656e+00
-3.276307106018066406e+00
-3.158047676086425781e+00
-2.085302829742431641e+00
-2.353026151657104492e+00
-2.410372257232666016e+00
-8.115862011909484863e-01
-2.868137359619140625e+00
-1.824278831481933594e+00
-2.216749906539916992e+00
-2.567624807357788086e+00
-1.868909597396850586e+00
-2.430946588516235352e+00
-2.394992828369140625e+00
-2.596589326858520508e+00
-2.731651067733764648e+00
-3.441111564636230469e+00
-2.627743244171142578e+00
-1.161420464515686035e+00
-2.934406280517578125e+00
-2.756251811981201172e+00
-9.329841732978820801e-01
-3.166446685791015625e+00
-3.010687589645385742e+00
-2.534469842910766602e+00
-2.778891563415527344e+00
-2.672522306442260742e+00
-1.855213880538940430e+00
-7.632119655609130859e-01
-1.358690381050109863e+00
-9.707832932472229004e-01
-2.228691577911376953e+00
-1.813657164573669434e+00
-2.644924640655517578e+00
-3.304316520690917969e+00
-1.826078295707702637e+00
-2.458456277847290039e+00
-2.554029226303100586e+00
-2.104823350906372070e+00
-2.342542409896850586e+00
-3.569891929626464844e+00
-2.015702009201049805e+00
-1.746835470199584961e+00
-2.407354116439819336e+00
-1.894320249557495117e+00
-2.527834415435791016e+00
-3.348307132720947266e+00
-2.345279455184936523e+00
-1.846462965011596680e+00
-2.852313280105590820e+00
-3.275529623031616211e+00
-1.936514735221862793e+00
-2.694252014160156250e+00
-1.416504263877868652e+00
-1.369358301162719727e+00
-2.453768730163574219e+00
-1.850123047828674316e+00
-2.419876098632812500e+00
-1.744485139846801758e+00
-2.563314437866210938e+00
-2.793726205825805664e+00
-5.089006423950195312e-01
-2.389006614685058594e+00
-1.941704750061035156e+00
-2.958706378936767578e+00
-2.595345497131347656e+00
-2.317651271820068359e+00
-2.484750032424926758e+00
-3.025104522705078125e+00
-2.707974910736083984e+00
-1.867062449455261230e+00
-3.170810699462890625e+00
-9.391003847122192383e-01
-2.933611154556274414e+00
-2.122738599777221680e+00
-8.575323224067687988e-01
-2.838378906250000000e+00
-2.986479043960571289e+00
-2.169630289077758789e+00
-1.356077194213867188e+00
-2.712678432464599609e+00
-3.724267959594726562e+00
-2.650766611099243164e+00
-1.209415674209594727e+00
-3.045283794403076172e+00
-2.080799102783203125e+00
-2.871389865875244141e+00
-1.976782321929931641e+00
-2.541668653488159180e+00
-3.053427696228027344e+00
-2.612598896026611328e+00
-2.545350313186645508e+00
-3.332483291625976562e+00
-3.142688751220703125e+00
-3.240998983383178711e+00
-3.096617460250854492e+00
-2.881435871124267578e+00
-1.972331643104553223e+00
-7.981425523757934570e-01
-2.532161235809326172e+00
-2.291114330291748047e+00
-1.583336830139160156e+00
-1.505834698677062988e+00
-2.286530494689941406e+00
-2.981476306915283203e+00
-3.200882434844970703e+00
-3.163277626037597656e+00
-3.111707210540771484e+00
-1.959802865982055664e+00
-2.497861623764038086e+00
-2.502777099609375000e+00
-1.229000329971313477e+00
-2.326202869415283203e+00
-2.826217889785766602e+00
-2.253968000411987305e+00
-1.199620246887207031e+00
-2.174879074096679688e+00
-2.136636734008789062e+00
-2.244408130645751953e+00
-1.538616776466369629e+00
-2.198682069778442383e+00
-2.027333974838256836e+00
-2.135593175888061523e+00
-2.463137388229370117e+00
-2.477530479431152344e+00
-1.628899812698364258e+00
-5.395208001136779785e-01
-2.990416765213012695e+00
-1.842962503433227539e+00
-3.129085302352905273e+00
-2.389177799224853516e+00
-2.233433008193969727e+00
-6.695655584335327148e-01
-2.064004182815551758e+00
-1.563050985336303711e+00
-2.057316064834594727e+00
-1.873481631278991699e+00
-2.789817810058593750e+00
-1.851122856140136719e+00
-2.501416206359863281e+00
-2.871040344238281250e+00
-2.256673812866210938e+00
-2.234539270401000977e+00
-2.465935468673706055e+00
-3.298060894012451172e+00
-1.222842574119567871e+00
-1.959828257560729980e+00
-2.555595159530639648e+00
-3.252392768859863281e+00
-3.143851280212402344e+00
-2.558165311813354492e+00
-1.930142760276794434e+00
-8.338479399681091309e-01
-2.202439069747924805e+00
-6.194574236869812012e-01
-2.305663824081420898e+00
-1.401245832443237305e+00
-2.756084680557250977e+00
-3.106270790100097656e+00
-2.438361644744873047e+00
-2.710380792617797852e+00
-2.255240440368652344e+00
-1.688926458358764648e+00
-3.487471818923950195e+00
-1.991337060928344727e+00
-2.265940189361572266e+00
-2.689207553863525391e+00
-2.062507390975952148e+00
-2.817022800445556641e+00
-3.675979852676391602e+00
-3.353806972503662109e+00
-3.452892780303955078e+00
-2.689971208572387695e+00
-3.455953598022460938e+00
-1.930384397506713867e+00
-2.293378353118896484e+00
-2.816303014755249023e+00
-2.545556306838989258e+00
-2.136907577514648438e+00
-2.286134004592895508e+00
-3.086574792861938477e+00
-2.870872735977172852e+00
-1.870798826217651367e+00
-2.482138156890869141e+00
-3.211384057998657227e+00
-2.440058231353759766e+00
-3.043460607528686523e+00
-2.959464073181152344e+00
-9.467737376689910889e-02
-3.436269521713256836e+00
-1.872344970703125000e+00
-1.487992644309997559e+00
-2.051918983459472656e+00
-2.362008810043334961e+00
-1.908742070198059082e+00
-3.206589221954345703e+00
-1.660923480987548828e+00
-2.015856027603149414e+00
-2.937350034713745117e+00
-3.061514377593994141e+00
-2.773934841156005859e+00
-1.895969629287719727e+00
-3.352708578109741211e+00
-3.274331569671630859e+00
-2.611898422241210938e+00
-3.496059656143188477e+00
-1.439188957214355469e+00
-3.240537881851196289e+00
-2.466757297515869141e+00
-3.143458604812622070e+00
-2.676623582839965820e+00
-1.933873772621154785e+00
-8.780615925788879395e-01
-3.482724189758300781e+00
-1.773685336112976074e+00
-1.893889546394348145e+00
-1.681033968925476074e+00
-2.875201463699340820e+00
-2.606107950210571289e+00
-2.183876037597656250e+00
-8.666517734527587891e-01
-1.943961143493652344e+00
-3.044462203979492188e+00
-3.224443912506103516e+00
-7.392578721046447754e-01
-2.735437870025634766e+00
-1.726251602172851562e+00
-3.061001300811767578e+00
-1.483261227607727051e+00
-2.016549110412597656e+00
-8.329809308052062988e-01
-1.241324424743652344e+00
-3.481892585754394531e+00
-2.643589735031127930e+00
-1.750454902648925781e+00
-2.577382802963256836e+00
-2.510211944580078125e+00
-3.378134012222290039e+00
-3.170650959014892578e+00
-2.954965591430664062e+00
-1.895040512084960938e+00
-1.917216539382934570e+00
-3.315674543380737305e+00
-2.509734153747558594e+00
-3.436131000518798828e+00
-1.194167852401733398e+00
-3.222409725189208984e+00
-1.675534605979919434e+00
-2.654835462570190430e+00
-9.582389593124389648e-01
-1.331126689910888672e+00
-3.040528774261474609e+00
-3.056076288223266602e+00
-3.134755373001098633e+00
-2.267918586730957031e+00
-3.191286802291870117e+00
-1.044752120971679688e+00
-3.374140024185180664e+00
-2.396206855773925781e+00
-3.085707426071166992e+00
-1.376554608345031738e+00
-2.672552585601806641e+00
-1.796548008918762207e+00
-1.247154235839843750e+00
-9.446946978569030762e-01
-1.822473168373107910e+00
-2.893057346343994141e+00
-2.566617012023925781e+00
-2.306712627410888672e+00
-3.156010389328002930e+00
-2.045357227325439453e+00
-1.294027566909790039e+00
-2.396682262420654297e+00
-2.502134323120117188e+00
-2.168907403945922852e+00
-1.879702687263488770e+00
-2.941634654998779297e+00
-3.487489461898803711e+00
-2.082128286361694336e+00
-1.873204231262207031e+00
-1.657501697540283203e+00
-2.754398345947265625e+00
-1.611460447311401367e+00
-2.504426956176757812e+00
-3.062529563903808594e+00
-2.307306528091430664e+00
-2.545539855957031250e+00
-3.474446773529052734e+00
-2.384427309036254883e+00
-2.559240102767944336e+00
-2.118296146392822266e+00
-2.729638814926147461e+00
-2.911089420318603516e+00
-2.895726442337036133e+00
-3.451913118362426758e+00
-3.059093475341796875e+00
-2.956553936004638672e+00
-2.903133630752563477e+00
-3.580099582672119141e+00
-2.992051839828491211e+00
-2.267967700958251953e+00
-1.711804032325744629e+00
-2.663169622421264648e+00
-3.318083047866821289e+00
-1.926749825477600098e+00
-1.911671757698059082e+00
-3.273636579513549805e+00
-3.546101331710815430e+00
-3.131105661392211914e+00
-3.566189289093017578e+00
-3.057170867919921875e+00
-2.508806228637695312e+00
-2.236779212951660156e+00
-9.462918639183044434e-01
-1.781426191329956055e+00
-3.865476608276367188e+00
-1.931030154228210449e+00
-2.499947786331176758e+00
-3.550365924835205078e+00
-2.994331121444702148e+00
-2.953389644622802734e+00
-3.804174184799194336e+00
-2.747113227844238281e+00
-2.227748155593872070e+00
-3.288853883743286133e+00
-3.501363277435302734e+00
-1.915757536888122559e+00
-3.366866588592529297e+00
-1.250628352165222168e+00
-3.371315956115722656e+00
-3.281002998352050781e+00
-3.624928951263427734e+00
-1.466048836708068848e+00
-1.813394546508789062e+00
-3.036174058914184570e+00
-1.460874795913696289e+00
-1.359451532363891602e+00
-1.383182048797607422e+00
-2.833849906921386719e+00
-1.499269247055053711e+00
-2.691233873367309570e+00
-2.812603235244750977e+00
-1.140207886695861816e+00
-1.793275117874145508e+00
-2.332648515701293945e+00
-1.065586924552917480e+00
-2.497471332550048828e+00
-1.451734423637390137e+00
-2.362340927124023438e+00
-1.548815965652465820e+00
-1.986570239067077637e+00
-2.602190494537353516e+00
-1.826393008232116699e+00
-2.215074539184570312e+00
-2.370501756668090820e+00
-2.002321958541870117e+00
-1.466637492179870605e+00
-6.723967194557189941e-01
-1.403024673461914062e+00
-1.661934733390808105e+00
-1.340391635894775391e+00
-1.134885787963867188e+00
-2.332348585128784180e+00
-2.767431974411010742e+00
-2.408025264739990234e+00
-2.108900070190429688e+00
-2.179064512252807617e+00
-1.733160018920898438e+00
-1.515779018402099609e+00
-1.380891799926757812e+00
1.445593982934951782e-01
-2.509998798370361328e+00
-2.228427648544311523e+00
-2.447264194488525391e+00
-1.358992457389831543e+00
-1.703585624694824219e+00
-1.980173230171203613e+00
-1.610600829124450684e+00
-2.136446475982666016e+00
-2.365955591201782227e+00
-3.268311500549316406e+00
-3.389729022979736328e+00
-1.674938797950744629e+00
-2.517264366149902344e+00
-2.368665218353271484e+00
-3.025303125381469727e+00
-2.015815496444702148e+00
-2.955853223800659180e+00
-1.267984151840209961e+00
-1.210606575012207031e+00
-3.084815502166748047e+00
-2.052487850189208984e+00
-3.137856721878051758e+00
-2.394087553024291992e+00
-2.482597351074218750e+00
-2.354038655757904053e-01
-3.337712764739990234e+00
-2.546432256698608398e+00
-1.605970263481140137e+00
-2.980745077133178711e+00
-2.952899456024169922e+00
-2.939428567886352539e+00
-9.769417047500610352e-01
-2.447372198104858398e+00
-2.669385910034179688e+00
-1.420133471488952637e+00
-3.127243757247924805e+00
-2.861741065979003906e+00
-2.583189010620117188e+00
-1.713991403579711914e+00
-1.744739770889282227e+00
-2.824326515197753906e+00
-2.504854440689086914e+00
-3.358884334564208984e+00
-1.285420894622802734e+00
-1.593389391899108887e+00
-2.988505601882934570e+00
-2.010638236999511719e+00
-2.705018997192382812e+00
-2.576220989227294922e+00
-2.146464824676513672e+00
-3.495958566665649414e+00
-4.038465976715087891e+00
-1.069671511650085449e+00
-1.911635160446166992e+00
-2.881044864654541016e+00
-3.150722742080688477e+00
-2.564156055450439453e+00
-2.546215057373046875e+00
-1.412692308425903320e+00
-1.583353638648986816e+00
-1.960362792015075684e+00
-3.015289545059204102e+00
-1.038774251937866211e+00
-1.801345586776733398e+00
-2.328773736953735352e+00
-2.990084886550903320e+00
-3.388098478317260742e+00
-1.626491069793701172e+00
-2.982089996337890625e+00
-5.603436827659606934e-01
-8.746631145477294922e-01
-3.065191268920898438e+00
-2.019872188568115234e+00
-1.452028632164001465e+00
-2.423617362976074219e+00
-2.684493541717529297e+00
-1.824018955230712891e+00
-2.119179487228393555e+00
-2.015548467636108398e+00
-2.041769742965698242e+00
-3.131354093551635742e+00
-2.226809024810791016e+00
-2.281787872314453125e+00
-2.540901899337768555e+00
-1.918443202972412109e+00
-1.627293467521667480e+00
-2.736732482910156250e+00
-2.848005771636962891e+00
-2.397921800613403320e+00
-2.281544685363769531e+00
-1.685940265655517578e+00
-1.877969384193420410e+00
-1.737901926040649414e+00
-1.515962004661560059e+00
-2.857252359390258789e+00
-2.844038963317871094e+00
-2.282532691955566406e+00
-2.558193445205688477e+00
-1.700710415840148926e+00
-2.835106372833251953e+00
-1.088987350463867188e+00
-2.468936204910278320e+00
-2.617435216903686523e+00
-2.007440567016601562e+00
-5.136284828186035156e-01
-1.911198616027832031e+00
-2.200948715209960938e+00
-2.865190744400024414e+00
-2.904537677764892578e+00
-6.504653692245483398e-01
-1.706165552139282227e+00
-1.671712517738342285e+00
-1.726283073425292969e+00
-3.021468639373779297e+00
-2.161603689193725586e+00
-2.235237598419189453e+00
-2.008293628692626953e+00
-2.406940698623657227e+00
-3.238676786422729492e+00
-1.920979857444763184e+00
-2.063339948654174805e+00
-2.505400657653808594e+00
-3.027084827423095703e+00
-1.186688065528869629e+00
-1.775022029876708984e+00
-3.014070987701416016e+00
-2.918752670288085938e+00
-2.220319271087646484e+00
-1.868429780006408691e+00
-2.136481046676635742e+00
-3.346580505371093750e+00
-2.755747795104980469e+00
-3.099515914916992188e+00
-2.353152513504028320e+00
-2.092114210128784180e+00
-2.299453258514404297e+00
-3.230673313140869141e+00
-2.818779706954956055e+00
-1.877706050872802734e+00
-7.232472300529479980e-01
-3.093153476715087891e+00
-2.387361764907836914e+00
-1.607593655586242676e+00
-2.838861465454101562e+00
-2.685957908630371094e+00
-2.452030420303344727e+00
-2.546587705612182617e+00
-2.728983759880065918e-01
-3.284986495971679688e+00
-1.794622898101806641e+00
-2.990375280380249023e+00
-2.422561883926391602e+00
-9.277763366699218750e-01
-8.384382724761962891e-01
-1.959326624870300293e+00
-2.596402645111083984e+00
-2.155256271362304688e+00
-1.200861692428588867e+00
-2.650565862655639648e+00
-8.938425779342651367e-01
-1.733260273933410645e+00
-8.741832971572875977e-01
-2.850459098815917969e+00
-3.093619108200073242e+00
-2.447156190872192383e+00
-3.056313753128051758e+00
-1.600964784622192383e+00
-1.052622199058532715e+00
-1.157092809677124023e+00
-2.798509597778320312e+00
-3.096138954162597656e+00
-2.069652080535888672e+00
-1.629848599433898926e+00
-2.426849365234375000e+00
-2.435474395751953125e+00
-2.129613637924194336e+00
-2.947550296783447266e+00
-2.029890775680541992e+00
-1.023740649223327637e+00
-2.373167276382446289e+00
-2.215181827545166016e+00
-1.371521711349487305e+00
-1.939525842666625977e+00
-2.826928615570068359e+00
-3.137365341186523438e+00
-2.269960641860961914e+00
-2.388273239135742188e+00
-3.490245342254638672e+00
-1.823781967163085938e+00
-1.966622233390808105e+00
-2.390245676040649414e+00
-3.391948223114013672e+00
-2.536219358444213867e+00
-2.664663553237915039e+00
-8.598925471305847168e-01
-3.421217441558837891e+00
-3.617337465286254883e+00
-1.704315304756164551e+00
-2.451889753341674805e+00
-2.534011125564575195e+00
-1.894800662994384766e+00
-3.061957359313964844e+00
-2.087648868560791016e+00
-3.072415828704833984e+00
-1.123537778854370117e+00
-3.173238039016723633e+00
-1.428144097328186035e+00
-2.835642814636230469e+00
-1.357399463653564453e+00
-2.817842721939086914e+00
-2.725124120712280273e+00
-3.260540485382080078e+00
-3.283784627914428711e+00
-1.870086073875427246e+00
-1.844424605369567871e+00
-2.731275796890258789e+00
-1.506201505661010742e+00
-1.885320544242858887e+00
-1.931476354598999023e+00
-1.345322608947753906e+00
-1.000313520431518555e+00
-1.695588707923889160e+00
-2.174723148345947266e+00
-2.377996444702148438e+00
-1.844710230827331543e+00
-8.197768926620483398e-01
-2.443103790283203125e+00
-1.671323180198669434e+00
-1.812127113342285156e+00
-1.242975831031799316e+00
-2.299691200256347656e+00
-2.394603252410888672e+00
-2.041029453277587891e+00
-2.877406120300292969e+00
-2.416256904602050781e+00
-1.650162696838378906e+00
-2.747837781906127930e+00
-4.367972910404205322e-01
-9.605453014373779297e-01
-1.609985947608947754e+00
-1.757608532905578613e+00
-7.108275294303894043e-01
-1.088429093360900879e+00
-1.715373158454895020e+00
-1.539071559906005859e+00
-2.207016468048095703e+00
-2.398421764373779297e+00
-1.813892841339111328e+00
-2.153784483671188354e-01
-9.432209134101867676e-01
-2.099724531173706055e+00
-2.650027751922607422e+00
-3.849429786205291748e-01
-6.749873757362365723e-01
-1.431015014648437500e+00
-2.122654438018798828e+00
-1.169281125068664551e+00
-2.555231809616088867e+00
-2.522513628005981445e+00
-1.152371406555175781e+00
-2.458075284957885742e+00
-1.657902479171752930e+00
-3.419337749481201172e+00
-2.899848461151123047e+00
-1.856935262680053711e+00
-2.264672994613647461e+00
-2.604083299636840820e+00
-2.702041149139404297e+00
-2.925713539123535156e+00
-3.357021093368530273e+00
-2.934691905975341797e+00
-8.046764731407165527e-01
-2.806754112243652344e+00
-2.576956510543823242e+00
-1.819851517677307129e+00
-2.000349998474121094e+00
-9.536871910095214844e-01
-2.533028364181518555e+00
-1.911043882369995117e+00
-1.974437832832336426e+00
-1.697810888290405273e+00
-2.569497108459472656e+00
-2.089534997940063477e+00
-2.454537391662597656e+00
-1.796923756599426270e+00
-2.164077281951904297e+00
-2.901192665100097656e+00
-1.910767316818237305e+00
-1.833411216735839844e+00
-1.754786133766174316e+00
-2.481609106063842773e+00
-1.074795007705688477e+00
-1.816449403762817383e+00
-2.624120950698852539e+00
-3.256489992141723633e+00
-1.066498637199401855e+00
-2.923853635787963867e+00
-1.479091882705688477e+00
-2.241105318069458008e+00
-1.207395315170288086e+00
-2.890681266784667969e+00
-2.581984996795654297e+00
-3.042815685272216797e+00
-2.061543941497802734e+00
-1.496541738510131836e+00
-1.395009040832519531e+00
-3.093056678771972656e+00
-3.514555931091308594e+00
-1.294731974601745605e+00
-1.083894729614257812e+00
-2.648564338684082031e+00
-1.041050672531127930e+00
-2.051583051681518555e+00
-3.150874137878417969e+00
-3.190769672393798828e+00
-3.309838771820068359e+00
-3.090531587600708008e+00
-2.471748352050781250e+00
-1.950518488883972168e+00
-2.470754861831665039e+00
-3.051568508148193359e+00
-2.999440670013427734e+00
-1.801281571388244629e+00
-2.110117673873901367e+00
-2.716949462890625000e+00
-1.592077732086181641e+00
-1.764129638671875000e+00
-2.723881721496582031e+00
-1.608788132667541504e+00
-1.759473800659179688e+00
-1.110014677047729492e+00
-1.093638300895690918e+00
-2.804862976074218750e+00
-1.413289785385131836e+00
-1.577514767646789551e+00
-2.259601354598999023e+00
-1.862660169601440430e+00
-2.721879482269287109e+00
-1.739867806434631348e+00
-9.393557906150817871e-01
-2.894997835159301758e+00
-2.453320741653442383e+00
-2.578372955322265625e+00
-2.080245971679687500e+00
-1.173533916473388672e+00
-1.734438300132751465e+00
-1.669138789176940918e+00
-7.980803251266479492e-01
-2.628297328948974609e+00
-1.197746038436889648e+00
-1.657714128494262695e+00
-1.563433408737182617e+00
-2.011270523071289062e+00
5.690291896462440491e-02
-9.738298654556274414e-01
-9.444786310195922852e-01
-8.079741597175598145e-01
-1.444408059120178223e+00
-1.383594393730163574e+00
-8.480364680290222168e-01
-2.027077198028564453e+00
-2.464702129364013672e+00
-1.099072098731994629e+00
-1.232940554618835449e+00
-1.177857518196105957e+00
-1.233888387680053711e+00
-2.057997703552246094e+00
-1.520071625709533691e+00
-2.846705675125122070e+00
-1.705813050270080566e+00
-1.924868226051330566e+00
-1.844470024108886719e+00
-2.445741415023803711e+00
-9.942144155502319336e-01
-7.230980992317199707e-01
-9.328227043151855469e-01
-1.439677119255065918e+00
-2.041850090026855469e+00
-1.276954174041748047e+00
-1.861008763313293457e+00
-1.234728574752807617e+00
-9.216007590293884277e-01
-1.539678454399108887e+00
-2.350953578948974609e+00
-4.406308531761169434e-01
-1.879760742187500000e+00
-2.067059755325317383e+00
-1.495382308959960938e+00
-1.336635708808898926e+00
-1.374245762825012207e+00
-2.404148101806640625e+00
-1.839542746543884277e+00
-1.913234710693359375e+00
-3.365292072296142578e+00
-1.960180401802062988e+00
-1.779410719871520996e+00
-1.642670035362243652e+00
-2.130352973937988281e+00
-1.181496500968933105e+00
-1.131682991981506348e+00
-2.086171627044677734e+00
-1.205378651618957520e+00
-2.421251773834228516e+00
-9.643985033035278320e-01
-1.962537407875061035e+00
-2.878628492355346680e+00
-1.423728227615356445e+00
-9.841610789299011230e-01
-2.156895399093627930e+00
-2.160911321640014648e+00
-1.186483025550842285e+00
-1.560680270195007324e+00
-2.459310054779052734e+00
-1.549859046936035156e+00
-1.795006990432739258e+00
-7.272692322731018066e-01
-1.953054904937744141e+00
-2.155564069747924805e+00
-2.806788206100463867e+00
-2.399869918823242188e+00
-2.226658105850219727e+00
-5.124235749244689941e-01
-1.541769862174987793e+00
-3.003219366073608398e-01
-1.494478821754455566e+00
-9.118220210075378418e-01
-1.929237604141235352e+00
-1.312108278274536133e+00
-1.270904779434204102e+00
-1.534358024597167969e+00
-2.362360239028930664e+00
-2.189788103103637695e+00
-5.930878520011901855e-01
-1.096324086189270020e+00
-1.569759488105773926e+00
-1.685276150703430176e+00
-1.136192440986633301e+00
-2.376178979873657227e+00
-1.094439864158630371e+00
-2.008650064468383789e+00
-7.125531435012817383e-01
-1.717018485069274902e+00
-2.352615833282470703e+00
-2.702556371688842773e+00
-2.055562496185302734e+00
-2.656651020050048828e+00
-2.332336902618408203e+00
-2.425668001174926758e+00
-4.097535610198974609e-01
-6.705564856529235840e-01
-1.917716264724731445e+00
-2.626275777816772461e+00
-2.683378934860229492e+00
-2.792059898376464844e+00
-2.679214000701904297e+00
-1.786275386810302734e+00
9.154482930898666382e-02
-2.669937849044799805e+00
-1.187656998634338379e+00
-1.944100141525268555e+00
-2.963332176208496094e+00
-8.060103654861450195e-01
-6.923252940177917480e-01
-2.463987827301025391e+00
-1.245002508163452148e+00
-2.922730922698974609e+00
-1.594481587409973145e+00
-2.530464410781860352e+00
-2.029998064041137695e+00
-2.801092863082885742e+00
-1.930100083351135254e+00
-1.762709021568298340e+00
-1.651831030845642090e+00
-1.889600634574890137e+00
-2.363035440444946289e+00
-1.835898518562316895e+00
-7.588440775871276855e-01
-2.102197885513305664e+00
-8.790735006332397461e-01
-2.520605564117431641e+00
-2.714215993881225586e+00
-2.191912174224853516e+00
-2.021934986114501953e+00
-1.187582969665527344e+00
-1.109562158584594727e+00
-2.209818840026855469e+00
-2.363223791122436523e+00
-1.571261405944824219e+00
-2.087376117706298828e+00
-1.449609994888305664e+00
-2.441886901855468750e+00
-2.222023487091064453e+00
-2.029613256454467773e+00
-2.535025477409362793e-01
-1.393597364425659180e+00
-2.049174070358276367e+00
-1.791980862617492676e+00
-9.123228788375854492e-01
-2.103428363800048828e+00
-2.742974519729614258e+00
-2.167119741439819336e+00
-2.690260171890258789e+00
-2.258038520812988281e+00
-2.808370590209960938e+00
-2.861937046051025391e+00
1.075793951749801636e-01
-1.715214967727661133e+00
-1.635079026222229004e+00
-2.349782705307006836e+00
-2.465081214904785156e+00
-2.171248912811279297e+00
-2.027080774307250977e+00
-2.783899545669555664e+00
-2.555557727813720703e+00
-1.573684811592102051e+00
-1.321612358093261719e+00
-2.281279802322387695e+00
-1.945579886436462402e+00
-2.070431232452392578e+00
-2.548452854156494141e+00
-1.545623898506164551e+00
-6.384345293045043945e-01
-2.269974231719970703e+00
-1.943262577056884766e+00
-1.688145041465759277e+00
-1.395916581153869629e+00
-1.143913149833679199e+00
-2.192551612854003906e+00
-1.410731673240661621e+00
-1.509803175926208496e+00
-1.706071138381958008e+00
-2.827784299850463867e+00
-1.946504950523376465e+00
-1.502101778984069824e+00
-7.019150853157043457e-01
-2.259892702102661133e+00
-1.610107064247131348e+00
-2.321678638458251953e+00
-1.956490397453308105e+00
-1.794744849205017090e+00
-1.907523393630981445e+00
-1.699313640594482422e+00
-1.564369440078735352e+00
-1.265971899032592773e+00
-2.138203144073486328e+00
-1.200500369071960449e+00
-2.639197587966918945e+00
-1.214439630508422852e+00
-1.978734850883483887e+00
-6.077302694320678711e-01
-4.980469644069671631e-01
-4.769322574138641357e-01
-2.190928459167480469e+00
-3.159868419170379639e-01
-1.644671201705932617e+00
-1.621519923210144043e+00
-1.960184335708618164e+00
-2.488191604614257812e+00
-8.128022551536560059e-01
-2.046787977218627930e+00
-2.111894607543945312e+00
-2.385293483734130859e+00
-1.024476408958435059e+00
-1.881456494331359863e+00
-2.672519922256469727e+00
-3.259672641754150391e+00
-2.284228086471557617e+00
-1.198854088783264160e+00
-5.693396925926208496e-01
-2.491996288299560547e+00
-1.720430970191955566e+00
-2.458670616149902344e+00
-1.421350240707397461e+00
-1.352285146713256836e+00
-2.043226480484008789e+00
-2.891307353973388672e+00
-2.000113487243652344e+00
-1.566742777824401855e+00
-3.365382432937622070e+00
-2.373086452484130859e+00
-1.748862028121948242e+00
-1.025799036026000977e+00
-5.471052527427673340e-01
-2.565943956375122070e+00
-2.114795684814453125e+00
-2.185872077941894531e+00
-1.754915714263916016e+00
-2.329592704772949219e+00
-2.552156686782836914e+00
-2.475610256195068359e+00
-2.249511718750000000e+00
-2.606395721435546875e+00
-1.978651523590087891e+00
-2.052460670471191406e+00
-2.168018817901611328e+00
-1.040554523468017578e+00
-1.898250699043273926e+00
-2.126930713653564453e+00
-2.083457469940185547e+00
-2.870492935180664062e+00
-1.164131760597229004e+00
-2.568916559219360352e+00
-1.217618107795715332e+00
-1.838028073310852051e+00
-1.224295735359191895e+00
-2.330864906311035156e+00
-2.231277704238891602e+00
-1.424114942550659180e+00
-2.211475372314453125e+00
-3.020320892333984375e+00
-2.896587610244750977e+00
-6.272294521331787109e-01
-1.810365438461303711e+00
-1.214115619659423828e+00
-1.019173145294189453e+00
-2.218087434768676758e+00
-1.874421238899230957e+00
-1.680208921432495117e+00
-1.406094551086425781e+00
-1.965471744537353516e+00
-1.843124866485595703e+00
-9.810165762901306152e-01
-2.599743127822875977e+00
-3.152653455734252930e+00
-1.339696645736694336e+00
-2.299348592758178711e+00
-1.558606505393981934e+00
-1.826380848884582520e+00
-2.662749290466308594e+00
-2.083276510238647461e+00
-2.354176044464111328e+00
-2.002833843231201172e+00
-2.308274984359741211e+00
-2.435082197189331055e+00
-2.932218074798583984e+00
-1.881483674049377441e+00
-1.699326038360595703e+00
-1.433114409446716309e+00
-1.825992822647094727e+00
-8.155572414398193359e-01
-7.956876754760742188e-01
-1.247899651527404785e+00
-2.179080963134765625e+00
-1.441944837570190430e+00
-1.251150131225585938e+00
-2.763531684875488281e+00
-1.996040821075439453e+00
-1.777586579322814941e+00
-2.927734613418579102e+00
-2.474423199892044067e-01
-1.482443451881408691e+00
-3.353420734405517578e+00
-2.374870538711547852e+00
-1.927611231803894043e+00
-1.294505596160888672e+00
-1.902006506919860840e+00
-2.629708766937255859e+00
-9.565239548683166504e-01
-1.570843935012817383e+00
-2.169370889663696289e+00
-1.302184462547302246e+00
-2.107891321182250977e+00
-1.550258994102478027e+00
-1.506556034088134766e+00
-2.632734775543212891e+00
-2.627631425857543945e+00
-1.713496685028076172e+00
-1.617050290107727051e+00
-1.157874941825866699e+00
-1.293269157409667969e+00
-1.691694021224975586e+00
-1.382191538810729980e+00
-2.445047348737716675e-01
-3.281327247619628906e+00
-2.184922695159912109e+00
-2.330844402313232422e+00
-1.772337198257446289e+00
-8.457078933715820312e-01
-2.167990922927856445e+00
-1.172809123992919922e+00
-2.006356418132781982e-01
-1.715538263320922852e+00
-3.267297029495239258e+00
-8.897113204002380371e-01
-1.151960849761962891e+00
-1.071163058280944824e+00
-2.190328836441040039e+00
-2.526986122131347656e+00
-1.427358269691467285e+00
-2.438131809234619141e+00
-2.653757810592651367e+00
-3.059092760086059570e+00
-3.307810783386230469e+00
-2.334714889526367188e+00
-3.131514072418212891e+00
-2.385963678359985352e+00
-2.751478910446166992e+00
-3.200583457946777344e+00
-1.306255340576171875e+00
-2.672178983688354492e+00
-1.291159033775329590e+00
-2.252857208251953125e+00
-2.296153306961059570e+00
-2.678564310073852539e+00
-1.760227203369140625e+00
-2.895979881286621094e+00
-2.616802692413330078e+00
-2.440562963485717773e+00
-2.093936204910278320e+00
-1.465180635452270508e+00
-2.279737472534179688e+00
-1.070907235145568848e+00
-2.430346012115478516e+00
-1.397536635398864746e+00
-3.010464429855346680e+00
-3.659460306167602539e+00
-1.584907889366149902e+00
-2.023171186447143555e+00
-3.508908987045288086e+00
-1.879116177558898926e+00
-2.725388050079345703e+00
-1.890878558158874512e+00
-3.235672950744628906e+00
-3.138941287994384766e+00
-2.753278255462646484e+00
-8.026291728019714355e-01
-1.249407172203063965e+00
-3.031426668167114258e+00
-1.229463458061218262e+00
-2.455110311508178711e+00
-3.973361551761627197e-01
-2.280358552932739258e+00
-2.279524803161621094e+00
-2.947461366653442383e+00
-1.547301173210144043e+00
-1.143196582794189453e+00
-1.852936863899230957e+00
-2.781103134155273438e+00
-3.497824192047119141e+00
-1.406249642372131348e+00
-1.475444912910461426e+00
-2.863919258117675781e+00
-3.221137762069702148e+00
-1.845344305038452148e+00
-1.422997236251831055e+00
-2.395789861679077148e+00
-1.527432203292846680e+00
-6.721941232681274414e-01
-2.092274427413940430e+00
-2.273029327392578125e+00
-2.159813165664672852e+00
-1.844089627265930176e+00
-1.569819450378417969e+00
-2.412051439285278320e+00
-2.068228960037231445e+00
-1.831973195075988770e+00
-1.957294464111328125e+00
-9.786326885223388672e-01
-1.177326798439025879e+00
-2.344164371490478516e+00
-1.815890431404113770e+00
-2.688722133636474609e+00
-1.436903357505798340e+00
-3.964445590972900391e-01
-2.213189840316772461e+00
-1.642756342887878418e+00
-1.140259027481079102e+00
-2.387109279632568359e+00
-2.581998825073242188e+00
-2.919511079788208008e+00
-3.528025150299072266e+00
-2.082656621932983398e+00
-2.054537057876586914e+00
-1.727031230926513672e+00
-1.192083954811096191e+00
-2.284941673278808594e+00
-2.533787250518798828e+00
-1.270263552665710449e+00
-2.504004955291748047e+00
-1.342498540878295898e+00
-5.536852478981018066e-01
-2.877491235733032227e+00
-1.868927955627441406e+00
-2.226155519485473633e+00
-2.535086154937744141e+00
-1.786138296127319336e+00
-2.307715654373168945e+00
-6.146388053894042969e-01
-9.099687337875366211e-01
-1.112007379531860352e+00
-1.939470410346984863e+00
-2.498605996370315552e-01
-1.446806073188781738e+00
-1.043354630470275879e+00
-2.049915313720703125e+00
-1.009855031967163086e+00
-1.349562048912048340e+00
-2.093422412872314453e+00
-1.769510984420776367e+00
-2.388432323932647705e-01
-1.448484063148498535e+00
-1.972720146179199219e+00
-2.563722610473632812e+00
-1.042784094810485840e+00
-2.379521280527114868e-01
-2.438928365707397461e+00
-2.744104862213134766e+00
-2.338947296142578125e+00
-9.331014752388000488e-01
-1.123836755752563477e+00
-2.637706279754638672e+00
-1.614786028861999512e+00
-1.114214301109313965e+00
-1.538589000701904297e+00
-1.122681736946105957e+00
-2.656017065048217773e+00
-1.893319606781005859e+00
-1.515701055526733398e+00
-2.012371063232421875e+00
-1.972250223159790039e+00
-1.152865529060363770e+00
-2.045490026473999023e+00
-1.519199967384338379e+00
-3.443143129348754883e+00
-9.463843107223510742e-01
-3.614132165908813477e+00
-7.488042116165161133e-01
-2.849447250366210938e+00
-2.024872064590454102e+00
-1.599231481552124023e+00
-1.737417578697204590e+00
-3.068245172500610352e+00
-3.074428081512451172e+00
-7.723018527030944824e-01
-2.164580345153808594e+00
-2.364918708801269531e+00
-2.505788087844848633e+00
-1.052292823791503906e+00
-1.383763670921325684e+00
-2.208233594894409180e+00
-9.999051690101623535e-01
-2.289826393127441406e+00
-3.322217226028442383e+00
-5.346402525901794434e-01
-1.031424283981323242e+00
-1.151878833770751953e+00
-1.249235153198242188e+00
-2.252718925476074219e+00
-2.377011299133300781e+00
4.000743851065635681e-03
-5.023128986358642578e-01
-2.844911336898803711e+00
-2.050326108932495117e+00
-3.173586130142211914e+00
-2.628851175308227539e+00
-1.836315870285034180e+00
-1.881019234657287598e+00
-1.460613727569580078e+00
-1.764775514602661133e+00
-2.827777147293090820e+00
-1.559801936149597168e+00
-1.104889392852783203e+00
-1.898963570594787598e+00
-2.597588062286376953e+00
-1.882185220718383789e+00
-1.763009309768676758e+00
-2.420129537582397461e+00
-2.781792163848876953e+00
-3.265966176986694336e+00
-2.351329088211059570e+00
-1.596674799919128418e+00
-2.366438150405883789e+00
-2.209211111068725586e+00
-2.642183780670166016e+00
-1.538860797882080078e+00
-3.083105802536010742e+00
-2.344393730163574219e+00
-8.144582509994506836e-01
-2.260102748870849609e+00
-1.869527101516723633e+00
-2.007967710494995117e+00
-2.453285455703735352e+00
-7.589957714080810547e-01
-2.310041666030883789e+00
-2.356631040573120117e+00
-2.471042633056640625e+00
-1.605143189430236816e+00
-4.062162041664123535e-01
-1.885316252708435059e+00
-1.965688347816467285e+00
-1.360652327537536621e+00
-1.170718908309936523e+00
-1.666967272758483887e+00
-2.042188405990600586e+00
-7.756019234657287598e-01
-2.576240777969360352e+00
-1.988780140876770020e+00
-2.198642730712890625e+00
-7.444086670875549316e-01
-1.686034321784973145e+00
-1.621793746948242188e+00
-1.785461783409118652e+00
-2.630277633666992188e+00
-2.758300781250000000e+00
-2.589449644088745117e+00
-2.403984546661376953e+00
-1.156151890754699707e+00
-3.196902275085449219e+00
-1.626627326011657715e+00
-2.940582036972045898e+00
-1.861040234565734863e+00
-1.719750761985778809e+00
-1.680786728858947754e+00
-2.745269298553466797e+00
-1.775334835052490234e+00
-2.060108661651611328e+00
-8.574801683425903320e-01
-1.837726473808288574e+00
-1.388462901115417480e+00
-1.814063191413879395e+00
-1.751181244850158691e+00
-1.816179990768432617e+00
-2.219585180282592773e+00
-9.753196239471435547e-01
-2.061517715454101562e+00
-1.446175217628479004e+00
-3.296583652496337891e+00
-8.959704041481018066e-01
-2.589822769165039062e+00
-2.390871524810791016e+00
-3.337235689163208008e+00
-2.447192668914794922e+00
-2.199222803115844727e+00
-1.446859717369079590e+00
-3.727266550064086914e+00
-3.052759408950805664e+00
-1.442354559898376465e+00
-2.825953245162963867e+00
-1.970450878143310547e+00
-1.215096831321716309e+00
-2.404394149780273438e+00
-1.762676358222961426e+00
-1.987766861915588379e+00
-1.513560414314270020e+00
-3.134119033813476562e+00
-2.588931798934936523e+00
-1.591572403907775879e+00
-2.297550439834594727e+00
-2.656455278396606445e+00
-2.186773061752319336e+00
-1.958509445190429688e+00
-1.392172098159790039e+00
-2.588400125503540039e+00
-2.206968307495117188e+00
-2.127328157424926758e+00
-2.930324316024780273e+00
-8.860179781913757324e-01
-2.163560628890991211e+00
-2.562983512878417969e+00
-2.792680740356445312e+00
-2.504227399826049805e+00
-1.757897257804870605e+00
-2.634355306625366211e+00
-1.971733927726745605e+00
-2.068839788436889648e+00
-9.329379200935363770e-01
-7.997282147407531738e-01
-2.017046689987182617e+00
-3.514034271240234375e+00
-2.326356887817382812e+00
-1.413286924362182617e+00
-2.182109832763671875e+00
-2.315483570098876953e+00
-2.956891536712646484e+00
-2.993950605392456055e+00
-1.464803099632263184e+00
-6.912317872047424316e-01
-2.893606662750244141e+00
-2.426184892654418945e+00
-2.897722244262695312e+00
-2.997951745986938477e+00
-2.521560192108154297e+00
-1.367772698402404785e+00
-2.324055910110473633e+00
-1.921949625015258789e+00
-2.599477767944335938e+00
-3.041314125061035156e+00
-1.347503304481506348e+00
-1.756580829620361328e+00
-1.771369338035583496e+00
-2.368138551712036133e+00
-2.701026439666748047e+00
-2.453358650207519531e+00
-2.774746417999267578e+00
-2.924232721328735352e+00
-1.674252390861511230e+00
-1.728091120719909668e+00
-2.199925899505615234e+00
-2.524241924285888672e+00
-2.921266555786132812e+00
-2.285484075546264648e+00
-2.802176237106323242e+00
-2.587915420532226562e+00
-2.334936380386352539e+00
-2.150593042373657227e+00
-2.020422697067260742e+00
-9.427607059478759766e-01
-1.967893481254577637e+00
-1.768476605415344238e+00
-3.192585468292236328e+00
-1.264633417129516602e+00
-2.188456296920776367e+00
-2.854617595672607422e+00
-2.854653120040893555e+00
-3.253748893737792969e+00
-2.101876020431518555e+00
-9.310820102691650391e-01
-1.282142639160156250e+00
-3.311390161514282227e+00
-3.351189374923706055e+00
-1.320605754852294922e+00
-1.134224414825439453e+00
-2.528822183609008789e+00
-3.071596860885620117e+00
-1.925179600715637207e+00
-2.361527681350708008e+00
-2.169929742813110352e+00
-9.891461133956909180e-01
-2.126577615737915039e+00
-4.654498100280761719e-01
-1.615863442420959473e+00
-2.808737277984619141e+00
-1.578612327575683594e+00
-2.301913022994995117e+00
-2.256292581558227539e+00
-2.592545032501220703e+00
-1.866337418556213379e+00
-2.014300107955932617e+00
-2.765675544738769531e+00
-1.016253471374511719e+00
-1.178406000137329102e+00
-1.618606209754943848e+00
-2.121725082397460938e+00
-2.626213550567626953e+00
-2.194531917572021484e+00
-6.202720403671264648e-01
-3.081463813781738281e+00
-1.579153299331665039e+00
-2.509404659271240234e+00
-2.243571043014526367e+00
-2.700546057894825935e-03
-3.127794265747070312e+00
-1.778964281082153320e+00
-5.865115523338317871e-01
-3.459292173385620117e+00
-8.300169706344604492e-01
-1.801570534706115723e+00
-1.802524566650390625e+00
-1.691008567810058594e+00
-2.290190935134887695e+00
-1.305948019027709961e+00
-2.106473445892333984e+00
-2.297012567520141602e+00
-1.833363771438598633e+00
-2.334869623184204102e+00
-1.092420339584350586e+00
-2.025516748428344727e+00
-2.338133811950683594e+00
-2.531582593917846680e+00
-2.821256160736083984e+00
-8.449988961219787598e-01
-2.643725872039794922e-01
-3.562974333763122559e-01
-2.065457344055175781e+00
-2.117079257965087891e+00
9.411077201366424561e-02
-9.013068079948425293e-01
-2.166564702987670898e+00
-3.009304285049438477e+00
-7.203892469406127930e-01
-1.422758579254150391e+00
-1.734180331230163574e+00
-2.026961803436279297e+00
-1.289994239807128906e+00
-1.807954907417297363e+00
-2.317196130752563477e+00
-1.279669046401977539e+00
-3.000835180282592773e-01
-1.098828911781311035e+00
-2.610560894012451172e+00
-1.091086506843566895e+00
-9.053818583488464355e-01
-1.198139548301696777e+00
-7.534068822860717773e-01
-4.013609290122985840e-01
-1.126640915870666504e+00
-2.072093725204467773e+00
-8.795412778854370117e-01
-1.256642580032348633e+00
-2.141176462173461914e+00
-1.173646688461303711e+00
-2.392051696777343750e+00
-1.418510198593139648e+00
-1.505052745342254639e-01
-1.326447844505310059e+00
-1.535539031028747559e+00
-1.687556266784667969e+00
-1.521232843399047852e+00
-1.728436350822448730e+00
-1.053677797317504883e+00
-1.075499057769775391e+00
-1.358474016189575195e+00
-1.871738314628601074e+00
-1.596009731292724609e+00
-6.591649055480957031e-01
-1.249706149101257324e+00
4.233179986476898193e-01
-1.045071244239807129e+00
-2.248913049697875977e+00
-8.705917000770568848e-01
-1.806180953979492188e+00
-1.140508413314819336e+00
-1.600705862045288086e+00
-2.592724561691284180e+00
-1.210593104362487793e+00
-2.600854873657226562e+00
-1.277871370315551758e+00
-2.307818412780761719e+00
-1.697505235671997070e+00
-3.367398738861083984e+00
-1.300171017646789551e+00
-1.193674564361572266e+00
-9.963102340698242188e-01
-8.179959654808044434e-01
-2.177140712738037109e+00
-1.012589216232299805e+00
-1.258035302162170410e+00
-7.015699148178100586e-01
-2.165546894073486328e+00
-1.900615453720092773e+00
-1.536272644996643066e+00
-1.002909064292907715e+00
-2.216870069503784180e+00
-1.949448347091674805e+00
-1.988816142082214355e+00
-1.215375900268554688e+00
-1.188505172729492188e+00
-1.953181862831115723e+00
-2.291423082351684570e+00
-4.425821006298065186e-01
-2.252897500991821289e+00
-1.418199419975280762e+00
-1.657979607582092285e+00
-2.933072328567504883e+00
-2.360101461410522461e+00
-2.627324104309082031e+00
-2.312701225280761719e+00
-2.271289587020874023e+00
-1.713439345359802246e+00
-5.826866030693054199e-01
-3.426581859588623047e+00
-2.333497047424316406e+00
-2.168540716171264648e+00
-2.048233985900878906e+00
-1.892785072326660156e+00
-1.823278307914733887e+00
-1.914123773574829102e+00
-1.290128469467163086e+00
-2.166900634765625000e+00
-2.511706054210662842e-01
-1.058413386344909668e+00
-4.368780553340911865e-01
-1.671645998954772949e+00
-1.586784839630126953e+00
-1.506472826004028320e+00
-2.580092191696166992e+00
-3.244757413864135742e+00
-2.385314226150512695e+00
-3.808568716049194336e+00
-2.367640495300292969e+00
-1.457328915596008301e+00
-1.059213876724243164e+00
-2.199498176574707031e+00
-9.004873633384704590e-01
-3.578101873397827148e+00
-1.957875847816467285e+00
-1.832778930664062500e+00
-1.575620055198669434e+00
-1.841336250305175781e+00
-1.712471842765808105e+00
-1.830308794975280762e+00
-1.531998395919799805e+00
-1.726662874221801758e+00
-2.466307401657104492e+00
-9.327216744422912598e-01
-2.789834260940551758e+00
-5.214678049087524414e-01
-2.346153020858764648e+00
-3.296933770179748535e-01
-1.439714789390563965e+00
-1.056530117988586426e+00
-1.676084995269775391e+00
-2.565618753433227539e+00
-1.977152585983276367e+00
-2.164941549301147461e+00
-1.099457383155822754e+00
-2.810755729675292969e+00
-1.989156842231750488e+00
-1.403027892112731934e+00
-1.749117016792297363e+00
-1.791486978530883789e+00
-1.578637838363647461e+00
-2.299037456512451172e+00
1.664217859506607056e-01
2.917532026767730713e-01
-1.482892274856567383e+00
-2.237071752548217773e+00
-1.207159996032714844e+00
-1.862046480178833008e+00
-1.961750149726867676e+00
-2.855235099792480469e+00
-2.393764257431030273e+00
-2.959401845932006836e+00
-2.233890295028686523e+00
-1.996769905090332031e+00
-2.711813926696777344e+00
-1.829337954521179199e+00
-2.077250242233276367e+00
-2.911455392837524414e+00
-1.483517527580261230e+00
-1.751512289047241211e+00
-2.789671421051025391e+00
-2.448785781860351562e+00
-1.045606851577758789e+00
-1.903697609901428223e+00
-3.493118524551391602e+00
-2.110308170318603516e+00
-5.089571475982666016e-01
-1.962829828262329102e+00
-2.043458700180053711e+00
-4.305894672870635986e-01
-3.212215423583984375e+00
-2.781718730926513672e+00
-3.060626029968261719e+00
-1.038741588592529297e+00
-1.947327971458435059e+00
-4.229997470974922180e-02
-1.179886102676391602e+00
-2.404979467391967773e+00
-3.734466433525085449e-01
-1.465675473213195801e+00
-2.443340979516506195e-02
-2.806212902069091797e+00
-3.134614229202270508e+00
-1.870768427848815918e+00
-1.170847654342651367e+00
-2.502778530120849609e+00
-2.125708580017089844e+00
-2.158221006393432617e+00
-1.748071789741516113e+00
-1.541074514389038086e+00
-1.992839217185974121e+00
-9.968323707580566406e-01
-2.439818620681762695e+00
-1.354213953018188477e+00
-2.331410169601440430e+00
-1.918258190155029297e+00
-1.666504025459289551e+00
-1.089068055152893066e+00
-2.737764358520507812e+00
-3.433264493942260742e+00
-2.911086559295654297e+00
-1.733385682106018066e+00
-2.319545507431030273e+00
-1.614659667015075684e+00
-1.394083857536315918e+00
-2.737072706222534180e+00
-1.503541827201843262e+00
-2.757979869842529297e+00
-3.145990610122680664e+00
-2.559001445770263672e+00
-1.641184091567993164e+00
-1.727344632148742676e+00
-2.495259523391723633e+00
-2.801029920578002930e+00
-1.457097291946411133e+00
-7.702018022537231445e-01
1.157183423638343811e-01
-6.922441720962524414e-01
-2.878148794174194336e+00
-2.412805795669555664e+00
-2.442734956741333008e+00
-7.551739811897277832e-01
-2.624472856521606445e+00
-2.465779304504394531e+00
-1.603138208389282227e+00
-2.620985984802246094e+00
-2.425841569900512695e+00
-1.417138934135437012e+00
-2.001052856445312500e+00
-2.178960561752319336e+00
-1.940155029296875000e+00
-2.761993408203125000e+00
-2.435735225677490234e+00
-6.817055344581604004e-01
-2.009213924407958984e+00
-2.711082696914672852e+00
-2.450676202774047852e+00
-2.819390773773193359e+00
-3.560236454010009766e+00
-3.497778654098510742e+00
-9.727477431297302246e-01
-2.643693447113037109e+00
-2.143330097198486328e+00
-2.384117126464843750e+00
-1.193721771240234375e+00
-3.007242441177368164e+00
-2.297724962234497070e+00
-1.894695162773132324e+00
-1.120989322662353516e+00
-2.312924861907958984e+00
-1.388858318328857422e+00
-2.205008983612060547e+00
-8.953093886375427246e-01
-1.503989458084106445e+00
-1.934720993041992188e+00
-2.017728090286254883e+00
-2.907310485839843750e+00
-3.128198862075805664e+00
-8.505123257637023926e-01
-7.438160181045532227e-01
-1.314411044120788574e+00
-2.841624021530151367e+00
-9.107434153556823730e-01
-1.232046604156494141e+00
-3.116617441177368164e+00
-1.724627494812011719e+00
-2.360912322998046875e+00
-3.434201240539550781e+00
-1.987082242965698242e+00
-1.660244464874267578e+00
-2.544827222824096680e+00
-1.390625357627868652e+00
-2.587721347808837891e+00
-1.931167483329772949e+00
-1.535092711448669434e+00
-1.363510131835937500e+00
-1.716288566589355469e+00
-2.250117540359497070e+00
-2.703536987304687500e+00
-9.028288125991821289e-01
-1.547824978828430176e+00
-3.166222572326660156e+00
-1.244630694389343262e+00
-2.683165311813354492e+00
-2.389479160308837891e+00
-3.055376529693603516e+00
-1.224075198173522949e+00
-1.809639811515808105e+00
-2.144730567932128906e+00
-2.547906637191772461e+00
-1.655193328857421875e+00
-1.630384445190429688e+00
-1.907945513725280762e+00
-1.405961036682128906e+00
-2.881134748458862305e+00
-1.048737168312072754e+00
-2.006903886795043945e+00
-2.448234081268310547e+00
-1.647816300392150879e+00
-1.250140905380249023e+00
-1.610373735427856445e+00
-2.046000957489013672e+00
-1.915836095809936523e+00
-2.854828834533691406e+00
-6.339810490608215332e-01
-2.041583538055419922e+00
-1.211530089378356934e+00
-2.406841278076171875e+00
-9.010764360427856445e-01
-5.838602185249328613e-01
-1.698088526725769043e+00
-7.214196920394897461e-01
-3.155687570571899414e+00
-2.300127029418945312e+00
-1.114899039268493652e+00
-2.367076158523559570e+00
-1.588473916053771973e+00
-1.298383951187133789e+00
-9.351878762245178223e-01
-1.273413062095642090e+00
-3.656091392040252686e-01
-1.014120817184448242e+00
-1.741032600402832031e+00
-1.398846030235290527e+00
-2.372845172882080078e+00
-2.885704755783081055e+00
-2.446309089660644531e+00
-4.476870000362396240e-01
-1.983870267868041992e+00
-2.161919593811035156e+00
-1.137449860572814941e+00
-2.577380657196044922e+00
-2.501296043395996094e+00
-2.319076299667358398e+00
-2.635071516036987305e+00
-1.276906609535217285e+00
-1.098685860633850098e+00
-1.708943963050842285e+00
-1.970603704452514648e+00
-1.112235307693481445e+00
-1.532726407051086426e+00
-2.626650810241699219e+00
-2.191534757614135742e+00
-3.181022882461547852e+00
-2.867644309997558594e+00
-1.272147893905639648e+00
-2.110575675964355469e+00
-2.980787456035614014e-01
-1.722927689552307129e+00
-1.637958645820617676e+00
-3.056478500366210938e+00
-3.982495069503784180e+00
-2.167270421981811523e+00
-1.803298950195312500e+00
-3.878448009490966797e+00
-6.719364523887634277e-01
-1.898189425468444824e+00
-2.057588338851928711e+00
-2.113242149353027344e+00
-8.656895756721496582e-01
-2.644853591918945312e+00
-3.889447450637817383e+00
-1.593043804168701172e+00
-2.189630746841430664e+00
-2.014374256134033203e+00
-2.171802043914794922e+00
-2.060778379440307617e+00
-1.842712998390197754e+00
-2.215659856796264648e+00
-2.455855846405029297e+00
-2.268315076828002930e+00
-3.503771781921386719e+00
-2.937981367111206055e+00
-1.828542470932006836e+00
-2.657845020294189453e+00
-2.405950069427490234e+00
-3.088671207427978516e+00
-2.212997913360595703e+00
-2.190538883209228516e+00
-6.139932274818420410e-01
-1.865953922271728516e+00
-3.314129114151000977e-01
-2.672709703445434570e+00
-2.289695739746093750e+00
-2.789269208908081055e+00
-2.544230699539184570e+00
-2.177604436874389648e+00
-2.842168331146240234e+00
-1.637647628784179688e+00
-2.918349742889404297e+00
-2.038741350173950195e+00
-9.752123951911926270e-01
-1.824048280715942383e+00
-1.423754215240478516e+00
-2.262557506561279297e+00
-3.805004596710205078e+00
-2.503466606140136719e+00
-1.893022656440734863e+00
-2.601472616195678711e+00
-2.427895069122314453e+00
-9.305562376976013184e-01
2.664341926574707031e-01
-8.950360417366027832e-01
-2.290229558944702148e+00
-2.212952852249145508e+00
-2.569803595542907715e-01
-2.635663032531738281e+00
-1.823457837104797363e+00
-2.584586858749389648e+00
-2.440290212631225586e+00
-2.072112798690795898e+00
-1.770515441894531250e+00
-3.465443134307861328e+00
-4.066668152809143066e-01
-1.658186316490173340e+00
-8.319689035415649414e-01
-2.425842761993408203e+00
-3.521005868911743164e+00
-2.698225021362304688e+00
-2.843810319900512695e+00
-2.300318956375122070e+00
-9.145855903625488281e-01
-2.533457994461059570e+00
-1.727660059928894043e+00
-1.795504331588745117e+00
-3.549331903457641602e+00
-2.652979135513305664e+00
-3.730608224868774414e+00
-1.775614738464355469e+00
-3.522972583770751953e+00
-3.770130157470703125e+00
-8.821067810058593750e-01
-1.609226346015930176e+00
-2.945080995559692383e+00
-3.289480924606323242e+00
-2.705478906631469727e+00
-3.109480381011962891e+00
-3.514371395111083984e+00
-2.614475011825561523e+00
-2.228749036788940430e+00
-2.883403062820434570e+00
-2.311066150665283203e+00
-1.777123689651489258e+00
-1.482011318206787109e+00
-1.313219428062438965e+00
-3.362469196319580078e+00
-1.645364165306091309e+00
-2.784883975982666016e+00
-3.118557214736938477e+00
-1.292168498039245605e+00
-2.509014129638671875e+00
-7.275609374046325684e-01
-1.586417913436889648e+00
-2.908053874969482422e+00
-2.295882940292358398e+00
-9.092404246330261230e-01
-1.846227288246154785e+00
-3.154851675033569336e+00
-1.793973684310913086e+00
-2.633677244186401367e+00
-9.434445500373840332e-01
-2.434289693832397461e+00
-2.083681344985961914e+00
-2.486575126647949219e+00
-8.705994486808776855e-01
-1.913575887680053711e+00
-1.024978518486022949e+00
-2.491660833358764648e+00
-3.081234693527221680e+00
-2.200686931610107422e+00
-2.083818197250366211e+00
-2.810475826263427734e+00
-2.970295667648315430e+00
-1.870528817176818848e+00
-2.529952287673950195e+00
-3.055978715419769287e-01
-2.658880949020385742e+00
-2.350565910339355469e+00
-2.883735895156860352e+00
-2.691207408905029297e+00
-2.391609430313110352e+00
-3.059859514236450195e+00
-1.441817045211791992e+00
-2.155358791351318359e+00
-1.189681768417358398e+00
-2.281636953353881836e+00
-2.939319133758544922e+00
-2.806206464767456055e+00
-2.114819049835205078e+00
-3.715621471405029297e+00
-2.910184144973754883e+00
-1.617712736129760742e+00
-2.215185403823852539e+00
-1.397307991981506348e+00
-1.983719587326049805e+00
-2.089559793472290039e+00
-2.625261068344116211e+00
-2.830489397048950195e+00
-3.367492198944091797e+00
-3.378400325775146484e+00
-2.282011747360229492e+00
-1.034655213356018066e+00
-2.588865041732788086e+00
-2.068289756774902344e+00
-2.959844350814819336e+00
-2.177135705947875977e+00
-2.117536306381225586e+00
-2.358581781387329102e+00
-2.729212284088134766e+00
-1.550244927406311035e+00
-2.627102375030517578e+00
-2.805879354476928711e+00
-2.441910266876220703e+00
-1.949510097503662109e+00
-2.702893257141113281e+00
-3.396600782871246338e-01
-2.457788705825805664e+00
-3.106287002563476562e+00
-1.262330651283264160e+00
-2.774023294448852539e+00
-2.170696020126342773e+00
-2.710155487060546875e+00
-1.382197141647338867e+00
-2.421705484390258789e+00
-1.891271471977233887e+00
-1.764936327934265137e+00
-1.682549834251403809e+00
-2.106765270233154297e+00
-1.724856734275817871e+00
-5.156372189521789551e-01
-2.274704456329345703e+00
-2.753880500793457031e+00
-2.787672758102416992e+00
-2.903422594070434570e+00
-2.381836175918579102e+00
-2.351933002471923828e+00
-2.633310317993164062e+00
-1.534422636032104492e+00
-1.272350430488586426e+00
-2.716439723968505859e+00
-1.627555131912231445e+00
-1.920226573944091797e+00
-1.413788318634033203e+00
-2.667376756668090820e+00
-2.247078180313110352e+00
-2.888928413391113281e+00
-7.805730700492858887e-01
-2.052264690399169922e+00
-1.799737334251403809e+00
-3.731936216354370117e-01
-2.253075361251831055e+00
-2.971624612808227539e+00
-3.373482465744018555e+00
-1.537542223930358887e+00
-2.091444015502929688e+00
-3.221253156661987305e+00
-2.140374660491943359e+00
-7.883892059326171875e-01
-1.020981669425964355e+00
-2.519964933395385742e+00
-3.357698917388916016e+00
-2.239167690277099609e+00
-2.651192665100097656e+00
-1.334660649299621582e+00
-1.196480631828308105e+00
-3.036119461059570312e+00
-3.468764781951904297e+00
-3.193853497505187988e-01
-1.962406516075134277e+00
-2.904798984527587891e+00
-2.067523956298828125e+00
-2.056695938110351562e+00
-1.926586866378784180e+00
-9.163482189178466797e-01
-3.291996240615844727e+00
-2.465248823165893555e+00
-2.500286102294921875e+00
-1.872995615005493164e+00
-2.319324016571044922e+00
-2.696653366088867188e+00
-2.010904788970947266e+00
-1.841635584831237793e+00
-2.792501449584960938e+00
-2.089002847671508789e+00
-2.656234264373779297e+00
-2.471281051635742188e+00
-2.125334024429321289e+00
-3.488874197006225586e+00
-2.824537754058837891e+00
-2.819973230361938477e+00
-2.661035299301147461e+00
-2.910905599594116211e+00
-5.282618403434753418e-01
-2.472038507461547852e+00
-3.419430494308471680e+00
-1.749676942825317383e+00
-2.412715435028076172e+00
-2.155130147933959961e+00
-3.687662124633789062e+00
-3.239745140075683594e+00
-3.369573831558227539e+00
-1.479457139968872070e+00
-1.736234068870544434e+00
-3.551553726196289062e+00
-3.660012722015380859e+00
-3.002101421356201172e+00
-1.959553480148315430e+00
-3.461232423782348633e+00
-2.483112812042236328e+00
-1.129449844360351562e+00
-2.271777868270874023e+00
-3.756384372711181641e+00
-2.424310922622680664e+00
-1.672671079635620117e+00
-1.784874945878982544e-01
-2.779437780380249023e+00
-2.944846153259277344e+00
-1.391077280044555664e+00
-2.100383520126342773e+00
-2.713645935058593750e+00
-2.988910675048828125e+00
-3.029321193695068359e+00
-9.234855771064758301e-01
-3.386718034744262695e+00
-1.073598504066467285e+00
-3.040070056915283203e+00
-1.915995121002197266e+00
-4.005035161972045898e-01
-1.957288265228271484e+00
-1.002978324890136719e+00
-2.198705196380615234e+00
-3.043680667877197266e+00
-1.022008061408996582e+00
-2.120452165603637695e+00
-1.776476860046386719e+00
-2.660553455352783203e+00
-1.067090153694152832e+00
-4.990530908107757568e-01
-2.834507703781127930e+00
-2.708005189895629883e+00
-1.871860146522521973e+00
-2.353767633438110352e+00
-3.530113101005554199e-01
-2.054404735565185547e+00
-9.827818870544433594e-01
-3.371589422225952148e+00
-2.652894973754882812e+00
-1.572095632553100586e+00
-2.226601123809814453e+00
-1.384847760200500488e+00
-2.283380985260009766e+00
-2.797418355941772461e+00
-1.684255480766296387e+00
-2.556574821472167969e+00
-1.952462911605834961e+00
-2.707230567932128906e+00
-1.048288568854331970e-01
-1.276959300041198730e+00
-1.032551646232604980e+00
-2.704135417938232422e+00
-1.545470714569091797e+00
-1.929881811141967773e+00
-2.023344039916992188e+00
-3.472771167755126953e+00
-1.461102247238159180e+00
-2.497707128524780273e+00
-2.474431276321411133e+00
-2.067606449127197266e+00
-2.033494949340820312e+00
-1.436083674430847168e+00
-2.956598758697509766e+00
-2.132426500320434570e+00
4.250464588403701782e-02
-3.697232246398925781e+00
-1.372276425361633301e+00
-2.978101968765258789e+00
-9.149796962738037109e-01
-3.248898983001708984e+00
-1.663283348083496094e+00
-2.603689670562744141e+00
-2.146215200424194336e+00
-2.306230783462524414e+00
-1.760861515998840332e+00
-1.306991696357727051e+00
-2.366394996643066406e+00
-3.374303340911865234e+00
-2.718552112579345703e+00
-1.620144486427307129e+00
-9.701374173164367676e-01
-1.437642693519592285e+00
-2.189973115921020508e+00
-2.650284051895141602e+00
-1.734675288200378418e+00
-2.144078016281127930e+00
-9.199281930923461914e-01
-3.462436199188232422e+00
-1.505434274673461914e+00
-2.179122686386108398e+00
-1.570353031158447266e+00
-1.578725695610046387e+00
-9.535456895828247070e-01
-3.145014286041259766e+00
-2.648436069488525391e+00
-2.620361804962158203e+00
-7.116650938987731934e-01
-1.339280605316162109e+00
-1.633626222610473633e+00
-1.626079082489013672e+00
-2.098760366439819336e+00
-2.555752754211425781e+00
-1.708080649375915527e+00
-9.793450236320495605e-01
-1.249423146247863770e+00
-1.613095045089721680e+00
-2.602582931518554688e+00
-1.978489041328430176e+00
-1.258000373840332031e+00
-2.255425214767456055e+00
-3.247865915298461914e+00
-3.014239311218261719e+00
-1.633091092109680176e+00
-3.013139724731445312e+00
-1.833871722221374512e+00
-2.289548873901367188e+00
-6.521859169006347656e-01
-2.315297603607177734e+00
-3.534104108810424805e+00
-2.259975433349609375e+00
-6.916049122810363770e-01
-2.328616380691528320e+00
-3.079896688461303711e+00
-1.852578997611999512e+00
-1.467711210250854492e+00
-3.189471483230590820e+00
-2.666575908660888672e+00
-2.795612573623657227e+00
-1.491101384162902832e+00
-2.425988435745239258e+00
-2.272862911224365234e+00
-1.650878190994262695e+00
-2.198206186294555664e+00
-3.328615665435791016e+00
-2.479645490646362305e+00
-1.218880891799926758e+00
-1.211784839630126953e+00
-2.129857063293457031e+00
-1.379009485244750977e+00
-2.209243059158325195e+00
-1.887992978096008301e+00
-1.507489085197448730e+00
-1.560291528701782227e+00
-2.136108398437500000e+00
-1.594376206398010254e+00
-1.807866096496582031e+00
-3.391327619552612305e+00
-3.115588903427124023e+00
-2.833461523056030273e+00
-3.180171966552734375e+00
-1.770850062370300293e+00
-3.431159496307373047e+00
-1.715286374092102051e+00
-2.840273141860961914e+00
-3.414681911468505859e+00
-2.735116958618164062e+00
-3.185137510299682617e+00
-1.935239076614379883e+00
-2.497358798980712891e+00
-2.945231914520263672e+00
-1.216136932373046875e+00
-2.060932397842407227e+00
-1.855879068374633789e+00
-6.462250947952270508e-01
-2.818159580230712891e+00
-1.202021956443786621e+00
-2.130764007568359375e+00
-2.218165159225463867e+00
-1.529514312744140625e+00
-1.767116904258728027e+00
-1.662365436553955078e+00
-2.554431676864624023e+00
-1.819285154342651367e+00
-6.469179987907409668e-01
-3.165233373641967773e+00
-2.648433208465576172e+00
-1.987753629684448242e+00
-2.283714532852172852e+00
-1.067910909652709961e+00
-1.342415571212768555e+00
-1.315147995948791504e+00
-2.243937492370605469e+00
-2.340183734893798828e+00
-1.721339941024780273e+00
-9.118767380714416504e-01
-3.172490596771240234e+00
-3.198376893997192383e+00
-2.660745859146118164e+00
-9.926083087921142578e-01
-1.509454011917114258e+00
-1.301711916923522949e+00
-2.254544734954833984e+00
-1.326303005218505859e+00
-2.209571123123168945e+00
-9.574306607246398926e-01
-2.308054208755493164e+00
-2.388025522232055664e+00
-1.529563188552856445e+00
-2.861837863922119141e+00
-1.244203448295593262e+00
-1.443335890769958496e+00
-2.090198040008544922e+00
-1.913872003555297852e+00
-2.518418550491333008e+00
-1.816868662834167480e+00
-2.962332010269165039e+00
-2.245609283447265625e+00
-1.421422839164733887e+00
-4.758031964302062988e-01
-1.675150036811828613e+00
-2.960379838943481445e+00
-3.277885198593139648e+00
-1.461405038833618164e+00
-1.376512527465820312e+00
-2.195611238479614258e+00
-2.426828861236572266e+00
-1.264973402023315430e+00
-1.536071777343750000e+00
-1.019141197204589844e+00
-2.584401845932006836e+00
-2.110816717147827148e+00
-2.238360404968261719e+00
-2.335334539413452148e+00
-2.354108095169067383e+00
-2.029000759124755859e+00
-2.352183818817138672e+00
-2.366561174392700195e+00
-2.391149520874023438e+00
-2.436962604522705078e+00
-2.581032276153564453e+00
-2.319214344024658203e+00
-2.099093437194824219e+00
-1.602320194244384766e+00
-3.382384777069091797e+00
-2.936296939849853516e+00
-8.956559300422668457e-01
-2.166561365127563477e+00
-1.695816993713378906e+00
-3.428545475006103516e+00
-2.200205087661743164e+00
-1.288897275924682617e+00
-2.001244068145751953e+00
-1.184344649314880371e+00
-1.908050656318664551e+00
-1.580176711082458496e+00
-2.381898164749145508e+00
-2.094066381454467773e+00
-1.504261612892150879e+00
-5.418897867202758789e-01
-2.245739936828613281e+00
-2.227239608764648438e+00
-1.204127907752990723e+00
-1.733939647674560547e+00
-1.339127898216247559e+00
-6.577795147895812988e-01
-3.466806411743164062e+00
-1.984604120254516602e+00
-3.407914161682128906e+00
-1.604371309280395508e+00
-2.451799631118774414e+00
-1.755797863006591797e+00
-2.087649106979370117e+00
-2.392888784408569336e+00
-2.230512142181396484e+00
-2.078551054000854492e+00
-2.311903238296508789e+00
-3.240512609481811523e+00
-3.527976512908935547e+00
-8.970389962196350098e-01
-1.394278883934020996e+00
-2.611000299453735352e+00
-3.317826986312866211e+00
-8.895283341407775879e-01
-2.478005170822143555e+00
-2.359634637832641602e+00
-6.041544675827026367e-01
-2.072993993759155273e+00
-8.346332907676696777e-01
-7.143765687942504883e-01
-1.951148271560668945e+00
-9.205879569053649902e-01
-1.104929924011230469e+00
-2.508069992065429688e+00
-1.936408758163452148e+00
-1.464137554168701172e+00
-2.077435493469238281e+00
-2.298704385757446289e+00
-1.114764213562011719e+00
-1.073958396911621094e+00
-2.746556282043457031e+00
-4.358143806457519531e-01
-1.449607372283935547e+00
-1.531973600387573242e+00
-1.958201766014099121e+00
-2.121695995330810547e+00
-1.477435469627380371e+00
-1.091627597808837891e+00
-1.361611962318420410e+00
-2.488864898681640625e+00
-1.286706089973449707e+00
1.995892077684402466e-01
-2.138944387435913086e+00
-1.731509685516357422e+00
-6.531667113304138184e-01
-1.985068917274475098e+00
-1.215843439102172852e+00
-1.895161151885986328e+00
-1.058669090270996094e+00
-2.626491785049438477e+00
-2.361961841583251953e+00
-5.584626197814941406e-01
-2.003950357437133789e+00
-2.469764232635498047e+00
-1.050457358360290527e+00
-1.761780023574829102e+00
-1.974751234054565430e+00
-1.759099245071411133e+00
-2.929260730743408203e+00
-2.427045822143554688e+00
-5.332379341125488281e-01
-1.620548844337463379e+00
-3.090269565582275391e+00
-1.731016516685485840e+00
-9.517607688903808594e-01
-8.516167998313903809e-01
-2.697881698608398438e+00
-9.698505401611328125e-01
-2.685118198394775391e+00
-2.618375539779663086e+00
-2.446970462799072266e+00
-1.995889067649841309e+00
-2.179098606109619141e+00
-1.284904599189758301e+00
-1.920516848564147949e+00
-2.243366241455078125e+00
-9.784131646156311035e-01
-2.114512205123901367e+00
-2.965200662612915039e+00
-3.116364717483520508e+00
-1.302073836326599121e+00
-1.793559312820434570e+00
-2.704372644424438477e+00
-2.197915077209472656e+00
-1.978398323059082031e+00
-8.709440231323242188e-01
-3.242186546325683594e+00
-2.126482963562011719e+00
-2.119964361190795898e+00
-2.463791608810424805e+00
-3.508462190628051758e+00
-3.144713163375854492e+00
-2.629620552062988281e+00
-2.065537691116333008e+00
-1.188562870025634766e+00
-1.774145960807800293e+00
-6.245729923248291016e-01
-1.034150600433349609e+00
-3.182781696319580078e+00
-1.391052246093750000e+00
-1.889495253562927246e+00
-2.548753023147583008e+00
-1.711966395378112793e+00
-2.158057928085327148e+00
-1.994751691818237305e+00
-1.731018662452697754e+00
-2.155570268630981445e+00
-1.970939755439758301e+00
-1.471117973327636719e+00
-4.991627112030982971e-02
-1.845474243164062500e+00
-2.673099040985107422e+00
-8.451893329620361328e-01
-1.168553471565246582e+00
-2.759285926818847656e+00
-1.568074464797973633e+00
-2.342046260833740234e+00
-1.482872366905212402e+00
-3.347955942153930664e+00
-1.493027210235595703e+00
-1.616397023200988770e+00
-1.157988667488098145e+00
-2.239875078201293945e+00
-2.534947872161865234e+00
-2.431680202484130859e+00
2.844512164592742920e-01
-1.494488358497619629e+00
-3.277369499206542969e+00
-1.468165278434753418e+00
-2.266595363616943359e+00
-8.770400285720825195e-01
-2.205226182937622070e+00
-1.070842862129211426e+00
-1.327938556671142578e+00
-1.279567837715148926e+00
-3.365644693374633789e+00
-1.504918217658996582e+00
-1.704674839973449707e+00
-2.844966411590576172e+00
-2.653118133544921875e+00
-7.398887872695922852e-01
-9.735006690025329590e-01
-2.746949195861816406e+00
-9.845842123031616211e-01
-2.522302627563476562e+00
-2.524873971939086914e+00
-2.070070028305053711e+00
-1.448284983634948730e+00
-5.275224447250366211e-01
-1.141169905662536621e+00
-3.078667163848876953e+00
-2.001552820205688477e+00
-1.348072886466979980e+00
-1.611482977867126465e+00
-1.818332195281982422e+00
-2.672453641891479492e+00
-1.574924826622009277e+00
-1.473711252212524414e+00
-1.876522302627563477e+00
-2.529387235641479492e+00
-2.505232572555541992e+00
-1.419967651367187500e+00
-2.170506715774536133e+00
-2.016558647155761719e+00
-2.220534086227416992e+00
-2.210222244262695312e+00
-2.371098518371582031e+00
-2.054443120956420898e+00
-2.106212854385375977e+00
-1.844510674476623535e+00
-8.779339194297790527e-01
-2.297713518142700195e+00
-3.571560144424438477e+00
-2.659711599349975586e+00
-1.908490419387817383e+00
-1.698900580406188965e+00
-3.357136249542236328e+00
-2.920136928558349609e+00
-2.900406837463378906e+00
-3.022504091262817383e+00
-2.409415006637573242e+00
-2.040564060211181641e+00
-2.018799781799316406e+00
-4.837069809436798096e-01
-1.509441614151000977e+00
-2.365758180618286133e+00
-2.174358606338500977e+00
-1.755646109580993652e+00
-1.005670785903930664e+00
-1.026441574096679688e+00
-1.812031149864196777e+00
-3.269446849822998047e+00
-2.110702753067016602e+00
-2.238787889480590820e+00
-2.890341281890869141e+00
-2.789488792419433594e+00
-3.151399612426757812e+00
-2.160169601440429688e+00
-2.067310333251953125e+00
-2.144353866577148438e+00
-2.411441326141357422e+00
-2.197878599166870117e+00
-3.438040256500244141e+00
-3.361058712005615234e+00
-1.627632856369018555e+00
-1.850971102714538574e+00
-3.233500480651855469e+00
-2.700392723083496094e+00
-2.318734645843505859e+00
-3.296155214309692383e+00
-2.864537000656127930e+00
-2.624928712844848633e+00
-2.025318622589111328e+00
-9.814045429229736328e-01
-3.318482398986816406e+00
-2.844363451004028320e+00
-2.925925016403198242e+00
-2.103461265563964844e+00
-2.583869934082031250e+00
-2.594684123992919922e+00
-2.524850130081176758e+00
-2.261454820632934570e+00
-3.241143465042114258e+00
-1.136744737625122070e+00
-1.212869644165039062e+00
-3.179152250289916992e+00
-1.853632211685180664e+00
-2.238965988159179688e+00
-2.838243246078491211e+00
-2.898400306701660156e+00
-2.394803285598754883e+00
-1.908069133758544922e+00
-2.030767679214477539e+00
-2.022495985031127930e+00
-1.694001436233520508e+00
-2.560967922210693359e+00
-2.041414022445678711e+00
-2.477658748626708984e+00
-1.280881643295288086e+00
-1.963186144828796387e+00
-3.071146249771118164e+00
-2.072342395782470703e+00
-1.765993237495422363e+00
-2.376276254653930664e+00
-1.838291764259338379e+00
-2.161543130874633789e+00
-1.572528600692749023e+00
-2.286401987075805664e+00
-2.986256361007690430e+00
-3.168023586273193359e+00
-3.189202785491943359e+00
-2.008529424667358398e+00
-2.146044492721557617e+00
-1.616926789283752441e+00
-2.165169477462768555e+00
-2.606970310211181641e+00
-3.589427232742309570e+00
-2.644176244735717773e+00
-3.525973558425903320e+00
-3.213347911834716797e+00
-2.652267217636108398e+00
-3.088871479034423828e+00
-2.320422172546386719e+00
-1.834407210350036621e+00
-2.735692739486694336e+00
-3.055539846420288086e+00
-2.341397047042846680e+00
-1.884046316146850586e+00
-1.509239792823791504e+00
-1.994261026382446289e+00
-3.129542589187622070e+00
-1.408840894699096680e+00
-1.411397576332092285e+00
-1.353813886642456055e+00
-2.703855276107788086e+00
-3.257320165634155273e+00
-1.144325852394104004e+00
-1.686557888984680176e+00
-3.147955417633056641e+00
-2.129088401794433594e+00
-1.716417312622070312e+00
-1.261983633041381836e+00
-2.381330490112304688e+00
-2.399114370346069336e+00
-2.637323856353759766e+00
-3.273430109024047852e+00
-3.113894224166870117e+00
-1.594822406768798828e+00
-2.321851015090942383e+00
-2.751815795898437500e+00
-2.255970239639282227e+00
-3.075740814208984375e+00
-1.358439087867736816e+00
-2.269957304000854492e+00
-3.134525299072265625e+00
-2.647237062454223633e+00
-2.306199312210083008e+00
-3.004650831222534180e+00
-2.915753841400146484e+00
-2.291815042495727539e+00
-2.219903469085693359e+00
-2.031001329421997070e+00
-2.204195976257324219e+00
-2.501660585403442383e+00
-2.096450328826904297e+00
-2.044098377227783203e+00
-2.920605897903442383e+00
-2.523783206939697266e+00
-2.761503934860229492e+00
-1.071723937988281250e+00
-2.825278520584106445e+00
-2.283643007278442383e+00
-1.713147401809692383e+00
-1.596616983413696289e+00
-1.946443676948547363e+00
-3.344174623489379883e+00
-1.538218259811401367e+00
-2.907663345336914062e+00
-1.834506630897521973e+00
-3.369122266769409180e+00
-1.991138100624084473e+00
-3.567502498626708984e+00
-1.154134035110473633e+00
-3.180500984191894531e+00
-1.824535369873046875e+00
-3.048298120498657227e+00
-2.193570375442504883e+00
-2.213097810745239258e+00
-2.526004791259765625e+00
-3.557845592498779297e+00
-2.573467731475830078e+00
-3.075556039810180664e+00
-2.854448080062866211e+00
-2.762572526931762695e+00
-2.560685634613037109e+00
-1.118101358413696289e+00
-3.131883144378662109e+00
-3.138489961624145508e+00
-3.172100543975830078e+00
-1.402905941009521484e+00
-3.237988471984863281e+00
-2.364370822906494141e+00
-3.004242658615112305e+00
-9.730873107910156250e-01
-3.167280673980712891e+00
-2.580707550048828125e+00
-1.578644990921020508e+00
-2.456443548202514648e+00
-1.764771819114685059e+00
-3.378414154052734375e+00
-1.892283916473388672e+00
-3.366613149642944336e+00
-2.338851690292358398e+00
-2.465348482131958008e+00
-1.071005344390869141e+00
-2.530586004257202148e+00
-3.391122341156005859e+00
-2.123141527175903320e+00
-9.690755605697631836e-01
-3.212130069732666016e+00
-2.036627292633056641e+00
-3.175177097320556641e+00
-2.898449659347534180e+00
-1.822440028190612793e+00
-3.525326251983642578e+00
-3.179990291595458984e+00
-1.915775418281555176e+00
-1.318312287330627441e+00
-3.122302293777465820e+00
-2.475117921829223633e+00
-2.328055143356323242e+00
-1.042411684989929199e+00
-1.823047280311584473e+00
-1.945871949195861816e+00
-2.533806085586547852e+00
-1.585001826286315918e+00
-2.998496294021606445e+00
-1.607329607009887695e+00
-3.243859767913818359e+00
-2.382746696472167969e+00
-2.509789466857910156e+00
-2.901992559432983398e+00
-3.089501142501831055e+00
-1.965876817703247070e+00
-2.673174142837524414e+00
-2.443899631500244141e+00
-3.265369415283203125e+00
-2.706016540527343750e+00
-2.567270278930664062e+00
-3.352051734924316406e+00
-1.055796146392822266e+00
-1.907853007316589355e+00
-1.581099510192871094e+00
-1.700403451919555664e+00
-1.885838031768798828e+00
-2.923507452011108398e+00
-2.079882144927978516e+00
-3.232942104339599609e+00
-2.586457729339599609e+00
-1.379629731178283691e+00
-2.188799142837524414e+00
-2.557224273681640625e+00
-1.016712784767150879e+00
-2.967525482177734375e+00
-2.226169586181640625e+00
-2.552055120468139648e+00
-2.769217967987060547e+00
-1.842879414558410645e+00
-2.192596673965454102e+00
-2.318743705749511719e+00
-1.882595896720886230e+00
-3.012768507003784180e+00
-1.976815819740295410e+00
-2.875657558441162109e+00
-2.323816537857055664e+00
-1.754491090774536133e+00
-3.087721824645996094e+00
-2.790226697921752930e+00
-1.816031336784362793e+00
-2.789391756057739258e+00
-3.298771858215332031e+00
-3.197576284408569336e+00
-2.901297330856323242e+00
-2.883438825607299805e+00
-1.973253250122070312e+00
-1.911113977432250977e+00
-3.247020244598388672e+00
-1.851726055145263672e+00
-2.740269899368286133e+00
-3.142437458038330078e+00
-2.346933364868164062e+00
-3.528680324554443359e+00
-2.543927431106567383e+00
-2.652985095977783203e+00
-9.370178580284118652e-01
-2.022406816482543945e+00
-2.285168647766113281e+00
-2.247075796127319336e+00
-8.839306235313415527e-01
-2.595200538635253906e+00
-2.359771490097045898e+00
-2.871148347854614258e+00
-2.911081552505493164e+00
-2.013047456741333008e+00
-2.228289127349853516e+00
-1.927677035331726074e+00
-1.625415682792663574e+00
-2.349818944931030273e+00
-3.380010604858398438e+00
-2.366575241088867188e+00
-1.863740324974060059e+00
-2.009442329406738281e+00
-2.871786594390869141e+00
-1.797064900398254395e+00
-3.163678407669067383e+00
-2.281852245330810547e+00
-1.957479596138000488e+00
-2.265611410140991211e+00
-2.482651948928833008e+00
-3.352319955825805664e+00
-1.888824224472045898e+00
-3.130220890045166016e+00
-2.383702039718627930e+00
-3.145384550094604492e+00
-3.083513021469116211e+00
-2.467032670974731445e+00
-8.240168690681457520e-01
-1.942706942558288574e+00
-2.131037950515747070e+00
-2.089191198348999023e+00
-1.995919942855834961e+00
-2.038972377777099609e+00
-2.822396755218505859e+00
-1.006875157356262207e+00
-1.988155484199523926e+00
-1.479048013687133789e+00
-1.903873562812805176e+00
-1.812133669853210449e+00
-1.946338534355163574e+00
-3.234510898590087891e+00
-1.293005824089050293e+00
-2.197619676589965820e+00
-2.273449659347534180e+00
-2.310571432113647461e+00
-3.357409000396728516e+00
-2.486208915710449219e+00
-1.652893900871276855e+00
-3.045868396759033203e+00
-2.352240562438964844e+00
-2.262188434600830078e+00
-1.308798551559448242e+00
-2.585056781768798828e+00
-1.340201139450073242e+00
-2.134390354156494141e+00
-2.429289817810058594e+00
-3.503857374191284180e+00
-1.922792553901672363e+00
-2.170424938201904297e+00
-1.402058452367782593e-01
-1.179041743278503418e+00
-1.088244199752807617e+00
-3.288955688476562500e+00
-2.822743177413940430e+00
-3.373357057571411133e+00
-2.238877773284912109e+00
-3.211987018585205078e+00
-2.547311544418334961e+00
-2.129946708679199219e+00
-1.183995485305786133e+00
-1.518319845199584961e+00
-1.791966795921325684e+00
-1.591015934944152832e+00
-3.364023208618164062e+00
-2.726107597351074219e+00
-1.857265353202819824e+00
-2.419181108474731445e+00
-2.052339315414428711e+00
-2.102230072021484375e+00
-2.188147068023681641e+00
-3.300832986831665039e+00
-2.918284654617309570e+00
-3.136565208435058594e+00
-2.185906410217285156e+00
-1.743874549865722656e+00
-2.987124204635620117e+00
-3.269534111022949219e+00
-7.040715217590332031e-01
-1.895856857299804688e+00
-1.918103933334350586e+00
-2.718999385833740234e+00
-1.841807603836059570e+00
-8.943267464637756348e-01
-2.375913619995117188e+00
-1.764130711555480957e+00
-2.250983715057373047e+00
-1.848605275154113770e+00
-2.461321115493774414e+00
-2.830921888351440430e+00
-1.491598963737487793e+00
-1.316358327865600586e+00
-2.375221490859985352e+00
-3.374998807907104492e+00
-2.067236185073852539e+00
-2.513323307037353516e+00
-1.387953162193298340e+00
-2.584323644638061523e+00
-3.003086328506469727e+00
-1.646895170211791992e+00
-3.380199670791625977e+00
-3.030367374420166016e+00
-2.428893566131591797e+00
-2.276780605316162109e+00
-2.821348190307617188e+00
-2.220468759536743164e+00
-1.659020662307739258e+00
-1.835031151771545410e+00
-3.148604869842529297e+00
-1.203362703323364258e+00
-3.296662092208862305e+00
-2.386411666870117188e+00
-3.316792249679565430e+00
-2.407780170440673828e+00
-8.583177328109741211e-01
-2.114213466644287109e+00
-3.112545013427734375e+00
-1.629779934883117676e+00
-2.955659151077270508e+00
-2.006456851959228516e+00
-1.361280202865600586e+00
-2.092535972595214844e+00
-2.564764499664306641e+00
-2.015718460083007812e+00
-2.280263900756835938e+00
-2.733732700347900391e+00
-2.304293632507324219e+00
-2.124010086059570312e+00
-2.504720926284790039e+00
-1.986862897872924805e+00
-7.111093997955322266e-01
-2.625172853469848633e+00
-2.174489498138427734e+00
-2.467910766601562500e+00
-3.171267271041870117e+00
-2.264264345169067383e+00
-2.447079420089721680e+00
-1.633532285690307617e+00
-1.670989274978637695e+00
-1.967748522758483887e+00
-2.984398365020751953e+00
-1.704022169113159180e+00
-2.880947113037109375e+00
-5.934787392616271973e-01
-1.836408376693725586e+00
-1.806978940963745117e+00
-1.179927587509155273e+00
-2.366857528686523438e+00
-2.538636445999145508e+00
-1.052870988845825195e+00
-2.339024305343627930e+00
-1.380492687225341797e+00
-3.602088689804077148e+00
-1.965544939041137695e+00
-3.480422019958496094e+00
-2.478214740753173828e+00
-2.890504598617553711e+00
-2.593427658081054688e+00
-3.829340457916259766e+00
-3.348738193511962891e+00
-3.936728000640869141e+00
-1.563928723335266113e+00
-1.738384723663330078e+00
-3.449905633926391602e+00
-2.018713712692260742e+00
-3.207202672958374023e+00
-2.209497213363647461e+00
-1.409877657890319824e+00
-1.666021227836608887e+00
-3.246481895446777344e+00
-3.202872514724731445e+00
-3.626224994659423828e+00
-1.430217981338500977e+00
-3.023195981979370117e+00
-3.282850980758666992e+00
-2.862688541412353516e+00
-2.517874956130981445e+00
-3.228597879409790039e+00
-2.549118995666503906e+00
-1.909455895423889160e+00
-2.097962379455566406e+00
-1.614430665969848633e+00
-2.653512477874755859e+00
-2.740374088287353516e+00
-1.136601805686950684e+00
-2.827086448669433594e+00
-2.603599071502685547e+00
-2.276809930801391602e+00
-2.048622608184814453e+00
-1.914259433746337891e+00
-2.296071052551269531e+00
-3.144171476364135742e+00
-2.750316143035888672e+00
-3.077515602111816406e+00
-2.143406867980957031e+00
-2.016211509704589844e+00
-2.962704658508300781e+00
-3.234124422073364258e+00
-2.981088638305664062e+00
-2.350953102111816406e+00
-1.062940716743469238e+00
-1.219261169433593750e+00
-3.546168804168701172e+00
-1.860201835632324219e+00
-2.154006958007812500e+00
-2.772770166397094727e+00
-1.783723950386047363e+00
-3.177019119262695312e+00
-2.142714023590087891e+00
-2.130930662155151367e+00
-3.305338859558105469e+00
-7.178399562835693359e-01
-2.438848733901977539e+00
-2.880880117416381836e+00
-2.512734651565551758e+00
-1.048178076744079590e+00
-1.349195837974548340e+00
-1.234873890876770020e+00
-2.207960128784179688e+00
-2.873957395553588867e+00
-2.331794261932373047e+00
-2.633260488510131836e+00
-1.665634155273437500e+00
-3.074398756027221680e+00
-2.513849020004272461e+00
-1.612623929977416992e+00
-9.878398180007934570e-01
-3.202857255935668945e+00
-3.217521667480468750e+00
-3.442452192306518555e+00
-2.825917482376098633e+00
-2.051815032958984375e+00
-2.778239488601684570e+00
-2.441468954086303711e+00
-2.284204483032226562e+00
-2.140808343887329102e+00
-3.397279500961303711e+00
-2.974245548248291016e+00
-3.080871582031250000e+00
-2.943232774734497070e+00
-1.914948463439941406e+00
-3.095472812652587891e+00
-2.121438503265380859e+00
-2.588224887847900391e+00
-1.557754278182983398e+00
-3.181247949600219727e+00
-1.347584843635559082e+00
-2.460535526275634766e+00
-1.887323498725891113e+00
-3.420661687850952148e+00
-2.539199113845825195e+00
-1.036178112030029297e+00
-2.323335886001586914e+00
-1.957309603691101074e+00
-3.161941289901733398e+00
-2.766267538070678711e+00
-2.145897150039672852e+00
-1.812292218208312988e+00
-1.563697576522827148e+00
-2.885635375976562500e+00
-2.170830726623535156e+00
-3.529913663864135742e+00
-2.666461706161499023e+00
-1.790534973144531250e+00
-5.957137346267700195e-01
-1.499154567718505859e+00
-3.179080009460449219e+00
-3.574862241744995117e+00
-2.884133815765380859e+00
-3.375735759735107422e+00
-1.422271251678466797e+00
-3.338110208511352539e+00
-1.143647670745849609e+00
-3.528499603271484375e+00
-2.523180246353149414e+00
-1.964917063713073730e+00
-1.156231045722961426e+00
-3.373953342437744141e+00
-3.369265556335449219e+00
-2.201893091201782227e+00
-2.823931217193603516e+00
-1.919882178306579590e+00
-3.080825090408325195e+00
-2.635384082794189453e+00
-2.033832550048828125e+00
-3.257636308670043945e+00
-2.726639509201049805e+00
-2.454898595809936523e+00
-3.441053628921508789e+00
-2.519485235214233398e+00
-1.606089711189270020e+00
-2.884573698043823242e+00
-2.571757555007934570e+00
-3.129628181457519531e+00
-2.540403604507446289e+00
-1.776528835296630859e+00
-1.844883441925048828e+00
-2.358196973800659180e+00
-2.353674411773681641e+00
-1.966572523117065430e+00
-1.887361645698547363e+00
-1.462318658828735352e+00
-3.086147308349609375e+00
-2.302511215209960938e+00
-1.629794239997863770e+00
-8.344614505767822266e-01
-2.694869518280029297e+00
-2.011216402053833008e+00
-2.485932350158691406e+00
-2.266157865524291992e+00
-2.013962268829345703e+00
-2.052153825759887695e+00
-3.353439331054687500e+00
-8.750632405281066895e-01
-2.788156986236572266e+00
-8.455270528793334961e-01
-2.985337257385253906e+00
-2.887231588363647461e+00
-2.789370536804199219e+00
-1.125538110733032227e+00
-1.769750118255615234e+00
-2.229061603546142578e+00
-2.486854314804077148e+00
-3.481702566146850586e+00
-2.299993991851806641e+00
-9.489662051200866699e-01
-2.086239814758300781e+00
-2.471964359283447266e+00
-2.395444869995117188e+00
-3.141888856887817383e+00
-3.394480466842651367e+00
-7.989605665206909180e-01
-2.309068441390991211e+00
-2.372660398483276367e+00
-1.480664253234863281e+00
-3.224623918533325195e+00
-2.271662712097167969e+00
-2.699141740798950195e+00
-1.796644210815429688e+00
-2.182126283645629883e+00
-2.180926799774169922e+00
-2.699821472167968750e+00
-2.335270166397094727e+00
-2.663819551467895508e+00
-2.292629957199096680e+00
-1.605977535247802734e+00
-3.139197826385498047e+00
-2.625349283218383789e+00
-1.952862977981567383e+00
-2.766394138336181641e+00
-2.815225839614868164e+00
-3.267393350601196289e+00
-2.902490854263305664e+00
-3.116617918014526367e+00
-2.829276323318481445e+00
-3.170703172683715820e+00
-1.094287753105163574e+00
-1.698451519012451172e+00
-3.062947511672973633e+00
-3.144243717193603516e+00
-1.152292847633361816e+00
-9.825017452239990234e-01
-2.311968326568603516e+00
-2.806957721710205078e+00
-2.252707719802856445e+00
-1.388996601104736328e+00
-3.120648860931396484e+00
-2.843545436859130859e+00
-1.692673325538635254e+00
-2.861866712570190430e+00
-2.862334728240966797e+00
-1.431797981262207031e+00
-3.173025846481323242e+00
-4.200244545936584473e-01
-1.638860106468200684e+00
-2.451441049575805664e+00
-2.257277488708496094e+00
-1.863189458847045898e+00
-2.113528013229370117e+00
-1.918911457061767578e+00
-2.143442869186401367e+00
-2.532999992370605469e+00
-3.009321928024291992e+00
-1.844074249267578125e+00
-1.174646735191345215e+00
-1.662396907806396484e+00
-3.168166399002075195e+00
-2.181057214736938477e+00
-1.987078785896301270e+00
-2.999548435211181641e+00
-1.729334235191345215e+00
-2.284792184829711914e+00
-1.361755490303039551e+00
-3.264345645904541016e+00
-2.812198638916015625e+00
-3.075434923171997070e+00
-9.768036603927612305e-01
-3.538687229156494141e+00
-2.742066621780395508e+00
-2.497329711914062500e+00
-2.828817367553710938e+00
-2.589831352233886719e+00
-1.949302434921264648e+00
-2.306509017944335938e+00
-2.864599466323852539e+00
-2.205661773681640625e+00
-1.884413003921508789e+00
-2.885510444641113281e+00
-1.881117820739746094e+00
-3.600081682205200195e+00
-3.564534902572631836e+00
-2.669297218322753906e+00
-1.264844536781311035e+00
-2.589926242828369141e+00
-3.237000465393066406e+00
-2.824973583221435547e+00
-3.412322282791137695e+00
-3.144891500473022461e+00
-1.407546758651733398e+00
-2.350651741027832031e+00
-1.782233119010925293e+00
-1.051730155944824219e+00
-2.282593488693237305e+00
-1.781242609024047852e+00
-2.301392078399658203e+00
-3.356404781341552734e+00
-2.798587799072265625e+00
-3.192178964614868164e+00
-1.477007269859313965e+00
-2.234407663345336914e+00
-2.423912286758422852e+00
-1.766609072685241699e+00
-1.540543198585510254e+00
-2.951291561126708984e+00
-2.527565956115722656e+00
-2.529003620147705078e+00
-1.032611250877380371e+00
-3.092093944549560547e+00
-1.561874628067016602e+00
-3.259896755218505859e+00
-1.756866335868835449e+00
-2.313506841659545898e+00
-2.243700742721557617e+00
-1.687708735466003418e+00
-2.241830110549926758e+00
-2.634888172149658203e+00
-2.186015605926513672e+00
-3.375908613204956055e+00
-2.372705936431884766e+00
-1.920926928520202637e+00
-1.090374231338500977e+00
-1.538770794868469238e+00
-1.122972130775451660e+00
-3.319958925247192383e+00
-2.336475849151611328e+00
-1.040737271308898926e+00
-2.588388681411743164e+00
-2.385495901107788086e+00
-2.708780288696289062e+00
-2.829555034637451172e+00
-1.884233951568603516e-01
-9.961926341056823730e-01
-1.802520155906677246e+00
-2.083944797515869141e+00
-2.991731643676757812e+00
-2.980402112007141113e-01
-3.328205585479736328e+00
-3.417681217193603516e+00
-2.878909826278686523e+00
-2.709822654724121094e+00
-2.277897357940673828e+00
-2.877733230590820312e+00
-2.777981758117675781e+00
-2.608818054199218750e+00
-1.273069143295288086e+00
-2.851981878280639648e+00
-2.476977586746215820e+00
-3.252157926559448242e+00
-7.073104381561279297e-01
-2.760541200637817383e+00
-2.321720123291015625e+00
-2.169843912124633789e+00
-3.426968812942504883e+00
-2.188216686248779297e+00
-1.030025362968444824e+00
-3.491125822067260742e+00
-1.762830972671508789e+00
-2.095067739486694336e+00
-4.060745537281036377e-01
-1.143640756607055664e+00
-3.721749305725097656e+00
-2.946485280990600586e+00
-3.106034517288208008e+00
-1.212992191314697266e+00
-1.086632966995239258e+00
-2.535992145538330078e+00
-2.327165842056274414e+00
-2.420245647430419922e+00
-9.841520190238952637e-01
-2.016931295394897461e+00
-2.415699958801269531e+00
-1.876579880714416504e+00
-1.931082248687744141e+00
-2.858127593994140625e+00
-2.166937828063964844e+00
-1.558514356613159180e+00
-2.835839509963989258e+00
-3.596622705459594727e+00
-3.242909669876098633e+00
-1.346378564834594727e+00
-2.619300842285156250e+00
-3.085838794708251953e+00
-1.114715456962585449e+00
-2.689849376678466797e+00
-2.440972805023193359e+00
-5.134606957435607910e-01
-2.484021425247192383e+00
-2.461317062377929688e+00
-2.205530405044555664e+00
-2.801823854446411133e+00
-2.905896663665771484e+00
-3.072245597839355469e+00
-2.572279930114746094e+00
-2.432431697845458984e+00
-1.721436977386474609e+00
-1.368445277214050293e+00
-1.092407226562500000e+00
-2.676119089126586914e+00
-1.942811965942382812e+00
-3.390543460845947266e+00
-2.715570688247680664e+00
-1.920876145362854004e+00
-1.188909530639648438e+00
-2.659409523010253906e+00
-3.159545898437500000e+00
-2.783981323242187500e+00
-1.288747429847717285e+00
-2.449969291687011719e+00
-3.504281282424926758e+00
-1.991834282875061035e+00
-1.807672142982482910e+00
-2.689451575279235840e-01
-1.916548609733581543e+00
-3.328118324279785156e+00
-2.328833341598510742e+00
-2.160836219787597656e+00
-2.252782344818115234e+00
-2.689563035964965820e+00
-2.516092300415039062e+00
-1.933108568191528320e+00
-1.802574396133422852e+00
-2.873978853225708008e+00
-2.297827005386352539e+00
-8.198838829994201660e-01
-2.721485137939453125e+00
-2.430713891983032227e+00
-2.383634567260742188e+00
-2.119155406951904297e+00
-2.193932294845581055e+00
-1.743669509887695312e+00
-2.699156522750854492e+00
-1.283787608146667480e+00
-2.225181341171264648e+00
-2.221379041671752930e+00
-2.742529630661010742e+00
-2.806065320968627930e+00
-3.166376352310180664e+00
-1.413426995277404785e+00
-3.507914781570434570e+00
-5.605314373970031738e-01
-2.571075677871704102e+00
-2.674411058425903320e+00
-9.720990657806396484e-01
-2.391257762908935547e+00
-2.569716453552246094e+00
-3.232192754745483398e+00
-3.474643945693969727e+00
-1.674176692962646484e+00
-1.104257822036743164e+00
-1.920824766159057617e+00
-2.220402717590332031e+00
-2.467215776443481445e+00
-9.771926999092102051e-01
-1.845508098602294922e+00
-1.908350467681884766e+00
-2.161656379699707031e+00
-1.368786215782165527e+00
-3.572203397750854492e+00
-1.493487358093261719e+00
-2.057174921035766602e+00
-3.460563421249389648e+00
-2.215193748474121094e+00
-1.355553865432739258e+00
-2.148540019989013672e+00
-1.849335193634033203e+00
-1.584988594055175781e+00
-3.544743061065673828e+00
-3.148498058319091797e+00
-2.321350336074829102e+00
-3.088701009750366211e+00
-6.357347965240478516e-01
-1.398191690444946289e+00
-2.960584163665771484e+00
-1.294643878936767578e+00
-2.802750825881958008e+00
-3.319344520568847656e+00
-2.321477890014648438e+00
-3.095061302185058594e+00
-2.879565000534057617e+00
-1.898336410522460938e+00
-3.285670995712280273e+00
-9.815582633018493652e-01
-1.944196581840515137e+00
-1.317554235458374023e+00
-2.450906515121459961e+00
-2.077345848083496094e+00
-1.808686017990112305e+00
-3.319228649139404297e+00
-1.536238074302673340e+00
-1.532238483428955078e+00
-3.187872886657714844e+00
-1.867319107055664062e+00
-2.808691978454589844e+00
-1.956718683242797852e+00
-2.278677701950073242e+00
-1.349802494049072266e+00
-3.376998186111450195e+00
-2.359110593795776367e+00
-1.052759766578674316e+00
-8.187739849090576172e-01
-1.741974115371704102e+00
-2.518312454223632812e+00
-2.578277111053466797e+00
-1.289023399353027344e+00
-3.099293470382690430e+00
-2.575771570205688477e+00
-2.626559734344482422e+00
-3.155652999877929688e+00
-1.336844921112060547e+00
-3.273354768753051758e+00
-1.730137825012207031e+00
-8.316133022308349609e-01
-1.587888121604919434e+00
-3.253672361373901367e+00
7.468886673450469971e-02
-1.785572528839111328e+00
-3.005423784255981445e+00
-1.996852159500122070e+00
-2.110320568084716797e+00
-1.374361395835876465e+00
-1.521865606307983398e+00
-9.866138100624084473e-01
-2.179723024368286133e+00
-2.157433509826660156e+00
-2.095468282699584961e+00
-2.630338668823242188e+00
-1.726788759231567383e+00
-2.499306440353393555e+00
-1.118014216423034668e+00
-1.833304643630981445e+00
