{"loss": 1150.0435791015625, "_timestamp": 1721223013.315333, "_runtime": 261.2066659927368, "_step": 1060}