-4.659947380423545837e-02
-1.330670595169067383e+00
-1.922882676124572754e+00
-1.975238204002380371e+00
-7.641462087631225586e-01
-1.114142298698425293e+00
-1.549414753913879395e+00
-1.132837772369384766e+00
-1.581592798233032227e+00
-1.467557430267333984e+00
-2.177889823913574219e+00
-1.449079990386962891e+00
-1.199173092842102051e+00
-2.122754096984863281e+00
-1.264236927032470703e+00
-1.136060476303100586e+00
-1.235695481300354004e+00
-2.186644554138183594e+00
-8.281004428863525391e-01
-2.394587755203247070e+00
-3.988810777664184570e-01
-1.742482185363769531e+00
-1.361142396926879883e+00
-2.504457473754882812e+00
-1.370899200439453125e+00
-1.727089524269104004e+00
-1.670377373695373535e+00
-1.594760179519653320e+00
-1.844764202833175659e-01
-1.655314207077026367e+00
-2.712277770042419434e-01
-1.396191835403442383e+00
-1.111189484596252441e+00
-2.463941574096679688e+00
-6.556305289268493652e-01
-1.335158705711364746e+00
-2.441679239273071289e+00
-1.006598591804504395e+00
-3.240998685359954834e-01
-2.128093481063842773e+00
-2.052753716707229614e-01
-1.676377177238464355e+00
-7.546697258949279785e-01
-1.125956773757934570e+00
-1.874517679214477539e+00
-1.581988811492919922e+00
-6.891706585884094238e-01
-6.209818124771118164e-01
-1.001011252403259277e+00
-1.193183064460754395e+00
5.295123457908630371e-01
-8.806089758872985840e-01
-1.380432009696960449e+00
-2.724902629852294922e+00
-9.832201004028320312e-01
-1.340957522392272949e+00
-2.324362039566040039e+00
-1.211083650588989258e+00
-5.185282230377197266e-01
-1.304004073143005371e+00
-7.482269406318664551e-02
-1.902531266212463379e+00
-3.843781054019927979e-01
-7.097570896148681641e-01
-2.444830894470214844e+00
-1.324442744255065918e+00
2.743137478828430176e-01
-1.277773976325988770e-01
-2.148551940917968750e+00
-2.189835309982299805e+00
-4.062882065773010254e-01
-1.255664825439453125e+00
-1.984768033027648926e+00
-2.305814266204833984e+00
-1.248414158821105957e+00
-3.010611534118652344e-01
-2.564299821853637695e+00
-1.120238065719604492e+00
-2.835329473018646240e-01
-1.461066007614135742e+00
-2.144480943679809570e+00
-1.638518929481506348e+00
-5.759172439575195312e-01
-1.395654916763305664e+00
-1.292955636978149414e+00
-5.401617884635925293e-01
-1.430657058954238892e-01
-1.227290391921997070e+00
-2.095146894454956055e+00
-2.125948667526245117e+00
-1.336359620094299316e+00
-1.501092791557312012e+00
-1.476833462715148926e+00
-1.933312296867370605e+00
-8.804090619087219238e-01
-1.382188081741333008e+00
-2.494872331619262695e+00
-4.690541028976440430e-01
2.742625772953033447e-01
-1.062826514244079590e+00
-1.443476915359497070e+00
-1.989321708679199219e+00
-4.271370768547058105e-01
-1.591408848762512207e+00
-2.191106081008911133e+00
-1.403783917427062988e+00
-1.105437755584716797e+00
-1.352927327156066895e+00
-9.123653173446655273e-01
-2.007823705673217773e+00
-6.471760869026184082e-01
4.322361350059509277e-01
-2.933349847793579102e+00
-2.297705173492431641e+00
-1.344616770744323730e+00
-1.888732433319091797e+00
-1.277846336364746094e+00
-2.533213376998901367e+00
-6.919685006141662598e-01
-1.226861596107482910e+00
-1.148820757865905762e+00
-2.554546594619750977e+00
-1.461419105529785156e+00
2.577448785305023193e-01
-1.159199357032775879e+00
-1.753778219223022461e+00
4.798773229122161865e-01
-8.956124782562255859e-01
-2.276925325393676758e+00
-8.159803748130798340e-01
-1.346603393554687500e+00
-8.620368838310241699e-01
-1.605880379676818848e+00
-1.371029734611511230e+00
-1.162478566169738770e+00
-1.846394300460815430e+00
-1.413680195808410645e+00
-2.735636472702026367e+00
6.657186895608901978e-02
-1.680934309959411621e+00
-1.768391609191894531e+00
-1.734765887260437012e+00
-6.591369509696960449e-01
-9.150741100311279297e-01
-1.914614915847778320e+00
-2.471166849136352539e+00
-6.118925809860229492e-01
-8.590381741523742676e-01
-2.491371631622314453e+00
-1.968590736389160156e+00
-5.127046108245849609e-01
-1.517510414123535156e+00
-2.568341970443725586e+00
-2.494071960449218750e+00
-8.324371278285980225e-02
-6.129418686032295227e-02
-2.658641338348388672e+00
-2.258628129959106445e+00
-7.293522953987121582e-01
-1.819070219993591309e+00
-1.534853577613830566e+00
-2.401203632354736328e+00
-1.129590153694152832e+00
-7.536567747592926025e-02
-7.611966133117675781e-01
-1.530136108398437500e+00
-1.961088418960571289e+00
-7.561950683593750000e-01
-3.124771714210510254e-01
-1.532083272933959961e+00
-1.288147211074829102e+00
-1.299502849578857422e+00
-1.826168894767761230e+00
-9.175290465354919434e-01
-1.823947072029113770e+00
-2.013130903244018555e+00
-1.610679984092712402e+00
-2.042833566665649414e+00
-1.624284267425537109e+00
-1.720220923423767090e+00
-2.652462244033813477e+00
-1.414586067199707031e+00
-2.459484338760375977e+00
-1.266097426414489746e+00
-2.137353420257568359e+00
-1.694484829902648926e+00
-1.026566267013549805e+00
-2.469771862030029297e+00
-7.268691658973693848e-01
-1.908727169036865234e+00
-2.046425580978393555e+00
-2.356007099151611328e+00
-1.305997610092163086e+00
-2.563038110733032227e+00
-1.451951146125793457e+00
-1.512536168098449707e+00
-1.406559228897094727e+00
-2.397517681121826172e+00
-2.455168247222900391e+00
-1.893025755882263184e+00
-2.814558506011962891e+00
-2.214855670928955078e+00
-1.389547705650329590e+00
-1.598763585090637207e+00
-1.021986007690429688e+00
-1.292121767997741699e+00
-2.125794410705566406e+00
-1.871180772781372070e+00
-1.242825269699096680e+00
-8.133482933044433594e-01
-1.460059285163879395e+00
-2.088553428649902344e+00
-2.676266431808471680e+00
-2.451925754547119141e+00
-1.626779317855834961e+00
-2.262074470520019531e+00
-2.193262338638305664e+00
-2.278656721115112305e+00
-1.529710769653320312e+00
-1.649996280670166016e+00
-1.774074196815490723e+00
-2.007522583007812500e+00
-1.505931138992309570e+00
-2.607152462005615234e+00
-2.117722034454345703e+00
-1.229499697685241699e+00
-2.548315763473510742e+00
-1.494626879692077637e+00
-2.531227827072143555e+00
-1.332075357437133789e+00
-1.107196927070617676e+00
-1.314772725105285645e+00
-2.685630083084106445e+00
-1.160328269004821777e+00
-1.877592802047729492e+00
-1.063133120536804199e+00
-1.031743526458740234e+00
-1.219804286956787109e+00
-2.110434532165527344e+00
-1.632759928703308105e+00
-1.997605681419372559e+00
-3.114657104015350342e-01
-2.094124317169189453e+00
-2.592760562896728516e+00
-1.967826008796691895e+00
-1.877622127532958984e+00
-2.264120340347290039e+00
-2.315520048141479492e+00
-1.085664153099060059e+00
-1.373723387718200684e+00
-7.192470431327819824e-01
-1.135641574859619141e+00
-7.198137044906616211e-01
-1.301251292228698730e+00
-1.704647898674011230e+00
-1.930050969123840332e+00
-2.798578262329101562e+00
-2.332666397094726562e+00
-2.811759471893310547e+00
-8.503510057926177979e-02
-2.372087955474853516e+00
-1.435114145278930664e+00
-1.112809062004089355e+00
-1.757532119750976562e+00
-2.508780717849731445e+00
-1.269946455955505371e+00
-2.773681879043579102e+00
-2.851701259613037109e+00
-1.307963967323303223e+00
-1.776859641075134277e+00
-1.334736585617065430e+00
-2.459569454193115234e+00
-1.329315304756164551e+00
-2.332757472991943359e+00
-2.134559154510498047e+00
-2.117971658706665039e+00
-1.383058428764343262e+00
-1.883483886718750000e+00
-2.827349662780761719e+00
-2.140825510025024414e+00
-1.528411984443664551e+00
-1.237292051315307617e+00
-2.830935955047607422e+00
-2.749881029129028320e+00
-2.886960506439208984e+00
-1.944749116897583008e+00
-2.693496227264404297e+00
-2.088639259338378906e+00
-1.697745680809020996e+00
-2.468475580215454102e+00
-2.715888023376464844e+00
-1.513264298439025879e+00
-1.487976312637329102e+00
-1.046258211135864258e+00
-1.650681138038635254e+00
-2.100811481475830078e+00
-2.226691484451293945e+00
-1.323209166526794434e+00
-9.479518532752990723e-01
-1.913351297378540039e+00
-1.412881851196289062e+00
-1.648149728775024414e+00
-1.888796329498291016e+00
-1.343852400779724121e+00
-1.613173007965087891e+00
-2.458096981048583984e+00
-1.740770459175109863e+00
-8.760266304016113281e-01
-1.371656060218811035e+00
-1.418678164482116699e+00
-2.285511732101440430e+00
-2.856349706649780273e+00
-1.834548115730285645e+00
-2.136405229568481445e+00
-1.048708915710449219e+00
-1.061700582504272461e+00
-1.354324460029602051e+00
-1.020633101463317871e+00
-2.597555875778198242e+00
-1.757587075233459473e+00
-1.690134406089782715e+00
-1.536896944046020508e+00
-2.124580383300781250e+00
-2.593278169631958008e+00
-2.824637889862060547e+00
-1.775371909141540527e+00
-1.259055018424987793e+00
-2.108510971069335938e+00
-1.075799107551574707e+00
-8.344891667366027832e-01
-1.035793781280517578e+00
-2.861726284027099609e+00
-2.715240001678466797e+00
-2.106566667556762695e+00
-2.636672735214233398e+00
-9.348566532135009766e-01
-2.500328540802001953e+00
-1.272260308265686035e+00
-8.198651075363159180e-01
-2.786160945892333984e+00
-1.919411897659301758e+00
-1.957343339920043945e+00
-1.633298039436340332e+00
-1.311764240264892578e+00
-1.295764923095703125e+00
-2.335021972656250000e+00
-1.702032804489135742e+00
-2.387958049774169922e+00
-1.634044170379638672e+00
-2.191405057907104492e+00
-2.482396125793457031e+00
-2.209611654281616211e+00
-2.306371450424194336e+00
-2.692077875137329102e+00
-1.675609350204467773e+00
-2.239125967025756836e+00
-3.476432263851165771e-01
-1.566317200660705566e+00
-4.742450118064880371e-01
-2.065306425094604492e+00
-1.883738279342651367e+00
-1.708275556564331055e+00
-2.323083162307739258e+00
-2.238569974899291992e+00
-2.791377782821655273e+00
-1.813912510871887207e+00
-2.633349657058715820e+00
-2.723011970520019531e+00
-1.935083985328674316e+00
-2.667697906494140625e+00
-1.119898080825805664e+00
-1.620665788650512695e+00
-2.477212190628051758e+00
-1.579448223114013672e+00
-1.252689599990844727e+00
-1.204075098037719727e+00
-2.390324831008911133e+00
-2.042616605758666992e+00
-1.997468590736389160e+00
-2.381548643112182617e+00
-1.290239453315734863e+00
-2.715860605239868164e+00
-2.105854511260986328e+00
-1.038304924964904785e+00
-2.614888668060302734e+00
-2.017562389373779297e+00
-2.102574348449707031e+00
-1.634830832481384277e+00
-2.779800653457641602e+00
-1.087756156921386719e+00
-2.480049371719360352e+00
-2.439686298370361328e+00
-2.371103286743164062e+00
-1.446025967597961426e+00
-1.753033876419067383e+00
-1.885505199432373047e+00
-1.114173769950866699e+00
-2.754890918731689453e+00
-2.477893352508544922e+00
-2.501734733581542969e+00
-2.872537612915039062e+00
-2.003597021102905273e+00
-1.346675992012023926e+00
-2.072742462158203125e+00
-2.369214534759521484e+00
-6.281882524490356445e-01
-2.175802469253540039e+00
-1.962182998657226562e+00
-2.873318195343017578e+00
-2.056663751602172852e+00
-1.095761656761169434e+00
-1.585694909095764160e+00
-2.822267293930053711e+00
-2.404460668563842773e+00
-1.645642280578613281e+00
-2.926161527633666992e+00
-2.269134759902954102e+00
-1.397951722145080566e+00
-2.239109039306640625e+00
-2.215866327285766602e+00
-2.270374059677124023e+00
-1.660343408584594727e+00
-2.048154354095458984e+00
-2.028092145919799805e+00
-1.632723569869995117e+00
-1.167742013931274414e+00
-2.308127641677856445e+00
-1.569817185401916504e+00
-1.806182384490966797e+00
-1.705258369445800781e+00
-1.729857563972473145e+00
-2.369791746139526367e+00
-1.653027892112731934e+00
-1.864800333976745605e+00
-2.265993118286132812e+00
-2.280285596847534180e+00
-2.393265724182128906e+00
-2.512423038482666016e+00
-2.502398729324340820e+00
-1.247701168060302734e+00
-2.103372097015380859e+00
-2.026529073715209961e+00
-4.520716071128845215e-01
-2.062255859375000000e+00
-2.164342164993286133e+00
-6.791194081306457520e-01
-1.859590172767639160e+00
-1.601238965988159180e+00
-1.176773309707641602e+00
-1.746035337448120117e+00
-2.169745683670043945e+00
-2.197125911712646484e+00
-2.571688890457153320e+00
-2.627230882644653320e+00
-1.495239138603210449e+00
-2.146372556686401367e+00
-2.521984100341796875e+00
-2.446660280227661133e+00
-2.467537403106689453e+00
-2.199136018753051758e+00
-2.636365413665771484e+00
-2.870896577835083008e+00
-2.022512674331665039e+00
-2.080161809921264648e+00
-1.266376376152038574e+00
-1.226224780082702637e+00
-1.504408597946166992e+00
-2.651389122009277344e+00
-8.739921450614929199e-01
-2.194233179092407227e+00
-1.875831007957458496e+00
-1.309388399124145508e+00
-7.662960290908813477e-01
-2.300119638442993164e+00
-1.447807550430297852e+00
-1.518100976943969727e+00
-1.656178593635559082e+00
-1.268317580223083496e+00
-1.064090847969055176e+00
-2.852093219757080078e+00
-2.473208904266357422e+00
-1.069299101829528809e+00
-6.438264846801757812e-01
-2.668148517608642578e+00
-1.648411154747009277e+00
-2.062636852264404297e+00
-2.697546005249023438e+00
-2.066308736801147461e+00
-1.912809491157531738e+00
-1.113007545471191406e+00
-1.728768348693847656e+00
-9.737522006034851074e-01
-1.573976874351501465e+00
-1.762317776679992676e+00
-1.265815854072570801e+00
-1.563554286956787109e+00
-1.632686734199523926e+00
-2.195846319198608398e+00
-1.305678248405456543e+00
-1.574988484382629395e+00
-1.901347875595092773e+00
-2.587432384490966797e+00
-2.263442277908325195e+00
-1.582157254219055176e+00
-2.378620624542236328e+00
-2.068684339523315430e+00
-2.511905670166015625e+00
-4.314121901988983154e-01
-1.950488209724426270e+00
-2.065739631652832031e+00
-1.591728925704956055e+00
-1.476862430572509766e+00
-1.063510298728942871e+00
-1.383736491203308105e+00
-2.259198427200317383e+00
-1.059349775314331055e+00
-1.026582241058349609e+00
-2.822772741317749023e+00
-1.550617575645446777e+00
-1.250586152076721191e+00
-1.876401543617248535e+00
-2.306861162185668945e+00
-2.609227657318115234e+00
-2.664147377014160156e+00
-1.245980024337768555e+00
-1.309893608093261719e+00
-1.428242444992065430e+00
-1.041980504989624023e+00
-1.877467155456542969e+00
-2.471323013305664062e+00
-2.439733982086181641e+00
-5.837218165397644043e-01
-2.191976785659790039e+00
-1.812830090522766113e+00
-2.576457977294921875e+00
-1.220556259155273438e+00
-2.103599071502685547e+00
-1.154312252998352051e+00
-1.559801101684570312e+00
-2.387193918228149414e+00
-1.969341516494750977e+00
-2.835667133331298828e-01
-2.297989845275878906e+00
-2.314853668212890625e+00
-2.757241964340209961e+00
-1.955341100692749023e+00
-2.817257642745971680e+00
-1.695542335510253906e+00
-2.694444656372070312e+00
-1.440543293952941895e+00
-1.156200766563415527e+00
-2.726391315460205078e+00
-1.926244139671325684e+00
-1.828840017318725586e+00
-2.833843946456909180e+00
-1.471940636634826660e+00
-1.205553531646728516e+00
-2.509836435317993164e+00
-1.473702907562255859e+00
-1.594161629676818848e+00
-2.620925664901733398e+00
-1.619332075119018555e+00
-1.292521476745605469e+00
-2.375363349914550781e+00
-1.392352342605590820e+00
-2.916123628616333008e+00
-1.201814770698547363e+00
-2.262723922729492188e+00
-2.872249126434326172e+00
-2.917073249816894531e+00
-1.617214798927307129e+00
-2.255743980407714844e+00
-2.769519805908203125e+00
-1.421849489212036133e+00
-1.134437680244445801e+00
-4.698087871074676514e-01
-1.565712571144104004e+00
-1.176100611686706543e+00
-2.088484764099121094e+00
-1.710882544517517090e+00
-1.394243717193603516e+00
-2.920579910278320312e+00
-1.608422040939331055e+00
-1.997085928916931152e+00
-2.001116991043090820e+00
-8.192750811576843262e-01
-1.261864900588989258e+00
-2.697245597839355469e+00
-1.436223387718200684e+00
-1.464183568954467773e+00
-2.620033740997314453e+00
-2.863877534866333008e+00
-1.707128763198852539e+00
-1.711829781532287598e+00
-2.560634613037109375e+00
-2.624730587005615234e+00
-1.358583211898803711e+00
-1.825405597686767578e+00
-1.128929853439331055e+00
-2.454860448837280273e+00
-1.123807787895202637e+00
-2.698228836059570312e+00
-1.689395308494567871e+00
-2.540091514587402344e+00
-1.210774898529052734e+00
-2.355130195617675781e+00
-2.823015928268432617e+00
-2.124371528625488281e+00
-1.412453293800354004e+00
-1.166724920272827148e+00
-2.112203836441040039e+00
-1.114763855934143066e+00
-2.449856042861938477e+00
-1.544037222862243652e+00
-2.649688720703125000e+00
-2.804773807525634766e+00
-2.789623498916625977e+00
-2.390246391296386719e+00
-1.098578214645385742e+00
-1.508130669593811035e+00
-2.331196308135986328e+00
-1.820296883583068848e+00
-1.772586107254028320e+00
-1.170348405838012695e+00
-1.816601157188415527e+00
-2.552041053771972656e+00
-1.983320593833923340e+00
-1.843438148498535156e+00
-2.895743131637573242e+00
-2.904465436935424805e+00
-1.698104977607727051e+00
-1.224643826484680176e+00
-1.458609461784362793e+00
-7.058258056640625000e-01
-1.613433599472045898e+00
-1.824376463890075684e+00
-1.387848734855651855e+00
-1.092574834823608398e+00
-1.237335920333862305e+00
-2.115840435028076172e+00
-2.023015975952148438e+00
-1.270060300827026367e+00
-1.770773768424987793e+00
-2.531856298446655273e-01
-1.607651472091674805e+00
-2.275152921676635742e+00
-1.074518203735351562e+00
-2.117853879928588867e+00
-1.326811432838439941e+00
-1.693459510803222656e+00
-2.470060586929321289e+00
-1.068049311637878418e+00
-2.420431137084960938e+00
-8.711479306221008301e-01
-1.149355053901672363e+00
-1.597063183784484863e+00
-1.378488540649414062e+00
-1.647153258323669434e+00
-2.723557233810424805e+00
-2.508849143981933594e+00
-5.463452339172363281e-01
-8.038358092308044434e-01
-1.697457551956176758e+00
-2.527271747589111328e+00
-1.101407408714294434e+00
-2.638827085494995117e+00
-1.148259639739990234e+00
-2.542147636413574219e+00
-2.074695825576782227e+00
-1.507215380668640137e+00
-1.134034872055053711e+00
-1.407487511634826660e+00
-1.494881749153137207e+00
-1.190825700759887695e+00
-2.458727359771728516e+00
-1.119198203086853027e+00
-2.283483266830444336e+00
-2.756626367568969727e+00
-1.915144562721252441e+00
-1.066972136497497559e+00
-1.306086301803588867e+00
-1.905889034271240234e+00
-1.900118589401245117e+00
-1.683125495910644531e+00
-2.299551486968994141e+00
-1.137798070907592773e+00
-1.296999812126159668e+00
-1.569049119949340820e+00
-2.653959989547729492e+00
-1.023219466209411621e+00
-2.392540216445922852e+00
-2.568274259567260742e+00
-4.394087195396423340e-01
-2.195098400115966797e+00
-2.799104213714599609e+00
-1.552720546722412109e+00
-1.147596716880798340e+00
-2.149291753768920898e+00
-1.748670458793640137e+00
-1.502228617668151855e+00
-1.309441447257995605e+00
-1.814671039581298828e+00
-1.990195512771606445e+00
-1.993620991706848145e+00
-1.702994227409362793e+00
-2.705069541931152344e+00
-2.146494865417480469e+00
-1.910805404186248779e-01
-1.150050997734069824e+00
-9.561856389045715332e-01
-1.540214300155639648e+00
-1.355340242385864258e+00
-1.953949332237243652e+00
-2.763978242874145508e+00
-1.814134120941162109e+00
-1.204247474670410156e+00
-2.505208969116210938e+00
-4.149776324629783630e-02
-1.146145105361938477e+00
-1.547516465187072754e+00
-2.074560165405273438e+00
-1.547176718711853027e+00
-2.772531509399414062e+00
-1.873136520385742188e+00
-1.720735073089599609e+00
-2.484007358551025391e+00
-1.551849722862243652e+00
-1.887103796005249023e+00
-9.999591112136840820e-01
-1.276935100555419922e+00
-1.097369074821472168e+00
-2.617718935012817383e+00
-2.564182996749877930e+00
-1.487331390380859375e+00
-2.405229091644287109e+00
-2.411910295486450195e+00
-2.214829444885253906e+00
-8.634329438209533691e-01
-2.921337604522705078e+00
-2.879775047302246094e+00
-1.553944587707519531e+00
-2.372211933135986328e+00
-2.731599807739257812e+00
-2.529226303100585938e+00
-1.985497474670410156e+00
-1.077899098396301270e+00
-2.873077154159545898e+00
-2.395843744277954102e+00
-1.319936275482177734e+00
-2.497165918350219727e+00
-1.272122025489807129e+00
-2.539472579956054688e+00
-1.488225460052490234e+00
-2.572627305984497070e+00
-1.329250931739807129e+00
-7.612180113792419434e-01
-1.099013805389404297e+00
-2.779716014862060547e+00
-2.780269145965576172e+00
-1.548169970512390137e+00
-1.291826725006103516e+00
-1.967947959899902344e+00
-2.250963449478149414e+00
-2.427689552307128906e+00
-2.776215791702270508e+00
-1.667392253875732422e+00
-2.356158733367919922e+00
-2.045215129852294922e+00
-2.360589504241943359e+00
-1.210706591606140137e+00
-2.036649703979492188e+00
-2.750803709030151367e+00
-7.335250973701477051e-01
-1.331394791603088379e+00
-2.103546142578125000e+00
-2.122363805770874023e+00
-1.877748012542724609e+00
-1.380175113677978516e+00
-2.358873844146728516e+00
-1.833151698112487793e+00
-2.072578907012939453e+00
-2.709010362625122070e+00
-2.432202816009521484e+00
-2.069714069366455078e+00
-1.988346815109252930e+00
-1.110379457473754883e+00
-1.287957191467285156e+00
-1.978809833526611328e+00
-1.452125549316406250e+00
-2.200755834579467773e+00
-8.033535480499267578e-01
-1.473319530487060547e+00
-5.062206387519836426e-01
-1.562980651855468750e+00
-2.104803562164306641e+00
-1.561871767044067383e+00
-1.364635705947875977e+00
-1.284615516662597656e+00
-1.050436019897460938e+00
-1.545340418815612793e+00
-2.522841215133666992e+00
-1.160660624504089355e+00
-2.018329381942749023e+00
-2.710409164428710938e+00
-1.718108296394348145e+00
-2.361311912536621094e+00
-1.123768091201782227e+00
-2.841158628463745117e+00
-2.357856273651123047e+00
-1.594812512397766113e+00
-1.300285696983337402e+00
-1.143203616142272949e+00
-7.641781568527221680e-01
-2.867401838302612305e+00
-1.077034235000610352e+00
-1.598258733749389648e+00
-5.857024192810058594e-01
-2.793925523757934570e+00
-2.363931655883789062e+00
-2.715083122253417969e+00
-2.289863109588623047e+00
-1.672824978828430176e+00
-2.836496353149414062e+00
-2.739514112472534180e+00
-1.823127746582031250e+00
-1.513321280479431152e+00
-2.525602817535400391e+00
-2.530896902084350586e+00
-1.727873325347900391e+00
-1.586930990219116211e+00
-2.377832412719726562e+00
-1.676992654800415039e+00
-2.519892692565917969e+00
-2.003098249435424805e+00
-1.523920297622680664e+00
-1.450451135635375977e+00
-8.216844201087951660e-01
-2.797353982925415039e+00
-2.683905363082885742e+00
-1.962532162666320801e+00
-1.594599723815917969e+00
-1.174733400344848633e+00
-2.517616987228393555e+00
-1.444939970970153809e+00
-2.557865619659423828e+00
-2.459199190139770508e+00
-1.263712763786315918e+00
-2.924367904663085938e+00
-1.625718116760253906e+00
-2.754077672958374023e+00
-2.078440666198730469e+00
-1.478694319725036621e+00
-5.497956275939941406e-01
-2.826890230178833008e+00
-1.480933666229248047e+00
-1.863144874572753906e+00
-2.781295299530029297e+00
-2.241608142852783203e+00
-1.369936704635620117e+00
-2.150126695632934570e+00
-2.275897026062011719e+00
-9.667809605598449707e-01
-1.685292959213256836e+00
-1.457478642463684082e+00
-1.243944883346557617e+00
-1.836522340774536133e+00
-1.345863580703735352e+00
-1.979693055152893066e+00
-1.799728989601135254e+00
-2.863538503646850586e+00
-2.533389329910278320e+00
-4.588315486907958984e-01
-1.068661689758300781e+00
-2.239166021347045898e+00
-2.420982360839843750e+00
-2.890831708908081055e+00
-1.233291149139404297e+00
-2.577611207962036133e+00
-2.080030441284179688e+00
-1.462161421775817871e+00
-7.760708928108215332e-01
-2.082864999771118164e+00
-2.706000566482543945e+00
-1.430154323577880859e+00
-2.033636808395385742e+00
-2.141793489456176758e+00
-2.019765377044677734e+00
-2.323763608932495117e+00
-1.666843891143798828e+00
-9.083345532417297363e-01
-1.950637221336364746e+00
-1.491765379905700684e+00
-1.696575045585632324e+00
-1.231835961341857910e+00
-1.207616448402404785e+00
-1.168299078941345215e+00
-1.915031671524047852e+00
-1.683021545410156250e+00
-1.453766584396362305e+00
-1.153282284736633301e+00
-5.390098690986633301e-01
-1.934957146644592285e+00
-1.085424542427062988e+00
-1.321815252304077148e+00
-1.281713485717773438e+00
-2.827886581420898438e+00
-2.093959093093872070e+00
-6.639811992645263672e-01
-1.569090366363525391e+00
-9.713350534439086914e-01
-1.934211373329162598e+00
-1.739781141281127930e+00
-1.442756891250610352e+00
-2.271074771881103516e+00
-1.951080560684204102e+00
-1.305816769599914551e+00
-1.845713496208190918e+00
-2.301372289657592773e+00
-8.820506334304809570e-01
-1.762525081634521484e+00
-1.634566307067871094e+00
-1.540761828422546387e+00
-1.253194212913513184e+00
-2.465756893157958984e+00
-2.572100400924682617e+00
-1.679545283317565918e+00
-2.403859853744506836e+00
-1.981188178062438965e+00
-1.564358115196228027e+00
-1.878796935081481934e+00
-2.186288118362426758e+00
-1.693215608596801758e+00
-2.487889051437377930e+00
-1.207823753356933594e+00
-2.345035552978515625e+00
-2.947614431381225586e+00
-1.031731367111206055e+00
-1.462122917175292969e+00
-4.345958828926086426e-01
-1.784050107002258301e+00
-1.315609812736511230e+00
-2.007297515869140625e+00
-1.715920925140380859e+00
-2.146074533462524414e+00
-1.115229964256286621e+00
-2.527306318283081055e+00
-2.032639026641845703e+00
-2.465310990810394287e-01
-1.206942439079284668e+00
-1.558257937431335449e+00
-1.652171492576599121e+00
-1.612308859825134277e+00
-2.273001194000244141e+00
-2.927830457687377930e+00
-1.164787411689758301e+00
-1.641848802566528320e+00
-2.462787151336669922e+00
-8.679909110069274902e-01
-1.523239850997924805e+00
-2.868833303451538086e+00
-2.730739593505859375e+00
-1.485202312469482422e+00
-2.039283990859985352e+00
-2.082727909088134766e+00
-1.354436159133911133e+00
-2.714511871337890625e+00
-1.762974500656127930e+00
-4.495188966393470764e-02
-1.295916199684143066e+00
-1.660051703453063965e+00
-1.659166932106018066e+00
-1.158294200897216797e+00
-1.927716135978698730e+00
-1.102474927902221680e+00
-1.198364019393920898e+00
-7.211056947708129883e-01
-4.420916736125946045e-01
-1.123974442481994629e+00
-1.704657077789306641e+00
-2.818304061889648438e+00
-2.765659332275390625e+00
-1.118735313415527344e+00
-2.587482929229736328e+00
-2.547484159469604492e+00
-1.412312984466552734e+00
-5.186991095542907715e-01
-2.177732229232788086e+00
-2.533707141876220703e+00
-2.448902845382690430e+00
-1.698058128356933594e+00
-1.413815975189208984e+00
-8.794090747833251953e-01
-2.798893213272094727e+00
-2.499248266220092773e+00
-1.903774023056030273e+00
-1.667667984962463379e+00
-2.600300312042236328e+00
-1.246710062026977539e+00
-2.101967096328735352e+00
-8.411579579114913940e-02
-1.608237624168395996e+00
-2.799075365066528320e+00
-2.415982961654663086e+00
-9.039222002029418945e-01
-2.235145807266235352e+00
-2.014232873916625977e+00
-2.825781345367431641e+00
-2.113332986831665039e+00
-6.947076916694641113e-01
-1.495066761970520020e+00
-2.179931163787841797e+00
-2.560937881469726562e+00
-2.222096443176269531e+00
-2.631240367889404297e+00
-2.488969087600708008e+00
-1.507905602455139160e+00
-1.236180424690246582e+00
-9.752566814422607422e-01
-5.179464221000671387e-01
-2.501572608947753906e+00
-1.978220462799072266e+00
-2.912759065628051758e+00
-2.490806579589843750e+00
-2.382241725921630859e+00
-8.310625553131103516e-01
-2.647497415542602539e+00
-2.622875452041625977e+00
-1.155742406845092773e+00
-1.368710398674011230e+00
-1.940186500549316406e+00
-2.525823354721069336e+00
-2.110027790069580078e+00
-2.306721925735473633e+00
-1.055092692375183105e+00
-1.064486384391784668e+00
-1.797335386276245117e+00
-8.953812718391418457e-01
-2.024504423141479492e+00
-1.537257671356201172e+00
-1.905190110206604004e+00
-6.893754005432128906e-01
-2.711825370788574219e+00
-5.232126116752624512e-01
-2.187437295913696289e+00
-1.430549263954162598e+00
-2.880627870559692383e+00
-1.439421653747558594e+00
-1.803288102149963379e+00
-1.773386716842651367e+00
-2.845730781555175781e+00
-1.457943439483642578e+00
-2.755927085876464844e+00
-2.240315198898315430e+00
-1.925770401954650879e+00
-1.850211381912231445e+00
-2.234094142913818359e+00
-1.233610272407531738e+00
-2.876962423324584961e+00
-2.789201974868774414e+00
-2.320125102996826172e+00
-1.259451031684875488e+00
-1.786271333694458008e+00
-1.549055099487304688e+00
-1.414410352706909180e+00
-1.051203846931457520e+00
-2.672399997711181641e+00
-1.628371238708496094e+00
-2.085253238677978516e+00
-2.475716590881347656e+00
-2.534471035003662109e+00
-2.254903316497802734e+00
-2.415149450302124023e+00
-2.242058992385864258e+00
-1.898095130920410156e+00
-2.528655290603637695e+00
-2.385327100753784180e+00
-1.391266345977783203e+00
-2.631709814071655273e+00
-8.882386088371276855e-01
-1.371670603752136230e+00
-2.873600721359252930e+00
-2.453527927398681641e+00
-9.525726437568664551e-01
-1.570438027381896973e+00
-1.483774304389953613e+00
-1.183585762977600098e+00
-1.385035395622253418e+00
-2.765916824340820312e+00
-2.596260547637939453e+00
-1.054574608802795410e+00
-1.132872343063354492e+00
-2.686005830764770508e+00
-1.540726423263549805e+00
-1.499857187271118164e+00
-2.152815341949462891e+00
-1.584238052368164062e+00
-1.893201112747192383e+00
-1.660264253616333008e+00
-2.752247571945190430e+00
-2.792561531066894531e+00
-1.622253179550170898e+00
-1.494640111923217773e+00
-1.297013044357299805e+00
-1.586769223213195801e+00
-1.524302005767822266e+00
-2.639069795608520508e+00
-1.737069129943847656e+00
-1.052078962326049805e+00
-1.559206962585449219e+00
-2.637004256248474121e-01
-1.165802001953125000e+00
-2.089776992797851562e+00
-2.404159784317016602e+00
-2.021165370941162109e+00
-1.862202882766723633e+00
-2.144592523574829102e+00
-2.056635856628417969e+00
-7.874461412429809570e-01
-1.718339443206787109e+00
-2.542676925659179688e+00
-1.255334973335266113e+00
-2.399538993835449219e+00
-2.004631280899047852e+00
-8.905008435249328613e-01
-2.564661979675292969e+00
-6.852405071258544922e-01
-4.076905548572540283e-01
-2.452931642532348633e+00
-2.793522357940673828e+00
-2.110754251480102539e+00
-1.940667748451232910e+00
-1.581691145896911621e+00
-2.029599100351333618e-01
-1.329762339591979980e+00
-2.405278444290161133e+00
-2.575807571411132812e+00
-8.726115226745605469e-01
-2.526568889617919922e+00
-2.004231929779052734e+00
-2.328191757202148438e+00
-1.693824410438537598e+00
-1.785790205001831055e+00
-1.731789469718933105e+00
-1.948352217674255371e+00
-1.673941612243652344e+00
-1.713824868202209473e+00
-3.778148889541625977e-01
-2.274701595306396484e+00
-1.610732436180114746e+00
-2.347524881362915039e+00
-2.306473016738891602e+00
-2.872300624847412109e+00
-2.738173484802246094e+00
1.547594219446182251e-01
-1.449078917503356934e+00
-2.629997730255126953e-01
-2.259535074234008789e+00
-2.000107526779174805e+00
-1.492224335670471191e+00
-1.428241252899169922e+00
-1.772562861442565918e+00
-2.773488044738769531e+00
-1.132230997085571289e+00
-2.663504838943481445e+00
-4.843105673789978027e-01
-2.626525640487670898e+00
-1.426645159721374512e+00
-1.899370193481445312e+00
-8.398777842521667480e-01
-1.181272506713867188e+00
-2.490526199340820312e+00
-1.952389478683471680e+00
-2.341387271881103516e+00
-1.928280472755432129e+00
-2.608873128890991211e+00
-1.660232663154602051e+00
-1.508958816528320312e+00
-2.540705919265747070e+00
-2.561789512634277344e+00
-2.389965057373046875e+00
-1.368604063987731934e+00
-3.096549212932586670e-01
-1.701543092727661133e+00
-1.510398626327514648e+00
-1.996837019920349121e+00
-2.469173908233642578e+00
-2.766422986984252930e+00
-1.507127881050109863e+00
-2.255378723144531250e+00
-2.482274770736694336e+00
-6.568905711174011230e-01
-2.054991006851196289e+00
-2.733773708343505859e+00
-1.551029324531555176e+00
-2.391839265823364258e+00
-1.357658505439758301e+00
-1.512352347373962402e+00
-1.128446459770202637e+00
-1.903885364532470703e+00
-2.141525268554687500e+00
-2.402227401733398438e+00
-2.491246938705444336e+00
-1.215394139289855957e+00
-4.202029705047607422e-01
-2.237431764602661133e+00
-1.545743465423583984e+00
-9.048385024070739746e-01
-2.067568004131317139e-01
-1.442922115325927734e+00
-2.048938989639282227e+00
-2.789632797241210938e+00
-2.583217620849609375e+00
-1.709095120429992676e+00
-1.184916377067565918e+00
-1.001598000526428223e+00
-2.779016733169555664e+00
-2.230960130691528320e+00
-8.875240087509155273e-01
-1.185033798217773438e+00
-2.774799585342407227e+00
-2.700308084487915039e+00
-2.172415018081665039e+00
-1.434596776962280273e+00
-1.348987102508544922e+00
-2.097831249237060547e+00
-1.545077681541442871e+00
-4.102621972560882568e-01
-1.168775916099548340e+00
-2.370581150054931641e+00
-1.137872457504272461e+00
-2.046753168106079102e+00
-1.662691473960876465e+00
-1.626287460327148438e+00
-2.515992641448974609e+00
1.781922206282615662e-02
-1.820084571838378906e+00
-1.247567176818847656e+00
-2.416409492492675781e+00
-1.254189133644104004e+00
-2.380435705184936523e+00
-2.452868700027465820e+00
-1.536010742187500000e+00
-1.783293932676315308e-01
-2.086319923400878906e+00
-1.747526884078979492e+00
-1.398941636085510254e+00
-8.926321864128112793e-01
-1.866987109184265137e+00
-3.944665193557739258e-01
-1.128261566162109375e+00
-1.114982008934020996e+00
-2.307662963867187500e+00
-1.336390376091003418e+00
-2.145312547683715820e+00
-1.436815619468688965e+00
-2.427052974700927734e+00
-7.885780334472656250e-01
-1.431369543075561523e+00
-1.260324597358703613e+00
-8.683621287345886230e-01
-2.865809679031372070e+00
-2.052347183227539062e+00
-2.550829887390136719e+00
-2.681789875030517578e+00
-1.411013007164001465e+00
-2.163173198699951172e+00
-1.241278886795043945e+00
-1.609914302825927734e+00
-1.804488182067871094e+00
-2.607156515121459961e+00
-1.220931291580200195e+00
-1.175943851470947266e+00
-1.167591691017150879e+00
-2.225051641464233398e+00
-1.252199888229370117e+00
-1.704074740409851074e+00
-2.318134069442749023e+00
1.798404306173324585e-01
-1.618883013725280762e+00
-1.223271846771240234e+00
-1.338773846626281738e+00
-2.307787656784057617e+00
-2.551716089248657227e+00
-2.226417064666748047e+00
-2.045422554016113281e+00
-1.006035089492797852e+00
-1.901631832122802734e+00
-1.316159367561340332e+00
-1.279125809669494629e+00
-2.191317081451416016e+00
-1.501764297485351562e+00
-2.399128437042236328e+00
-1.399431586265563965e+00
-1.940672397613525391e+00
-1.457134723663330078e+00
-1.633050292730331421e-01
-1.657098889350891113e+00
-1.795634508132934570e+00
-2.234015941619873047e+00
-1.807300448417663574e+00
-2.317878961563110352e+00
-1.028617501258850098e+00
-2.814517974853515625e+00
-1.399566531181335449e+00
-4.381383061408996582e-01
-1.945225954055786133e+00
-8.680326938629150391e-01
-5.681422352790832520e-01
-1.228006124496459961e+00
-2.762009143829345703e+00
-2.591264247894287109e+00
-2.163035869598388672e+00
-1.729351639747619629e+00
-2.726978302001953125e+00
-7.534204721450805664e-01
-1.721260547637939453e+00
-1.352306604385375977e+00
-2.443538188934326172e+00
-1.624478578567504883e+00
-2.057705640792846680e+00
-2.561142683029174805e+00
-2.047297954559326172e+00
-2.702072143554687500e+00
-1.657319784164428711e+00
-1.319503068923950195e+00
-1.801964282989501953e+00
-2.406513690948486328e+00
-2.284081935882568359e+00
-2.889397859573364258e+00
-2.323710203170776367e+00
-2.072310209274291992e+00
-2.433133125305175781e+00
-1.164795756340026855e+00
-1.617586851119995117e+00
-1.963763833045959473e+00
-1.423555970191955566e+00
-7.566633224487304688e-01
-1.961632609367370605e+00
-9.500409960746765137e-01
-2.198242425918579102e+00
-1.710769653320312500e+00
-1.952253222465515137e+00
-1.942055225372314453e+00
-1.572183489799499512e+00
-2.017020702362060547e+00
-1.199179887771606445e+00
-1.226688981056213379e+00
-1.231659531593322754e+00
-2.274302482604980469e+00
-1.363044977188110352e+00
-9.492554664611816406e-01
-1.161647796630859375e+00
-1.115838646888732910e+00
-2.200393676757812500e+00
-2.776819467544555664e+00
-1.362681269645690918e+00
-8.492305874824523926e-01
-1.305111646652221680e+00
-2.520323514938354492e+00
-1.553370237350463867e+00
-6.743234395980834961e-01
-1.832913279533386230e+00
-2.669904470443725586e+00
-2.710494041442871094e+00
-6.428155303001403809e-01
-2.864536762237548828e+00
-1.631808280944824219e+00
-1.442333102226257324e+00
-1.032602190971374512e+00
-2.609456062316894531e+00
-2.032700061798095703e+00
-1.714581966400146484e+00
-1.635501742362976074e+00
-2.372319698333740234e+00
-3.014524579048156738e-01
-2.327847480773925781e+00
-2.871716976165771484e+00
-2.294799566268920898e+00
-1.846679210662841797e+00
-1.098639130592346191e+00
-1.632377147674560547e+00
-2.636928558349609375e+00
-1.209058403968811035e+00
-1.845355272293090820e+00
-2.467980146408081055e+00
-1.876127600669860840e+00
-2.029054403305053711e+00
-1.760580420494079590e+00
-7.093084454536437988e-01
-2.489956140518188477e+00
-1.945760846138000488e+00
5.224696397781372070e-01
-2.900861740112304688e+00
-2.491425514221191406e+00
-4.754313826560974121e-01
-1.407204151153564453e+00
-1.821830034255981445e+00
-1.088814258575439453e+00
-2.622169017791748047e+00
-1.889523029327392578e+00
-2.129006147384643555e+00
-1.607091665267944336e+00
-2.527132987976074219e+00
-2.468743085861206055e+00
-1.313786745071411133e+00
-1.803435325622558594e+00
-2.582835912704467773e+00
-1.916226983070373535e+00
-1.304627537727355957e+00
-1.936255693435668945e+00
-2.930084228515625000e+00
-1.114723443984985352e+00
-2.865066289901733398e+00
-2.884058237075805664e+00
-1.437733888626098633e+00
-1.241130456328392029e-01
-1.559497475624084473e+00
-1.365416765213012695e+00
-1.342063546180725098e+00
-2.706767320632934570e+00
-2.691798925399780273e+00
-2.816086530685424805e+00
-4.644585549831390381e-01
-2.349212169647216797e+00
-2.586698770523071289e+00
-2.262945413589477539e+00
-2.366253376007080078e+00
-7.180879116058349609e-01
-2.658580303192138672e+00
-2.577388763427734375e+00
-2.532899618148803711e+00
-2.673946917057037354e-01
-1.596156954765319824e+00
-2.121511220932006836e+00
-2.059436321258544922e+00
-2.577127456665039062e+00
-1.485983729362487793e+00
-1.644397854804992676e+00
-2.114411354064941406e+00
-1.271459102630615234e+00
-1.525118470191955566e+00
-1.653226256370544434e+00
-3.138593435287475586e-01
-2.023003101348876953e+00
-2.447774648666381836e+00
-2.343119859695434570e+00
-1.309320092201232910e+00
-1.307912707328796387e+00
-2.062576532363891602e+00
-2.684898614883422852e+00
-1.822669148445129395e+00
-2.711087226867675781e+00
-8.707409501075744629e-01
-2.036972522735595703e+00
-1.065630078315734863e+00
-2.632850408554077148e+00
-1.740531444549560547e+00
-1.858751654624938965e+00
-1.760649561882019043e+00
-2.121545791625976562e+00
-2.586895704269409180e+00
-2.055705070495605469e+00
-2.334914922714233398e+00
-2.261705160140991211e+00
-2.766493320465087891e+00
-2.181836366653442383e+00
-2.897274971008300781e+00
-1.092330217361450195e+00
-2.771605253219604492e+00
-2.739222526550292969e+00
-2.141510099172592163e-01
-4.919495880603790283e-01
-2.131172895431518555e+00
-1.292593836784362793e+00
-1.725037455558776855e+00
-2.278359174728393555e+00
-1.507829785346984863e+00
-2.480515718460083008e+00
-2.605646133422851562e+00
-2.494853734970092773e+00
-2.602784633636474609e+00
-2.278847932815551758e+00
-9.568523764610290527e-01
-1.796649694442749023e+00
-1.484397292137145996e+00
-2.309239149093627930e+00
-2.077534914016723633e+00
-2.232154130935668945e+00
-2.338723659515380859e+00
-1.663359642028808594e+00
-5.180866718292236328e-01
-3.211132287979125977e-01
-2.473793983459472656e+00
-1.436986565589904785e+00
-1.986317634582519531e+00
-2.055644273757934570e+00
-2.823097229003906250e+00
-1.262213468551635742e+00
-2.172136157751083374e-01
-1.583950757980346680e+00
-1.706431508064270020e+00
-1.471583604812622070e+00
-1.402016878128051758e+00
-2.311401844024658203e+00
-1.370697259902954102e+00
-2.746360301971435547e+00
-1.685223579406738281e+00
-1.972639918327331543e+00
-1.051757335662841797e+00
-1.228340744972229004e+00
-4.451224207878112793e-01
-1.579737782478332520e+00
-1.492788553237915039e+00
-2.015631437301635742e+00
-2.848013162612915039e+00
-1.696817994117736816e+00
-1.780438780784606934e+00
-1.875257968902587891e+00
-2.000256299972534180e+00
-9.603321552276611328e-01
-3.650628924369812012e-01
-1.839968681335449219e+00
-2.440078735351562500e+00
-1.289084553718566895e+00
-1.971472501754760742e+00
-2.485647678375244141e+00
-2.880231857299804688e+00
-2.984285056591033936e-01
-2.922319412231445312e+00
-1.315291404724121094e+00
-2.775149106979370117e+00
-2.453289508819580078e+00
-2.451931476593017578e+00
-2.495272874832153320e+00
2.371316999197006226e-01
-1.350109338760375977e+00
-2.562192201614379883e+00
-1.635245561599731445e+00
-1.884858727455139160e+00
-1.855868577957153320e+00
-2.403752803802490234e+00
-1.155813932418823242e+00
-1.078362226486206055e+00
-1.086551785469055176e+00
-1.352710127830505371e+00
-1.500344395637512207e+00
-1.361182332038879395e+00
-1.943703651428222656e+00
-2.387495279312133789e+00
-1.063948631286621094e+00
-2.730099439620971680e+00
-2.818738937377929688e+00
-2.417226791381835938e+00
-1.273047208786010742e+00
-1.333430767059326172e+00
-2.556544780731201172e+00
-2.428669691085815430e+00
-1.919402480125427246e+00
-2.527478694915771484e+00
-1.674668192863464355e+00
-7.683615684509277344e-01
-1.416664719581604004e+00
-1.460973978042602539e+00
-2.742373943328857422e+00
-1.628836154937744141e+00
-1.749273538589477539e+00
-2.746505498886108398e+00
-1.592564940452575684e+00
-2.720994234085083008e+00
-1.206198811531066895e+00
-1.679043292999267578e+00
-2.346660375595092773e+00
-1.647053956985473633e+00
-2.236577987670898438e+00
-2.646177053451538086e+00
-1.164956927299499512e+00
-2.622108221054077148e+00
-1.530156970024108887e+00
-2.160913467407226562e+00
-1.072405219078063965e+00
-2.023885726928710938e+00
-1.270314812660217285e+00
-1.813533067703247070e+00
-2.623415946960449219e+00
-2.675910472869873047e+00
-1.259910583496093750e+00
-1.632122993469238281e+00
-1.798026084899902344e+00
-6.905526518821716309e-01
-2.445067644119262695e+00
-1.793885111808776855e+00
-2.127268552780151367e+00
-2.399847507476806641e+00
-1.081559896469116211e+00
-1.727281212806701660e+00
-1.592457413673400879e+00
-2.102227687835693359e+00
-1.989182472229003906e+00
-2.869790077209472656e+00
-2.142281770706176758e+00
-1.058582544326782227e+00
-2.152564048767089844e+00
-2.272299766540527344e+00
-8.549576997756958008e-01
-2.638064861297607422e+00
-2.452998399734497070e+00
-2.026354789733886719e+00
-2.517701387405395508e+00
-2.014281988143920898e+00
-1.550186991691589355e+00
-7.107313871383666992e-01
-3.681320548057556152e-01
-7.631935477256774902e-01
-1.505514979362487793e+00
-1.228016972541809082e+00
-2.128401517868041992e+00
-2.807495117187500000e+00
-1.060638308525085449e+00
-1.767635226249694824e+00
-1.723938584327697754e+00
-1.734526038169860840e+00
-1.943595409393310547e+00
-2.932393789291381836e+00
-1.862046599388122559e+00
-1.246306777000427246e+00
-1.702302694320678711e+00
-1.137975215911865234e+00
-2.061320304870605469e+00
-2.665483236312866211e+00
-1.644234299659729004e+00
-1.181405186653137207e+00
-2.572682619094848633e+00
-2.577231884002685547e+00
-1.603392958641052246e+00
-2.062165498733520508e+00
-1.374946713447570801e+00
-7.987801432609558105e-01
-1.836936950683593750e+00
-1.064672827720642090e+00
-1.812236428260803223e+00
-1.627850174903869629e+00
-1.799382090568542480e+00
-2.463623285293579102e+00
-2.874176800251007080e-01
-1.705478906631469727e+00
-1.190038800239562988e+00
-2.220483779907226562e+00
-1.790669441223144531e+00
-1.608297467231750488e+00
-1.937108874320983887e+00
-2.535840034484863281e+00
-2.145292758941650391e+00
-1.193595528602600098e+00
-2.931428670883178711e+00
-9.207814335823059082e-01
-2.684815406799316406e+00
-1.409847259521484375e+00
-3.494230508804321289e-01
-1.954966425895690918e+00
-1.653154134750366211e+00
-1.457229852676391602e+00
-8.756095767021179199e-01
-1.850584149360656738e+00
-2.929074764251708984e+00
-1.814614653587341309e+00
-7.723054289817810059e-01
-2.313102960586547852e+00
-1.708246350288391113e+00
-2.116723537445068359e+00
-1.208971023559570312e+00
-2.520405530929565430e+00
-2.204715728759765625e+00
-1.267837047576904297e+00
-1.635748744010925293e+00
-2.760338544845581055e+00
-2.112994432449340820e+00
-2.521593093872070312e+00
-2.056966304779052734e+00
-1.960778117179870605e+00
-1.926902413368225098e+00
-5.562488734722137451e-02
-1.546728491783142090e+00
-1.600648999214172363e+00
-1.398268580436706543e+00
-1.440387964248657227e+00
-1.597217082977294922e+00
-2.213772296905517578e+00
-2.672242879867553711e+00
-2.697850465774536133e+00
-2.463338613510131836e+00
-1.602874875068664551e+00
-1.970236420631408691e+00
-2.122344255447387695e+00
-1.182288885116577148e+00
-1.762724518775939941e+00
-2.165270805358886719e+00
-1.408613801002502441e+00
-5.997037887573242188e-01
-1.407957553863525391e+00
-1.164872527122497559e+00
-1.821103572845458984e+00
-1.118527293205261230e+00
-1.994783163070678711e+00
-1.410268187522888184e+00
-1.480780720710754395e+00
-1.905485033988952637e+00
-1.920238971710205078e+00
-1.071064114570617676e+00
-3.223387300968170166e-01
-2.435835838317871094e+00
-1.076342582702636719e+00
-2.783284187316894531e+00
-1.786879420280456543e+00
-1.580551028251647949e+00
1.734027266502380371e-01
-1.536481380462646484e+00
-1.046617388725280762e+00
-1.422761201858520508e+00
-1.174707889556884766e+00
-2.198324918746948242e+00
-1.352104425430297852e+00
-1.830258846282958984e+00
-2.266214132308959961e+00
-2.224312305450439453e+00
-2.211458206176757812e+00
-1.828004121780395508e+00
-2.815175294876098633e+00
-9.810605049133300781e-01
-1.347821354866027832e+00
-1.826599001884460449e+00
-2.559945821762084961e+00
-2.428153038024902344e+00
-2.555513143539428711e+00
-1.135607242584228516e+00
-7.820476293563842773e-01
-1.515670776367187500e+00
-6.141874194145202637e-01
-1.723405480384826660e+00
-9.608845114707946777e-01
-1.983911037445068359e+00
-2.794984579086303711e+00
-1.696560740470886230e+00
-2.590766191482543945e+00
-1.460109591484069824e+00
-1.586437344551086426e+00
-2.778350591659545898e+00
-1.561202049255371094e+00
-1.310114979743957520e+00
-1.865741610527038574e+00
-1.094101905822753906e+00
-1.981480598449707031e+00
-2.905538082122802734e+00
-2.496993541717529297e+00
-2.775150299072265625e+00
-1.966737389564514160e+00
-2.915053367614746094e+00
-1.509243845939636230e+00
-1.437299013137817383e+00
-2.008995532989501953e+00
-1.580277562141418457e+00
-1.103009700775146484e+00
-2.127081394195556641e+00
-2.069853067398071289e+00
-2.023483514785766602e+00
-8.634253144264221191e-01
-1.724892854690551758e+00
-2.542171716690063477e+00
-1.629039645195007324e+00
-2.285165786743164062e+00
-2.378988504409790039e+00
-3.736307844519615173e-02
-2.767376661300659180e+00
-1.745103001594543457e+00
-4.409911036491394043e-01
-1.251875042915344238e+00
-1.761303424835205078e+00
-1.238158464431762695e+00
-2.473056554794311523e+00
-1.250970721244812012e+00
-1.360561132431030273e+00
-2.234830379486083984e+00
-2.509511709213256836e+00
-2.411842107772827148e+00
-1.234085559844970703e+00
-2.901052951812744141e+00
-2.648865461349487305e+00
-1.911179184913635254e+00
-2.837509393692016602e+00
-6.376850008964538574e-01
-2.660265922546386719e+00
-1.818822622299194336e+00
-2.497489929199218750e+00
-2.049721479415893555e+00
-1.905172824859619141e+00
-4.304178953170776367e-01
-2.924469947814941406e+00
-1.094765663146972656e+00
-1.460903763771057129e+00
-1.297708868980407715e+00
-2.226554393768310547e+00
-1.873692393302917480e+00
-1.540627837181091309e+00
-7.057238817214965820e-01
-1.703668951988220215e+00
-2.348244667053222656e+00
-2.601714611053466797e+00
1.400054991245269775e-01
-1.728679060935974121e+00
-1.057866215705871582e+00
-2.740214347839355469e+00
-3.775256276130676270e-01
-1.078069448471069336e+00
-6.049988865852355957e-01
-1.086565136909484863e+00
-2.721154689788818359e+00
-1.818779826164245605e+00
-1.126645803451538086e+00
-1.656769394874572754e+00
-1.618484735488891602e+00
-2.686884403228759766e+00
-2.518670558929443359e+00
-2.215885639190673828e+00
-1.191131472587585449e+00
-1.584493041038513184e+00
-2.475186586380004883e+00
-2.026337146759033203e+00
-2.684571743011474609e+00
-1.403039097785949707e-01
-2.730736732482910156e+00
-1.043595910072326660e+00
-2.268258333206176758e+00
-4.136337637901306152e-01
-1.314418077468872070e+00
-2.691916704177856445e+00
-2.520822525024414062e+00
-2.650332689285278320e+00
-1.773685693740844727e+00
-2.693521738052368164e+00
-2.027083039283752441e-01
-2.857251882553100586e+00
-1.886834859848022461e+00
-2.794878959655761719e+00
-1.309474468231201172e+00
-2.203124284744262695e+00
-1.309606552124023438e+00
-8.938508033752441406e-01
-2.218925356864929199e-01
-9.529294967651367188e-01
-2.877368927001953125e+00
-2.164989709854125977e+00
-1.740200996398925781e+00
-2.790135145187377930e+00
-1.378797054290771484e+00
-1.346258163452148438e+00
-1.869835734367370605e+00
-1.568877577781677246e+00
-1.286436796188354492e+00
-1.096409678459167480e+00
-2.180362701416015625e+00
-2.810198068618774414e+00
-1.270333409309387207e+00
-1.342116475105285645e+00
-1.108513593673706055e+00
-2.654451370239257812e+00
-1.549984097480773926e+00
-2.081697702407836914e+00
-2.627137899398803711e+00
-1.568507552146911621e+00
-1.574080467224121094e+00
-2.697546720504760742e+00
-1.569637417793273926e+00
-1.781965851783752441e+00
-1.199236273765563965e+00
-2.406152486801147461e+00
-2.151953697204589844e+00
-1.805309891700744629e+00
-2.740533590316772461e+00
-1.899912238121032715e+00
-1.910347580909729004e+00
-2.080623388290405273e+00
-2.690852165222167969e+00
-2.122039079666137695e+00
-1.376466155052185059e+00
-1.575892686843872070e+00
-1.486280202865600586e+00
-2.169466495513916016e+00
-1.774161219596862793e+00
-1.177896261215209961e+00
-2.262001037597656250e+00
-2.741407394409179688e+00
-2.221954584121704102e+00
-2.778223276138305664e+00
-1.927677631378173828e+00
-1.118193507194519043e+00
-1.880349040031433105e+00
-1.897237151861190796e-01
-1.557638764381408691e+00
-2.931279420852661133e+00
-1.176639437675476074e+00
-1.677695631980895996e+00
-2.846951007843017578e+00
-2.162402391433715820e+00
-1.641727805137634277e+00
-2.606536865234375000e+00
-2.376335382461547852e+00
-1.947424650192260742e+00
-2.006845235824584961e+00
-2.692425251007080078e+00
-5.361320376396179199e-01
-2.439981222152709961e+00
-2.854705452919006348e-01
-2.419046163558959961e+00
-2.609924554824829102e+00
-2.775106430053710938e+00
-1.127092361450195312e+00
-1.681661486625671387e+00
-2.764282941818237305e+00
-1.353698730468750000e+00
-1.147286534309387207e+00
-1.252165317535400391e+00
-2.657866477966308594e+00
-1.283665418624877930e+00
-2.606227874755859375e+00
-2.648189783096313477e+00
-1.071282148361206055e+00
-1.514710426330566406e+00
-2.229760646820068359e+00
-9.540523886680603027e-01
-2.366329193115234375e+00
-1.237111568450927734e+00
-2.141667604446411133e+00
-1.332415699958801270e+00
-1.885432243347167969e+00
-2.577993392944335938e+00
-1.675433278083801270e+00
-2.028445959091186523e+00
-2.291797399520874023e+00
-1.817370176315307617e+00
-1.224001526832580566e+00
-4.727469086647033691e-01
-1.030099749565124512e+00
-1.299096107482910156e+00
-1.192320227622985840e+00
-8.332874774932861328e-01
-2.051350593566894531e+00
-2.761412143707275391e+00
-2.139379262924194336e+00
-2.128457069396972656e+00
-1.818647384643554688e+00
-1.673450827598571777e+00
-1.186988234519958496e+00
-1.272619962692260742e+00
2.126225084066390991e-01
-2.131366252899169922e+00
-2.180361270904541016e+00
-2.459945201873779297e+00
-1.157893657684326172e+00
-1.256889343261718750e+00
-1.378032445907592773e+00
-1.152194976806640625e+00
-1.555189371109008789e+00
-1.825973391532897949e+00
-2.910491228103637695e+00
-2.921772003173828125e+00
-1.105874776840209961e+00
-2.040290355682373047e+00
-2.076040506362915039e+00
-2.541029453277587891e+00
-1.425637125968933105e+00
-2.809110879898071289e+00
-5.983036160469055176e-01
-1.068474411964416504e+00
-2.719181776046752930e+00
-1.453325390815734863e+00
-2.747001886367797852e+00
-1.790952205657958984e+00
-2.164669036865234375e+00
-1.623563021421432495e-01
-2.783229827880859375e+00
-1.968421578407287598e+00
-1.122219800949096680e+00
-2.626146316528320312e+00
-2.751878738403320312e+00
-2.643141031265258789e+00
-4.130938053131103516e-01
-1.959724068641662598e+00
-2.265476703643798828e+00
-1.308632135391235352e+00
-2.676503181457519531e+00
-2.653912305831909180e+00
-2.134275913238525391e+00
-1.693648815155029297e+00
-1.190574288368225098e+00
-2.242105007171630859e+00
-1.950465917587280273e+00
-2.879030466079711914e+00
-8.595778942108154297e-01
-1.598767876625061035e+00
-2.716224670410156250e+00
-1.357925415039062500e+00
-1.783798098564147949e+00
-1.669588685035705566e+00
-2.061430215835571289e+00
-2.779467344284057617e+00
-2.956643819808959961e+00
6.859266012907028198e-02
-1.488371491432189941e+00
-2.729264497756958008e+00
-2.246568679809570312e+00
-1.639916539192199707e+00
-1.786817550659179688e+00
-6.233756542205810547e-01
-1.178075671195983887e+00
-1.242364048957824707e+00
-2.342765808105468750e+00
-2.980008721351623535e-02
-1.649944424629211426e+00
-1.403891921043395996e+00
-2.236618757247924805e+00
-2.760650873184204102e+00
-1.547119259834289551e+00
-2.403702020645141602e+00
2.830435521900653839e-02
5.381394922733306885e-02
-2.327016830444335938e+00
-1.276450634002685547e+00
-1.410958528518676758e+00
-1.769451260566711426e+00
-2.311445474624633789e+00
-1.100706815719604492e+00
-2.021767854690551758e+00
-1.141303896903991699e+00
-1.602604031562805176e+00
-2.757939100265502930e+00
-1.807008147239685059e+00
-1.873224258422851562e+00
-1.855054378509521484e+00
-1.436964750289916992e+00
-1.239145517349243164e+00
-2.448611021041870117e+00
-2.336775064468383789e+00
-2.129312276840209961e+00
-1.654692769050598145e+00
-1.464401960372924805e+00
-1.486393570899963379e+00
-1.490504860877990723e+00
-1.277064561843872070e+00
-2.443849325180053711e+00
-2.811952590942382812e+00
-1.828667998313903809e+00
-2.271475315093994141e+00
-1.440312504768371582e+00
-2.266342401504516602e+00
-3.258262872695922852e-01
-2.257340192794799805e+00
-2.387331962585449219e+00
-1.576929450035095215e+00
1.049461662769317627e-01
-1.375187754631042480e+00
-1.958857536315917969e+00
-2.362937927246093750e+00
-2.817039728164672852e+00
-1.175221875309944153e-01
-1.163706898689270020e+00
-1.216638565063476562e+00
-9.576126933097839355e-01
-2.621420621871948242e+00
-1.747967004776000977e+00
-1.769816040992736816e+00
-1.203999280929565430e+00
-1.813062548637390137e+00
-2.780998945236206055e+00
-1.260135173797607422e+00
-1.353930234909057617e+00
-2.364398002624511719e+00
-2.587069749832153320e+00
-1.063287973403930664e+00
-1.504029631614685059e+00
-2.958904504776000977e+00
-2.453685045242309570e+00
-1.382330298423767090e+00
-1.173340201377868652e+00
-1.415205240249633789e+00
-2.678798913955688477e+00
-2.590524911880493164e+00
-2.481111288070678711e+00
-1.851262092590332031e+00
-1.430839061737060547e+00
-2.186909437179565430e+00
-2.750210285186767578e+00
-2.374934434890747070e+00
-1.299373507499694824e+00
3.223638236522674561e-02
-2.700542688369750977e+00
-1.886256814002990723e+00
-1.303317666053771973e+00
-2.325975418090820312e+00
-2.247345685958862305e+00
-2.137252092361450195e+00
-2.221420764923095703e+00
-1.069762557744979858e-01
-2.865407466888427734e+00
-1.692766547203063965e+00
-2.603241443634033203e+00
-2.130177974700927734e+00
-8.789125084877014160e-01
-1.673618108034133911e-01
-1.528406143188476562e+00
-2.181996583938598633e+00
-1.654101490974426270e+00
-6.140825748443603516e-01
-2.230498790740966797e+00
-8.760905861854553223e-01
-1.284822940826416016e+00
-5.847231745719909668e-01
-2.475708723068237305e+00
-2.667492151260375977e+00
-2.203357696533203125e+00
-2.656974554061889648e+00
-1.053280949592590332e+00
-9.631209969520568848e-01
-6.455824375152587891e-01
-2.401628255844116211e+00
-2.800869941711425781e+00
-1.522192835807800293e+00
-1.266010046005249023e+00
-2.079927444458007812e+00
-1.693771958351135254e+00
-1.349070310592651367e+00
-2.327810049057006836e+00
-1.991234779357910156e+00
-2.246911823749542236e-02
-1.611289262771606445e+00
-1.373742103576660156e+00
-1.305252552032470703e+00
-1.156839728355407715e+00
-2.190897941589355469e+00
-2.428007125854492188e+00
-1.246752738952636719e+00
-1.652546167373657227e+00
-2.905104398727416992e+00
-1.717303156852722168e+00
-1.178297996520996094e+00
-2.033091545104980469e+00
-2.609276294708251953e+00
-1.926796317100524902e+00
-1.984337091445922852e+00
-2.463065832853317261e-01
-2.737898826599121094e+00
-2.685298442840576172e+00
-1.643131017684936523e+00
-1.813526153564453125e+00
-1.760393619537353516e+00
-1.332413077354431152e+00
-2.229049205780029297e+00
-1.211805820465087891e+00
-2.196599483489990234e+00
-1.708675026893615723e-01
-2.447335004806518555e+00
-2.456956058740615845e-01
-2.752542257308959961e+00
-4.081264436244964600e-01
-2.075685977935791016e+00
-2.539599180221557617e+00
-2.534066438674926758e+00
-2.693250417709350586e+00
-8.388766050338745117e-01
-5.896651744842529297e-01
-2.043789386749267578e+00
-1.353630304336547852e+00
-1.786460041999816895e+00
-1.797578096389770508e+00
-1.318754434585571289e+00
-6.818967461585998535e-01
-1.649945020675659180e+00
-2.133002996444702148e+00
-2.341726541519165039e+00
-1.757298111915588379e+00
-4.931269586086273193e-01
-2.491400718688964844e+00
-1.585597038269042969e+00
-1.569261550903320312e+00
-1.128935575485229492e+00
-2.013875961303710938e+00
-2.468055725097656250e+00
-1.989204406738281250e+00
-2.835565328598022461e+00
-2.367717742919921875e+00
-1.539809942245483398e+00
-2.780672311782836914e+00
-2.940519750118255615e-01
-8.906031847000122070e-01
-1.433935880661010742e+00
-1.719654083251953125e+00
-3.047975897789001465e-01
-1.006030917167663574e+00
-1.747592329978942871e+00
-1.454157352447509766e+00
-2.192954301834106445e+00
-2.405667066574096680e+00
-1.749733328819274902e+00
1.590874791145324707e-01
-7.803792953491210938e-01
-2.023350477218627930e+00
-2.547184467315673828e+00
-3.047011494636535645e-01
-4.831404089927673340e-01
-1.443483948707580566e+00
-2.066482305526733398e+00
-1.048052430152893066e+00
-2.514375925064086914e+00
-2.478531837463378906e+00
-7.125510573387145996e-01
-2.036759138107299805e+00
-1.147648453712463379e+00
-2.951095581054687500e+00
-2.470197200775146484e+00
-1.495607137680053711e+00
-1.829007625579833984e+00
-2.161417245864868164e+00
-2.438044548034667969e+00
-2.579069375991821289e+00
-2.941448211669921875e+00
-2.580698013305664062e+00
-2.113331556320190430e-01
-2.392022132873535156e+00
-2.228578090667724609e+00
-1.337564706802368164e+00
-1.625739574432373047e+00
-5.897676944732666016e-01
-2.121491193771362305e+00
-1.438835382461547852e+00
-1.557781815528869629e+00
-1.164070963859558105e+00
-2.264359235763549805e+00
-1.549203276634216309e+00
-1.870142102241516113e+00
-1.028113842010498047e+00
-1.527859330177307129e+00
-2.320173501968383789e+00
-1.345139622688293457e+00
-1.257118940353393555e+00
-1.307084679603576660e+00
-2.395510196685791016e+00
-5.357167720794677734e-01
-1.473993539810180664e+00
-2.117690563201904297e+00
-2.652060508728027344e+00
-3.790177702903747559e-01
-2.389731168746948242e+00
-1.028993129730224609e+00
-2.036978006362915039e+00
-7.931256294250488281e-01
-2.379554986953735352e+00
-2.147523403167724609e+00
-2.534986495971679688e+00
-1.929764032363891602e+00
-7.445427775382995605e-01
-9.074741005897521973e-01
-2.447625398635864258e+00
-2.895774841308593750e+00
-1.138240694999694824e+00
-6.566349267959594727e-01
-2.566144466400146484e+00
-8.083850741386413574e-01
-1.309234142303466797e+00
-2.459958791732788086e+00
-2.560011625289916992e+00
-2.729612827301025391e+00
-2.376592397689819336e+00
-1.693332076072692871e+00
-1.189295768737792969e+00
-2.400418996810913086e+00
-2.380671977996826172e+00
-2.313781976699829102e+00
-1.550963878631591797e+00
-1.989343166351318359e+00
-2.600497245788574219e+00
-1.197962641716003418e+00
-1.487345337867736816e+00
-2.529451370239257812e+00
-1.575151562690734863e+00
-1.500606417655944824e+00
-6.840662360191345215e-01
-1.018145084381103516e+00
-2.678414583206176758e+00
-1.386912107467651367e+00
-1.394902586936950684e+00
-2.083937406539916992e+00
-1.629515886306762695e+00
-2.488057374954223633e+00
-1.490492463111877441e+00
-8.691543936729431152e-01
-2.734397172927856445e+00
-2.256587266921997070e+00
-2.310497283935546875e+00
-1.869505167007446289e+00
-1.211762428283691406e+00
-1.475241541862487793e+00
-1.501467347145080566e+00
-7.285573482513427734e-01
-2.604184150695800781e+00
-1.164296150207519531e+00
-1.563813328742980957e+00
-1.475665569305419922e+00
-1.954584836959838867e+00
5.467396974563598633e-01
-9.123291969299316406e-01
-6.254106163978576660e-01
-7.868717312812805176e-01
-1.213313817977905273e+00
-9.677448272705078125e-01
-8.660053014755249023e-01
-2.018504619598388672e+00
-2.550664424896240234e+00
-7.154397964477539062e-01
-1.098676919937133789e+00
-1.126722455024719238e+00
-1.149168610572814941e+00
-1.709325313568115234e+00
-1.005597949028015137e+00
-2.353480577468872070e+00
-1.178818345069885254e+00
-1.333742499351501465e+00
-1.368573307991027832e+00
-1.936163783073425293e+00
-4.952816069126129150e-01
-2.790842950344085693e-01
-3.620714545249938965e-01
-1.265486598014831543e+00
-1.543012976646423340e+00
-6.623123288154602051e-01
-1.309405326843261719e+00
-7.879804372787475586e-01
-2.285172045230865479e-01
-1.031325697898864746e+00
-1.818462729454040527e+00
1.881978474557399750e-02
-1.461905717849731445e+00
-1.405372977256774902e+00
-1.255101203918457031e+00
-3.892538547515869141e-01
-1.241170287132263184e+00
-1.537745714187622070e+00
-8.989130258560180664e-01
-1.062005281448364258e+00
-2.757913589477539062e+00
-1.104474067687988281e+00
-7.927909493446350098e-01
-9.381323456764221191e-01
-1.106689214706420898e+00
-6.888038516044616699e-01
-1.867824941873550415e-01
-1.999092459678649902e+00
-2.150578796863555908e-01
-1.567561507225036621e+00
-6.245579570531845093e-02
-1.004073619842529297e+00
-2.008141279220581055e+00
-1.379996061325073242e+00
-8.224210143089294434e-01
-1.528939366340637207e+00
-1.621490955352783203e+00
-1.141742825508117676e+00
-9.673771262168884277e-01
-2.160075187683105469e+00
-9.450934529304504395e-01
-1.147319316864013672e+00
-4.178213179111480713e-01
-1.531311511993408203e+00
-1.802686214447021484e+00
-2.477185487747192383e+00
-1.860647559165954590e+00
-1.726364731788635254e+00
4.596835672855377197e-01
-9.327521324157714844e-01
-2.542953565716743469e-02
-1.160803794860839844e+00
-2.140745222568511963e-01
-1.292464494705200195e+00
-5.653363466262817383e-01
-5.919933319091796875e-01
-1.051038980484008789e+00
-1.999787211418151855e+00
-1.665256500244140625e+00
1.850031316280364990e-01
-1.636304855346679688e-01
-1.095584392547607422e+00
-1.321927666664123535e+00
-4.633532166481018066e-01
-1.975205779075622559e+00
-4.800613224506378174e-01
-1.281486988067626953e+00
-2.357616871595382690e-01
-1.282943725585937500e+00
-2.073694944381713867e+00
-2.459203958511352539e+00
-1.457900762557983398e+00
-2.441350221633911133e+00
-2.330604314804077148e+00
-2.006521224975585938e+00
3.539783135056495667e-02
2.066489905118942261e-01
-1.712070703506469727e+00
-2.393665552139282227e+00
-2.018612623214721680e+00
-2.426590919494628906e+00
-2.064566612243652344e+00
-1.231998443603515625e+00
3.510899543762207031e-01
-2.300044059753417969e+00
-5.423047542572021484e-01
-1.663144826889038086e+00
-2.695479154586791992e+00
-6.843758821487426758e-01
-2.512118816375732422e-01
-2.102370500564575195e+00
-6.010785698890686035e-01
-2.556551933288574219e+00
-1.122614145278930664e+00
-1.944472789764404297e+00
-1.454512715339660645e+00
-2.489964962005615234e+00
-1.340983986854553223e+00
-1.171492457389831543e+00
-1.022238254547119141e+00
-1.138582944869995117e+00
-1.934526085853576660e+00
-1.149446725845336914e+00
7.207542657852172852e-02
-1.778228878974914551e+00
-2.368573844432830811e-01
-1.907169461250305176e+00
-2.269988775253295898e+00
-2.089053392410278320e+00
-1.522416234016418457e+00
-5.583546757698059082e-01
-6.768203377723693848e-01
-1.593690037727355957e+00
-1.842190861701965332e+00
-9.347718358039855957e-01
-1.548202753067016602e+00
-1.025356769561767578e+00
-1.951381087303161621e+00
-1.360919594764709473e+00
-1.624316334724426270e+00
-7.808859460055828094e-03
-2.400921434164047241e-01
-1.730946898460388184e+00
-7.309287786483764648e-01
-5.868754982948303223e-01
-1.190013766288757324e+00
-1.712698936462402344e+00
-1.411641955375671387e+00
-1.694294333457946777e+00
-1.082647085189819336e+00
-2.126656293869018555e+00
-1.954666495323181152e+00
1.900240927934646606e-01
-7.166375517845153809e-01
-4.595457017421722412e-01
-1.293684124946594238e+00
-1.472673416137695312e+00
-1.455039024353027344e+00
-1.090741515159606934e+00
-1.911525130271911621e+00
-1.604338288307189941e+00
-1.147117972373962402e+00
-1.252216815948486328e+00
-1.796838998794555664e+00
-1.576092839241027832e+00
-1.606258511543273926e+00
-2.046415090560913086e+00
-9.855687618255615234e-01
-6.856878101825714111e-02
-1.778604984283447266e+00
-1.466917991638183594e+00
-1.189895629882812500e+00
-1.205707550048828125e+00
-9.976875185966491699e-01
-1.818602085113525391e+00
-1.288935542106628418e+00
-1.024494409561157227e+00
-1.197879195213317871e+00
-2.508182287216186523e+00
-1.598082184791564941e+00
-1.126373291015625000e+00
-2.890494465827941895e-01
-1.889012455940246582e+00
-1.060183048248291016e+00
-1.581572651863098145e+00
-1.490958809852600098e+00
-1.266583561897277832e+00
-1.201530456542968750e+00
-1.111445426940917969e+00
-1.028637170791625977e+00
-6.211616992950439453e-01
-1.808737516403198242e+00
-6.210296154022216797e-01
-2.383188486099243164e+00
-5.763354301452636719e-01
-1.368106961250305176e+00
-8.388059586286544800e-02
2.793411612510681152e-01
1.191756203770637512e-01
-1.761917948722839355e+00
2.493709027767181396e-01
-1.166781067848205566e+00
-1.186355948448181152e+00
-1.682166218757629395e+00
-2.060360193252563477e+00
-6.977915763854980469e-02
-1.331507921218872070e+00
-1.141894459724426270e+00
-1.656964182853698730e+00
-1.956181079149246216e-01
-1.385237216949462891e+00
-2.068845987319946289e+00
-2.907223701477050781e+00
-1.783423662185668945e+00
-2.331708520650863647e-01
-3.718466460704803467e-01
-1.844033122062683105e+00
-8.799965977668762207e-01
-2.105194091796875000e+00
-5.111677050590515137e-01
-1.169996857643127441e+00
-1.434029936790466309e+00
-2.346411466598510742e+00
-1.563278555870056152e+00
-1.526890277862548828e+00
-2.845866203308105469e+00
-1.922081708908081055e+00
-1.343893170356750488e+00
-5.134546756744384766e-01
5.305879190564155579e-02
-1.865638256072998047e+00
-1.138519525527954102e+00
-1.278148174285888672e+00
-1.353803396224975586e+00
-1.769900083541870117e+00
-1.744457721710205078e+00
-1.683110713958740234e+00
-1.824848294258117676e+00
-2.291282415390014648e+00
-1.401630401611328125e+00
-1.576383233070373535e+00
-1.400161862373352051e+00
-3.918126691132783890e-03
-1.483360409736633301e+00
-1.392824053764343262e+00
-1.345208764076232910e+00
-2.559298276901245117e+00
-4.326380491256713867e-01
-2.078112602233886719e+00
-7.525978684425354004e-01
-1.392370462417602539e+00
-6.957843303680419922e-01
-1.963658094406127930e+00
-2.060379505157470703e+00
-9.189912676811218262e-01
-2.115164756774902344e+00
-2.714681148529052734e+00
-2.667876005172729492e+00
-9.458607435226440430e-02
-1.447812199592590332e+00
-7.904100418090820312e-01
-4.327967464923858643e-01
-1.814545392990112305e+00
-1.558008551597595215e+00
-1.484490752220153809e+00
-1.379713296890258789e+00
-1.496711850166320801e+00
-1.367768645286560059e+00
-6.583989858627319336e-01
-2.269403219223022461e+00
-2.600744009017944336e+00
-7.366496324539184570e-01
-1.575963020324707031e+00
-9.874126911163330078e-01
-1.497574329376220703e+00
-2.498617649078369141e+00
-1.623615980148315430e+00
-1.988197207450866699e+00
-1.518492937088012695e+00
-1.936354756355285645e+00
-1.974219322204589844e+00
-2.457190990447998047e+00
-1.338613867759704590e+00
-1.086850404739379883e+00
-7.733542919158935547e-01
-1.483291029930114746e+00
-4.144447445869445801e-01
-4.060906469821929932e-01
-6.743357777595520020e-01
-1.779144525527954102e+00
-8.097181320190429688e-01
-1.885634362697601318e-01
-2.025058746337890625e+00
-1.279794692993164062e+00
-8.891336917877197266e-01
-2.391016721725463867e+00
8.543179929256439209e-02
-5.815149545669555664e-01
-2.837447166442871094e+00
-1.955850005149841309e+00
-1.159143686294555664e+00
-3.071244359016418457e-01
-1.028755545616149902e+00
-1.996737360954284668e+00
2.139410972595214844e-01
-6.922212243080139160e-01
-1.402350425720214844e+00
-6.119079589843750000e-01
-1.702460408210754395e+00
-7.030441164970397949e-01
-5.902144312858581543e-01
-2.629269838333129883e+00
-2.011195898056030273e+00
-8.829516768455505371e-01
-7.367778420448303223e-01
-6.993315219879150391e-01
-7.960182428359985352e-01
-9.521594643592834473e-01
-4.431224167346954346e-01
2.117568552494049072e-01
-2.738708019256591797e+00
-1.339089989662170410e+00
-1.664890527725219727e+00
-1.172927021980285645e+00
5.026684328913688660e-02
-1.250808596611022949e+00
-5.098401904106140137e-01
3.251241054385900497e-03
-7.008838057518005371e-01
-2.855373382568359375e+00
-7.998957037925720215e-01
-4.440090358257293701e-01
-2.544600963592529297e-01
-9.346866011619567871e-01
-1.343899250030517578e+00
-1.377027630805969238e+00
-1.656068921089172363e+00
-1.954240918159484863e+00
-1.744861006736755371e+00
-2.091365337371826172e+00
-1.593568086624145508e+00
-1.833191037178039551e+00
-9.016045331954956055e-01
-2.541137456893920898e+00
-2.000390291213989258e+00
-8.972205519676208496e-01
-1.578849554061889648e+00
1.393173933029174805e-01
-1.089778423309326172e+00
-1.089929223060607910e+00
-2.270848751068115234e+00
-1.713665366172790527e+00
-1.987406492233276367e+00
-2.499760389328002930e+00
-1.158236622810363770e+00
-1.681009173393249512e+00
-2.752749323844909668e-01
-1.426793217658996582e+00
2.145529389381408691e-01
-2.009284496307373047e+00
-1.666256040334701538e-01
-1.907803297042846680e+00
-2.811067819595336914e+00
-5.312644839286804199e-01
-7.793951034545898438e-01
-2.541827678680419922e+00
-1.013175606727600098e+00
-2.036209821701049805e+00
-4.489147961139678955e-01
-2.123270511627197266e+00
-2.020594358444213867e+00
-1.663023829460144043e+00
-5.198022723197937012e-01
-6.864401102066040039e-01
-1.800408124923706055e+00
-4.143244624137878418e-01
-1.310273647308349609e+00
3.698083162307739258e-01
-1.138549089431762695e+00
-9.862682223320007324e-01
-2.055013418197631836e+00
-1.403119683265686035e+00
4.335701465606689453e-03
-4.603299498558044434e-01
-1.386501312255859375e+00
-2.855142593383789062e+00
6.166522577404975891e-02
-3.716393709182739258e-01
-1.806216716766357422e+00
-1.890096306800842285e+00
-5.782824158668518066e-01
-1.300079941749572754e+00
-1.020016908645629883e+00
-6.116848811507225037e-02
-2.187970578670501709e-01
-8.384564518928527832e-01
-1.574350476264953613e+00
-1.356532096862792969e+00
-9.605801701545715332e-01
-6.359183788299560547e-01
-2.254354476928710938e+00
-1.379778504371643066e+00
-9.993900060653686523e-01
-1.058536171913146973e+00
-5.087867975234985352e-01
-2.282230854034423828e-01
-1.513553142547607422e+00
-9.898007512092590332e-01
-1.854365944862365723e+00
-4.346720576286315918e-01
1.584329605102539062e-01
-2.098070621490478516e+00
-1.210364341735839844e+00
-2.129925936460494995e-01
-1.497288942337036133e+00
-1.822008252143859863e+00
-2.136606454849243164e+00
-2.839394569396972656e+00
-1.585874795913696289e+00
-1.358611464500427246e+00
-1.196360588073730469e+00
-1.023416399955749512e+00
-1.940085172653198242e+00
-2.181421756744384766e+00
-9.511563181877136230e-01
-2.039265394210815430e+00
-5.998275876045227051e-01
2.974194586277008057e-01
-2.542752504348754883e+00
-1.283463478088378906e+00
-1.787474036216735840e+00
-2.499570608139038086e+00
-1.181735992431640625e+00
-1.981872439384460449e+00
-2.305424362421035767e-01
-1.467998772859573364e-01
-6.022008061408996582e-01
-1.394756436347961426e+00
-1.912041008472442627e-01
-1.134547233581542969e+00
-2.686866223812103271e-01
-1.531165957450866699e+00
-1.012306928634643555e+00
-8.099249005317687988e-01
-1.512370467185974121e+00
-1.356019973754882812e+00
3.211522102355957031e-01
-1.295601129531860352e+00
-1.448471426963806152e+00
-2.038954496383666992e+00
-6.126890778541564941e-01
-1.830244660377502441e-01
-1.875958085060119629e+00
-2.093406915664672852e+00
-2.354524374008178711e+00
-6.372639536857604980e-02
-3.445225656032562256e-01
-2.117907285690307617e+00
-9.905766844749450684e-01
-5.985532402992248535e-01
-9.343153834342956543e-01
-1.076864600181579590e+00
-1.645966172218322754e+00
-9.919794201850891113e-01
-3.262680172920227051e-01
-9.621489048004150391e-01
-1.126152396202087402e+00
-8.634824752807617188e-01
-9.960739016532897949e-01
-5.507473945617675781e-01
-2.593381881713867188e+00
-8.748884797096252441e-01
-2.884999036788940430e+00
2.526832222938537598e-01
-2.118001222610473633e+00
-1.752232193946838379e+00
-7.270481586456298828e-01
-1.121081948280334473e+00
-2.493124485015869141e+00
-2.583856344223022461e+00
2.608825564384460449e-01
-1.421180605888366699e+00
-1.569654226303100586e+00
-2.129216194152832031e+00
-2.858445644378662109e-01
-1.144096016883850098e+00
-1.954683184623718262e+00
-8.041965365409851074e-01
-1.721217870712280273e+00
-2.930249929428100586e+00
-4.572063386440277100e-01
-7.571143507957458496e-01
-5.238569974899291992e-01
-4.572262167930603027e-01
-1.626429796218872070e+00
-1.662433743476867676e+00
7.457926124334335327e-02
-4.442234933376312256e-01
-2.278034448623657227e+00
-1.438735127449035645e+00
-2.772153377532958984e+00
-1.991319417953491211e+00
-1.132027745246887207e+00
-1.337867617607116699e+00
-7.876482605934143066e-01
-1.091347336769104004e+00
-2.382430553436279297e+00
-1.064492821693420410e+00
-4.437646567821502686e-01
-1.311821341514587402e+00
-2.043706893920898438e+00
-1.421038866043090820e+00
-1.334859132766723633e+00
-1.927772879600524902e+00
-2.301530122756958008e+00
-2.902221679687500000e+00
-1.821080803871154785e+00
-1.157723665237426758e+00
-1.684217572212219238e+00
-1.528912782669067383e+00
-2.234701871871948242e+00
-9.100201725959777832e-01
-2.816172599792480469e+00
-2.184449911117553711e+00
-6.749486327171325684e-01
-1.794321060180664062e+00
-1.489525198936462402e+00
-1.445506215095520020e+00
-1.827238321304321289e+00
-7.903758287429809570e-01
-1.880196690559387207e+00
-2.027773857116699219e+00
-2.245729923248291016e+00
-1.395633935928344727e+00
-3.238773047924041748e-01
-1.704006433486938477e+00
-1.267895698547363281e+00
-8.341920375823974609e-01
-9.318547844886779785e-01
-1.044282913208007812e+00
-1.613691091537475586e+00
-2.362350523471832275e-01
-1.718757748603820801e+00
-1.815820455551147461e+00
-1.768399834632873535e+00
-3.460602462291717529e-01
-5.440391898155212402e-01
-2.591119408607482910e-01
-7.596216797828674316e-01
-1.465968370437622070e+00
-1.563153982162475586e+00
-1.478538513183593750e+00
-2.325261831283569336e+00
-7.909794449806213379e-01
-1.962835073471069336e+00
-1.220860123634338379e+00
-1.684769511222839355e+00
-4.002152681350708008e-01
-5.905988216400146484e-01
-1.446597695350646973e+00
-1.616164684295654297e+00
-1.180793046951293945e+00
-7.216073870658874512e-01
-4.030893146991729736e-01
-5.093652009963989258e-01
-9.355015158653259277e-01
-3.860580027103424072e-01
-4.448125362396240234e-01
-5.955127477645874023e-01
-8.332638144493103027e-01
-9.518950246274471283e-03
-7.660234570503234863e-01
-2.429948747158050537e-01
-1.991382122039794922e+00
-2.883613109588623047e-01
-1.274172544479370117e+00
-9.443506002426147461e-01
-2.419921875000000000e+00
-1.423131942749023438e+00
-1.760350823402404785e+00
-7.575045824050903320e-01
-2.591821670532226562e+00
-2.683629512786865234e+00
-1.319297790527343750e+00
-2.108712673187255859e+00
-5.599193572998046875e-01
3.199436068534851074e-01
-1.222699522972106934e+00
-2.950654029846191406e-01
-9.399808645248413086e-01
-1.076854825019836426e+00
-2.123085498809814453e+00
-2.215212583541870117e+00
-1.377827525138854980e+00
-1.211148023605346680e+00
-1.578808665275573730e+00
-1.149045825004577637e+00
-1.264364719390869141e+00
-5.690141320228576660e-01
-1.787766933441162109e+00
-1.783679008483886719e+00
-1.722726464271545410e+00
-2.166283845901489258e+00
-5.864890217781066895e-01
-9.822239279747009277e-01
-1.528103113174438477e+00
-1.758674860000610352e+00
-1.678880691528320312e+00
-1.355052590370178223e+00
-1.764255404472351074e+00
-1.115843176841735840e+00
-1.257778286933898926e+00
1.167484819889068604e-01
-2.929256260395050049e-01
-1.965494990348815918e+00
-2.846283197402954102e+00
-1.699764847755432129e+00
-1.187755107879638672e+00
-1.656394720077514648e+00
-2.074766397476196289e+00
-2.635116338729858398e+00
-2.042052745819091797e+00
-4.753681421279907227e-01
-2.281770706176757812e-01
-2.849388837814331055e+00
-1.923852443695068359e+00
-2.048480510711669922e+00
-2.416908502578735352e+00
-1.707120299339294434e+00
-3.611206412315368652e-01
-1.198788642883300781e+00
-7.081853151321411133e-01
-2.403738498687744141e+00
-1.837710261344909668e+00
-1.088396906852722168e+00
-4.713464677333831787e-01
-5.745274424552917480e-01
-1.884278416633605957e+00
-1.995047211647033691e+00
-1.175293684005737305e+00
-1.522376775741577148e+00
-1.937310099601745605e+00
-1.230135917663574219e+00
-7.825362086296081543e-01
-2.070704221725463867e+00
-1.379691600799560547e+00
-1.668534636497497559e+00
-9.814284443855285645e-01
-1.590094208717346191e+00
-1.287662386894226074e+00
-1.230307698249816895e+00
-8.490549325942993164e-01
-8.049234151840209961e-01
-8.041396141052246094e-01
-7.546869516372680664e-01
-5.748077630996704102e-01
-1.800124645233154297e+00
-4.607896506786346436e-01
-8.464307785034179688e-01
-1.652308821678161621e+00
-1.436557769775390625e+00
-2.052320241928100586e+00
-1.422714233398437500e+00
-5.385805368423461914e-01
-8.616375923156738281e-01
-2.045393943786621094e+00
-2.392974376678466797e+00
-9.886796474456787109e-01
2.860609889030456543e-01
-1.283927440643310547e+00
-2.264940500259399414e+00
-5.208682417869567871e-01
-1.101225018501281738e+00
-8.140333294868469238e-01
-5.504246950149536133e-01
-8.943207263946533203e-01
-2.976271212100982666e-01
-3.980554938316345215e-01
-1.653337478637695312e+00
-2.897248268127441406e-01
-1.286822557449340820e+00
-1.099130392074584961e+00
-1.528267264366149902e+00
-1.486152172088623047e+00
-7.144925594329833984e-01
-1.835680127143859863e+00
2.591815888881683350e-01
-8.274576663970947266e-01
-2.377895116806030273e-01
-9.332084059715270996e-01
-1.773574590682983398e+00
-1.367287755012512207e+00
-2.530473768711090088e-01
-1.981548309326171875e+00
-1.162739157676696777e+00
-1.687497854232788086e+00
-1.602184653282165527e+00
2.228084057569503784e-01
-2.596606492996215820e+00
-9.338428974151611328e-01
4.277740418910980225e-01
-2.943950414657592773e+00
-5.718905925750732422e-01
-1.111436724662780762e+00
-9.200664758682250977e-01
-1.295416712760925293e+00
-1.359107494354248047e+00
-5.440266132354736328e-01
-1.280209302902221680e+00
-2.048807144165039062e+00
-1.063104033470153809e+00
-1.717847108840942383e+00
2.005626074969768524e-02
-1.088369131088256836e+00
-1.930986046791076660e+00
-1.792169570922851562e+00
-2.757897138595581055e+00
-2.881136238574981689e-01
-2.173946499824523926e-01
-1.111525669693946838e-01
-1.564472556114196777e+00
-1.952357888221740723e+00
3.507287800312042236e-01
-4.408942759037017822e-01
-1.901115179061889648e+00
-2.828533172607421875e+00
-6.712870597839355469e-01
-1.325140953063964844e+00
-1.391303062438964844e+00
-1.595329523086547852e+00
-8.094425797462463379e-01
-1.030824184417724609e+00
-2.308530569076538086e+00
-8.515023589134216309e-01
3.129701912403106689e-01
-6.554963588714599609e-01
-2.419152736663818359e+00
-4.335765242576599121e-01
-4.402296245098114014e-01
-1.214468240737915039e+00
-4.009147286415100098e-01
-2.041998654603958130e-01
-6.940268278121948242e-01
-1.664239168167114258e+00
-4.372346401214599609e-01
-9.052081108093261719e-01
-1.816566109657287598e+00
-7.398490905761718750e-01
-2.023899793624877930e+00
-1.259260416030883789e+00
5.869138985872268677e-02
-6.432881355285644531e-01
-1.167186617851257324e+00
-1.271385669708251953e+00
-1.158872961997985840e+00
-1.351419568061828613e+00
-9.305645823478698730e-01
-5.942747592926025391e-01
-8.990150094032287598e-01
-1.614359855651855469e+00
-8.457617163658142090e-01
-2.701106853783130646e-02
-6.227948069572448730e-01
5.123916864395141602e-01
-3.624440133571624756e-01
-1.774755954742431641e+00
-6.594730615615844727e-01
-1.490926384925842285e+00
-1.022128701210021973e+00
-1.522248387336730957e+00
-2.056642055511474609e+00
-5.996216535568237305e-01
-2.117595195770263672e+00
-7.248165011405944824e-01
-1.680287003517150879e+00
-1.133017778396606445e+00
-2.935320138931274414e+00
-9.910532832145690918e-01
-1.001234769821166992e+00
-3.584306538105010986e-01
-1.167976036667823792e-01
-1.926723599433898926e+00
-1.012752771377563477e+00
-5.655044913291931152e-01
-2.331542372703552246e-01
-1.669164419174194336e+00
-1.729940295219421387e+00
-8.667292594909667969e-01
-7.720536552369594574e-03
-1.977143764495849609e+00
-1.236437559127807617e+00
-1.809050440788269043e+00
-2.150829285383224487e-01
-3.934482336044311523e-01
-1.901069641113281250e+00
-2.089446067810058594e+00
4.977678507566452026e-02
-2.055194854736328125e+00
-5.042505860328674316e-01
-1.441267490386962891e+00
-2.725445985794067383e+00
-2.039273977279663086e+00
-1.886781930923461914e+00
-1.269105195999145508e+00
-1.305067777633666992e+00
-1.626966953277587891e+00
-5.190865695476531982e-02
-2.793698549270629883e+00
-1.924530982971191406e+00
-1.252636909484863281e+00
-1.825674772262573242e+00
-8.162294626235961914e-01
-6.876043677330017090e-01
-7.706368565559387207e-01
-8.008605241775512695e-01
-2.124479532241821289e+00
1.751648932695388794e-01
2.274787873029708862e-01
-4.472544044256210327e-02
-4.906045198440551758e-01
-6.450271010398864746e-01
-4.305736422538757324e-01
-1.569202184677124023e+00
-2.471656322479248047e+00
-1.261374473571777344e+00
-2.952604770660400391e+00
-1.974304795265197754e+00
-4.081439375877380371e-01
-6.718905568122863770e-01
-1.316509723663330078e+00
-4.551346302032470703e-01
-2.639112710952758789e+00
-9.890927672386169434e-01
-3.958671987056732178e-01
-3.510873913764953613e-01
-5.255780220031738281e-01
-1.303972125053405762e+00
-1.089020252227783203e+00
-1.360097765922546387e+00
-1.587687253952026367e+00
-1.726148605346679688e+00
-5.034592151641845703e-01
-1.910776615142822266e+00
7.492955923080444336e-01
-1.217110514640808105e+00
-1.988490074872970581e-01
-4.996635019779205322e-01
-9.222997426986694336e-01
-1.408613204956054688e+00
-2.109842300415039062e+00
-1.415804862976074219e+00
-1.270242691040039062e+00
-8.263210207223892212e-02
-2.269428730010986328e+00
-1.558997273445129395e+00
-1.073202729225158691e+00
-7.974346280097961426e-01
-9.355005621910095215e-01
-1.304056644439697266e+00
-1.443053841590881348e+00
2.401630282402038574e-01
3.560171723365783691e-01
-5.477032661437988281e-01
-1.597188711166381836e+00
-5.894402265548706055e-01
-1.474354982376098633e+00
-1.001706838607788086e+00
-1.942370653152465820e+00
-1.511608958244323730e+00
-2.053660869598388672e+00
-1.282828450202941895e+00
-1.381880402565002441e+00
-1.995424151420593262e+00
-8.817703127861022949e-01
-1.149053812026977539e+00
-1.918537855148315430e+00
-3.928722441196441650e-01
-7.520654797554016113e-01
-1.807184815406799316e+00
-1.449636697769165039e+00
-9.606869816780090332e-01
-1.544309973716735840e+00
-2.715419292449951172e+00
-1.208826422691345215e+00
-5.367745831608772278e-02
-9.664573073387145996e-01
-1.123589634895324707e+00
-1.316345930099487305e-01
-1.981533765792846680e+00
-1.632724404335021973e+00
-1.879725575447082520e+00
-9.789746403694152832e-01
-5.390362739562988281e-01
3.801125288009643555e-01
-4.136791527271270752e-01
-1.989904522895812988e+00
-2.053710669279098511e-01
-6.270282864570617676e-01
5.371330380439758301e-01
-1.500785350799560547e+00
-1.943079590797424316e+00
-5.741796493530273438e-01
-3.670496046543121338e-01
-2.146769046783447266e+00
-1.440341830253601074e+00
-1.860041975975036621e+00
-9.578162431716918945e-01
-6.542702317237854004e-01
-5.386987328529357910e-01
-6.093803048133850098e-01
-1.413123250007629395e+00
-2.795194387435913086e-01
-8.820767402648925781e-01
-1.496690273284912109e+00
-2.702505290508270264e-01
-8.100987672805786133e-01
-1.443052887916564941e+00
-2.113170385360717773e+00
-1.651846885681152344e+00
-1.365440964698791504e+00
-1.161607980728149414e+00
-1.470122218132019043e+00
-4.082168340682983398e-01
-1.670740604400634766e+00
-2.815128862857818604e-01
-1.818459391593933105e+00
-2.005434513092041016e+00
-1.379213452339172363e+00
-1.447601675987243652e+00
-3.660575747489929199e-01
-1.336458325386047363e+00
-1.869172930717468262e+00
-8.721010088920593262e-01
-2.677808403968811035e-01
2.095735371112823486e-01
-3.597760200500488281e-01
-1.863129615783691406e+00
-1.106923937797546387e+00
-1.611072182655334473e+00
-3.682670295238494873e-01
-1.282796740531921387e+00
-1.162858605384826660e+00
-6.383060216903686523e-01
-1.939765572547912598e+00
-2.038967132568359375e+00
-1.223360061645507812e+00
-6.575033068656921387e-01
-1.084283828735351562e+00
-8.067716360092163086e-01
-1.478293895721435547e+00
-2.304980278015136719e+00
4.067960381507873535e-02
-9.432115554809570312e-01
-1.829535007476806641e+00
-1.436058759689331055e+00
-1.900870800018310547e+00
-2.808525085449218750e+00
-2.895534515380859375e+00
2.872862517833709717e-01
-1.797515392303466797e+00
-2.009531497955322266e+00
-1.508317947387695312e+00
-1.576901674270629883e-01
-2.317055702209472656e+00
-1.370370745658874512e+00
-8.623089790344238281e-01
-1.032932639122009277e+00
-1.380158662796020508e+00
-1.379199743270874023e+00
-1.378327727317810059e+00
-7.623277902603149414e-01
-5.429434776306152344e-01
-9.674364924430847168e-01
-1.127776861190795898e+00
-2.006611108779907227e+00
-2.500277042388916016e+00
-7.907430529594421387e-01
3.276990056037902832e-01
-1.294462800025939941e+00
-1.982249259948730469e+00
-2.705844305455684662e-02
-1.067784905433654785e+00
-2.555266857147216797e+00
-1.132235884666442871e+00
-1.437437176704406738e+00
-2.833369255065917969e+00
-1.530589818954467773e+00
-1.285978078842163086e+00
-1.740440487861633301e+00
-5.880836844444274902e-01
-1.765584826469421387e+00
-1.299776315689086914e+00
-7.051455378532409668e-01
-4.584304392337799072e-01
-7.994624972343444824e-01
-2.118763685226440430e+00
-1.967633366584777832e+00
1.268599629402160645e-01
-8.002314567565917969e-01
-2.386189937591552734e+00
-5.885053873062133789e-01
-2.002027750015258789e+00
-1.898472070693969727e+00
-2.534478425979614258e+00
-3.286893665790557861e-01
-1.551482319831848145e+00
-1.543776750564575195e+00
-1.811268806457519531e+00
-1.528298258781433105e+00
-7.132806181907653809e-01
-8.898200988769531250e-01
-1.258735299110412598e+00
-2.059883594512939453e+00
-2.543872594833374023e-02
-1.690392613410949707e+00
-2.040927171707153320e+00
-1.059914827346801758e+00
-7.651441693305969238e-01
-6.817791461944580078e-01
-1.496338963508605957e+00
-1.116060376167297363e+00
-2.377190589904785156e+00
2.322772294282913208e-01
-1.208668112754821777e+00
-4.355967044830322266e-01
-1.753033518791198730e+00
-3.577214777469635010e-01
-2.803747653961181641e-01
-1.008673906326293945e+00
-4.498509764671325684e-01
-2.714993476867675781e+00
-1.768522858619689941e+00
-7.863404154777526855e-01
-1.614717006683349609e+00
-8.543283343315124512e-01
-6.580105423927307129e-01
-1.548856198787689209e-01
-5.026738643646240234e-01
4.765974581241607666e-01
-2.163285911083221436e-01
-7.290961742401123047e-01
-7.792991995811462402e-01
-1.835187435150146484e+00
-2.559395790100097656e+00
-2.086896419525146484e+00
4.572992026805877686e-01
-1.523911356925964355e+00
-2.011872768402099609e+00
-1.106300279498100281e-01
-1.853540778160095215e+00
-1.793441891670227051e+00
-1.807433485984802246e+00
-2.239434719085693359e+00
-7.047969102859497070e-01
-3.593878149986267090e-01
-1.462888956069946289e+00
-1.619475483894348145e+00
-6.588607430458068848e-01
-4.108543097972869873e-01
-1.368442893028259277e+00
-1.157470226287841797e+00
-1.890487194061279297e+00
-1.811785697937011719e+00
1.793276220560073853e-01
-1.686151146888732910e+00
2.999226376414299011e-02
-4.266929626464843750e-01
-8.639355301856994629e-01
-1.798328757286071777e+00
-2.921723604202270508e+00
-1.000355720520019531e+00
-4.812286794185638428e-01
-2.922090768814086914e+00
7.237509489059448242e-01
-1.693842768669128418e+00
-6.218186020851135254e-01
-1.424464941024780273e+00
-7.880742549896240234e-01
-1.211981654167175293e+00
-2.810799360275268555e+00
-2.603619694709777832e-01
-9.538364410400390625e-01
-1.693983554840087891e+00
-8.077834248542785645e-01
-1.120201945304870605e+00
-1.195133566856384277e+00
-1.051252961158752441e+00
-1.383253693580627441e+00
-9.779130816459655762e-01
-2.571771383285522461e+00
-1.693562507629394531e+00
-3.931849002838134766e-01
-1.914788365364074707e+00
-1.467674851417541504e+00
-2.398716211318969727e+00
-1.033708453178405762e+00
-1.214648008346557617e+00
5.010071396827697754e-02
-4.985317289829254150e-01
-7.195195555686950684e-02
-1.665264129638671875e+00
-1.019620180130004883e+00
-2.005621910095214844e+00
-1.874641537666320801e+00
-9.148393273353576660e-01
-1.776981472969055176e+00
-1.512699246406555176e+00
-1.924447178840637207e+00
-1.172158956527709961e+00
3.148216307163238525e-01
-1.394677639007568359e+00
-1.026176333427429199e+00
-2.027109146118164062e+00
-2.904442787170410156e+00
-1.298660874366760254e+00
-1.102056741714477539e+00
-2.223142623901367188e+00
-1.436369419097900391e+00
2.210010737180709839e-01
5.017731785774230957e-01
4.526644349098205566e-01
-2.066900491714477539e+00
-1.994569897651672363e+00
1.747064292430877686e-01
-1.212110161781311035e+00
-9.828245043754577637e-01
-1.857662320137023926e+00
-1.678175806999206543e+00
-7.262859344482421875e-01
-1.382593750953674316e+00
-2.343406677246093750e+00
4.646972194314002991e-02
-2.014711499214172363e-01
-2.197664827108383179e-01
-1.507431268692016602e+00
-2.624191522598266602e+00
-1.615880846977233887e+00
-1.704221487045288086e+00
-1.702677726745605469e+00
-8.217225074768066406e-01
-1.355781435966491699e+00
-1.585170269012451172e+00
-1.406498551368713379e+00
-2.763931512832641602e+00
-2.099156141281127930e+00
-2.705309391021728516e+00
-1.227889776229858398e+00
-2.346081733703613281e+00
-2.706949234008789062e+00
-9.613798558712005615e-02
-1.513960719108581543e+00
-1.771610260009765625e+00
-2.515972852706909180e+00
-2.317932128906250000e+00
-2.002060174942016602e+00
-2.408613204956054688e+00
-1.715555548667907715e+00
-1.578175783157348633e+00
-1.611831307411193848e+00
-1.247035026550292969e+00
-1.441203594207763672e+00
-1.213958859443664551e+00
-7.935414910316467285e-01
-2.247059583663940430e+00
-9.913596510887145996e-01
-1.997526645660400391e+00
-2.615097999572753906e+00
-8.041450977325439453e-01
-1.775874733924865723e+00
1.925433576107025146e-01
-1.374778509140014648e+00
-2.387065172195434570e+00
-1.646508097648620605e+00
-8.236327767372131348e-01
-1.175758481025695801e+00
-2.611079216003417969e+00
-1.337281823158264160e+00
-1.974901556968688965e+00
-7.443486452102661133e-01
-1.598285555839538574e+00
-2.030109405517578125e+00
-1.811967372894287109e+00
-7.795446515083312988e-01
-1.784921169281005859e+00
-4.200535416603088379e-01
-1.918716430664062500e+00
-2.274597644805908203e+00
-1.341024875640869141e+00
-1.203920722007751465e+00
-2.038103580474853516e+00
-2.151043415069580078e+00
-1.794077396392822266e+00
-2.092923402786254883e+00
4.635628163814544678e-01
-2.007253170013427734e+00
-1.266202926635742188e+00
-2.058068513870239258e+00
-1.655664086341857910e+00
-1.420900583267211914e+00
-2.291623353958129883e+00
-1.339507460594177246e+00
-1.317400336265563965e+00
1.198043078184127808e-01
-1.477380633354187012e+00
-2.185939788818359375e+00
-2.088605642318725586e+00
-1.184140443801879883e+00
-2.847328662872314453e+00
-2.615779161453247070e+00
-6.757479906082153320e-01
-1.357090711593627930e+00
-1.329391002655029297e+00
-8.779371380805969238e-01
-1.871368885040283203e+00
-1.885586619377136230e+00
-2.157207489013671875e+00
-2.741772890090942383e+00
-2.689404726028442383e+00
-1.434616446495056152e+00
1.784691512584686279e-01
-1.588589549064636230e+00
-1.080681920051574707e+00
-2.272559165954589844e+00
-1.403910756111145020e+00
-1.307177782058715820e+00
-1.516630887985229492e+00
-2.111107587814331055e+00
-7.494314312934875488e-01
-2.568645238876342773e+00
-2.419444561004638672e+00
-2.036254405975341797e+00
-1.722452759742736816e+00
-2.497065305709838867e+00
2.353753894567489624e-01
-2.330751895904541016e+00
-2.867863178253173828e+00
-1.149467706680297852e+00
-2.621962070465087891e+00
-1.785340189933776855e+00
-2.489366054534912109e+00
-8.277542591094970703e-01
-1.969738125801086426e+00
-1.685506701469421387e+00
-1.354503273963928223e+00
-1.296901941299438477e+00
-1.840344429016113281e+00
-1.610921025276184082e+00
-4.801763594150543213e-01
-2.147305965423583984e+00
-2.404515027999877930e+00
-2.378020286560058594e+00
-2.735393285751342773e+00
-1.916985988616943359e+00
-1.597936987876892090e+00
-2.197162628173828125e+00
-1.234894275665283203e+00
-1.085852622985839844e+00
-2.231566429138183594e+00
-9.789260029792785645e-01
-1.387610554695129395e+00
-1.083460927009582520e+00
-2.091856479644775391e+00
-2.162063837051391602e+00
-2.489222764968872070e+00
-2.941636443138122559e-01
-1.515892028808593750e+00
-1.330162644386291504e+00
7.566937059164047241e-02
-1.838663935661315918e+00
-2.560425758361816406e+00
-2.861925363540649414e+00
-1.366827607154846191e+00
-1.607676267623901367e+00
-2.694871902465820312e+00
-2.035217523574829102e+00
-1.812614351511001587e-01
-2.260343730449676514e-01
-1.917975068092346191e+00
-2.770762205123901367e+00
-1.576364040374755859e+00
-1.997870564460754395e+00
-1.131486892700195312e+00
-9.186093807220458984e-01
-2.383500576019287109e+00
-2.885809183120727539e+00
1.050975471735000610e-01
-1.301043748855590820e+00
-2.221724033355712891e+00
-1.006417036056518555e+00
-1.286160945892333984e+00
-1.179026365280151367e+00
-8.555691242218017578e-01
-2.714246511459350586e+00
-1.635180950164794922e+00
-1.642435073852539062e+00
-1.345290184020996094e+00
-1.581919550895690918e+00
-2.234998703002929688e+00
-7.898889183998107910e-01
-1.695710420608520508e+00
-2.263103723526000977e+00
-1.644310832023620605e+00
-1.661490321159362793e+00
-2.233510017395019531e+00
-1.964218020439147949e+00
-2.753886461257934570e+00
-2.008461713790893555e+00
-1.855345606803894043e+00
-1.624476552009582520e+00
-2.102990627288818359e+00
-3.524698615074157715e-01
-1.937789320945739746e+00
-2.622215509414672852e+00
-1.365570902824401855e+00
-2.291584730148315430e+00
-9.231677651405334473e-01
-2.795933485031127930e+00
-2.333933830261230469e+00
-2.402340412139892578e+00
-2.454633116722106934e-01
-1.302962303161621094e+00
-2.793500423431396484e+00
-2.944416999816894531e+00
-2.757475137710571289e+00
-1.556167125701904297e+00
-2.413524150848388672e+00
-1.637334585189819336e+00
-1.061941862106323242e+00
-1.210418820381164551e+00
-2.770464658737182617e+00
-1.176030993461608887e+00
-1.283034324645996094e+00
1.120412200689315796e-01
-1.817850351333618164e+00
-2.315292119979858398e+00
-4.531386867165565491e-02
-1.691516280174255371e+00
-1.859053015708923340e+00
-2.149500370025634766e+00
-2.164912700653076172e+00
2.775655090808868408e-01
-2.826775789260864258e+00
-8.311257362365722656e-01
-2.443466186523437500e+00
-1.681571006774902344e+00
-3.257071673870086670e-01
-1.911038160324096680e+00
-7.521585226058959961e-01
-2.029433965682983398e+00
-2.409597635269165039e+00
-9.335904121398925781e-01
-1.146359324455261230e+00
-1.075440168380737305e+00
-1.889068484306335449e+00
-7.343518733978271484e-01
2.751776948571205139e-02
-2.263221263885498047e+00
-2.088753223419189453e+00
-1.723957419395446777e+00
-1.839355349540710449e+00
-1.487521827220916748e-01
-1.420139908790588379e+00
-8.115770816802978516e-01
-2.658035278320312500e+00
-1.740440964698791504e+00
-5.295776128768920898e-01
-2.088396549224853516e+00
-1.205266475677490234e+00
-1.622721195220947266e+00
-1.704100251197814941e+00
-1.296634793281555176e+00
-2.114103317260742188e+00
-1.293917179107666016e+00
-2.560350656509399414e+00
3.330182731151580811e-01
-9.053935408592224121e-01
-4.792392849922180176e-01
-1.765483140945434570e+00
-1.528096556663513184e+00
-8.070194125175476074e-01
-1.977360486984252930e+00
-2.917044162750244141e+00
-1.380934596061706543e+00
-1.620143413543701172e+00
-1.822284102439880371e+00
-1.221824526786804199e+00
-1.760246396064758301e+00
-1.070191383361816406e+00
-2.818977355957031250e+00
-1.240219831466674805e+00
4.902571439743041992e-01
-2.916466236114501953e+00
-1.130598068237304688e+00
-2.224341154098510742e+00
-7.036982774734497070e-01
-2.446321964263916016e+00
-1.099790096282958984e+00
-1.796706199645996094e+00
-1.938927888870239258e+00
-1.410407900810241699e+00
-1.103704929351806641e+00
-9.572312831878662109e-01
-2.121408700942993164e+00
-2.832320928573608398e+00
-2.080132246017456055e+00
-5.218374133110046387e-01
-7.013482451438903809e-01
-2.948053479194641113e-01
-1.623189926147460938e+00
-1.851295948028564453e+00
-1.489007353782653809e+00
-1.895277619361877441e+00
-8.297398686408996582e-01
-2.864946603775024414e+00
-1.302566766738891602e+00
-1.323125600814819336e+00
-1.239999413490295410e+00
-1.337162375450134277e+00
-8.908172845840454102e-01
-2.427322149276733398e+00
-2.018484354019165039e+00
-1.929303526878356934e+00
-6.764442920684814453e-01
-8.818904161453247070e-01
-1.481328845024108887e+00
-9.608089327812194824e-01
-2.002228736877441406e+00
-2.549025774002075195e+00
-1.568536639213562012e+00
-2.909235656261444092e-01
-1.142128467559814453e+00
-1.060555100440979004e+00
-2.477200269699096680e+00
-1.222144126892089844e+00
-1.121975898742675781e+00
-1.534401655197143555e+00
-2.688983440399169922e+00
-2.535173892974853516e+00
-1.616564750671386719e+00
-2.582606077194213867e+00
-1.153097391128540039e+00
-1.686845541000366211e+00
-2.278766781091690063e-01
-2.279977083206176758e+00
-2.755406618118286133e+00
-1.702685475349426270e+00
-3.761526644229888916e-01
-1.221866607666015625e+00
-2.069306373596191406e+00
-1.435117602348327637e+00
-1.418145179748535156e+00
-2.448178768157958984e+00
-2.019215106964111328e+00
-1.945355534553527832e+00
-1.404735565185546875e+00
-1.399792790412902832e+00
-1.578611969947814941e+00
-1.544717669486999512e+00
-1.920956611633300781e+00
-2.239913940429687500e+00
-1.513206481933593750e+00
-9.052332639694213867e-01
-8.786700963973999023e-01
-1.137429714202880859e+00
-7.282419204711914062e-01
-1.689352631568908691e+00
-1.667897701263427734e+00
-4.593968093395233154e-01
-1.240718841552734375e+00
-2.035120487213134766e+00
-1.295531392097473145e+00
-1.435568094253540039e+00
-2.556470870971679688e+00
-2.365751028060913086e+00
-2.059921741485595703e+00
-2.183650255203247070e+00
-1.187430500984191895e+00
-2.739455938339233398e+00
-1.016342163085937500e+00
-2.102184534072875977e+00
-2.446921825408935547e+00
-2.278874397277832031e+00
-2.291484594345092773e+00
-1.191809535026550293e+00
-1.856911301612854004e+00
-2.261343717575073242e+00
-7.658311724662780762e-01
-1.742177367210388184e+00
-1.613104104995727539e+00
-6.153404712677001953e-01
-2.538897991180419922e+00
-1.032096028327941895e+00
-1.469360947608947754e+00
-1.689397931098937988e+00
-8.435561656951904297e-01
-1.162683486938476562e+00
-1.627797365188598633e+00
-2.313519716262817383e+00
-1.047321915626525879e+00
-5.695081949234008789e-01
-2.763036489486694336e+00
-1.993915677070617676e+00
-1.408061027526855469e+00
-1.503167152404785156e+00
-6.602722406387329102e-01
-1.212413668632507324e+00
-1.119935750961303711e+00
-2.000801324844360352e+00
-1.829318404197692871e+00
-1.271901965141296387e+00
-4.221538603305816650e-01
-2.816037654876708984e+00
-2.841947078704833984e+00
-2.211238622665405273e+00
-8.045278787612915039e-01
-8.681580424308776855e-01
-6.204848289489746094e-01
-2.000291347503662109e+00
-1.074452638626098633e+00
-1.731113791465759277e+00
-7.717214226722717285e-01
-1.720931410789489746e+00
-1.814946889877319336e+00
-1.115263581275939941e+00
-2.455165624618530273e+00
-1.138253211975097656e+00
-7.667713165283203125e-01
-1.551244258880615234e+00
-1.860049843788146973e+00
-1.855353474617004395e+00
-1.100170016288757324e+00
-2.465343952178955078e+00
-1.607000708580017090e+00
-1.156907796859741211e+00
1.074939873069524765e-02
-1.091345548629760742e+00
-2.388407468795776367e+00
-2.747111320495605469e+00
-8.014659881591796875e-01
-1.282308936119079590e+00
-1.751903414726257324e+00
-1.810721755027770996e+00
-8.311979770660400391e-01
-1.126190662384033203e+00
-3.460128903388977051e-01
-1.899687528610229492e+00
-1.411332249641418457e+00
-1.642556667327880859e+00
-1.666551709175109863e+00
-1.705274224281311035e+00
-1.312246322631835938e+00
-2.331794023513793945e+00
-1.553611278533935547e+00
-1.560799598693847656e+00
-1.573232531547546387e+00
-1.798552513122558594e+00
-1.690659523010253906e+00
-1.275038480758666992e+00
-7.581993341445922852e-01
-2.788582801818847656e+00
-2.233478784561157227e+00
-7.316987514495849609e-01
-1.408293008804321289e+00
-1.317959070205688477e+00
-2.874945163726806641e+00
-1.942449450492858887e+00
-4.632877707481384277e-01
-1.240189075469970703e+00
-1.113705754280090332e+00
-9.545283913612365723e-01
-1.109436273574829102e+00
-2.236339569091796875e+00
-1.149582743644714355e+00
-8.322022557258605957e-01
-2.872586548328399658e-01
-1.492266297340393066e+00
-1.352974414825439453e+00
-1.586727350950241089e-01
-7.617917656898498535e-01
-1.284538745880126953e+00
-4.219538569450378418e-01
-2.751403808593750000e+00
-1.365765094757080078e+00
-2.848823785781860352e+00
-1.353292822837829590e+00
-2.031479120254516602e+00
-6.717402338981628418e-01
-1.216994762420654297e+00
-1.729658603668212891e+00
-2.086636781692504883e+00
-9.955264329910278320e-01
-1.847817182540893555e+00
-2.591757297515869141e+00
-2.878575801849365234e+00
1.095694315154105425e-04
-1.152331590652465820e+00
-2.240494012832641602e+00
-2.811055660247802734e+00
-8.404064774513244629e-01
-1.990921735763549805e+00
-2.048423051834106445e+00
-1.167956516146659851e-01
-1.301764249801635742e+00
-3.203504979610443115e-01
-4.701679646968841553e-01
-1.405182600021362305e+00
-1.840673834085464478e-01
-1.059272527694702148e+00
-1.951427817344665527e+00
-1.269375801086425781e+00
-6.609023213386535645e-01
-1.490018248558044434e+00
-1.828449606895446777e+00
-9.134656190872192383e-01
-4.516102671623229980e-01
-2.289385557174682617e+00
1.255771238356828690e-02
-1.403132200241088867e+00
-7.646830677986145020e-01
-1.470267057418823242e+00
-1.887046694755554199e+00
-1.169546723365783691e+00
-4.694856703281402588e-01
-1.070192694664001465e+00
-2.107290029525756836e+00
-7.032149434089660645e-01
3.594741523265838623e-01
-2.126502990722656250e+00
-1.228360176086425781e+00
-1.554016917943954468e-01
-1.388504505157470703e+00
-8.713999390602111816e-01
-1.239158511161804199e+00
-2.666456997394561768e-01
-1.920935750007629395e+00
-1.754683613777160645e+00
1.418281048536300659e-01
-1.197203755378723145e+00
-2.026918649673461914e+00
-2.856184840202331543e-01
-1.593389987945556641e+00
-1.178326129913330078e+00
-9.778074026107788086e-01
-2.297807931900024414e+00
-1.835934519767761230e+00
2.635433673858642578e-01
-1.386736035346984863e+00
-2.499087095260620117e+00
-1.123752355575561523e+00
5.522244051098823547e-02
-2.209389060735702515e-01
-2.176597356796264648e+00
-7.187656760215759277e-01
-1.952201604843139648e+00
-1.894624233245849609e+00
-1.861027240753173828e+00
-1.145075559616088867e+00
-1.316682100296020508e+00
-2.450319677591323853e-01
-1.108582377433776855e+00
-1.882256388664245605e+00
6.701848004013299942e-03
-1.353264689445495605e+00
-2.304555654525756836e+00
-2.445932865142822266e+00
-3.495546281337738037e-01
-8.068469166755676270e-01
-1.786166787147521973e+00
-1.688641786575317383e+00
-9.800691604614257812e-01
2.795398831367492676e-01
-2.571810483932495117e+00
-1.283331394195556641e+00
-1.266201376914978027e+00
-1.639132857322692871e+00
-2.879284381866455078e+00
-2.670018672943115234e+00
-1.718269109725952148e+00
-1.293723225593566895e+00
-1.797753870487213135e-01
-1.326022028923034668e+00
-3.678748011589050293e-01
-1.171793639659881592e-01
-2.604027509689331055e+00
-1.283265948295593262e+00
-9.817417263984680176e-01
-1.959310650825500488e+00
-9.673271179199218750e-01
-2.099267959594726562e+00
-1.292612075805664062e+00
-1.480802416801452637e+00
-1.395318388938903809e+00
-1.286176562309265137e+00
-5.844690799713134766e-01
2.255194634199142456e-01
-1.166052460670471191e+00
-2.047427892684936523e+00
-1.402007341384887695e-01
-2.458190023899078369e-01
-2.311982631683349609e+00
-1.208946943283081055e+00
-1.800153493881225586e+00
-1.226852178573608398e+00
-2.904999971389770508e+00
-1.080686450004577637e+00
-5.059866309165954590e-01
-2.780789136886596680e-01
-1.653881788253784180e+00
-2.174230337142944336e+00
-1.705084562301635742e+00
6.383659243583679199e-01
-1.255371093750000000e+00
-2.804914951324462891e+00
-5.173007249832153320e-01
-1.559325218200683594e+00
2.646391987800598145e-01
-1.521223425865173340e+00
-4.791274294257164001e-02
-4.270663857460021973e-01
-5.088669061660766602e-01
-2.735327720642089844e+00
-1.238761901855468750e+00
-9.067543745040893555e-01
-2.222795248031616211e+00
-2.010689258575439453e+00
2.629991471767425537e-01
-1.831241250038146973e-01
-2.007416486740112305e+00
-6.448119282722473145e-01
-1.646170020103454590e+00
-1.744915723800659180e+00
-1.918562173843383789e+00
-7.301746010780334473e-01
5.027760863304138184e-01
-2.232886254787445068e-01
-2.546992540359497070e+00
-1.217355251312255859e+00
-5.490428805351257324e-01
-1.049657225608825684e+00
-8.879101276397705078e-01
-2.575613737106323242e+00
-7.775323987007141113e-01
-4.368081092834472656e-01
-1.311523675918579102e+00
-2.504426002502441406e+00
-1.998632550239562988e+00
-7.348276972770690918e-01
-1.448543667793273926e+00
-1.469404458999633789e+00
-2.075626611709594727e+00
-1.812480449676513672e+00
-1.779552340507507324e+00
-1.221151590347290039e+00
-1.626036882400512695e+00
-1.096363067626953125e+00
-4.463159739971160889e-01
-2.252531051635742188e+00
-2.910676002502441406e+00
-2.193757057189941406e+00
-1.767159223556518555e+00
-1.453949809074401855e+00
-2.754324913024902344e+00
-2.209274291992187500e+00
-2.544902801513671875e+00
-2.599688053131103516e+00
-1.485079526901245117e+00
-1.754040360450744629e+00
-1.170388102531433105e+00
5.038562417030334473e-01
-8.684446811676025391e-01
-1.645800590515136719e+00
-1.859834671020507812e+00
-1.288927197456359863e+00
-9.383031129837036133e-01
-5.601186752319335938e-01
-1.346220374107360840e+00
-2.690145015716552734e+00
-1.396776080131530762e+00
-1.735666751861572266e+00
-2.276960611343383789e+00
-2.549460649490356445e+00
-2.289379596710205078e+00
-1.152461290359497070e+00
-1.361762285232543945e+00
-1.767447471618652344e+00
-1.796428322792053223e+00
-1.860189318656921387e+00
-2.868491172790527344e+00
-2.715708494186401367e+00
-1.381715416908264160e+00
-1.496112704277038574e+00
-2.691264629364013672e+00
-2.087496280670166016e+00
-1.647299408912658691e+00
-2.790025949478149414e+00
-2.314189434051513672e+00
-1.975387692451477051e+00
-1.323443412780761719e+00
-8.315153121948242188e-01
-2.942136049270629883e+00
-2.357218503952026367e+00
-2.307007551193237305e+00
-1.376480817794799805e+00
-1.987419843673706055e+00
-2.280480623245239258e+00
-1.803512215614318848e+00
-1.960987448692321777e+00
-2.576363325119018555e+00
-8.694899678230285645e-01
-9.283917546272277832e-01
-2.763631820678710938e+00
-1.100793600082397461e+00
-1.658810496330261230e+00
-2.084474325180053711e+00
-2.369911193847656250e+00
-1.687339544296264648e+00
-1.358115673065185547e+00
-1.394930124282836914e+00
-1.899439454078674316e+00
-1.273793816566467285e+00
-1.942082285881042480e+00
-1.464486598968505859e+00
-1.862089991569519043e+00
-8.809707760810852051e-01
-1.397305369377136230e+00
-2.415252923965454102e+00
-1.526336073875427246e+00
-1.611594200134277344e+00
-1.772015571594238281e+00
-1.153155803680419922e+00
-1.410969257354736328e+00
-5.576876997947692871e-01
-1.192676544189453125e+00
-2.425342559814453125e+00
-2.792090415954589844e+00
-2.582527875900268555e+00
-1.163843512535095215e+00
-1.325610399246215820e+00
-1.205277323722839355e+00
-1.424336910247802734e+00
-1.972930550575256348e+00
-2.839695453643798828e+00
-1.942846059799194336e+00
-2.811139583587646484e+00
-2.749580144882202148e+00
-1.911129593849182129e+00
-2.739287853240966797e+00
-1.508903980255126953e+00
-9.893163442611694336e-01
-2.570668458938598633e+00
-2.449315786361694336e+00
-1.818960070610046387e+00
-1.308272361755371094e+00
-8.248120546340942383e-01
-1.682119250297546387e+00
-2.825460910797119141e+00
-7.785660028457641602e-01
-1.175018906593322754e+00
-5.968710780143737793e-01
-2.351896286010742188e+00
-2.815621614456176758e+00
-2.799428999423980713e-01
-1.142914414405822754e+00
-2.627228736877441406e+00
-1.507595539093017578e+00
-1.167728066444396973e+00
-1.120510458946228027e+00
-1.775158882141113281e+00
-1.708822011947631836e+00
-2.058607339859008789e+00
-2.808801412582397461e+00
-2.567374944686889648e+00
-1.235149741172790527e+00
-1.700925230979919434e+00
-2.396452903747558594e+00
-1.506000280380249023e+00
-2.459996938705444336e+00
-9.087154269218444824e-01
-1.816598415374755859e+00
-2.625015258789062500e+00
-2.210449218750000000e+00
-1.870974063873291016e+00
-2.461470603942871094e+00
-2.501418113708496094e+00
-1.686672329902648926e+00
-1.531609058380126953e+00
-2.013515472412109375e+00
-1.806334018707275391e+00
-2.231343984603881836e+00
-1.452252507209777832e+00
-1.885187745094299316e+00
-2.464347124099731445e+00
-1.858070850372314453e+00
-2.306880474090576172e+00
-8.390820026397705078e-01
-2.135836839675903320e+00
-1.667750358581542969e+00
-1.130788326263427734e+00
-1.172687530517578125e+00
-1.368666887283325195e+00
-2.776227235794067383e+00
-8.915598988533020020e-01
-2.246603012084960938e+00
-1.401234984397888184e+00
-2.789070367813110352e+00
-1.773484468460083008e+00
-2.894770145416259766e+00
-8.774873018264770508e-01
-2.585248231887817383e+00
-1.120091199874877930e+00
-2.337982654571533203e+00
-1.522471070289611816e+00
-1.813842654228210449e+00
-2.163470983505249023e+00
-2.894242286682128906e+00
-1.772186994552612305e+00
-2.355123758316040039e+00
-2.285531997680664062e+00
-1.937439203262329102e+00
-1.782589793205261230e+00
-1.053792715072631836e+00
-2.561988353729248047e+00
-2.361673116683959961e+00
-2.492050170898437500e+00
-8.288282155990600586e-01
-2.617629766464233398e+00
-1.653269648551940918e+00
-2.231881856918334961e+00
-9.626436829566955566e-01
-2.535536050796508789e+00
-2.177381038665771484e+00
-1.338168501853942871e+00
-2.104200363159179688e+00
-1.029094815254211426e+00
-2.895322799682617188e+00
-1.221097588539123535e+00
-2.956542491912841797e+00
-2.353693962097167969e+00
-1.857188940048217773e+00
-2.488787770271301270e-01
-2.055556058883666992e+00
-2.746947288513183594e+00
-1.454949975013732910e+00
-5.626528859138488770e-01
-2.579068183898925781e+00
-1.452381849288940430e+00
-2.668602228164672852e+00
-2.252847671508789062e+00
-1.523093700408935547e+00
-2.924576520919799805e+00
-2.940492153167724609e+00
-1.026020884513854980e+00
-3.965389430522918701e-01
-2.470381259918212891e+00
-1.834021091461181641e+00
-2.035552740097045898e+00
-1.003980755805969238e+00
-1.521223187446594238e+00
-1.676163554191589355e+00
-2.011463165283203125e+00
-1.175008654594421387e+00
-2.678814411163330078e+00
-1.345780134201049805e+00
-2.844656229019165039e+00
-1.578547358512878418e+00
-2.070602416992187500e+00
-2.127143383026123047e+00
-2.737570285797119141e+00
-1.372725248336791992e+00
-2.386449337005615234e+00
-1.884531974792480469e+00
-2.876688003540039062e+00
-2.077441692352294922e+00
-1.848997950553894043e+00
-2.718101978302001953e+00
-9.415076971054077148e-01
-1.075971007347106934e+00
-1.122971773147583008e+00
-1.046538949012756348e+00
-1.642314910888671875e+00
-2.158661842346191406e+00
-1.127338767051696777e+00
-2.572561264038085938e+00
-1.955610036849975586e+00
-1.324639797210693359e+00
-1.469343900680541992e+00
-1.777779698371887207e+00
-9.082222580909729004e-01
-2.329355239868164062e+00
-1.695079088211059570e+00
-2.153987646102905273e+00
-2.327077388763427734e+00
-9.144690036773681641e-01
-1.247487068176269531e+00
-1.395310401916503906e+00
-1.587676048278808594e+00
-2.102111339569091797e+00
-1.092932224273681641e+00
-2.039922714233398438e+00
-1.326660037040710449e+00
-1.343760728836059570e+00
-2.317602396011352539e+00
-1.911007404327392578e+00
-1.661090731620788574e+00
-1.781235456466674805e+00
-2.405563354492187500e+00
-2.612995624542236328e+00
-2.289215326309204102e+00
-2.047230243682861328e+00
-1.049804806709289551e+00
-1.489937543869018555e+00
-2.464807748794555664e+00
-1.686877846717834473e+00
-1.902595043182373047e+00
-2.372042894363403320e+00
-1.393954992294311523e+00
-2.745728731155395508e+00
-1.634892344474792480e+00
-1.872265338897705078e+00
-7.916873693466186523e-01
-1.981808423995971680e+00
-1.323591947555541992e+00
-1.467932701110839844e+00
-7.103924155235290527e-01
-1.837541103363037109e+00
-1.604814291000366211e+00
-2.257783174514770508e+00
-2.099996089935302734e+00
-1.218234300613403320e+00
-1.476969361305236816e+00
-1.891034722328186035e+00
-6.457240581512451172e-01
-1.577335715293884277e+00
-2.648125648498535156e+00
-1.741359949111938477e+00
-1.629668235778808594e+00
-1.057162165641784668e+00
-2.828566789627075195e+00
-9.009632468223571777e-01
-2.456916332244873047e+00
-1.890635251998901367e+00
-1.651661396026611328e+00
-1.563877224922180176e+00
-2.090131998062133789e+00
-2.765397787094116211e+00
-1.192115783691406250e+00
-2.508782148361206055e+00
-2.325403690338134766e+00
-2.888370990753173828e+00
-2.506988525390625000e+00
-2.071402311325073242e+00
-1.580639034509658813e-01
-1.434009432792663574e+00
-1.684114813804626465e+00
-2.015976428985595703e+00
-1.148027777671813965e+00
-1.631667852401733398e+00
-2.189671754837036133e+00
-9.196749329566955566e-01
-1.276170730590820312e+00
-1.079933643341064453e+00
-1.226516723632812500e+00
-1.124665617942810059e+00
-1.601142168045043945e+00
-2.644514083862304688e+00
-7.907772660255432129e-01
-1.406083345413208008e+00
-1.705861091613769531e+00
-1.769121766090393066e+00
-2.819197416305541992e+00
-2.068326950073242188e+00
-1.079824090003967285e+00
-2.626515626907348633e+00
-1.821605801582336426e+00
-2.265913963317871094e+00
-8.622932434082031250e-01
-1.997555375099182129e+00
-1.101196646690368652e+00
-1.575726389884948730e+00
-2.021366357803344727e+00
-2.986492872238159180e+00
-1.303872704505920410e+00
-1.457754731178283691e+00
2.768219709396362305e-01
-1.126301169395446777e+00
-9.135305881500244141e-01
-2.870795726776123047e+00
-2.189868211746215820e+00
-2.605468034744262695e+00
-1.613152861595153809e+00
-2.868857383728027344e+00
-1.737652182579040527e+00
-1.156049013137817383e+00
-1.147232294082641602e+00
-1.337806701660156250e+00
-1.732882261276245117e+00
-1.024508595466613770e+00
-2.787487983703613281e+00
-2.643622159957885742e+00
-1.102181315422058105e+00
-1.854536771774291992e+00
-9.689891338348388672e-01
-1.182060241699218750e+00
-1.676365017890930176e+00
-2.810564279556274414e+00
-2.537184476852416992e+00
-2.473428487777709961e+00
-1.494564533233642578e+00
-1.522111058235168457e+00
-2.765683174133300781e+00
-2.814604282379150391e+00
8.909664303064346313e-02
-1.065336585044860840e+00
-1.202873110771179199e+00
-2.010793209075927734e+00
-1.440244913101196289e+00
-5.237257480621337891e-01
-2.290946722030639648e+00
-1.136985182762145996e+00
-1.857931137084960938e+00
-1.086701869964599609e+00
-1.739259481430053711e+00
-2.383189916610717773e+00
-1.109735965728759766e+00
-1.809543073177337646e-01
-1.878955125808715820e+00
-2.849887371063232422e+00
-1.955889821052551270e+00
-1.891471147537231445e+00
-4.943352937698364258e-01
-2.525856494903564453e+00
-2.338046789169311523e+00
-1.177263855934143066e+00
-2.856379270553588867e+00
-2.353049755096435547e+00
-1.841878890991210938e+00
-1.813212394714355469e+00
-2.305768966674804688e+00
-1.558359026908874512e+00
-1.501120924949645996e+00
-1.584294438362121582e+00
-2.626348972320556641e+00
-1.080900073051452637e+00
-2.803457021713256836e+00
-1.698738813400268555e+00
-2.731152534484863281e+00
-1.942208409309387207e+00
-3.645077049732208252e-01
-1.583431959152221680e+00
-2.893172979354858398e+00
-1.374054193496704102e+00
-2.482850074768066406e+00
-1.509110450744628906e+00
-7.752208709716796875e-01
-1.634831786155700684e+00
-1.996669173240661621e+00
-1.253409862518310547e+00
-1.773001670837402344e+00
-2.190494298934936523e+00
-1.767671823501586914e+00
-1.560187101364135742e+00
-2.061936616897583008e+00
-1.546070694923400879e+00
-5.393281579017639160e-01
-2.401927947998046875e+00
-1.529834985733032227e+00
-1.981772541999816895e+00
-2.600036382675170898e+00
-1.611889958381652832e+00
-1.416107296943664551e+00
-4.923854172229766846e-01
-7.034727334976196289e-01
-1.147123098373413086e+00
-2.400235176086425781e+00
-1.623466730117797852e+00
-2.159132957458496094e+00
-3.654738664627075195e-01
-1.099257230758666992e+00
-1.661049008369445801e+00
-3.120209872722625732e-01
-1.693663477897644043e+00
-2.288664102554321289e+00
-3.169564902782440186e-01
-1.550507426261901855e+00
-3.071075975894927979e-01
-2.841320037841796875e+00
-1.789748191833496094e+00
-2.865149736404418945e+00
-1.510376095771789551e+00
-2.473749637603759766e+00
-1.619941949844360352e+00
-2.764000415802001953e+00
-2.246126413345336914e+00
-2.942603588104248047e+00
-1.428208708763122559e+00
-1.689007282257080078e+00
-2.632411241531372070e+00
-1.969380736351013184e+00
-2.268455028533935547e+00
-1.489372611045837402e+00
-2.736329436302185059e-01
-3.801293969154357910e-01
-2.306314945220947266e+00
-2.237081050872802734e+00
-2.936313390731811523e+00
-1.135029435157775879e+00
-2.193564653396606445e+00
-2.366929292678833008e+00
-1.936618804931640625e+00
-2.400949716567993164e+00
-2.587632656097412109e+00
-2.177042961120605469e+00
-1.195534944534301758e+00
-1.268706440925598145e+00
-1.548815250396728516e+00
-1.987990379333496094e+00
-2.323141336441040039e+00
-1.018909215927124023e+00
-2.400705575942993164e+00
-2.385805845260620117e+00
-1.364571452140808105e+00
-1.363342642784118652e+00
-1.092002987861633301e+00
-1.883134841918945312e+00
-2.402640819549560547e+00
-2.442436456680297852e+00
-2.535643815994262695e+00
-1.226382970809936523e+00
-1.113660573959350586e+00
-2.348360300064086914e+00
-2.567334890365600586e+00
-2.187419414520263672e+00
-1.772831678390502930e+00
-6.605961918830871582e-01
-1.211566403508186340e-01
-2.936210155487060547e+00
-1.020590424537658691e+00
-1.602471113204956055e+00
-2.262441873550415039e+00
-1.076922059059143066e+00
-2.585892200469970703e+00
-1.227346301078796387e+00
-1.371021151542663574e+00
-2.850738048553466797e+00
-4.805241227149963379e-01
-2.182253837585449219e+00
-2.173978567123413086e+00
-1.651107430458068848e+00
-8.912197947502136230e-01
-2.362940311431884766e-01
-5.645146369934082031e-01
-1.488178968429565430e+00
-2.265066385269165039e+00
-1.703240752220153809e+00
-2.001089096069335938e+00
-1.543925642967224121e+00
-2.372704744338989258e+00
-1.711769223213195801e+00
-1.366481781005859375e+00
-8.739305138587951660e-01
-2.525457620620727539e+00
-2.541119337081909180e+00
-2.804890155792236328e+00
-2.114580631256103516e+00
-1.232058048248291016e+00
-2.179236173629760742e+00
-1.719463944435119629e+00
-1.751726627349853516e+00
-1.866974830627441406e+00
-2.731607913970947266e+00
-2.359812736511230469e+00
-2.377914428710937500e+00
-2.143842697143554688e+00
-1.567635893821716309e+00
-2.395105361938476562e+00
-1.530242204666137695e+00
-2.064706325531005859e+00
-1.126389622688293457e+00
-2.562344551086425781e+00
-4.908869266510009766e-01
-1.695653557777404785e+00
-1.207412123680114746e+00
-2.957673788070678711e+00
-2.459798812866210938e+00
4.770724475383758545e-02
-2.309756755828857422e+00
-1.088513612747192383e+00
-2.372390031814575195e+00
-2.532084703445434570e+00
-1.769138216972351074e+00
-1.061483621597290039e+00
-1.451344370841979980e+00
-1.953409314155578613e+00
-1.134834408760070801e+00
-2.909935235977172852e+00
-2.087876319885253906e+00
-1.748655200004577637e+00
-3.412842750549316406e-01
-1.075400114059448242e+00
-2.865627050399780273e+00
-2.804634094238281250e+00
-2.188197851181030273e+00
-2.658348560333251953e+00
-6.475034952163696289e-01
-2.559797286987304688e+00
-4.742778837680816650e-01
-2.950994253158569336e+00
-1.551615953445434570e+00
-1.840486049652099609e+00
-1.105877518653869629e+00
-2.729189872741699219e+00
-2.767110586166381836e+00
-1.645548701286315918e+00
-2.208622217178344727e+00
-1.149574398994445801e+00
-2.199688911437988281e+00
-2.543273925781250000e+00
-1.936913132667541504e+00
-2.547614097595214844e+00
-2.363477945327758789e+00
-1.729609608650207520e+00
-2.760296821594238281e+00
-1.825307965278625488e+00
-1.492966532707214355e+00
-2.270811796188354492e+00
-1.977384328842163086e+00
-2.626067399978637695e+00
-1.872945547103881836e+00
-1.434657573699951172e+00
-1.459711432456970215e+00
-2.009977340698242188e+00
-1.714828252792358398e+00
-1.285503149032592773e+00
-1.216656923294067383e+00
-1.460613727569580078e+00
-2.853475332260131836e+00
-1.589637875556945801e+00
-6.668017506599426270e-01
-6.879581809043884277e-01
-2.217085838317871094e+00
-1.408451676368713379e+00
-2.375580549240112305e+00
-2.088016986846923828e+00
-1.774849057197570801e+00
-1.891870498657226562e+00
-2.862993478775024414e+00
1.779616922140121460e-01
-2.230206966400146484e+00
-1.231566965579986572e-01
-2.598903656005859375e+00
-2.768587112426757812e+00
-2.423805236816406250e+00
-7.912856936454772949e-01
-7.744898200035095215e-01
-1.479962587356567383e+00
-1.886509776115417480e+00
-2.992954492568969727e+00
-1.672890901565551758e+00
-7.727819085121154785e-01
-1.302191615104675293e+00
-2.078492879867553711e+00
-1.905726909637451172e+00
-2.902186632156372070e+00
-2.940474987030029297e+00
7.751679420471191406e-02
-1.724109888076782227e+00
-2.342439889907836914e+00
-1.150017380714416504e+00
-2.900645256042480469e+00
-1.720444083213806152e+00
-2.214742422103881836e+00
-1.378026604652404785e+00
-1.783946514129638672e+00
-2.086297988891601562e+00
-2.188824415206909180e+00
-1.797364711761474609e+00
-2.155744791030883789e+00
-1.870929598808288574e+00
-1.211328506469726562e+00
-2.618583202362060547e+00
-2.154510498046875000e+00
-1.718882918357849121e+00
-2.224149942398071289e+00
-2.128690242767333984e+00
-2.611656665802001953e+00
-2.248842716217041016e+00
-2.494892597198486328e+00
-2.147654771804809570e+00
-2.619450569152832031e+00
-5.103010535240173340e-01
-1.571578621864318848e+00
-2.400145769119262695e+00
-2.459969997406005859e+00
-5.466790199279785156e-01
-4.687989354133605957e-01
-2.203373908996582031e+00
-2.173553228378295898e+00
-1.437251448631286621e+00
-1.101446151733398438e+00
-2.714033842086791992e+00
-2.326555490493774414e+00
-1.284186840057373047e+00
-2.490994215011596680e+00
-2.364694833755493164e+00
-1.231812238693237305e+00
-2.753797769546508789e+00
-1.737510412931442261e-01
-1.123121380805969238e+00
-2.346126317977905273e+00
-1.978129029273986816e+00
-1.367504596710205078e+00
-1.695314168930053711e+00
-1.273909449577331543e+00
-1.809883713722229004e+00
-2.365427494049072266e+00
-2.717985391616821289e+00
-1.054965496063232422e+00
-1.133760690689086914e+00
-1.218812346458435059e+00
-2.926284313201904297e+00
-1.597437024116516113e+00
-1.623442530632019043e+00
-2.755913257598876953e+00
-1.331726074218750000e+00
-1.321619510650634766e+00
-1.028763651847839355e+00
-2.233648300170898438e+00
-1.947488903999328613e+00
-2.370666027069091797e+00
1.055232062935829163e-01
-2.661068201065063477e+00
-2.600695371627807617e+00
-1.608180165290832520e+00
-2.122262477874755859e+00
-2.244491577148437500e+00
-1.579604744911193848e+00
-1.504820227622985840e+00
-2.089655637741088867e+00
-1.346066236495971680e+00
-9.854593873023986816e-01
-2.122558832168579102e+00
-7.384200096130371094e-01
-2.830783605575561523e+00
-2.701641082763671875e+00
-1.739699840545654297e+00
-1.244784355163574219e+00
-1.751677751541137695e+00
-2.458558082580566406e+00
-2.074040651321411133e+00
-2.598023653030395508e+00
-2.431527614593505859e+00
-4.794220328330993652e-01
-1.563422918319702148e+00
-1.376620173454284668e+00
-8.894158005714416504e-01
-2.044140815734863281e+00
-1.098377823829650879e+00
-1.474365115165710449e+00
-2.633962631225585938e+00
-2.060415744781494141e+00
-2.455809116363525391e+00
-2.541137933731079102e-01
-2.016144275665283203e+00
-1.616136074066162109e+00
-1.324114680290222168e+00
-1.135952234268188477e+00
-2.189919471740722656e+00
-1.955741286277770996e+00
-1.848274469375610352e+00
-1.222669482231140137e-01
-2.502401113510131836e+00
-5.774167180061340332e-01
-2.728673458099365234e+00
-1.282352328300476074e+00
-1.605502963066101074e+00
-1.775456666946411133e+00
-1.259479522705078125e+00
-1.587217092514038086e+00
-2.574927330017089844e+00
-1.581900715827941895e+00
-2.781839132308959961e+00
-1.810760378837585449e+00
-1.256075859069824219e+00
-8.465592861175537109e-01
-1.299625396728515625e+00
-9.639309644699096680e-01
-2.686866283416748047e+00
-1.625095486640930176e+00
-7.471044063568115234e-01
-2.270738363265991211e+00
-1.772700667381286621e+00
-2.165250301361083984e+00
-2.581399440765380859e+00
-7.724109292030334473e-02
-7.509840726852416992e-01
-1.200806975364685059e+00
-1.285791754722595215e+00
-2.620993614196777344e+00
1.573632657527923584e-01
-2.636480808258056641e+00
-2.808519601821899414e+00
-2.238297700881958008e+00
-2.253289937973022461e+00
-1.800799727439880371e+00
-2.783912181854248047e+00
-2.322840690612792969e+00
-2.502294540405273438e+00
-5.055377483367919922e-01
-2.418281793594360352e+00
-1.758208751678466797e+00
-2.475964307785034180e+00
-3.665486574172973633e-01
-2.578685045242309570e+00
-1.477301239967346191e+00
-1.042360544204711914e+00
-2.768404722213745117e+00
-1.225643038749694824e+00
-8.416643142700195312e-01
-2.748186349868774414e+00
-6.556593179702758789e-01
-1.018969893455505371e+00
7.450658828020095825e-02
-7.596040964126586914e-01
-2.899534940719604492e+00
-2.203631162643432617e+00
-2.271829366683959961e+00
-8.207904696464538574e-01
-4.222534000873565674e-01
-1.422746419906616211e+00
-1.236391305923461914e+00
-1.645342469215393066e+00
-9.293934702873229980e-01
-2.029525995254516602e+00
-1.796906948089599609e+00
-1.112551689147949219e+00
-1.090693473815917969e+00
-2.778336524963378906e+00
-2.000626802444458008e+00
-7.380757331848144531e-01
-2.080359220504760742e+00
-2.793375730514526367e+00
-2.674672126770019531e+00
-8.103860169649124146e-02
-2.477309942245483398e+00
-2.756845474243164062e+00
-1.075685977935791016e+00
-2.058852195739746094e+00
-1.311147332191467285e+00
-3.514958918094635010e-01
-2.213933944702148438e+00
-2.354304075241088867e+00
-2.041141033172607422e+00
-1.830692529678344727e+00
-1.987721920013427734e+00
-2.307163476943969727e+00
-2.313892602920532227e+00
-2.312005043029785156e+00
-1.321950554847717285e+00
-9.973271489143371582e-01
-7.080009579658508301e-01
-2.563904762268066406e+00
-1.102739930152893066e+00
-2.782938480377197266e+00
-2.117092847824096680e+00
-1.553749680519104004e+00
-1.148212909698486328e+00
-2.416338205337524414e+00
-2.370579719543457031e+00
-2.660498619079589844e+00
-1.128488063812255859e+00
-1.608298540115356445e+00
-2.795685052871704102e+00
-1.287450194358825684e+00
-9.127607345581054688e-01
-1.298465281724929810e-01
-1.288143277168273926e+00
-2.826011657714843750e+00
-2.079317569732666016e+00
-1.342792391777038574e+00
-1.939091205596923828e+00
-2.314682006835937500e+00
-2.061633110046386719e+00
-1.549003839492797852e+00
-1.181226730346679688e+00
-2.308670282363891602e+00
-1.770694375038146973e+00
-5.422630310058593750e-01
-2.229004621505737305e+00
-2.309247732162475586e+00
-1.683961391448974609e+00
-1.546878933906555176e+00
-1.472269654273986816e+00
-1.584338307380676270e+00
-2.340326547622680664e+00
-8.637354969978332520e-01
-2.199378013610839844e+00
-1.649271965026855469e+00
-2.085946798324584961e+00
-2.631520748138427734e+00
-2.409759998321533203e+00
-1.298148632049560547e+00
-2.911549329757690430e+00
2.119196504354476929e-01
-1.804024696350097656e+00
-1.920197725296020508e+00
-8.440035581588745117e-01
-1.580464243888854980e+00
-2.318103551864624023e+00
-2.653899192810058594e+00
-2.780848264694213867e+00
-1.256649732589721680e+00
-1.541475802659988403e-01
-1.205312967300415039e+00
-1.438080668449401855e+00
-2.136615753173828125e+00
-8.393548727035522461e-01
-1.601912021636962891e+00
-1.605818152427673340e+00
-1.843037843704223633e+00
-9.456303715705871582e-01
-2.930252075195312500e+00
-1.434937477111816406e+00
-1.017835736274719238e+00
-2.581289768218994141e+00
-1.475411891937255859e+00
-9.532872438430786133e-01
-1.977588653564453125e+00
-7.489472627639770508e-01
-3.844382464885711670e-01
-2.791352748870849609e+00
-2.567635774612426758e+00
-1.593465209007263184e+00
-2.267091989517211914e+00
-4.724251031875610352e-01
-1.133651971817016602e+00
-2.239042043685913086e+00
-1.044876575469970703e+00
-1.989688396453857422e+00
-2.834444761276245117e+00
-2.131378650665283203e+00
-2.489455938339233398e+00
-2.273657083511352539e+00
-1.455769062042236328e+00
-2.705123424530029297e+00
-7.682089209556579590e-01
-1.103403925895690918e+00
-1.204661250114440918e+00
-1.496147751808166504e+00
-1.664911746978759766e+00
-1.166832685470581055e+00
-2.620577096939086914e+00
-1.197426438331604004e+00
-1.152207374572753906e+00
-2.725655317306518555e+00
-1.835834622383117676e+00
-2.574640512466430664e+00
-1.137423396110534668e+00
-1.374609351158142090e+00
-7.735675573348999023e-01
-2.765287399291992188e+00
-1.981501936912536621e+00
-1.959972977638244629e-01
-4.132868647575378418e-01
-1.180230498313903809e+00
-2.349372863769531250e+00
-2.318028211593627930e+00
-4.283459186553955078e-01
-2.635282039642333984e+00
-1.683955430984497070e+00
-2.162073373794555664e+00
-2.473339080810546875e+00
-3.159371018409729004e-01
-2.603239297866821289e+00
-1.598396539688110352e+00
-4.193898141384124756e-01
-8.407683968544006348e-01
-2.707521677017211914e+00
3.864778876304626465e-01
-9.042430520057678223e-01
-2.303714036941528320e+00
-1.069365143775939941e+00
-1.132704377174377441e+00
-1.261232972145080566e+00
-9.205693602561950684e-01
6.551215797662734985e-02
-1.356348872184753418e+00
-1.910019874572753906e+00
-1.437913060188293457e+00
-1.655541181564331055e+00
-8.867319226264953613e-01
-1.720739006996154785e+00
-1.234955992549657822e-02
-1.394501566886901855e+00
