-1.020793914794921875e+00
-1.177455425262451172e+00
-1.913644790649414062e+00
-3.346963882446289062e+00
-1.459149837493896484e+00
-1.964636683464050293e+00
-1.879030466079711914e+00
-2.666407823562622070e+00
-2.783663988113403320e+00
-2.679089069366455078e+00
-2.597711563110351562e+00
-2.764816522598266602e+00
-2.703514575958251953e+00
-3.081664085388183594e+00
-2.274942159652709961e+00
-2.888452053070068359e+00
-2.814903736114501953e+00
-2.951358079910278320e+00
-1.772267341613769531e+00
-3.084588289260864258e+00
-2.653656244277954102e+00
-3.296925544738769531e+00
-2.987213373184204102e+00
-3.376076936721801758e+00
-2.593404769897460938e+00
-2.843280553817749023e+00
-3.045818567276000977e+00
-3.105978488922119141e+00
-1.901353597640991211e+00
-2.467905521392822266e+00
-1.752274990081787109e+00
-2.761499404907226562e+00
-2.433124542236328125e+00
-3.520586967468261719e+00
-1.607239246368408203e+00
-2.683552503585815430e+00
-3.691911220550537109e+00
-2.390490293502807617e+00
-1.749608159065246582e+00
-3.606665372848510742e+00
-2.180498123168945312e+00
-3.076745748519897461e+00
-2.059828281402587891e+00
-2.969218015670776367e+00
-2.770854234695434570e+00
-3.352849960327148438e+00
-1.736080050468444824e+00
-2.495473861694335938e+00
-2.640844106674194336e+00
-2.821979284286499023e+00
-1.180084347724914551e+00
-2.465569734573364258e+00
-3.045267343521118164e+00
-4.099526882171630859e+00
-2.336228609085083008e+00
-3.400784730911254883e+00
-3.384611129760742188e+00
-2.738979339599609375e+00
-2.021766424179077148e+00
-3.157024383544921875e+00
-1.633180737495422363e+00
-2.706806898117065430e+00
-1.872012615203857422e+00
-2.685641765594482422e+00
-3.548045158386230469e+00
-2.856840133666992188e+00
-1.586930155754089355e+00
-2.231614589691162109e+00
-3.136363029479980469e+00
-3.721617937088012695e+00
-3.200757741928100586e+00
-3.267478942871093750e+00
-3.426899433135986328e+00
-3.557637214660644531e+00
-2.703026533126831055e+00
-2.587483644485473633e+00
-3.761260271072387695e+00
-2.772371768951416016e+00
-2.934170961380004883e+00
-2.716152667999267578e+00
-3.504516839981079102e+00
-3.003777742385864258e+00
-1.934539556503295898e+00
-3.098520040512084961e+00
-1.806045889854431152e+00
-1.544592261314392090e+00
-2.532870292663574219e+00
-2.846779108047485352e+00
-3.472262859344482422e+00
-3.045810699462890625e+00
-2.977270603179931641e+00
-3.171634197235107422e+00
-2.676621198654174805e+00
-2.980730295181274414e+00
-2.165155887603759766e+00
-3.731958389282226562e+00
-3.727871179580688477e+00
-1.981361508369445801e+00
-1.939739346504211426e+00
-2.748541355133056641e+00
-2.939843177795410156e+00
-3.281143665313720703e+00
-2.154716968536376953e+00
-3.702771902084350586e+00
-3.192141771316528320e+00
-2.148221731185913086e+00
-2.454213619232177734e+00
-3.047472715377807617e+00
-2.586549282073974609e+00
-3.067227125167846680e+00
-2.260262012481689453e+00
-1.654027223587036133e+00
-4.126240730285644531e+00
-3.497578144073486328e+00
-2.825287580490112305e+00
-3.324851989746093750e+00
-1.940034389495849609e+00
-3.267216920852661133e+00
-2.222008705139160156e+00
-2.733785629272460938e+00
-3.118241548538208008e+00
-3.873548030853271484e+00
-3.340459585189819336e+00
-2.042968750000000000e+00
-2.557111978530883789e+00
-3.182947158813476562e+00
-1.437531232833862305e+00
-2.785444498062133789e+00
-3.879374027252197266e+00
-2.065943241119384766e+00
-2.614076852798461914e+00
-2.165027141571044922e+00
-2.719952583312988281e+00
-2.608140707015991211e+00
-2.306816101074218750e+00
-3.238101005554199219e+00
-3.200234413146972656e+00
-3.866724729537963867e+00
-1.554269552230834961e+00
-3.118106126785278320e+00
-2.860295772552490234e+00
-3.183639287948608398e+00
-1.680125951766967773e+00
-2.462952375411987305e+00
-3.171274662017822266e+00
-4.071925640106201172e+00
-2.434172630310058594e+00
-2.694085121154785156e+00
-4.144247055053710938e+00
-3.197978019714355469e+00
-2.270131111145019531e+00
-2.967529296875000000e+00
-4.008922100067138672e+00
-4.118324279785156250e+00
-1.281587839126586914e+00
-1.710715532302856445e+00
-3.383628129959106445e+00
-3.291168928146362305e+00
-2.115735769271850586e+00
-2.834861278533935547e+00
-2.454879522323608398e+00
-3.693465232849121094e+00
-2.822606325149536133e+00
-1.882842183113098145e+00
-1.695968389511108398e+00
-2.762051820755004883e+00
-3.665463685989379883e+00
-2.186006784439086914e+00
-1.854750394821166992e+00
-3.119847297668457031e+00
-3.449346542358398438e+00
-2.888470172882080078e+00
-2.875512599945068359e+00
-2.468940973281860352e+00
-3.361593723297119141e+00
-3.147181034088134766e+00
-2.885458707809448242e+00
-3.410352945327758789e+00
-3.215493202209472656e+00
-2.504753828048706055e+00
-3.638809442520141602e+00
-2.342170715332031250e+00
-3.467691421508789062e+00
-2.487736463546752930e+00
-3.004370689392089844e+00
-2.738373994827270508e+00
-2.632041215896606445e+00
-3.693474531173706055e+00
-2.425914049148559570e+00
-2.805057525634765625e+00
-3.239245176315307617e+00
-3.699250459671020508e+00
-2.343961715698242188e+00
-3.291191577911376953e+00
-2.985798835754394531e+00
-3.304296016693115234e+00
-3.028803348541259766e+00
-3.653095006942749023e+00
-4.111762523651123047e+00
-3.429628133773803711e+00
-4.012124538421630859e+00
-3.531229734420776367e+00
-2.760985612869262695e+00
-3.582496881484985352e+00
-2.138937950134277344e+00
-2.531404495239257812e+00
-2.917861700057983398e+00
-3.008732557296752930e+00
-2.424381971359252930e+00
-1.653448343276977539e+00
-2.564125537872314453e+00
-3.644510269165039062e+00
-3.982540845870971680e+00
-3.440214872360229492e+00
-2.720494747161865234e+00
-3.281654596328735352e+00
-3.544413566589355469e+00
-2.831886768341064453e+00
-2.402668952941894531e+00
-2.894681930541992188e+00
-3.510716676712036133e+00
-3.226839303970336914e+00
-2.581892251968383789e+00
-3.804883241653442383e+00
-3.361656427383422852e+00
-2.582626819610595703e+00
-3.614368915557861328e+00
-2.940222024917602539e+00
-4.159418106079101562e+00
-2.278463363647460938e+00
-2.317091703414916992e+00
-2.315476655960083008e+00
-3.634769201278686523e+00
-2.218760490417480469e+00
-2.706907510757446289e+00
-2.352399826049804688e+00
-2.949900865554809570e+00
-2.574146986007690430e+00
-2.975852012634277344e+00
-2.560279607772827148e+00
-3.068832397460937500e+00
-2.071658611297607422e+00
-2.990485668182373047e+00
-3.321274757385253906e+00
-3.192729234695434570e+00
-3.597901105880737305e+00
-3.536415338516235352e+00
-3.472657442092895508e+00
-3.121679782867431641e+00
-2.850766897201538086e+00
-1.872516989707946777e+00
-2.554889202117919922e+00
-2.506005764007568359e+00
-2.322334766387939453e+00
-2.733881950378417969e+00
-3.342601299285888672e+00
-3.811240673065185547e+00
-3.454698562622070312e+00
-3.860046148300170898e+00
-1.134319663047790527e+00
-3.306907415390014648e+00
-3.203847169876098633e+00
-2.520267724990844727e+00
-3.278512716293334961e+00
-3.251317739486694336e+00
-2.745882511138916016e+00
-3.992888689041137695e+00
-3.661169290542602539e+00
-2.260784387588500977e+00
-3.225484848022460938e+00
-3.090198755264282227e+00
-3.712280750274658203e+00
-2.820755481719970703e+00
-3.991479873657226562e+00
-3.504906415939331055e+00
-3.278971672058105469e+00
-2.846319198608398438e+00
-3.434041261672973633e+00
-4.425713062286376953e+00
-2.862863779067993164e+00
-2.797966003417968750e+00
-2.306159257888793945e+00
-3.755920171737670898e+00
-3.965045690536499023e+00
-3.438584327697753906e+00
-3.009120464324951172e+00
-4.109178543090820312e+00
-3.204944133758544922e+00
-3.237988710403442383e+00
-3.349996566772460938e+00
-3.765575885772705078e+00
-2.931267976760864258e+00
-2.459602832794189453e+00
-2.136328458786010742e+00
-2.976349592208862305e+00
-3.789798736572265625e+00
-3.565124273300170898e+00
-2.833466053009033203e+00
-2.922470808029174805e+00
-3.192254304885864258e+00
-2.896701812744140625e+00
-3.005297183990478516e+00
-3.130169391632080078e+00
-2.841344594955444336e+00
-2.319869518280029297e+00
-3.582915544509887695e+00
-2.658501863479614258e+00
-1.958099603652954102e+00
-2.758977413177490234e+00
-2.314025640487670898e+00
-3.005614042282104492e+00
-4.177083492279052734e+00
-3.213550090789794922e+00
-3.414917469024658203e+00
-2.300949335098266602e+00
-2.438899993896484375e+00
-2.903299808502197266e+00
-1.869239211082458496e+00
-3.379380941390991211e+00
-3.068203449249267578e+00
-3.348122596740722656e+00
-3.028128862380981445e+00
-3.344304800033569336e+00
-3.897800207138061523e+00
-4.311830520629882812e+00
-3.158723831176757812e+00
-2.471294164657592773e+00
-3.423996925354003906e+00
-2.798071384429931641e+00
-2.031700134277343750e+00
-2.408442258834838867e+00
-3.557656288146972656e+00
-3.502359151840209961e+00
-3.187097072601318359e+00
-3.594371795654296875e+00
-2.165942192077636719e+00
-3.868533611297607422e+00
-2.659654378890991211e+00
-2.487861871719360352e+00
-3.460908174514770508e+00
-3.042953252792358398e+00
-3.332523107528686523e+00
-2.686929941177368164e+00
-2.408944129943847656e+00
-2.683151960372924805e+00
-3.583917617797851562e+00
-3.033736228942871094e+00
-3.322221994400024414e+00
-3.387021064758300781e+00
-3.502617120742797852e+00
-3.624922037124633789e+00
-3.478994607925415039e+00
-3.511229753494262695e+00
-3.756292343139648438e+00
-2.517811775207519531e+00
-3.414957284927368164e+00
-1.311798572540283203e+00
-2.938521385192871094e+00
-1.928481936454772949e+00
-2.812417507171630859e+00
-2.625696420669555664e+00
-2.775351762771606445e+00
-3.374701499938964844e+00
-3.396380186080932617e+00
-3.421322345733642578e+00
-2.815731763839721680e+00
-3.627247333526611328e+00
-3.464517354965209961e+00
-2.890662193298339844e+00
-3.803413867950439453e+00
-2.838145971298217773e+00
-2.943382024765014648e+00
-3.472089767456054688e+00
-2.934097528457641602e+00
-2.628869056701660156e+00
-2.346441745758056641e+00
-3.773107051849365234e+00
-3.459346532821655273e+00
-3.758181333541870117e+00
-2.997104167938232422e+00
-2.602649927139282227e+00
-3.467987775802612305e+00
-3.171816110610961914e+00
-2.489655971527099609e+00
-3.300977468490600586e+00
-3.296706914901733398e+00
-3.727158308029174805e+00
-3.031111955642700195e+00
-3.989733934402465820e+00
-2.394500970840454102e+00
-3.632029771804809570e+00
-3.840296983718872070e+00
-3.393673896789550781e+00
-2.582356691360473633e+00
-3.199715375900268555e+00
-3.755604743957519531e+00
-2.949794054031372070e+00
-3.913902282714843750e+00
-3.998970508575439453e+00
-3.765486478805541992e+00
-3.949705362319946289e+00
-3.284859895706176758e+00
-2.800714254379272461e+00
-3.618741989135742188e+00
-2.844159603118896484e+00
-1.822122693061828613e+00
-3.007798671722412109e+00
-3.040066957473754883e+00
-3.899574041366577148e+00
-2.717006444931030273e+00
-2.242181062698364258e+00
-3.312618255615234375e+00
-3.839984893798828125e+00
-3.428765773773193359e+00
-2.736682891845703125e+00
-4.148069858551025391e+00
-3.474117279052734375e+00
-1.817898392677307129e+00
-2.662584066390991211e+00
-3.344464778900146484e+00
-3.635307312011718750e+00
-2.933260679244995117e+00
-3.239737987518310547e+00
-3.164891481399536133e+00
-2.998855829238891602e+00
-2.309101819992065430e+00
-3.221312761306762695e+00
-2.309478521347045898e+00
-3.312561511993408203e+00
-2.655370235443115234e+00
-2.774118185043334961e+00
-3.321570396423339844e+00
-2.635053396224975586e+00
-2.991989850997924805e+00
-3.054398298263549805e+00
-3.059371948242187500e+00
-3.026310682296752930e+00
-3.529958963394165039e+00
-3.695144414901733398e+00
-2.051700115203857422e+00
-3.177080154418945312e+00
-3.423309803009033203e+00
-1.355390429496765137e+00
-2.939846992492675781e+00
-3.229122877120971680e+00
-1.432963490486145020e+00
-3.268465757369995117e+00
-2.877131223678588867e+00
-2.587567806243896484e+00
-3.269944906234741211e+00
-3.273702144622802734e+00
-3.444265127182006836e+00
-3.559039115905761719e+00
-3.713569164276123047e+00
-2.551740884780883789e+00
-3.299309968948364258e+00
-3.298012733459472656e+00
-3.328575849533081055e+00
-3.527220010757446289e+00
-2.827211380004882812e+00
-3.632268905639648438e+00
-3.953219175338745117e+00
-3.134593009948730469e+00
-3.381053447723388672e+00
-2.403857469558715820e+00
-2.659209728240966797e+00
-3.003263473510742188e+00
-3.559222459793090820e+00
-1.687029242515563965e+00
-3.601577997207641602e+00
-3.233867645263671875e+00
-2.644622325897216797e+00
-2.271243333816528320e+00
-3.866093397140502930e+00
-3.037025451660156250e+00
-2.741143226623535156e+00
-2.976058244705200195e+00
-2.247403860092163086e+00
-2.442049741744995117e+00
-3.344321966171264648e+00
-3.673195838928222656e+00
-1.979281425476074219e+00
-2.109418869018554688e+00
-3.681331396102905273e+00
-2.439196348190307617e+00
-2.904144525527954102e+00
-3.690004110336303711e+00
-3.239412546157836914e+00
-3.003474235534667969e+00
-2.212563037872314453e+00
-2.910964250564575195e+00
-2.082938194274902344e+00
-2.533803224563598633e+00
-3.032062768936157227e+00
-2.636992216110229492e+00
-3.017622709274291992e+00
-3.122629642486572266e+00
-3.064724922180175781e+00
-2.756927967071533203e+00
-3.014716148376464844e+00
-3.279490947723388672e+00
-3.663367748260498047e+00
-3.537734985351562500e+00
-2.704702377319335938e+00
-3.050692796707153320e+00
-3.178075551986694336e+00
-3.515329599380493164e+00
-1.275334477424621582e+00
-3.203534841537475586e+00
-2.739330291748046875e+00
-2.634566307067871094e+00
-2.702753305435180664e+00
-2.442842721939086914e+00
-3.262628078460693359e+00
-3.075992345809936523e+00
-2.425107717514038086e+00
-2.665257930755615234e+00
-3.820503711700439453e+00
-2.414399623870849609e+00
-2.646143913269042969e+00
-3.397331714630126953e+00
-3.549420118331909180e+00
-3.814229726791381836e+00
-4.371836662292480469e+00
-2.792357683181762695e+00
-2.640305519104003906e+00
-2.764686822891235352e+00
-2.298758506774902344e+00
-3.614488124847412109e+00
-3.293560504913330078e+00
-3.671521425247192383e+00
-1.532230615615844727e+00
-3.827204942703247070e+00
-2.855043172836303711e+00
-3.171484708786010742e+00
-2.360676050186157227e+00
-3.340749979019165039e+00
-2.421987533569335938e+00
-3.175551652908325195e+00
-3.321223258972167969e+00
-3.192709445953369141e+00
-2.329732656478881836e+00
-3.247926712036132812e+00
-3.218383550643920898e+00
-3.884759664535522461e+00
-3.518896579742431641e+00
-4.179196357727050781e+00
-3.134242534637451172e+00
-4.184028625488281250e+00
-3.035957574844360352e+00
-2.468809604644775391e+00
-3.831939935684204102e+00
-3.222696781158447266e+00
-3.096205949783325195e+00
-3.454467296600341797e+00
-2.811373710632324219e+00
-2.193109035491943359e+00
-3.433748006820678711e+00
-2.845357656478881836e+00
-2.417533159255981445e+00
-3.744780063629150391e+00
-3.069995641708374023e+00
-3.047117471694946289e+00
-3.395007610321044922e+00
-2.403704166412353516e+00
-3.859088420867919922e+00
-2.732128858566284180e+00
-3.186039447784423828e+00
-3.382611989974975586e+00
-3.872864723205566406e+00
-2.552530527114868164e+00
-3.311120986938476562e+00
-3.368656635284423828e+00
-2.373392343521118164e+00
-2.635410547256469727e+00
-1.715328574180603027e+00
-2.764319419860839844e+00
-2.415213108062744141e+00
-2.906159877777099609e+00
-2.245829105377197266e+00
-2.583786010742187500e+00
-3.486529588699340820e+00
-2.344346523284912109e+00
-3.181071996688842773e+00
-2.724615812301635742e+00
-1.931356906890869141e+00
-2.631458997726440430e+00
-3.504115343093872070e+00
-2.637526988983154297e+00
-2.478717565536499023e+00
-3.890862703323364258e+00
-4.165607452392578125e+00
-2.397535085678100586e+00
-2.916509389877319336e+00
-3.993747234344482422e+00
-4.216187953948974609e+00
-2.730056762695312500e+00
-2.999562501907348633e+00
-2.938390731811523438e+00
-3.882880687713623047e+00
-2.594292402267456055e+00
-3.874099493026733398e+00
-3.139936208724975586e+00
-3.485243320465087891e+00
-1.915894985198974609e+00
-3.648983240127563477e+00
-3.359506368637084961e+00
-3.139726638793945312e+00
-2.604166746139526367e+00
-2.017634630203247070e+00
-3.054454565048217773e+00
-2.462752103805541992e+00
-3.601944208145141602e+00
-2.647200584411621094e+00
-3.439694881439208984e+00
-3.638916492462158203e+00
-3.937585353851318359e+00
-3.333681583404541016e+00
-1.889851570129394531e+00
-2.777714967727661133e+00
-3.602482795715332031e+00
-3.056979417800903320e+00
-2.760991811752319336e+00
-2.667481660842895508e+00
-2.937682151794433594e+00
-3.557006597518920898e+00
-3.038923740386962891e+00
-3.206121206283569336e+00
-3.725889682769775391e+00
-3.304391145706176758e+00
-2.751017332077026367e+00
-2.046416759490966797e+00
-2.521751642227172852e+00
-2.307209968566894531e+00
-2.756004571914672852e+00
-2.877310752868652344e+00
-2.781884908676147461e+00
-2.612746238708496094e+00
-2.592630863189697266e+00
-3.018343210220336914e+00
-3.163803815841674805e+00
-2.554973602294921875e+00
-2.712087154388427734e+00
-1.689091920852661133e+00
-3.393328189849853516e+00
-4.096309185028076172e+00
-2.809931755065917969e+00
-3.367307424545288086e+00
-2.763181686401367188e+00
-3.162766933441162109e+00
-3.542940616607666016e+00
-2.439471483230590820e+00
-3.767206668853759766e+00
-2.359770298004150391e+00
-1.902001619338989258e+00
-2.907040834426879883e+00
-2.170531511306762695e+00
-2.584534406661987305e+00
-3.628954887390136719e+00
-3.076637744903564453e+00
-1.818414092063903809e+00
-2.276073932647705078e+00
-2.917728424072265625e+00
-3.426583290100097656e+00
-2.365202665328979492e+00
-3.733287096023559570e+00
-2.776206731796264648e+00
-3.225194931030273438e+00
-3.039313077926635742e+00
-2.838827848434448242e+00
-2.786260843276977539e+00
-3.128637075424194336e+00
-2.755699157714843750e+00
-3.288372993469238281e+00
-3.733517408370971680e+00
-2.907199382781982422e+00
-3.287559747695922852e+00
-3.716279745101928711e+00
-3.119125843048095703e+00
-1.773500084877014160e+00
-2.560675144195556641e+00
-2.648004531860351562e+00
-2.434435367584228516e+00
-2.225236415863037109e+00
-2.897648334503173828e+00
-2.083613634109497070e+00
-2.717344522476196289e+00
-3.106868505477905273e+00
-3.470440626144409180e+00
-2.107115030288696289e+00
-3.313334941864013672e+00
-3.629322528839111328e+00
-1.346184968948364258e+00
-3.007658720016479492e+00
-3.613879442214965820e+00
-2.818065166473388672e+00
-2.704014778137207031e+00
-3.495439529418945312e+00
-3.340450525283813477e+00
-3.185381889343261719e+00
-2.083167552947998047e+00
-3.010515451431274414e+00
-3.474992752075195312e+00
-3.385651350021362305e+00
-2.415143966674804688e+00
-3.984152555465698242e+00
-3.094086647033691406e+00
-1.621106028556823730e+00
-2.620520353317260742e+00
-1.383649945259094238e+00
-2.597824096679687500e+00
-2.807395219802856445e+00
-3.380965471267700195e+00
-3.959971189498901367e+00
-2.743732929229736328e+00
-2.547919034957885742e+00
-3.609359502792358398e+00
-1.391031503677368164e+00
-2.371483802795410156e+00
-2.969924688339233398e+00
-3.422610521316528320e+00
-3.159898757934570312e+00
-3.902736902236938477e+00
-3.531760454177856445e+00
-3.136950492858886719e+00
-3.814659595489501953e+00
-2.929077625274658203e+00
-3.298197984695434570e+00
-2.202001333236694336e+00
-1.686572790145874023e+00
-2.741793155670166016e+00
-3.248784780502319336e+00
-3.409674406051635742e+00
-2.789646148681640625e+00
-3.154220819473266602e+00
-3.308312177658081055e+00
-3.397283315658569336e+00
-1.826069116592407227e+00
-3.968141078948974609e+00
-3.446501493453979492e+00
-3.264884233474731445e+00
-3.482190370559692383e+00
-3.392504692077636719e+00
-3.289956331253051758e+00
-2.964285373687744141e+00
-2.596728324890136719e+00
-3.924728631973266602e+00
-3.319065093994140625e+00
-2.878913879394531250e+00
-3.582397699356079102e+00
-2.355601310729980469e+00
-3.501656293869018555e+00
-2.587691068649291992e+00
-4.035063266754150391e+00
-1.935014367103576660e+00
-1.746534585952758789e+00
-1.828368544578552246e+00
-3.444536209106445312e+00
-3.614537477493286133e+00
-2.285563468933105469e+00
-2.286776542663574219e+00
-3.418193101882934570e+00
-3.281762123107910156e+00
-3.507078886032104492e+00
-3.417985200881958008e+00
-2.714573144912719727e+00
-3.679773569107055664e+00
-2.654900074005126953e+00
-3.239973306655883789e+00
-2.537538051605224609e+00
-3.596553325653076172e+00
-4.028296470642089844e+00
-2.534369230270385742e+00
-2.912960529327392578e+00
-3.535119295120239258e+00
-3.016799211502075195e+00
-3.136482000350952148e+00
-2.938906192779541016e+00
-3.546507358551025391e+00
-2.542434930801391602e+00
-3.750432491302490234e+00
-3.331367254257202148e+00
-3.417559146881103516e+00
-3.105371475219726562e+00
-2.213747262954711914e+00
-2.304728507995605469e+00
-2.676463842391967773e+00
-3.530202627182006836e+00
-2.852134943008422852e+00
-2.946446418762207031e+00
-2.044619560241699219e+00
-2.932073354721069336e+00
-1.523490309715270996e+00
-2.475435018539428711e+00
-3.462668418884277344e+00
-3.222277402877807617e+00
-2.872380495071411133e+00
-2.432837963104248047e+00
-2.812484741210937500e+00
-2.920558691024780273e+00
-3.792656421661376953e+00
-2.426559448242187500e+00
-3.275471687316894531e+00
-3.583711862564086914e+00
-2.495874643325805664e+00
-3.269687175750732422e+00
-2.191766023635864258e+00
-3.696715831756591797e+00
-3.455109834671020508e+00
-2.342010974884033203e+00
-2.615992307662963867e+00
-2.374375820159912109e+00
-2.086391925811767578e+00
-3.740708589553833008e+00
-1.967814564704895020e+00
-3.555658817291259766e+00
-2.092720985412597656e+00
-3.440436840057373047e+00
-3.172887563705444336e+00
-3.893773794174194336e+00
-3.685423612594604492e+00
-3.115871191024780273e+00
-3.998187780380249023e+00
-3.926698923110961914e+00
-3.084250211715698242e+00
-2.532365083694458008e+00
-3.705495595932006836e+00
-3.853404045104980469e+00
-3.113122224807739258e+00
-2.371085405349731445e+00
-3.352704524993896484e+00
-2.494537115097045898e+00
-3.049578428268432617e+00
-2.720629215240478516e+00
-2.083729028701782227e+00
-2.069489955902099609e+00
-9.070400595664978027e-01
-3.745374441146850586e+00
-3.199188232421875000e+00
-2.457193136215209961e+00
-2.163303852081298828e+00
-1.840110659599304199e+00
-2.781397342681884766e+00
-1.938294172286987305e+00
-3.124648332595825195e+00
-3.088269472122192383e+00
-2.454463720321655273e+00
-4.424478054046630859e+00
-2.748345136642456055e+00
-3.706694602966308594e+00
-2.579543113708496094e+00
-2.179211139678955078e+00
-1.389576435089111328e+00
-3.725732564926147461e+00
-1.974523663520812988e+00
-2.865170955657958984e+00
-3.717031002044677734e+00
-3.484359979629516602e+00
-2.350579977035522461e+00
-2.805868864059448242e+00
-3.221547365188598633e+00
-1.256166815757751465e+00
-2.619428634643554688e+00
-2.501480102539062500e+00
-2.030589342117309570e+00
-2.714273929595947266e+00
-2.360095024108886719e+00
-2.307673692703247070e+00
-3.323683023452758789e+00
-3.992671489715576172e+00
-3.431428432464599609e+00
-1.708635926246643066e+00
-1.971480011940002441e+00
-3.422674894332885742e+00
-3.417246103286743164e+00
-3.494219303131103516e+00
-2.155106782913208008e+00
-3.508420228958129883e+00
-3.489728927612304688e+00
-1.935968041419982910e+00
-2.017558813095092773e+00
-2.797058820724487305e+00
-3.297010421752929688e+00
-2.399456977844238281e+00
-2.657136917114257812e+00
-2.960294008255004883e+00
-2.911529779434204102e+00
-3.167963266372680664e+00
-2.380441665649414062e+00
-1.470109939575195312e+00
-2.587921380996704102e+00
-2.116895914077758789e+00
-1.912164688110351562e+00
-1.981354117393493652e+00
-2.151383399963378906e+00
-3.200767993927001953e+00
-2.855969190597534180e+00
-2.320503711700439453e+00
-2.543544292449951172e+00
-2.401688814163208008e+00
-1.028495430946350098e+00
-2.751033067703247070e+00
-1.979449510574340820e+00
-2.120021104812622070e+00
-1.745936393737792969e+00
-3.603982925415039062e+00
-3.013079404830932617e+00
-9.169577956199645996e-01
-2.518316745758056641e+00
-1.400789380073547363e+00
-2.994566202163696289e+00
-2.765999078750610352e+00
-2.250799417495727539e+00
-2.963981389999389648e+00
-2.810847997665405273e+00
-2.763804912567138672e+00
-2.853773117065429688e+00
-2.612947463989257812e+00
-1.226832509040832520e+00
-2.863094091415405273e+00
-2.941655397415161133e+00
-2.887986421585083008e+00
-2.162513494491577148e+00
-3.339288234710693359e+00
-3.286393165588378906e+00
-2.629013061523437500e+00
-3.320088386535644531e+00
-2.556378126144409180e+00
-2.455620765686035156e+00
-2.290625095367431641e+00
-3.179880857467651367e+00
-2.192370414733886719e+00
-2.759584665298461914e+00
-1.689146757125854492e+00
-2.650434970855712891e+00
-3.114862918853759766e+00
-1.960011601448059082e+00
-1.584534287452697754e+00
-5.039595365524291992e-01
-2.184290409088134766e+00
-1.849525451660156250e+00
-2.494828939437866211e+00
-1.878898143768310547e+00
-3.215643405914306641e+00
-1.671406507492065430e+00
-3.135893106460571289e+00
-2.495829582214355469e+00
-1.049396991729736328e+00
-1.778728723526000977e+00
-1.417583107948303223e+00
-1.786587119102478027e+00
-2.182398557662963867e+00
-3.007730484008789062e+00
-3.379365205764770508e+00
-2.410801410675048828e+00
-2.804862737655639648e+00
-3.152050256729125977e+00
-1.967128872871398926e+00
-2.620532989501953125e+00
-3.610131740570068359e+00
-3.475850582122802734e+00
-2.707281827926635742e+00
-3.161437034606933594e+00
-3.072584629058837891e+00
-2.897441387176513672e+00
-3.633152961730957031e+00
-3.137362718582153320e+00
-9.586710929870605469e-01
-2.345558404922485352e+00
-3.034361124038696289e+00
-2.889358520507812500e+00
-2.585502386093139648e+00
-3.113922834396362305e+00
-2.764781951904296875e+00
-2.775242328643798828e+00
-1.156569242477416992e+00
-5.622646212577819824e-01
-1.900248289108276367e+00
-2.412405014038085938e+00
-3.222899675369262695e+00
-3.612488031387329102e+00
-2.484197854995727539e+00
-3.272094011306762695e+00
-3.400828838348388672e+00
-1.987553238868713379e+00
-1.291042447090148926e+00
-3.148817300796508789e+00
-3.090127944946289062e+00
-3.152737140655517578e+00
-1.859688162803649902e+00
-2.211609601974487305e+00
-2.070027112960815430e+00
-3.549811840057373047e+00
-3.046990156173706055e+00
-3.185792922973632812e+00
-2.749801874160766602e+00
-3.039899349212646484e+00
-1.258048295974731445e+00
-2.645497798919677734e+00
-8.932428359985351562e-01
-1.990292310714721680e+00
-3.098937511444091797e+00
-2.811917781829833984e+00
-1.012749791145324707e+00
-2.524433374404907227e+00
-2.489873886108398438e+00
-3.366786241531372070e+00
-2.489559173583984375e+00
-1.143925189971923828e+00
-1.833272695541381836e+00
-2.521244525909423828e+00
-3.003307104110717773e+00
-2.197736740112304688e+00
-3.609422206878662109e+00
-2.752836704254150391e+00
-2.384255170822143555e+00
-1.760357260704040527e+00
-8.129221796989440918e-01
-1.338512778282165527e+00
-3.516981363296508789e+00
-3.282034635543823242e+00
-3.961577653884887695e+00
-3.283643722534179688e+00
-3.157290697097778320e+00
-1.620564699172973633e+00
-3.057337760925292969e+00
-3.458194971084594727e+00
-1.397998213768005371e+00
-2.458952903747558594e+00
-2.267984867095947266e+00
-3.071574687957763672e+00
-2.396889209747314453e+00
-2.695015907287597656e+00
-1.905787825584411621e+00
-1.480537652969360352e+00
-2.422284364700317383e+00
-1.990701675415039062e+00
-2.567223548889160156e+00
-2.452400207519531250e+00
-2.962281227111816406e+00
-1.116710543632507324e+00
-4.184336185455322266e+00
-1.123982906341552734e+00
-3.191187858581542969e+00
-2.719853639602661133e+00
-4.196683883666992188e+00
-2.335633277893066406e+00
-2.993404865264892578e+00
-3.151008844375610352e+00
-3.532534360885620117e+00
-2.285146713256835938e+00
-3.725769996643066406e+00
-3.441112518310546875e+00
-3.048069953918457031e+00
-2.484971523284912109e+00
-2.769053936004638672e+00
-2.106581687927246094e+00
-3.585740327835083008e+00
-3.610342264175415039e+00
-3.372873544692993164e+00
-1.656105399131774902e+00
-2.193394660949707031e+00
-2.018278360366821289e+00
-1.875650048255920410e+00
-1.746138930320739746e+00
-3.170762538909912109e+00
-2.151679039001464844e+00
-1.989331364631652832e+00
-2.694427251815795898e+00
-3.070673704147338867e+00
-2.649820566177368164e+00
-3.069287300109863281e+00
-2.484879732131958008e+00
-2.453662157058715820e+00
-2.988565206527709961e+00
-2.579747676849365234e+00
-1.903479337692260742e+00
-2.928272247314453125e+00
-1.130609750747680664e+00
-1.609878063201904297e+00
-3.777736186981201172e+00
-2.781772851943969727e+00
-1.213335156440734863e+00
-2.730418920516967773e+00
-1.406056284904479980e+00
-2.019106864929199219e+00
-1.917630314826965332e+00
-3.476191997528076172e+00
-3.267199516296386719e+00
-1.424923777580261230e+00
-2.209777116775512695e+00
-3.997831821441650391e+00
-1.776773452758789062e+00
-1.751303195953369141e+00
-3.168782949447631836e+00
-2.824364662170410156e+00
-2.992601156234741211e+00
-2.731571674346923828e+00
-3.759083509445190430e+00
-3.670984983444213867e+00
-1.920779585838317871e+00
-2.599731445312500000e+00
-2.379947900772094727e+00
-2.622694015502929688e+00
-1.983997344970703125e+00
-3.364118576049804688e+00
-2.593803167343139648e+00
-1.569752097129821777e+00
-2.494647264480590820e+00
-2.190362215042114258e-01
-2.260607719421386719e+00
-3.068929910659790039e+00
-3.156150817871093750e+00
-2.962604045867919922e+00
-2.393355131149291992e+00
-3.085316181182861328e+00
-3.074977397918701172e+00
-1.185085654258728027e+00
-2.490477800369262695e+00
-3.584016323089599609e+00
-2.701586008071899414e+00
-3.358111143112182617e+00
-2.994585514068603516e+00
-2.574350357055664062e+00
-3.388626337051391602e+00
-1.200739026069641113e+00
-1.134917020797729492e+00
-2.811291217803955078e+00
-3.536359310150146484e+00
-2.752375364303588867e+00
-2.803666353225708008e+00
-2.345064163208007812e+00
-5.510458946228027344e-01
-2.901225566864013672e+00
-2.912327527999877930e+00
-3.428856611251831055e+00
-1.409656167030334473e+00
-3.237791776657104492e+00
-2.559295892715454102e+00
-2.907196044921875000e+00
-2.771136522293090820e+00
-2.155482053756713867e+00
-2.134747266769409180e+00
-2.770373106002807617e+00
-3.186152696609497070e+00
-2.158288240432739258e+00
-4.771833717823028564e-01
-2.505580186843872070e+00
-1.870741009712219238e+00
-2.770768642425537109e+00
-2.336948156356811523e+00
-2.789345026016235352e+00
-2.969375133514404297e+00
-5.183020830154418945e-01
-1.486112594604492188e+00
-2.171988785266876221e-01
-2.399023294448852539e+00
-2.207186937332153320e+00
-1.612102627754211426e+00
-1.677507519721984863e+00
-1.835425019264221191e+00
-2.848849773406982422e+00
-1.388667106628417969e+00
-2.778288841247558594e+00
-2.906865477561950684e-01
-2.682281732559204102e+00
-1.741304278373718262e+00
-2.073160409927368164e+00
-1.077252507209777832e+00
-2.039751768112182617e+00
-3.134985446929931641e+00
-2.705580234527587891e+00
-3.075478076934814453e+00
-2.610910415649414062e+00
-2.831212759017944336e+00
-2.047704458236694336e+00
-2.209707260131835938e+00
-3.099364519119262695e+00
-2.812994003295898438e+00
-2.818620443344116211e+00
-2.278519630432128906e+00
-1.098553419113159180e+00
-2.280590295791625977e+00
-2.344680070877075195e+00
-2.672769069671630859e+00
-3.102122306823730469e+00
-3.652647256851196289e+00
-2.533639192581176758e+00
-3.461301565170288086e+00
-3.104761362075805664e+00
-8.658369779586791992e-01
-2.748485326766967773e+00
-2.818161487579345703e+00
-2.288304805755615234e+00
-2.759862661361694336e+00
-2.094168186187744141e+00
-2.171605110168457031e+00
-1.854944705963134766e+00
-2.716780900955200195e+00
-2.543514013290405273e+00
-3.078340768814086914e+00
-2.888700962066650391e+00
-1.911122202873229980e+00
-6.926259994506835938e-01
-2.621989011764526367e+00
-2.379440307617187500e+00
-1.499002695083618164e+00
-9.881562590599060059e-01
-2.116378545761108398e+00
-3.277643918991088867e+00
-3.722424745559692383e+00
-3.512524843215942383e+00
-2.027550697326660156e+00
-2.399235248565673828e+00
-1.356693387031555176e+00
-3.914775609970092773e+00
-3.157312154769897461e+00
-1.307327628135681152e+00
-2.202815294265747070e+00
-3.905949354171752930e+00
-4.117825031280517578e+00
-2.993789911270141602e+00
-2.810886144638061523e+00
-2.325844764709472656e+00
-3.364288806915283203e+00
-2.441266298294067383e+00
-1.408978462219238281e+00
-2.304570436477661133e+00
-3.211493968963623047e+00
-1.770375967025756836e+00
-3.008869886398315430e+00
-2.414105892181396484e+00
-2.441085577011108398e+00
-3.368819236755371094e+00
-7.742184996604919434e-01
-2.714840650558471680e+00
-2.230684518814086914e+00
-3.318773984909057617e+00
-2.355157136917114258e+00
-3.055976390838623047e+00
-3.932042598724365234e+00
-2.100260496139526367e+00
-3.417924344539642334e-01
-2.846048116683959961e+00
-3.004873752593994141e+00
-2.377750873565673828e+00
-1.828144907951354980e+00
-2.451701402664184570e+00
-1.360192537307739258e+00
-2.260060310363769531e+00
-1.908103346824645996e+00
-3.053151369094848633e+00
-1.895591974258422852e+00
-2.432106494903564453e+00
-1.577915430068969727e+00
-2.679947137832641602e+00
-1.036335468292236328e+00
-1.802795648574829102e+00
-1.655369758605957031e+00
-6.635268330574035645e-01
-3.271637439727783203e+00
-2.710434198379516602e+00
-3.179156541824340820e+00
-3.064013957977294922e+00
-1.099111914634704590e+00
-2.437311172485351562e+00
-1.598480224609375000e+00
-1.731485009193420410e+00
-1.861023783683776855e+00
-2.986427783966064453e+00
-1.826731443405151367e+00
-1.305156707763671875e+00
-1.479441404342651367e+00
-2.673483848571777344e+00
-1.577867746353149414e+00
-2.324418306350708008e+00
-3.068982601165771484e+00
-8.597275018692016602e-01
-2.243064880371093750e+00
-1.938732266426086426e+00
-2.285578012466430664e+00
-2.962091207504272461e+00
-3.189540863037109375e+00
-3.148863554000854492e+00
-2.502446889877319336e+00
-1.362535357475280762e+00
-2.825112581253051758e+00
-1.651749849319458008e+00
-2.331381559371948242e+00
-2.881885766983032227e+00
-2.396434307098388672e+00
-3.315570354461669922e+00
-1.818892717361450195e+00
-2.566518545150756836e+00
-2.536511898040771484e+00
-9.876270294189453125e-01
-2.892477512359619141e+00
-2.520083904266357422e+00
-2.791146278381347656e+00
-2.899908781051635742e+00
-3.065666437149047852e+00
-1.697869420051574707e+00
-3.857237815856933594e+00
-2.479044914245605469e+00
-1.100727677345275879e+00
-2.833930492401123047e+00
-1.215774178504943848e+00
-1.272306799888610840e+00
-1.569509863853454590e+00
-3.293467044830322266e+00
-3.438680648803710938e+00
-3.281170129776000977e+00
-2.751850843429565430e+00
-4.089938640594482422e+00
-1.653215527534484863e+00
-2.100473642349243164e+00
-2.113684177398681641e+00
-2.515684366226196289e+00
-1.916937828063964844e+00
-2.552391290664672852e+00
-3.088439226150512695e+00
-2.804192781448364258e+00
-3.091234683990478516e+00
-2.058064460754394531e+00
-1.477386236190795898e+00
-2.127008676528930664e+00
-2.822710514068603516e+00
-2.871379852294921875e+00
-3.174887895584106445e+00
-2.383836030960083008e+00
-2.707283496856689453e+00
-2.693914890289306641e+00
-1.595341801643371582e+00
-2.064447641372680664e+00
-1.740891814231872559e+00
-2.711526632308959961e+00
-1.317303419113159180e+00
-2.511828899383544922e+00
-1.901216864585876465e+00
-2.115159511566162109e+00
-2.462778091430664062e+00
-2.796231985092163086e+00
-2.164413452148437500e+00
-1.927200913429260254e+00
-2.815926313400268555e+00
-1.648762226104736328e+00
-2.180530786514282227e+00
-1.974254846572875977e+00
-2.260801315307617188e+00
-2.171528816223144531e+00
-1.253694415092468262e+00
-1.952934980392456055e+00
-1.979210257530212402e+00
-2.853751659393310547e+00
-2.901455640792846680e+00
-2.203648328781127930e+00
-1.631281971931457520e+00
-1.456228733062744141e+00
-3.272082567214965820e+00
-2.298349857330322266e+00
-1.240695595741271973e+00
-2.952234506607055664e+00
-3.557068824768066406e+00
-3.653997421264648438e+00
-1.044089674949645996e+00
-3.302408218383789062e+00
-2.980392217636108398e+00
-1.598572254180908203e+00
-1.893738389015197754e+00
-3.586264848709106445e+00
-2.986271858215332031e+00
-3.157882452011108398e+00
-2.499169588088989258e+00
-3.241511821746826172e+00
-8.549149632453918457e-01
-3.025231599807739258e+00
-4.232111454010009766e+00
-3.361417293548583984e+00
-2.783374547958374023e+00
-1.490765929222106934e+00
-2.189580678939819336e+00
-3.131748676300048828e+00
-1.536919713020324707e+00
-2.358683586120605469e+00
-2.294236183166503906e+00
-2.309104919433593750e+00
-2.899670600891113281e+00
-2.168039798736572266e+00
-8.649063706398010254e-01
-2.817752838134765625e+00
-2.357079505920410156e+00
-3.766982555389404297e-01
-2.876094102859497070e+00
-2.393178224563598633e+00
-1.531202673912048340e+00
-2.294947147369384766e+00
-2.470360279083251953e+00
-1.771170496940612793e+00
-3.120478630065917969e+00
-2.514194488525390625e+00
-2.513028621673583984e+00
-2.134442806243896484e+00
-2.722912311553955078e+00
-2.768953084945678711e+00
-1.293675422668457031e+00
-2.108011245727539062e+00
-3.023997306823730469e+00
-2.359972000122070312e+00
-1.570290684700012207e+00
-2.202702283859252930e+00
-3.059726715087890625e+00
-1.267323493957519531e+00
-3.069302797317504883e+00
-2.992819309234619141e+00
-1.641390204429626465e+00
-7.923782616853713989e-02
-2.583719015121459961e+00
-1.592864871025085449e+00
-1.426224589347839355e+00
-2.866004228591918945e+00
-3.068061590194702148e+00
-3.168148517608642578e+00
-3.876078128814697266e-01
-2.990890026092529297e+00
-3.284447431564331055e+00
-2.686211347579956055e+00
-2.857851266860961914e+00
-1.147634506225585938e+00
-3.413885354995727539e+00
-3.067336082458496094e+00
-3.434809207916259766e+00
-6.908113360404968262e-01
-2.309309720993041992e+00
-2.929614067077636719e+00
-2.152211666107177734e+00
-3.264868736267089844e+00
-2.226523876190185547e+00
-1.889478325843811035e+00
-2.980933666229248047e+00
-1.963647246360778809e+00
-2.250459671020507812e+00
-2.647447347640991211e+00
-9.760197401046752930e-01
-2.923168659210205078e+00
-3.219630718231201172e+00
-3.217258930206298828e+00
-2.472233533859252930e+00
-2.295627832412719727e+00
-2.768393754959106445e+00
-3.748116970062255859e+00
-2.711070537567138672e+00
-3.407703876495361328e+00
-1.847083210945129395e+00
-3.141431570053100586e+00
-1.492003440856933594e+00
-3.455518960952758789e+00
-2.713129520416259766e+00
-2.386534929275512695e+00
-2.773552656173706055e+00
-2.899762392044067383e+00
-3.459485054016113281e+00
-3.096956253051757812e+00
-3.480510234832763672e+00
-3.181906700134277344e+00
-3.269387960433959961e+00
-2.840327262878417969e+00
-2.797088146209716797e+00
-2.062260866165161133e+00
-3.220976352691650391e+00
-3.311803102493286133e+00
-2.138471007347106934e-01
-1.378525733947753906e+00
-2.250354528427124023e+00
-2.144825696945190430e+00
-2.205255508422851562e+00
-2.634308576583862305e+00
-1.431010842323303223e+00
-3.080689907073974609e+00
-3.060842752456665039e+00
-2.760652303695678711e+00
-3.086343526840209961e+00
-2.672622203826904297e+00
-7.856842279434204102e-01
-2.488310098648071289e+00
-1.902549386024475098e+00
-2.820602655410766602e+00
-2.913795948028564453e+00
-3.258383035659790039e+00
-2.734734058380126953e+00
-1.860508561134338379e+00
-8.861352801322937012e-01
-1.353589177131652832e+00
-2.706223964691162109e+00
-2.240553140640258789e+00
-2.857146263122558594e+00
-3.104989767074584961e+00
-3.509983062744140625e+00
-2.225485324859619141e+00
-1.168440461158752441e+00
-2.087511062622070312e+00
-2.827370643615722656e+00
-1.879189133644104004e+00
-2.277552127838134766e+00
-3.114422559738159180e+00
-1.800554752349853516e+00
-3.650483608245849609e+00
-2.394205808639526367e+00
-2.729105949401855469e+00
-1.360329866409301758e+00
-1.474303722381591797e+00
-1.015297293663024902e+00
-1.803378462791442871e+00
-2.121282577514648438e+00
-2.253216981887817383e+00
-3.045340299606323242e+00
-1.759427547454833984e+00
-2.172650814056396484e+00
-1.949669957160949707e+00
-2.192245006561279297e+00
-1.157210111618041992e+00
-8.601657748222351074e-01
-2.365556001663208008e+00
-2.967584133148193359e+00
-2.069942474365234375e+00
-2.168498039245605469e+00
-2.588688135147094727e+00
-3.139044523239135742e+00
-8.382149934768676758e-01
-2.926398992538452148e+00
-1.290453314781188965e+00
-3.554662466049194336e+00
-3.097243547439575195e+00
-2.923262119293212891e+00
-3.209495067596435547e+00
-7.392677068710327148e-01
-2.250562191009521484e+00
-2.925208568572998047e+00
-2.619159936904907227e+00
-2.224533319473266602e+00
-2.440849065780639648e+00
-2.670853376388549805e+00
-1.842628002166748047e+00
-1.521470546722412109e+00
-1.669012188911437988e+00
-2.330590724945068359e+00
-2.372309446334838867e+00
-2.208972454071044922e+00
-2.289950609207153320e+00
-3.394749402999877930e+00
-1.709774017333984375e+00
-3.181626319885253906e+00
-3.299460172653198242e+00
-3.307454586029052734e+00
-2.104553461074829102e+00
-2.292476892471313477e+00
-3.355726003646850586e+00
-2.781617164611816406e+00
-2.497317314147949219e+00
-3.355172395706176758e+00
-2.154917716979980469e+00
-1.280578017234802246e+00
-2.148288011550903320e+00
-2.268159389495849609e+00
-3.497577190399169922e+00
-2.493795871734619141e+00
-2.640985250473022461e+00
-4.104529380798339844e+00
-1.846099495887756348e+00
-2.739758253097534180e+00
-1.877047538757324219e+00
-2.978402614593505859e+00
-3.654551744461059570e+00
-2.480561733245849609e+00
-2.896250247955322266e+00
-3.161757469177246094e+00
-1.377422451972961426e+00
-3.230288505554199219e+00
-1.752182126045227051e+00
-2.702782154083251953e+00
-1.087269544601440430e+00
-2.387890577316284180e+00
-1.845467925071716309e+00
-2.272485733032226562e+00
-3.339508771896362305e+00
-2.870637178421020508e+00
-2.102067232131958008e+00
-2.150687217712402344e+00
-2.576023817062377930e+00
-8.079639673233032227e-01
-3.505015373229980469e+00
-1.683021783828735352e+00
-2.010361194610595703e+00
-2.461555004119873047e+00
-1.775150537490844727e+00
-2.433358192443847656e+00
-2.468623161315917969e+00
-2.690402746200561523e+00
-2.811099529266357422e+00
-3.582686424255371094e+00
-2.650591373443603516e+00
-1.082020878791809082e+00
-2.916863679885864258e+00
-2.707200050354003906e+00
-9.047729372978210449e-01
-3.118729591369628906e+00
-2.947056531906127930e+00
-2.620841026306152344e+00
-2.868962764739990234e+00
-2.623649120330810547e+00
-1.733042120933532715e+00
-1.371255993843078613e+00
-1.437432169914245605e+00
-9.867700934410095215e-01
-2.233486175537109375e+00
-1.933805465698242188e+00
-2.937354087829589844e+00
-3.610751867294311523e+00
-2.242889404296875000e+00
-2.738983392715454102e+00
-2.837561368942260742e+00
-2.280493497848510742e+00
-2.871503829956054688e+00
-3.801532030105590820e+00
-2.333142995834350586e+00
-1.990972757339477539e+00
-2.664802074432373047e+00
-2.118575811386108398e+00
-2.820639133453369141e+00
-3.553213119506835938e+00
-2.578321933746337891e+00
-2.155117034912109375e+00
-3.037365436553955078e+00
-3.534891843795776367e+00
-2.109908342361450195e+00
-2.861522674560546875e+00
-1.540115594863891602e+00
-1.337185502052307129e+00
-2.393537282943725586e+00
-1.702791333198547363e+00
-2.292738676071166992e+00
-1.699205160140991211e+00
-2.441130876541137695e+00
-2.699068546295166016e+00
-4.278568625450134277e-01
-2.280959606170654297e+00
-2.504071712493896484e+00
-2.907610654830932617e+00
-2.576420068740844727e+00
-2.200152873992919922e+00
-2.430742979049682617e+00
-2.955646753311157227e+00
-2.597601652145385742e+00
-1.709566354751586914e+00
-3.133260011672973633e+00
-8.708142638206481934e-01
-3.133228063583374023e+00
-2.018146038055419922e+00
-7.946678996086120605e-01
-2.941525459289550781e+00
-3.189878940582275391e+00
-2.373711585998535156e+00
-1.474934101104736328e+00
-2.753522634506225586e+00
-3.958874464035034180e+00
-2.941930055618286133e+00
-1.375593900680541992e+00
-3.286387443542480469e+00
-2.223432540893554688e+00
-2.940396785736083984e+00
-2.144355058670043945e+00
-2.635973215103149414e+00
-3.195163965225219727e+00
-2.878501892089843750e+00
-2.606663227081298828e+00
-3.402139663696289062e+00
-3.388129472732543945e+00
-3.493625164031982422e+00
-3.348242759704589844e+00
-2.878432273864746094e+00
-1.835947751998901367e+00
-9.554731249809265137e-01
-2.381241798400878906e+00
-2.257637977600097656e+00
-1.484298825263977051e+00
-1.729878187179565430e+00
-2.310903549194335938e+00
-3.035533428192138672e+00
-3.836228847503662109e+00
-3.199796199798583984e+00
-3.156255960464477539e+00
-2.018587589263916016e+00
-2.484682083129882812e+00
-2.655842542648315430e+00
-1.292785644531250000e+00
-2.434114694595336914e+00
-2.792652845382690430e+00
-2.349743366241455078e+00
-1.303501009941101074e+00
-2.283725500106811523e+00
-2.304580450057983398e+00
-2.322973251342773438e+00
-1.630009770393371582e+00
-2.324771404266357422e+00
-2.084377288818359375e+00
-2.175786972045898438e+00
-2.694461107254028320e+00
-2.618944406509399414e+00
-1.961694121360778809e+00
-6.285454630851745605e-01
-3.080944061279296875e+00
-1.854781270027160645e+00
-3.161459922790527344e+00
-2.655790805816650391e+00
-2.226084709167480469e+00
-7.597073912620544434e-01
-2.103484630584716797e+00
-1.745418190956115723e+00
-2.724278211593627930e+00
-2.029856443405151367e+00
-2.932897090911865234e+00
-1.754837155342102051e+00
-2.431473731994628906e+00
-2.930500030517578125e+00
-2.293107986450195312e+00
-2.420792341232299805e+00
-2.497526168823242188e+00
-3.382571220397949219e+00
-1.379666924476623535e+00
-2.121141433715820312e+00
-2.704576253890991211e+00
-3.358278274536132812e+00
-3.308998823165893555e+00
-2.560773849487304688e+00
-2.104504108428955078e+00
-1.017966866493225098e+00
-2.350781679153442383e+00
-6.655195355415344238e-01
-2.405124187469482422e+00
-2.151470661163330078e+00
-3.001946210861206055e+00
-3.023562431335449219e+00
-2.734586238861083984e+00
-2.872259140014648438e+00
-2.152035951614379883e+00
-1.763629913330078125e+00
-3.404601812362670898e+00
-2.146556138992309570e+00
-1.873479843139648438e+00
-2.717148780822753906e+00
-2.185642242431640625e+00
-3.241737127304077148e+00
-3.539414882659912109e+00
-3.220291376113891602e+00
-3.369869470596313477e+00
-2.762314319610595703e+00
-3.417976856231689453e+00
-1.746377706527709961e+00
-2.384804010391235352e+00
-2.774415016174316406e+00
-2.609439134597778320e+00
-2.254887580871582031e+00
-2.026932716369628906e+00
-3.783085584640502930e+00
-3.132669448852539062e+00
-2.685524463653564453e+00
-2.620256900787353516e+00
-3.422720909118652344e+00
-2.400419950485229492e+00
-3.381233453750610352e+00
-3.291657924652099609e+00
-2.806553542613983154e-01
-3.414219856262207031e+00
-2.002515077590942383e+00
-1.531761884689331055e+00
-2.425433158874511719e+00
-2.306452512741088867e+00
-2.240828990936279297e+00
-3.170675992965698242e+00
-1.466037869453430176e+00
-2.275821924209594727e+00
-3.039225339889526367e+00
-3.487230062484741211e+00
-3.119935512542724609e+00
-1.678832888603210449e+00
-3.100987911224365234e+00
-3.115569114685058594e+00
-2.634443998336791992e+00
-3.579331398010253906e+00
-1.550414681434631348e+00
-3.278283119201660156e+00
-2.588068008422851562e+00
-3.171431779861450195e+00
-2.726367712020874023e+00
-1.984275341033935547e+00
-9.687279462814331055e-01
-3.573278903961181641e+00
-1.896958708763122559e+00
-2.057124853134155273e+00
-1.678920984268188477e+00
-3.001677036285400391e+00
-2.641783475875854492e+00
-2.246927738189697266e+00
-9.148547053337097168e-01
-2.169749021530151367e+00
-2.761802911758422852e+00
-3.516325473785400391e+00
-7.010498642921447754e-01
-2.867676496505737305e+00
-2.061132192611694336e+00
-3.564485788345336914e+00
-2.048199653625488281e+00
-1.610477209091186523e+00
-1.225090980529785156e+00
-1.450935244560241699e+00
-3.782347679138183594e+00
-2.816726446151733398e+00
-1.882616877555847168e+00
-2.937649726867675781e+00
-3.003119945526123047e+00
-3.658765316009521484e+00
-3.393975973129272461e+00
-3.096706390380859375e+00
-2.338644027709960938e+00
-1.985588550567626953e+00
-3.814261913299560547e+00
-2.965142726898193359e+00
-4.110705852508544922e+00
-1.637940168380737305e+00
-3.824022769927978516e+00
-1.601518511772155762e+00
-2.685290575027465820e+00
-9.383096694946289062e-01
-1.501868367195129395e+00
-3.477088689804077148e+00
-3.109442949295043945e+00
-3.127990961074829102e+00
-2.172215938568115234e+00
-3.124368667602539062e+00
-1.323672294616699219e+00
-3.238953113555908203e+00
-2.575598001480102539e+00
-2.906222820281982422e+00
-1.275982856750488281e+00
-2.518013000488281250e+00
-1.778912544250488281e+00
-1.109051108360290527e+00
-1.170976281166076660e+00
-2.020783185958862305e+00
-2.971080064773559570e+00
-2.601661443710327148e+00
-2.367169380187988281e+00
-3.935570955276489258e+00
-2.271666526794433594e+00
-1.450465559959411621e+00
-2.748281240463256836e+00
-2.618929624557495117e+00
-2.499303817749023438e+00
-2.033346414566040039e+00
-3.059343814849853516e+00
-3.847148656845092773e+00
-2.034635782241821289e+00
-2.077520608901977539e+00
-2.188177824020385742e+00
-3.101443052291870117e+00
-2.362865209579467773e+00
-2.995391607284545898e+00
-3.195359706878662109e+00
-2.721854209899902344e+00
-2.231559753417968750e+00
-3.552762031555175781e+00
-2.412547111511230469e+00
-2.142201900482177734e+00
-2.320317268371582031e+00
-2.718079328536987305e+00
-2.985009670257568359e+00
-2.700960874557495117e+00
-3.501662731170654297e+00
-3.124087810516357422e+00
-2.743042707443237305e+00
-2.852730274200439453e+00
-3.388476848602294922e+00
-2.888225555419921875e+00
-2.372127532958984375e+00
-1.933698892593383789e+00
-2.556099891662597656e+00
-3.428199291229248047e+00
-1.979757189750671387e+00
-1.987772226333618164e+00
-3.383277416229248047e+00
-3.607764005661010742e+00
-3.315932750701904297e+00
-3.676764726638793945e+00
-2.601403236389160156e+00
-2.680279016494750977e+00
-2.203155040740966797e+00
-1.498187184333801270e+00
-1.653477191925048828e+00
-3.636916875839233398e+00
-2.211781978607177734e+00
-3.028858184814453125e+00
-3.517026901245117188e+00
-3.011647701263427734e+00
-3.273197412490844727e+00
-3.914816379547119141e+00
-2.829468488693237305e+00
-2.736297845840454102e+00
-3.496037960052490234e+00
-3.476908206939697266e+00
-2.137419700622558594e+00
-3.804811239242553711e+00
-1.374644160270690918e+00
-3.480879783630371094e+00
-3.493246316909790039e+00
-3.884063482284545898e+00
-1.422603964805603027e+00
-1.592014074325561523e+00
-2.945201635360717773e+00
-1.286905407905578613e+00
-1.150642037391662598e+00
-1.187097311019897461e+00
-2.623089790344238281e+00
-1.499199390411376953e+00
-2.533248186111450195e+00
-2.586650848388671875e+00
-9.406645298004150391e-01
-1.534005522727966309e+00
-2.276998043060302734e+00
-9.210465550422668457e-01
-2.304157733917236328e+00
-1.206269502639770508e+00
-2.158023118972778320e+00
-1.295601725578308105e+00
-1.780149102210998535e+00
-2.672266721725463867e+00
-1.659760832786560059e+00
-2.346044301986694336e+00
-2.604821443557739258e+00
-2.238407135009765625e+00
-1.785116910934448242e+00
-9.043204784393310547e-01
-1.726243495941162109e+00
-1.924955248832702637e+00
-1.541174054145812988e+00
-1.273127555847167969e+00
-2.565965890884399414e+00
-2.914485692977905273e+00
-2.569782495498657227e+00
-2.219218254089355469e+00
-2.363779783248901367e+00
-2.041856765747070312e+00
-1.727102875709533691e+00
-1.687199950218200684e+00
-2.064710110425949097e-01
-2.806259870529174805e+00
-1.967092156410217285e+00
-2.602385520935058594e+00
-6.090086698532104492e-01
-1.577067613601684570e+00
-1.817044019699096680e+00
-1.703566789627075195e+00
-1.742975234985351562e+00
-1.973726391792297363e+00
-3.099643230438232422e+00
-3.357800006866455078e+00
-1.621522068977355957e+00
-2.580695390701293945e+00
-2.046968936920166016e+00
-2.812050342559814453e+00
-1.878344535827636719e+00
-2.998335361480712891e+00
-1.158777236938476562e+00
-1.247856974601745605e+00
-3.010733127593994141e+00
-1.658943653106689453e+00
-2.860558986663818359e+00
-2.676550865173339844e+00
-2.505944013595581055e+00
-6.407389789819717407e-02
-3.383431911468505859e+00
-3.139811277389526367e+00
-1.757030248641967773e+00
-3.002653837203979492e+00
-3.286327362060546875e+00
-3.240227222442626953e+00
-1.256902933120727539e+00
-2.877705812454223633e+00
-2.905155897140502930e+00
-1.864846706390380859e+00
-3.152844905853271484e+00
-3.321099996566772461e+00
-2.637107849121093750e+00
-1.969520688056945801e+00
-2.311045408248901367e+00
-3.060852766036987305e+00
-2.746665477752685547e+00
-3.651482105255126953e+00
-1.210747957229614258e+00
-1.702066421508789062e+00
-3.316952943801879883e+00
-2.301161527633666992e+00
-2.922144174575805664e+00
-2.377350091934204102e+00
-2.190307378768920898e+00
-3.466208696365356445e+00
-4.236452102661132812e+00
-1.533130049705505371e+00
-1.969578146934509277e+00
-3.039448976516723633e+00
-3.349904537200927734e+00
-2.646077632904052734e+00
-2.621887207031250000e+00
-1.309672594070434570e+00
-1.828520655632019043e+00
-2.134275436401367188e+00
-2.966003179550170898e+00
-1.216328382492065430e+00
-1.824745893478393555e+00
-2.381357908248901367e+00
-3.591183185577392578e+00
-3.950928688049316406e+00
-1.858888745307922363e+00
-3.065246582031250000e+00
-9.711493253707885742e-01
-9.979205727577209473e-01
-3.257693290710449219e+00
-2.252084493637084961e+00
-1.786570191383361816e+00
-2.514797687530517578e+00
-2.993590593338012695e+00
-1.884928345680236816e+00
-2.319753885269165039e+00
-2.204564094543457031e+00
-2.257068634033203125e+00
-3.130327939987182617e+00
-2.236448287963867188e+00
-2.356033325195312500e+00
-2.835431575775146484e+00
-2.022305488586425781e+00
-1.811102151870727539e+00
-2.686241149902343750e+00
-2.628931045532226562e+00
-2.352300882339477539e+00
-2.124062776565551758e+00
-1.731442451477050781e+00
-1.770793199539184570e+00
-1.513327717781066895e+00
-1.502414703369140625e+00
-2.788452863693237305e+00
-2.922052383422851562e+00
-2.272899627685546875e+00
-2.467458248138427734e+00
-1.939758896827697754e+00
-2.681490182876586914e+00
-1.315667510032653809e+00
-2.423257350921630859e+00
-2.581978559494018555e+00
-2.056608200073242188e+00
-7.423033714294433594e-01
-2.023262023925781250e+00
-2.232029438018798828e+00
-2.445490837097167969e+00
-3.175391912460327148e+00
-7.116327285766601562e-01
-1.787034034729003906e+00
-1.743351578712463379e+00
-2.338541746139526367e+00
-3.165259122848510742e+00
-2.185799121856689453e+00
-2.520133018493652344e+00
-2.529076814651489258e+00
-2.234750032424926758e+00
-3.478754758834838867e+00
-2.097387075424194336e+00
-2.561537027359008789e+00
-2.545028686523437500e+00
-3.114541292190551758e+00
-1.320826292037963867e+00
-2.362690925598144531e+00
-2.998005628585815430e+00
-2.943259000778198242e+00
-2.185266733169555664e+00
-2.524564027786254883e+00
-2.666620731353759766e+00
-4.131036758422851562e+00
-3.160425662994384766e+00
-3.380477428436279297e+00
-2.674730300903320312e+00
-2.222317934036254883e+00
-2.535302877426147461e+00
-3.546747684478759766e+00
-3.149641275405883789e+00
-1.818312644958496094e+00
-1.059815883636474609e+00
-3.413087368011474609e+00
-2.509798765182495117e+00
-1.701747894287109375e+00
-3.162753105163574219e+00
-2.878353118896484375e+00
-2.540011405944824219e+00
-2.830929517745971680e+00
-4.975875318050384521e-01
-3.633958578109741211e+00
-1.916355609893798828e+00
-3.393920421600341797e+00
-2.430152654647827148e+00
-9.542288184165954590e-01
-9.757347106933593750e-01
-2.228376865386962891e+00
-2.801039934158325195e+00
-2.185903072357177734e+00
-1.630405902862548828e+00
-2.911381959915161133e+00
-9.614567756652832031e-01
-1.933141708374023438e+00
-1.087615609169006348e+00
-3.027356386184692383e+00
-3.316957712173461914e+00
-2.834424495697021484e+00
-3.253213405609130859e+00
-1.943308472633361816e+00
-1.455114364624023438e+00
-1.329330921173095703e+00
-3.098269939422607422e+00
-3.277686834335327148e+00
-1.737404942512512207e+00
-2.068863868713378906e+00
-2.771352529525756836e+00
-2.322309732437133789e+00
-2.033415555953979492e+00
-3.293869018554687500e+00
-1.991327285766601562e+00
-8.993172049522399902e-01
-2.354083299636840820e+00
-2.578308820724487305e+00
-1.100558042526245117e+00
-1.936719894409179688e+00
-2.881085872650146484e+00
-3.567763328552246094e+00
-2.175874471664428711e+00
-2.254515886306762695e+00
-3.369576692581176758e+00
-2.300022840499877930e+00
-1.977135181427001953e+00
-2.309191226959228516e+00
-3.286767005920410156e+00
-2.987082242965698242e+00
-2.688983678817749023e+00
-1.068092703819274902e+00
-3.402338981628417969e+00
-4.020475864410400391e+00
-1.796827197074890137e+00
-2.595375537872314453e+00
-2.652371168136596680e+00
-2.193096876144409180e+00
-3.200767993927001953e+00
-2.378345012664794922e+00
-3.136044979095458984e+00
-1.539427042007446289e+00
-3.398630380630493164e+00
-1.628137111663818359e+00
-3.066401481628417969e+00
-1.697860479354858398e+00
-2.698191165924072266e+00
-2.899123430252075195e+00
-3.072643518447875977e+00
-3.630845785140991211e+00
-2.020488977432250977e+00
-2.201657056808471680e+00
-2.789691925048828125e+00
-1.817173957824707031e+00
-1.639093995094299316e+00
-1.800875544548034668e+00
-1.189769148826599121e+00
-1.157979607582092285e+00
-1.543259859085083008e+00
-1.929843664169311523e+00
-2.224544763565063477e+00
-1.685443162918090820e+00
-6.158544421195983887e-01
-2.220366954803466797e+00
-1.402964353561401367e+00
-1.673866987228393555e+00
-1.096762776374816895e+00
-2.176118612289428711e+00
-2.281693458557128906e+00
-2.027417898178100586e+00
-2.576294183731079102e+00
-2.261936187744140625e+00
-1.378334760665893555e+00
-2.453071355819702148e+00
-2.319224476814270020e-01
-9.580413699150085449e-01
-1.603028774261474609e+00
-1.950749635696411133e+00
-9.380648136138916016e-01
-1.194926261901855469e+00
-1.762071251869201660e+00
-1.434770703315734863e+00
-2.370820522308349609e+00
-2.266690015792846680e+00
-1.955512046813964844e+00
-3.171131908893585205e-01
-1.202495813369750977e+00
-2.217453002929687500e+00
-2.569633960723876953e+00
-5.505591034889221191e-01
-7.858663797378540039e-01
-1.723437666893005371e+00
-2.234469175338745117e+00
-1.168998718261718750e+00
-2.460439920425415039e+00
-2.589766740798950195e+00
-1.428112983703613281e+00
-2.598876953125000000e+00
-2.055254220962524414e+00
-3.712768077850341797e+00
-2.949445247650146484e+00
-1.858863234519958496e+00
-2.538000822067260742e+00
-2.903377056121826172e+00
-2.784310340881347656e+00
-3.064695835113525391e+00
-3.511203050613403320e+00
-3.035087823867797852e+00
-1.062319636344909668e+00
-2.962194442749023438e+00
-2.864906549453735352e+00
-2.000854969024658203e+00
-2.013685941696166992e+00
-1.172730922698974609e+00
-2.744633436203002930e+00
-2.652138710021972656e+00
-2.709115982055664062e+00
-2.320997714996337891e+00
-3.053634166717529297e+00
-2.659426212310791016e+00
-3.062139749526977539e+00
-2.212586164474487305e+00
-2.770544767379760742e+00
-3.593949794769287109e+00
-2.480942487716674805e+00
-2.426434040069580078e+00
-2.267083883285522461e+00
-3.023004770278930664e+00
-1.651941895484924316e+00
-2.415351867675781250e+00
-3.242525100708007812e+00
-3.868238210678100586e+00
-1.402605295181274414e+00
-3.381596326828002930e+00
-1.992454171180725098e+00
-2.592635393142700195e+00
-1.851988077163696289e+00
-3.464197397232055664e+00
-3.076840400695800781e+00
-3.588014364242553711e+00
-2.558522701263427734e+00
-2.274584770202636719e+00
-2.084022045135498047e+00
-3.764391899108886719e+00
-3.997154951095581055e+00
-1.809696912765502930e+00
-1.737455964088439941e+00
-3.321602344512939453e+00
-1.686677813529968262e+00
-2.569818735122680664e+00
-3.670754671096801758e+00
-3.882565021514892578e+00
-4.009060859680175781e+00
-3.914681434631347656e+00
-3.113759279251098633e+00
-2.484413623809814453e+00
-2.966142892837524414e+00
-3.685729503631591797e+00
-3.503932714462280273e+00
-2.441800594329833984e+00
-2.188266515731811523e+00
-2.700180292129516602e+00
-1.727338194847106934e+00
-1.690589189529418945e+00
-2.635683298110961914e+00
-1.717988610267639160e+00
-1.781108379364013672e+00
-1.152795910835266113e+00
-1.080578207969665527e+00
-2.703484296798706055e+00
-1.354721665382385254e+00
-1.498990654945373535e+00
-2.269136428833007812e+00
-1.760505676269531250e+00
-2.763843536376953125e+00
-1.756669282913208008e+00
-1.054039359092712402e+00
-3.042752981185913086e+00
-2.506260156631469727e+00
-3.004848957061767578e+00
-1.988517403602600098e+00
-1.118923544883728027e+00
-2.182884216308593750e+00
-1.998515009880065918e+00
-1.105292677879333496e+00
-2.504307031631469727e+00
-1.594337344169616699e+00
-1.903465628623962402e+00
-1.768179535865783691e+00
-2.464548587799072266e+00
-3.099638223648071289e-01
-1.057134270668029785e+00
-1.246128320693969727e+00
-1.148937702178955078e+00
-1.895599246025085449e+00
-1.639115691184997559e+00
-1.337351083755493164e+00
-2.307794094085693359e+00
-2.931316137313842773e+00
-1.413597583770751953e+00
-1.243724584579467773e+00
-1.375513672828674316e+00
-1.448645472526550293e+00
-2.420125007629394531e+00
-1.663180947303771973e+00
-2.930254936218261719e+00
-1.676841855049133301e+00
-1.959557414054870605e+00
-2.088094234466552734e+00
-2.613721370697021484e+00
-1.136416912078857422e+00
-1.220049142837524414e+00
-1.176081538200378418e+00
-1.566240310668945312e+00
-2.302586555480957031e+00
-1.509978652000427246e+00
-2.071223497390747070e+00
-1.403529286384582520e+00
-9.424594640731811523e-01
-1.660277724266052246e+00
-2.499503612518310547e+00
-6.625600457191467285e-01
-2.535961151123046875e+00
-2.628605604171752930e+00
-1.912753224372863770e+00
-1.384350538253784180e+00
-1.895120382308959961e+00
-2.610506296157836914e+00
-2.350913286209106445e+00
-2.235255002975463867e+00
-3.748302698135375977e+00
-2.116713762283325195e+00
-2.419645071029663086e+00
-2.026176452636718750e+00
-2.454364299774169922e+00
-1.584825634956359863e+00
-1.628830909729003906e+00
-2.373989343643188477e+00
-1.389599084854125977e+00
-2.823870897293090820e+00
-1.492039084434509277e+00
-2.186277389526367188e+00
-3.276341915130615234e+00
-1.704934835433959961e+00
-8.684465289115905762e-01
-2.169772624969482422e+00
-2.382157564163208008e+00
-1.155649662017822266e+00
-1.790732741355895996e+00
-2.322057723999023438e+00
-1.836122632026672363e+00
-1.954108595848083496e+00
-8.952282667160034180e-01
-2.198485851287841797e+00
-2.038102388381958008e+00
-2.696325778961181641e+00
-2.496056318283081055e+00
-2.454359292984008789e+00
-6.816511750221252441e-01
-1.769869923591613770e+00
-7.204376459121704102e-01
-1.573973894119262695e+00
-1.171197652816772461e+00
-2.037169218063354492e+00
-9.764986634254455566e-01
-1.171333551406860352e+00
-1.353438854217529297e+00
-2.338701486587524414e+00
-2.122825384140014648e+00
-5.704762935638427734e-01
-1.070963859558105469e+00
-1.523976206779479980e+00
-1.592443943023681641e+00
-8.456199169158935547e-01
-2.278285741806030273e+00
-1.102415680885314941e+00
-1.983217597007751465e+00
-7.721290588378906250e-01
-1.829205632209777832e+00
-2.234576940536499023e+00
-2.520179271697998047e+00
-1.971754431724548340e+00
-2.639790534973144531e+00
-2.442803859710693359e+00
-2.342505693435668945e+00
-3.195468783378601074e-01
-7.838702201843261719e-01
-2.051494598388671875e+00
-2.639959096908569336e+00
-2.471141815185546875e+00
-2.767366647720336914e+00
-2.585457086563110352e+00
-1.703138828277587891e+00
2.216439098119735718e-01
-2.701088666915893555e+00
-1.110544085502624512e+00
-1.755312681198120117e+00
-2.678977489471435547e+00
-6.198387742042541504e-01
-4.625245034694671631e-01
-2.441394567489624023e+00
-9.873884320259094238e-01
-2.754437208175659180e+00
-1.515779256820678711e+00
-2.337713479995727539e+00
-2.046957492828369141e+00
-2.777088165283203125e+00
-2.283339262008666992e+00
-1.683249235153198242e+00
-1.829220175743103027e+00
-2.155566930770874023e+00
-2.455657005310058594e+00
-2.097332000732421875e+00
-7.569813132286071777e-01
-2.419428110122680664e+00
-1.432366967201232910e+00
-2.559768199920654297e+00
-3.117311239242553711e+00
-2.390262842178344727e+00
-2.207402467727661133e+00
-1.585930943489074707e+00
-1.680473566055297852e+00
-2.452706813812255859e+00
-2.461411952972412109e+00
-2.002521753311157227e+00
-2.384308815002441406e+00
-1.700872778892517090e+00
-2.793267011642456055e+00
-2.004017353057861328e+00
-2.212189912796020508e+00
-5.910130143165588379e-01
-1.673180580139160156e+00
-2.171785593032836914e+00
-1.795916199684143066e+00
-9.227222800254821777e-01
-2.052181720733642578e+00
-2.941366434097290039e+00
-2.150028705596923828e+00
-2.365952253341674805e+00
-2.631469249725341797e+00
-2.844648361206054688e+00
-2.960654973983764648e+00
-1.588571518659591675e-01
-1.904786705970764160e+00
-1.624487161636352539e+00
-2.391894578933715820e+00
-2.649664163589477539e+00
-2.024661540985107422e+00
-1.978085875511169434e+00
-2.732358455657958984e+00
-2.953477859497070312e+00
-1.983047485351562500e+00
-1.830172657966613770e+00
-2.766843557357788086e+00
-2.435677289962768555e+00
-2.516104459762573242e+00
-3.052929878234863281e+00
-1.993551492691040039e+00
-1.080309510231018066e+00
-2.620478630065917969e+00
-2.459348201751708984e+00
-2.186430931091308594e+00
-1.864374756813049316e+00
-1.711927175521850586e+00
-2.582337379455566406e+00
-1.905058979988098145e+00
-1.935877084732055664e+00
-2.015193939208984375e+00
-3.351366758346557617e+00
-2.327384948730468750e+00
-1.879917621612548828e+00
-1.177361845970153809e+00
-2.747290611267089844e+00
-2.094954252243041992e+00
-2.541808366775512695e+00
-2.273893833160400391e+00
-1.982489228248596191e+00
-2.502987861633300781e+00
-1.974207997322082520e+00
-1.795437216758728027e+00
-1.595392107963562012e+00
-2.175352334976196289e+00
-1.529948353767395020e+00
-3.169335126876831055e+00
-1.348346590995788574e+00
-2.094919681549072266e+00
-1.033704280853271484e+00
-7.197663187980651855e-01
-6.945911645889282227e-01
-2.557501554489135742e+00
-4.674439728260040283e-01
-1.854643464088439941e+00
-2.045793771743774414e+00
-2.175646305084228516e+00
-2.559678792953491211e+00
-1.021540999412536621e+00
-2.251309156417846680e+00
-2.371213197708129883e+00
-2.589357137680053711e+00
-1.525203704833984375e+00
-2.217565298080444336e+00
-3.079355239868164062e+00
-3.266290426254272461e+00
-2.283599138259887695e+00
-1.407382011413574219e+00
-8.320482969284057617e-01
-2.426838397979736328e+00
-1.864960432052612305e+00
-2.676580190658569336e+00
-1.577402353286743164e+00
-1.424798846244812012e+00
-2.383662223815917969e+00
-3.094051122665405273e+00
-2.054684638977050781e+00
-1.267166614532470703e+00
-3.007285356521606445e+00
-2.108873844146728516e+00
-1.727227687835693359e+00
-8.192905187606811523e-01
-6.215173006057739258e-01
-2.113287925720214844e+00
-1.941491365432739258e+00
-1.821323752403259277e+00
-1.652701139450073242e+00
-2.094829559326171875e+00
-2.351796865463256836e+00
-2.415884733200073242e+00
-1.982726454734802246e+00
-2.224065542221069336e+00
-1.673115015029907227e+00
-1.952074408531188965e+00
-1.835157632827758789e+00
-7.294303178787231445e-01
-1.725933313369750977e+00
-1.953766584396362305e+00
-2.160721540451049805e+00
-2.726010084152221680e+00
-9.199465513229370117e-01
-2.615606546401977539e+00
-1.426875710487365723e+00
-1.894589185714721680e+00
-1.316816687583923340e+00
-2.445488691329956055e+00
-2.348556756973266602e+00
-1.570384383201599121e+00
-2.216103553771972656e+00
-3.199443578720092773e+00
-2.939225912094116211e+00
-7.152926325798034668e-01
-1.733543276786804199e+00
-1.226352095603942871e+00
-1.177824258804321289e+00
-2.365031242370605469e+00
-2.098334312438964844e+00
-1.794765114784240723e+00
-1.668546438217163086e+00
-2.213971138000488281e+00
-2.209574699401855469e+00
-1.210123181343078613e+00
-2.856945753097534180e+00
-3.364537477493286133e+00
-1.424571394920349121e+00
-2.613477230072021484e+00
-1.620085000991821289e+00
-1.994119286537170410e+00
-3.063622951507568359e+00
-2.316450834274291992e+00
-2.648624897003173828e+00
-2.367110252380371094e+00
-2.497162580490112305e+00
-2.529927492141723633e+00
-3.079013109207153320e+00
-2.116255044937133789e+00
-2.039349794387817383e+00
-1.668077826499938965e+00
-2.018095731735229492e+00
-1.045282721519470215e+00
-1.126007437705993652e+00
-1.640852570533752441e+00
-2.295621156692504883e+00
-1.590454101562500000e+00
-1.567741036415100098e+00
-2.944554805755615234e+00
-2.084991693496704102e+00
-2.133706331253051758e+00
-3.086632013320922852e+00
-9.077230095863342285e-01
-1.679431080818176270e+00
-3.660597562789916992e+00
-2.448975086212158203e+00
-2.146723508834838867e+00
-1.509596943855285645e+00
-2.054466485977172852e+00
-2.783517122268676758e+00
-1.305089831352233887e+00
-1.900418043136596680e+00
-2.385992765426635742e+00
-1.373076558113098145e+00
-2.135741710662841797e+00
-1.618161439895629883e+00
-1.490776419639587402e+00
-2.357336521148681641e+00
-2.451515674591064453e+00
-1.886808514595031738e+00
-1.782306671142578125e+00
-1.490103006362915039e+00
-1.289010643959045410e+00
-2.276880025863647461e+00
-1.611813068389892578e+00
-2.202056944370269775e-01
-3.386591196060180664e+00
-2.272545576095581055e+00
-2.636632680892944336e+00
-1.761144518852233887e+00
-9.761561751365661621e-01
-2.480159997940063477e+00
-1.166297554969787598e+00
-3.260004222393035889e-01
-2.065551996231079102e+00
-3.410051107406616211e+00
-8.980283737182617188e-01
-1.634772419929504395e+00
-1.517991304397583008e+00
-2.290842771530151367e+00
-2.593458652496337891e+00
-1.076884627342224121e+00
-2.834765434265136719e+00
-2.282318830490112305e+00
-2.966432809829711914e+00
-3.194062709808349609e+00
-1.955382466316223145e+00
-2.922331571578979492e+00
-2.577859401702880859e+00
-2.835956096649169922e+00
-3.071257829666137695e+00
-1.343380928039550781e+00
-2.559293508529663086e+00
-1.380894541740417480e+00
-2.573862314224243164e+00
-2.166931390762329102e+00
-2.636261701583862305e+00
-1.556531190872192383e+00
-2.753598928451538086e+00
-2.511614084243774414e+00
-2.655673742294311523e+00
-2.125138044357299805e+00
-1.878854155540466309e+00
-2.422832489013671875e+00
-1.569606542587280273e+00
-2.188789129257202148e+00
-1.421256780624389648e+00
-3.284024477005004883e+00
-3.496019601821899414e+00
-1.859828233718872070e+00
-1.867380499839782715e+00
-3.429002046585083008e+00
-2.007642984390258789e+00
-2.819696664810180664e+00
-2.045908212661743164e+00
-3.180569648742675781e+00
-3.272430896759033203e+00
-3.093859434127807617e+00
-1.319884657859802246e+00
-1.859964251518249512e+00
-3.680021762847900391e+00
-1.446889281272888184e+00
-2.766829490661621094e+00
-9.721010327339172363e-01
-2.672071456909179688e+00
-2.797388076782226562e+00
-3.387391328811645508e+00
-2.145584344863891602e+00
-1.874054789543151855e+00
-2.346521377563476562e+00
-3.093811511993408203e+00
-3.689364194869995117e+00
-1.859212756156921387e+00
-1.773548126220703125e+00
-3.079177856445312500e+00
-3.236744642257690430e+00
-2.300910234451293945e+00
-1.999378919601440430e+00
-3.011616945266723633e+00
-2.152073144912719727e+00
-1.635766983032226562e+00
-2.703301668167114258e+00
-2.532119035720825195e+00
-2.632026195526123047e+00
-2.175545215606689453e+00
-2.017318248748779297e+00
-2.915467977523803711e+00
-2.457209825515747070e+00
-2.339447736740112305e+00
-2.502398252487182617e+00
-1.581872344017028809e+00
-1.595818161964416504e+00
-2.842561244964599609e+00
-2.336896896362304688e+00
-3.175311565399169922e+00
-1.996807456016540527e+00
-8.686869144439697266e-01
-2.743028402328491211e+00
-2.063880681991577148e+00
-1.650589585304260254e+00
-2.963410615921020508e+00
-3.097019195556640625e+00
-3.337526559829711914e+00
-4.054484844207763672e+00
-2.249574899673461914e+00
-1.870343446731567383e+00
-1.872072339057922363e+00
-1.204210281372070312e+00
-2.261239528656005859e+00
-2.448325634002685547e+00
-1.344865441322326660e+00
-2.708632230758666992e+00
-1.449176192283630371e+00
-5.725189447402954102e-01
-2.776655435562133789e+00
-1.740656614303588867e+00
-2.252810716629028320e+00
-2.424543619155883789e+00
-1.744255542755126953e+00
-2.526845216751098633e+00
-7.674316167831420898e-01
-1.021999955177307129e+00
-1.163045048713684082e+00
-2.629100561141967773e+00
-2.802917361259460449e-01
-1.561921119689941406e+00
-1.261874079704284668e+00
-2.242157697677612305e+00
-1.212622642517089844e+00
-1.393955588340759277e+00
-2.674880266189575195e+00
-2.074689626693725586e+00
-4.205648601055145264e-01
-1.923303246498107910e+00
-2.154834985733032227e+00
-2.749177455902099609e+00
-1.302988409996032715e+00
-6.436496376991271973e-01
-2.939822435379028320e+00
-3.001778364181518555e+00
-2.858388185501098633e+00
-1.529919028282165527e+00
-1.636447906494140625e+00
-2.969204187393188477e+00
-1.500566482543945312e+00
-9.147101044654846191e-01
-1.407515406608581543e+00
-1.120251774787902832e+00
-2.632641553878784180e+00
-1.798720359802246094e+00
-1.505641579627990723e+00
-2.016975164413452148e+00
-2.093842267990112305e+00
-1.146109580993652344e+00
-2.012836694717407227e+00
-1.467981934547424316e+00
-3.207977771759033203e+00
-1.201323986053466797e+00
-3.629317045211791992e+00
-1.298599362373352051e+00
-2.523110628128051758e+00
-1.873691320419311523e+00
-1.581226706504821777e+00
-1.560859680175781250e+00
-2.981744050979614258e+00
-2.926055908203125000e+00
-1.063094019889831543e+00
-2.096276283264160156e+00
-2.742766141891479492e+00
-2.752452373504638672e+00
-1.321618795394897461e+00
-1.489398717880249023e+00
-2.594963073730468750e+00
-1.257779955863952637e+00
-2.605302572250366211e+00
-3.574998617172241211e+00
-8.486961722373962402e-01
-1.259307265281677246e+00
-1.398162245750427246e+00
-1.537962436676025391e+00
-2.607341051101684570e+00
-2.592577934265136719e+00
-4.596083164215087891e-01
-8.722714781761169434e-01
-3.180459260940551758e+00
-2.464649438858032227e+00
-3.495222330093383789e+00
-2.887158393859863281e+00
-2.322600603103637695e+00
-2.618392229080200195e+00
-1.680396795272827148e+00
-1.807999372482299805e+00
-2.770118236541748047e+00
-1.567133545875549316e+00
-1.348422646522521973e+00
-1.767360806465148926e+00
-2.663176059722900391e+00
-1.877922296524047852e+00
-1.725425481796264648e+00
-2.540674924850463867e+00
-2.776592731475830078e+00
-3.216673135757446289e+00
-2.492525100708007812e+00
-1.679532289505004883e+00
-2.172930955886840820e+00
-2.205834150314331055e+00
-2.657127380371093750e+00
-1.378437042236328125e+00
-3.144882917404174805e+00
-2.102720737457275391e+00
-6.521614789962768555e-01
-2.536714792251586914e+00
-2.206801891326904297e+00
-2.401244640350341797e+00
-2.786411523818969727e+00
-9.731139540672302246e-01
-2.707635879516601562e+00
-2.575598955154418945e+00
-2.662153244018554688e+00
-1.594120383262634277e+00
-7.789047360420227051e-01
-2.115138769149780273e+00
-2.283164978027343750e+00
-1.763566255569458008e+00
-1.564917087554931641e+00
-1.698325395584106445e+00
-2.253928899765014648e+00
-1.154438018798828125e+00
-2.943801641464233398e+00
-2.393936634063720703e+00
-2.092127323150634766e+00
-9.962821602821350098e-01
-2.102411746978759766e+00
-1.977528572082519531e+00
-1.735830903053283691e+00
-3.132243394851684570e+00
-2.989192485809326172e+00
-2.578102111816406250e+00
-2.582868099212646484e+00
-1.918207287788391113e+00
-3.636456251144409180e+00
-2.042716979980468750e+00
-3.165215969085693359e+00
-2.073676824569702148e+00
-2.203570842742919922e+00
-2.008213758468627930e+00
-3.094249486923217773e+00
-2.004854917526245117e+00
-2.213622570037841797e+00
-8.757854700088500977e-01
-2.100838422775268555e+00
-2.271825313568115234e+00
-2.404427766799926758e+00
-2.665785551071166992e+00
-2.138392686843872070e+00
-2.926776170730590820e+00
-1.713297963142395020e+00
-2.283794641494750977e+00
-2.139449119567871094e+00
-3.461330413818359375e+00
-1.690386652946472168e+00
-2.873241662979125977e+00
-2.667836427688598633e+00
-3.472667932510375977e+00
-2.678678274154663086e+00
-2.504533767700195312e+00
-2.288333177566528320e+00
-4.018135547637939453e+00
-3.143655300140380859e+00
-1.960482835769653320e+00
-3.007898092269897461e+00
-2.031405210494995117e+00
-1.533388733863830566e+00
-2.558092355728149414e+00
-1.938097715377807617e+00
-2.035670042037963867e+00
-1.478544592857360840e+00
-3.276061773300170898e+00
-2.528692722320556641e+00
-1.772907257080078125e+00
-2.171666145324707031e+00
-2.800840139389038086e+00
-2.349188804626464844e+00
-1.959242224693298340e+00
-1.683398485183715820e+00
-2.543361425399780273e+00
-2.191935539245605469e+00
-2.164952039718627930e+00
-2.916105747222900391e+00
-1.365590572357177734e+00
-2.062102317810058594e+00
-2.661338567733764648e+00
-2.884428977966308594e+00
-2.570328950881958008e+00
-1.576960682868957520e+00
-2.432842254638671875e+00
-1.833881139755249023e+00
-2.055147647857666016e+00
-8.619853258132934570e-01
-8.133223056793212891e-01
-1.805882334709167480e+00
-3.458944082260131836e+00
-2.080184698104858398e+00
-1.415955424308776855e+00
-1.978032231330871582e+00
-2.279823064804077148e+00
-2.859681844711303711e+00
-2.675796985626220703e+00
-1.492158651351928711e+00
-7.217084765434265137e-01
-2.588793992996215820e+00
-2.050220966339111328e+00
-2.597222566604614258e+00
-2.746906518936157227e+00
-2.386646509170532227e+00
-1.344986081123352051e+00
-2.238490343093872070e+00
-2.306909322738647461e+00
-2.917992353439331055e+00
-3.572608232498168945e+00
-1.975054860115051270e+00
-1.791804790496826172e+00
-1.791882753372192383e+00
-2.708723306655883789e+00
-3.027952194213867188e+00
-2.448457241058349609e+00
-3.263166904449462891e+00
-3.249063491821289062e+00
-1.564847946166992188e+00
-2.226752519607543945e+00
-2.653882741928100586e+00
-2.853990554809570312e+00
-3.371148824691772461e+00
-2.288702964782714844e+00
-3.076249599456787109e+00
-3.055422782897949219e+00
-2.529225349426269531e+00
-2.622648477554321289e+00
-2.502290010452270508e+00
-1.978965282440185547e+00
-2.840488433837890625e+00
-2.792687177658081055e+00
-4.024630546569824219e+00
-2.122933864593505859e+00
-2.604880571365356445e+00
-3.660217523574829102e+00
-3.701715946197509766e+00
-3.910107374191284180e+00
-2.336805105209350586e+00
-1.785512924194335938e+00
-1.847425222396850586e+00
-3.690294742584228516e+00
-4.103816032409667969e+00
-2.245003938674926758e+00
-1.803170323371887207e+00
-3.187050342559814453e+00
-3.939568519592285156e+00
-2.857753038406372070e+00
-3.029190301895141602e+00
-2.599736928939819336e+00
-1.046682238578796387e+00
-2.209967851638793945e+00
-3.787370324134826660e-01
-1.580894589424133301e+00
-2.815527200698852539e+00
-1.506486773490905762e+00
-2.239641666412353516e+00
-2.063694953918457031e+00
-2.370469331741333008e+00
-1.755003690719604492e+00
-1.959414482116699219e+00
-2.676461219787597656e+00
-1.042012095451354980e+00
-1.342590093612670898e+00
-1.530078172683715820e+00
-2.187946319580078125e+00
-2.579128026962280273e+00
-2.044695377349853516e+00
-7.591115832328796387e-01
-3.393396139144897461e+00
-1.512260079383850098e+00
-2.558224916458129883e+00
-2.281639099121093750e+00
-3.412855565547943115e-01
-3.146171569824218750e+00
-1.841081857681274414e+00
-9.207029938697814941e-01
-3.399717092514038086e+00
-9.767259359359741211e-01
-1.994415998458862305e+00
-1.949800252914428711e+00
-1.623047232627868652e+00
-2.339710712432861328e+00
-1.568751454353332520e+00
-2.265007495880126953e+00
-2.455260276794433594e+00
-2.027500152587890625e+00
-2.477218389511108398e+00
-1.340222358703613281e+00
-2.136675119400024414e+00
-1.900278329849243164e+00
-2.291502475738525391e+00
-2.403311491012573242e+00
-6.362546682357788086e-01
4.464016109704971313e-02
-1.840351894497871399e-02
-1.736520886421203613e+00
-1.925156831741333008e+00
2.559086382389068604e-01
-5.154588818550109863e-01
-1.783766627311706543e+00
-2.610993862152099609e+00
-3.893079757690429688e-01
-1.048750519752502441e+00
-1.415015459060668945e+00
-1.802492856979370117e+00
-1.029038310050964355e+00
-1.287719249725341797e+00
-1.877282261848449707e+00
-1.003363490104675293e+00
-7.210643589496612549e-02
-9.190281033515930176e-01
-2.422789573669433594e+00
-1.025308489799499512e+00
-6.562632322311401367e-01
-1.379553079605102539e+00
-6.314598321914672852e-01
-3.762842118740081787e-01
-1.255133509635925293e+00
-2.041471958160400391e+00
-5.910664796829223633e-01
-1.331166028976440430e+00
-2.128559589385986328e+00
-1.309577822685241699e+00
-2.440972089767456055e+00
-1.604212164878845215e+00
-1.425584256649017334e-01
-1.398562669754028320e+00
-1.518903851509094238e+00
-1.499894976615905762e+00
-1.383658528327941895e+00
-1.673174738883972168e+00
-9.738194942474365234e-01
-9.241898059844970703e-01
-1.389706492424011230e+00
-2.108760833740234375e+00
-1.453032374382019043e+00
-5.995565056800842285e-01
-1.111835837364196777e+00
2.552461624145507812e-01
-7.821345329284667969e-01
-2.354524612426757812e+00
-1.059786915779113770e+00
-1.537715196609497070e+00
-1.081208348274230957e+00
-1.640435099601745605e+00
-2.404143810272216797e+00
-1.164934635162353516e+00
-2.488033533096313477e+00
-1.407648444175720215e+00
-2.064929485321044922e+00
-1.603043079376220703e+00
-3.273697376251220703e+00
-1.179293870925903320e+00
-1.608118653297424316e+00
-1.063769459724426270e+00
-8.658417463302612305e-01
-2.432401895523071289e+00
-1.239419460296630859e+00
-1.453473448753356934e+00
-9.513700604438781738e-01
-2.606943368911743164e+00
-2.355373144149780273e+00
-1.726456046104431152e+00
-1.444023609161376953e+00
-2.287253618240356445e+00
-2.397071123123168945e+00
-2.322244882583618164e+00
-1.552233815193176270e+00
-1.535637617111206055e+00
-2.048016071319580078e+00
-2.418819904327392578e+00
-9.669995307922363281e-01
-2.457582712173461914e+00
-1.831974148750305176e+00
-2.023683309555053711e+00
-2.714211463928222656e+00
-2.464190006256103516e+00
-2.950521707534790039e+00
-2.557032346725463867e+00
-2.189328670501708984e+00
-1.887824773788452148e+00
-1.025605440139770508e+00
-3.572543859481811523e+00
-2.326202154159545898e+00
-2.316986322402954102e+00
-2.202510595321655273e+00
-2.100422382354736328e+00
-2.136263847351074219e+00
-2.162774324417114258e+00
-1.433747768402099609e+00
-2.498056888580322266e+00
-3.821160495281219482e-01
-1.286661863327026367e+00
-6.565203666687011719e-01
-1.895704984664916992e+00
-1.612055778503417969e+00
-2.213813304901123047e+00
-3.371516227722167969e+00
-3.730001211166381836e+00
-3.046797752380371094e+00
-4.619486331939697266e+00
-3.059657812118530273e+00
-2.078000783920288086e+00
-1.987072110176086426e+00
-2.471430063247680664e+00
-1.122615814208984375e+00
-4.166350841522216797e+00
-2.637683153152465820e+00
-2.671190500259399414e+00
-2.213173627853393555e+00
-2.398995637893676758e+00
-2.630069494247436523e+00
-2.339505434036254883e+00
-2.341555356979370117e+00
-2.245005846023559570e+00
-3.007077693939208984e+00
-1.675499320030212402e+00
-3.252933502197265625e+00
-1.468967318534851074e+00
-2.980731248855590820e+00
-7.559030055999755859e-01
-1.960617184638977051e+00
-1.535160541534423828e+00
-2.366361856460571289e+00
-3.036459922790527344e+00
-2.451560258865356445e+00
-2.847238779067993164e+00
-1.651672363281250000e+00
-3.278215885162353516e+00
-2.480601072311401367e+00
-2.051866769790649414e+00
-2.375479221343994141e+00
-2.442029237747192383e+00
-2.258408069610595703e+00
-2.770070552825927734e+00
-3.995538353919982910e-01
-3.529236614704132080e-01
-2.230322360992431641e+00
-2.671405792236328125e+00
-1.633461236953735352e+00
-2.478105306625366211e+00
-2.362519502639770508e+00
-3.284387826919555664e+00
-2.681311368942260742e+00
-3.383332490921020508e+00
-2.406506299972534180e+00
-2.434214591979980469e+00
-3.085274219512939453e+00
-2.365475177764892578e+00
-2.567018985748291016e+00
-3.265204668045043945e+00
-1.627171277999877930e+00
-2.052723884582519531e+00
-3.162680149078369141e+00
-2.739307641983032227e+00
-1.264299869537353516e+00
-2.461349964141845703e+00
-3.724579334259033203e+00
-2.370771884918212891e+00
-9.222999811172485352e-01
-2.528782844543457031e+00
-2.371619939804077148e+00
-1.190429329872131348e+00
-3.799015522003173828e+00
-3.266622781753540039e+00
-3.535967588424682617e+00
-1.387354254722595215e+00
-2.728763103485107422e+00
-4.429849684238433838e-01
-1.632030725479125977e+00
-2.703799724578857422e+00
-1.342157483100891113e+00
-2.328408956527709961e+00
-9.274992942810058594e-01
-3.546989202499389648e+00
-3.831480979919433594e+00
-2.595959424972534180e+00
-1.659165024757385254e+00
-2.755344390869140625e+00
-2.800616741180419922e+00
-2.936854362487792969e+00
-1.748759150505065918e+00
-2.205869674682617188e+00
-2.552882432937622070e+00
-1.772354006767272949e+00
-2.656772613525390625e+00
-1.250678181648254395e+00
-2.687898397445678711e+00
-2.051718711853027344e+00
-2.160314321517944336e+00
-1.723651409149169922e+00
-2.596387386322021484e+00
-3.333546400070190430e+00
-3.232136487960815430e+00
-2.325434207916259766e+00
-2.570265054702758789e+00
-1.672436475753784180e+00
-1.921723246574401855e+00
-3.190640926361083984e+00
-1.619369268417358398e+00
-2.771507740020751953e+00
-3.395728111267089844e+00
-2.555395603179931641e+00
-2.094408988952636719e+00
-1.854891061782836914e+00
-3.095029830932617188e+00
-3.426995277404785156e+00
-2.322591066360473633e+00
-1.175338745117187500e+00
-5.255814194679260254e-01
-1.908539414405822754e+00
-3.398971557617187500e+00
-2.796779632568359375e+00
-2.771102428436279297e+00
-1.429292678833007812e+00
-3.205375194549560547e+00
-2.888099193572998047e+00
-2.079762458801269531e+00
-3.318110704421997070e+00
-2.715801477432250977e+00
-1.776211977005004883e+00
-2.630392789840698242e+00
-2.958868741989135742e+00
-2.462529182434082031e+00
-2.910398244857788086e+00
-2.904294490814208984e+00
-1.644188404083251953e+00
-2.470729827880859375e+00
-3.005810499191284180e+00
-2.980604171752929688e+00
-3.271343469619750977e+00
-3.868949174880981445e+00
-3.711641311645507812e+00
-1.566482782363891602e+00
-3.038875341415405273e+00
-2.205579280853271484e+00
-2.592110157012939453e+00
-1.416210174560546875e+00
-3.361582994461059570e+00
-2.674931764602661133e+00
-2.154810190200805664e+00
-1.815708160400390625e+00
-2.804207563400268555e+00
-1.647968649864196777e+00
-2.377170562744140625e+00
-1.315623283386230469e+00
-1.965746164321899414e+00
-2.280635833740234375e+00
-2.297124147415161133e+00
-3.238751173019409180e+00
-3.373739480972290039e+00
-1.011530041694641113e+00
-9.044157862663269043e-01
-1.726394534111022949e+00
-3.506746053695678711e+00
-1.368414163589477539e+00
-1.555230855941772461e+00
-3.399062871932983398e+00
-2.024804592132568359e+00
-2.782814264297485352e+00
-3.459876298904418945e+00
-2.523948907852172852e+00
-2.190203428268432617e+00
-2.754713058471679688e+00
-1.579153656959533691e+00
-3.102324724197387695e+00
-2.315135240554809570e+00
-1.982555985450744629e+00
-1.718524813652038574e+00
-2.401010751724243164e+00
-2.949560403823852539e+00
-3.284913539886474609e+00
-1.402737021446228027e+00
-2.303016901016235352e+00
-3.894257545471191406e+00
-1.914534807205200195e+00
-3.188091516494750977e+00
-3.224325895309448242e+00
-3.789536714553833008e+00
-1.572757720947265625e+00
-2.440507173538208008e+00
-2.691477775573730469e+00
-3.134816408157348633e+00
-2.381694793701171875e+00
-2.187553644180297852e+00
-2.820321559906005859e+00
-2.197556018829345703e+00
-3.562687158584594727e+00
-1.498399972915649414e+00
-2.609770298004150391e+00
-3.233589410781860352e+00
-2.205549001693725586e+00
-1.653129220008850098e+00
-2.151887893676757812e+00
-2.779458284378051758e+00
-2.448486566543579102e+00
-3.137052059173583984e+00
-1.482449531555175781e+00
-2.625604867935180664e+00
-1.851177453994750977e+00
-2.835655689239501953e+00
-1.273416638374328613e+00
-1.395165324211120605e+00
-2.182387590408325195e+00
-1.251755952835083008e+00
-3.914665937423706055e+00
-3.019398212432861328e+00
-1.542159557342529297e+00
-2.740915775299072266e+00
-2.330555677413940430e+00
-1.780286908149719238e+00
-1.221446633338928223e+00
-1.595545053482055664e+00
-9.908871054649353027e-01
-1.737007021903991699e+00
-2.247771978378295898e+00
-1.406377315521240234e+00
-2.824153423309326172e+00
-3.444304227828979492e+00
-2.958945274353027344e+00
-1.173536658287048340e+00
-2.225164651870727539e+00
-2.547560930252075195e+00
-1.817762017250061035e+00
-3.314795494079589844e+00
-3.234810352325439453e+00
-2.696301937103271484e+00
-3.081939220428466797e+00
-1.899043798446655273e+00
-1.551235437393188477e+00
-2.117456436157226562e+00
-2.561746358871459961e+00
-1.393454074859619141e+00
-2.313439130783081055e+00
-3.115045309066772461e+00
-2.390634775161743164e+00
-3.676283359527587891e+00
-3.204447507858276367e+00
-2.021314859390258789e+00
-2.613945484161376953e+00
-6.890925168991088867e-01
-2.531772375106811523e+00
-2.574149847030639648e+00
-3.095780849456787109e+00
-4.304463386535644531e+00
-2.237987995147705078e+00
-2.570554494857788086e+00
-4.140801429748535156e+00
-1.553888440132141113e+00
-2.602674245834350586e+00
-2.906992673873901367e+00
-2.335140466690063477e+00
-7.377676367759704590e-01
-3.079876661300659180e+00
-4.084394454956054688e+00
-1.936488509178161621e+00
-2.427680253982543945e+00
-2.411518335342407227e+00
-2.600428819656372070e+00
-2.544903039932250977e+00
-2.174242734909057617e+00
-2.412761926651000977e+00
-2.790136814117431641e+00
-2.515416860580444336e+00
-3.580119848251342773e+00
-2.962794303894042969e+00
-2.066265583038330078e+00
-2.728477478027343750e+00
-2.432252883911132812e+00
-3.223581552505493164e+00
-2.846312522888183594e+00
-2.496190786361694336e+00
-1.154231786727905273e+00
-1.998116731643676758e+00
-1.279146790504455566e+00
-2.496495485305786133e+00
-2.557187080383300781e+00
-2.837282896041870117e+00
-2.881147861480712891e+00
-2.484716653823852539e+00
-3.142271041870117188e+00
-1.942778706550598145e+00
-3.460305452346801758e+00
-2.253115653991699219e+00
-1.599200725555419922e+00
-2.269393682479858398e+00
-2.044734001159667969e+00
-2.622936248779296875e+00
-3.805182218551635742e+00
-2.484600782394409180e+00
-2.691870927810668945e+00
-2.617326974868774414e+00
-2.671291112899780273e+00
-1.619348645210266113e+00
-7.854717373847961426e-01
-1.716274619102478027e+00
-2.860527276992797852e+00
-2.813904762268066406e+00
-9.806326031684875488e-01
-3.220393180847167969e+00
-3.048885107040405273e+00
-2.767597198486328125e+00
-2.675243854522705078e+00
-2.555952310562133789e+00
-2.698915243148803711e+00
-4.178244590759277344e+00
-1.336414217948913574e+00
-1.949767112731933594e+00
-1.382983088493347168e+00
-2.660763025283813477e+00
-3.865778207778930664e+00
-3.080240488052368164e+00
-3.272701263427734375e+00
-2.003943443298339844e+00
-1.248016357421875000e+00
-2.593391418457031250e+00
-2.313453912734985352e+00
-2.272600173950195312e+00
-4.109825134277343750e+00
-3.238529443740844727e+00
-4.240963459014892578e+00
-2.075358867645263672e+00
-3.959144592285156250e+00
-4.194116115570068359e+00
-1.219683170318603516e+00
-2.485922098159790039e+00
-3.385453224182128906e+00
-3.458456039428710938e+00
-2.816091299057006836e+00
-3.491489887237548828e+00
-3.568849086761474609e+00
-2.858211755752563477e+00
-2.595442295074462891e+00
-3.246344327926635742e+00
-2.512199163436889648e+00
-2.398240089416503906e+00
-2.072157859802246094e+00
-2.105667352676391602e+00
-3.611025810241699219e+00
-2.059087038040161133e+00
-3.152578830718994141e+00
-3.512944221496582031e+00
-1.670552611351013184e+00
-2.837034702301025391e+00
-1.204766750335693359e+00
-2.017116308212280273e+00
-3.220455884933471680e+00
-2.564460039138793945e+00
-1.156619191169738770e+00
-2.212786197662353516e+00
-3.433756828308105469e+00
-2.024435043334960938e+00
-3.051995515823364258e+00
-1.316661953926086426e+00
-2.862308263778686523e+00
-2.357313632965087891e+00
-2.741153240203857422e+00
-1.153045415878295898e+00
-2.297847032546997070e+00
-1.171508312225341797e+00
-2.970514774322509766e+00
-3.224992036819458008e+00
-2.139548540115356445e+00
-2.117148637771606445e+00
-3.170399188995361328e+00
-3.257288694381713867e+00
-2.173079490661621094e+00
-2.947368621826171875e+00
-5.290498733520507812e-01
-3.102500200271606445e+00
-2.535417795181274414e+00
-3.062925577163696289e+00
-2.893027544021606445e+00
-2.982722520828247070e+00
-3.119020938873291016e+00
-1.661925911903381348e+00
-2.554674148559570312e+00
-1.298084855079650879e+00
-2.404648065567016602e+00
-3.286027908325195312e+00
-3.509527444839477539e+00
-2.594849109649658203e+00
-4.179694175720214844e+00
-3.275454521179199219e+00
-2.237666130065917969e+00
-2.574485301971435547e+00
-1.779463887214660645e+00
-2.592534780502319336e+00
-2.340944290161132812e+00
-3.091862678527832031e+00
-3.359953403472900391e+00
-3.713028192520141602e+00
-3.795155048370361328e+00
-2.616798639297485352e+00
-1.623842954635620117e+00
-3.221455335617065430e+00
-2.763301134109497070e+00
-3.221858024597167969e+00
-2.378284215927124023e+00
-2.550057888031005859e+00
-2.718545198440551758e+00
-2.528174400329589844e+00
-1.610996723175048828e+00
-2.403718471527099609e+00
-2.965126276016235352e+00
-2.578155755996704102e+00
-2.185433387756347656e+00
-2.814382314682006836e+00
-5.091471672058105469e-01
-2.733029842376708984e+00
-3.187793493270874023e+00
-1.492569208145141602e+00
-2.853370189666748047e+00
-2.384315490722656250e+00
-2.842600584030151367e+00
-1.632056713104248047e+00
-2.657198429107666016e+00
-2.032243251800537109e+00
-1.954144001007080078e+00
-1.840119242668151855e+00
-2.172618389129638672e+00
-1.842715978622436523e+00
-7.050368189811706543e-01
-2.747855424880981445e+00
-3.272812366485595703e+00
-3.383411169052124023e+00
-3.408957481384277344e+00
-2.996617555618286133e+00
-2.879465341567993164e+00
-3.114352464675903320e+00
-1.937463283538818359e+00
-1.824779152870178223e+00
-3.316273212432861328e+00
-2.145269393920898438e+00
-2.501209020614624023e+00
-1.960819840431213379e+00
-3.100391387939453125e+00
-2.675499677658081055e+00
-3.399807691574096680e+00
-1.277515411376953125e+00
-2.806565046310424805e+00
-2.487112760543823242e+00
-7.694830894470214844e-01
-2.937477588653564453e+00
-3.480573177337646484e+00
-3.776307821273803711e+00
-1.871124386787414551e+00
-2.292927026748657227e+00
-3.529602289199829102e+00
-2.622393369674682617e+00
-1.139604926109313965e+00
-1.342621922492980957e+00
-2.673478603363037109e+00
-3.486709117889404297e+00
-2.534279823303222656e+00
-2.894835948944091797e+00
-1.937958836555480957e+00
-1.625090122222900391e+00
-3.191499233245849609e+00
-3.922769308090209961e+00
-9.541308879852294922e-01
-2.266983032226562500e+00
-3.201702833175659180e+00
-2.634324312210083008e+00
-2.057297706604003906e+00
-1.638932347297668457e+00
-4.902952313423156738e-01
-2.889263153076171875e+00
-2.138049364089965820e+00
-2.237995624542236328e+00
-1.694687843322753906e+00
-1.960844397544860840e+00
-2.587821722030639648e+00
-1.685453534126281738e+00
-1.443866252899169922e+00
-2.732200145721435547e+00
-2.186409950256347656e+00
-2.497305631637573242e+00
-2.013637781143188477e+00
-2.293414354324340820e+00
-3.151580333709716797e+00
-2.602739334106445312e+00
-2.522216558456420898e+00
-2.483511209487915039e+00
-2.665935277938842773e+00
-1.788284927606582642e-01
-2.152899742126464844e+00
-3.490790367126464844e+00
-2.677885532379150391e+00
-2.937732219696044922e+00
-2.750519275665283203e+00
-4.364151477813720703e+00
-3.843947410583496094e+00
-4.140402793884277344e+00
-2.201036214828491211e+00
-2.104101419448852539e+00
-4.308179855346679688e+00
-4.229065418243408203e+00
-3.707387208938598633e+00
-2.525207757949829102e+00
-4.101100921630859375e+00
-3.163573265075683594e+00
-1.415450930595397949e+00
-2.871292114257812500e+00
-4.381142616271972656e+00
-3.301416873931884766e+00
-2.209489583969116211e+00
-1.172896027565002441e+00
-3.591259717941284180e+00
-3.313169956207275391e+00
-1.862997055053710938e+00
-2.409054517745971680e+00
-2.879254579544067383e+00
-3.162174940109252930e+00
-3.214952945709228516e+00
-1.252040743827819824e+00
-3.383397817611694336e+00
-1.346846938133239746e+00
-3.160174608230590820e+00
-2.124770879745483398e+00
-4.255949854850769043e-01
-2.301423072814941406e+00
-1.174889922142028809e+00
-2.220273256301879883e+00
-3.190497636795043945e+00
-1.206701040267944336e+00
-2.230730533599853516e+00
-1.963929176330566406e+00
-2.924320220947265625e+00
-7.025523185729980469e-01
-2.978602051734924316e-01
-2.525548458099365234e+00
-2.485644817352294922e+00
-1.512918829917907715e+00
-2.426224231719970703e+00
5.802039802074432373e-02
-2.014980792999267578e+00
-7.745957374572753906e-01
-2.985656499862670898e+00
-2.356297731399536133e+00
-1.430750489234924316e+00
-2.029325485229492188e+00
-1.017033338546752930e+00
-1.814045429229736328e+00
-2.701751232147216797e+00
-1.516899347305297852e+00
-2.401210308074951172e+00
-1.597474098205566406e+00
-2.408067703247070312e+00
6.317286938428878784e-02
-1.318249821662902832e+00
-7.578393816947937012e-01
-2.607271909713745117e+00
-2.092424392700195312e+00
-1.946085214614868164e+00
-2.304635524749755859e+00
-4.024627685546875000e+00
-1.755702018737792969e+00
-2.791648864746093750e+00
-2.631213665008544922e+00
-2.469335317611694336e+00
-2.402137041091918945e+00
-1.592217326164245605e+00
-3.016739368438720703e+00
-2.279031991958618164e+00
-4.459788203239440918e-01
-3.821277856826782227e+00
-1.710912585258483887e+00
-3.148701190948486328e+00
-1.032483458518981934e+00
-3.565558195114135742e+00
-1.935370206832885742e+00
-2.914347410202026367e+00
-2.371049642562866211e+00
-2.855219125747680664e+00
-1.770423173904418945e+00
-1.462015509605407715e+00
-2.254778146743774414e+00
-3.294679880142211914e+00
-2.736471176147460938e+00
-1.672111868858337402e+00
-9.878050088882446289e-01
-1.742652654647827148e+00
-2.256650209426879883e+00
-2.644164323806762695e+00
-1.791567802429199219e+00
-2.166096210479736328e+00
-9.069432020187377930e-01
-3.631848812103271484e+00
-1.642745971679687500e+00
-2.194826602935791016e+00
-1.766134381294250488e+00
-1.428092002868652344e+00
-1.137870430946350098e+00
-3.056572914123535156e+00
-2.532459735870361328e+00
-2.661410093307495117e+00
-5.970227718353271484e-01
-1.290451169013977051e+00
-1.480625152587890625e+00
-1.648693442344665527e+00
-2.173074245452880859e+00
-2.401442050933837891e+00
-1.755928277969360352e+00
-1.041301131248474121e+00
-1.213369727134704590e+00
-1.571025371551513672e+00
-2.394436597824096680e+00
-1.987701058387756348e+00
-1.277368068695068359e+00
-2.264448642730712891e+00
-3.091613292694091797e+00
-2.793938398361206055e+00
-1.655720472335815430e+00
-3.063319921493530273e+00
-1.276008486747741699e+00
-2.012888908386230469e+00
-4.878941774368286133e-01
-2.148247480392456055e+00
-3.389385700225830078e+00
-2.137325763702392578e+00
-6.156543493270874023e-01
-2.299781799316406250e+00
-2.887458562850952148e+00
-1.626690745353698730e+00
-1.335359811782836914e+00
-2.919197797775268555e+00
-2.572739124298095703e+00
-2.579568862915039062e+00
-1.410773277282714844e+00
-2.279391527175903320e+00
-2.107631444931030273e+00
-1.538121104240417480e+00
-2.121366739273071289e+00
-3.373818159103393555e+00
-2.368697404861450195e+00
-1.496244668960571289e+00
-1.504786491394042969e+00
-2.305422306060791016e+00
-1.554196357727050781e+00
-2.480806112289428711e+00
-2.071604967117309570e+00
-1.689763545989990234e+00
-1.771714448928833008e+00
-2.094377517700195312e+00
-1.768040180206298828e+00
-2.004377841949462891e+00
-3.539546012878417969e+00
-3.157720327377319336e+00
-2.958059072494506836e+00
-3.370661020278930664e+00
-1.891059398651123047e+00
-3.476365566253662109e+00
-1.731323957443237305e+00
-2.871054887771606445e+00
-3.511694669723510742e+00
-2.806392192840576172e+00
-3.378031730651855469e+00
-2.075140714645385742e+00
-2.932713270187377930e+00
-3.119854450225830078e+00
-1.567955255508422852e+00
-2.698675155639648438e+00
-1.958858728408813477e+00
-9.121137261390686035e-01
-3.186087846755981445e+00
-1.443477392196655273e+00
-2.374319076538085938e+00
-2.174515724182128906e+00
-1.750291705131530762e+00
-2.293065786361694336e+00
-1.802402019500732422e+00
-2.801934003829956055e+00
-2.163925170898437500e+00
-6.916448473930358887e-01
-3.361791610717773438e+00
-2.809823274612426758e+00
-2.348437070846557617e+00
-2.825735569000244141e+00
-1.521385908126831055e+00
-1.403339147567749023e+00
-1.429608106613159180e+00
-2.347180128097534180e+00
-2.512902259826660156e+00
-2.077248811721801758e+00
-1.112389922142028809e+00
-3.513748884201049805e+00
-3.479479551315307617e+00
-2.735537528991699219e+00
-1.155594468116760254e+00
-1.653783679008483887e+00
-1.552582144737243652e+00
-2.279316902160644531e+00
-1.383541107177734375e+00
-2.359074354171752930e+00
-1.125618577003479004e+00
-2.419339895248413086e+00
-2.460281848907470703e+00
-1.781650662422180176e+00
-3.179183483123779297e+00
-1.348809480667114258e+00
-1.597958087921142578e+00
-2.585558414459228516e+00
-2.565755128860473633e+00
-3.192105054855346680e+00
-2.456121444702148438e+00
-3.313601732254028320e+00
-2.759254455566406250e+00
-2.072671651840209961e+00
-1.093345761299133301e+00
-2.086903810501098633e+00
-3.502080202102661133e+00
-3.879280805587768555e+00
-1.935293197631835938e+00
-1.957835316658020020e+00
-2.585440397262573242e+00
-2.814297914505004883e+00
-1.959095358848571777e+00
-2.098103046417236328e+00
-1.506877303123474121e+00
-2.916484355926513672e+00
-2.095056056976318359e+00
-2.765564441680908203e+00
-2.425871372222900391e+00
-2.396728277206420898e+00
-2.093663692474365234e+00
-2.777771472930908203e+00
-2.315980672836303711e+00
-2.460931539535522461e+00
-2.557868003845214844e+00
-2.962441444396972656e+00
-2.401967763900756836e+00
-2.183552503585815430e+00
-1.748290419578552246e+00
-3.890125751495361328e+00
-3.062349319458007812e+00
-9.762173891067504883e-01
-2.036436080932617188e+00
-2.079092502593994141e+00
-3.418594360351562500e+00
-2.338818311691284180e+00
-1.336104631423950195e+00
-2.447359323501586914e+00
-1.662061214447021484e+00
-2.414471149444580078e+00
-2.217895746231079102e+00
-2.935727834701538086e+00
-2.604923248291015625e+00
-1.976495862007141113e+00
-1.130147218704223633e+00
-2.727294206619262695e+00
-2.793640375137329102e+00
-1.801470756530761719e+00
-2.376180171966552734e+00
-1.986849784851074219e+00
-1.502096772193908691e+00
-3.942862272262573242e+00
-2.489332914352416992e+00
-4.039357662200927734e+00
-2.104384899139404297e+00
-2.897751331329345703e+00
-2.531224727630615234e+00
-2.724745512008666992e+00
-2.985369920730590820e+00
-2.711424589157104492e+00
-2.357664346694946289e+00
-2.895920753479003906e+00
-3.460944175720214844e+00
-3.896269083023071289e+00
-1.321635723114013672e+00
-1.690333604812622070e+00
-3.009108066558837891e+00
-3.287411689758300781e+00
-1.214342594146728516e+00
-2.970975399017333984e+00
-2.722061157226562500e+00
-9.640648961067199707e-01
-2.332894086837768555e+00
-1.250349402427673340e+00
-8.594681024551391602e-01
-2.168866872787475586e+00
-1.449433207511901855e+00
-1.444073796272277832e+00
-2.493813276290893555e+00
-2.150145769119262695e+00
-1.273140668869018555e+00
-2.298651456832885742e+00
-1.951495051383972168e+00
-9.277163147926330566e-01
-8.921166658401489258e-01
-3.060299873352050781e+00
-4.510206282138824463e-01
-1.288647890090942383e+00
-1.456283211708068848e+00
-2.261609077453613281e+00
-1.974876761436462402e+00
-1.622364997863769531e+00
-1.492658376693725586e+00
-1.888104677200317383e+00
-2.211876630783081055e+00
-1.188140392303466797e+00
-5.878742784261703491e-03
-2.516299724578857422e+00
-1.498634338378906250e+00
-4.030578732490539551e-01
-1.802706956863403320e+00
-1.782308459281921387e+00
-1.846598029136657715e+00
-1.474268436431884766e+00
-2.977846860885620117e+00
-2.667733430862426758e+00
-9.281028509140014648e-01
-2.170752286911010742e+00
-2.474356412887573242e+00
-1.552961468696594238e+00
-1.906232595443725586e+00
-2.107620477676391602e+00
-2.234499216079711914e+00
-3.493887901306152344e+00
-2.525704860687255859e+00
-7.875714898109436035e-01
-1.829590082168579102e+00
-3.752016544342041016e+00
-1.950946211814880371e+00
-1.186352610588073730e+00
-1.024285674095153809e+00
-3.296104431152343750e+00
-9.967498183250427246e-01
-2.860572576522827148e+00
-2.736893415451049805e+00
-3.228293895721435547e+00
-2.075181007385253906e+00
-2.389923334121704102e+00
-1.508286118507385254e+00
-2.286627054214477539e+00
-2.583464622497558594e+00
-1.105417966842651367e+00
-2.348228216171264648e+00
-2.885730028152465820e+00
-3.358980655670166016e+00
-1.476496219635009766e+00
-1.946019291877746582e+00
-2.654296636581420898e+00
-2.184700489044189453e+00
-2.098570585250854492e+00
-1.098085641860961914e+00
-3.262146234512329102e+00
-2.156932830810546875e+00
-2.285011529922485352e+00
-2.717758178710937500e+00
-3.531785964965820312e+00
-2.983692884445190430e+00
-2.629783153533935547e+00
-1.956114292144775391e+00
-1.241657853126525879e+00
-1.697618842124938965e+00
-6.455885171890258789e-01
-9.469354748725891113e-01
-3.018662691116333008e+00
-1.399617552757263184e+00
-1.901871442794799805e+00
-2.777281045913696289e+00
-1.933112382888793945e+00
-2.098901987075805664e+00
-2.233953237533569336e+00
-1.737950205802917480e+00
-2.154631614685058594e+00
-1.919373750686645508e+00
-1.181794047355651855e+00
-2.237868756055831909e-01
-1.970889806747436523e+00
-2.609017372131347656e+00
-9.358332157135009766e-01
-1.506883621215820312e+00
-3.239706277847290039e+00
-1.789618968963623047e+00
-2.553852796554565430e+00
-1.924323320388793945e+00
-3.498742103576660156e+00
-1.754315376281738281e+00
-1.967929482460021973e+00
-1.354156017303466797e+00
-2.457921504974365234e+00
-2.772525548934936523e+00
-2.695922136306762695e+00
-2.899700962007045746e-02
-1.652275681495666504e+00
-3.417539596557617188e+00
-1.789638757705688477e+00
-2.563462495803833008e+00
-1.340670466423034668e+00
-2.624619245529174805e+00
-1.259627461433410645e+00
-1.216065645217895508e+00
-1.478836894035339355e+00
-3.311862707138061523e+00
-1.503469228744506836e+00
-1.861596584320068359e+00
-2.661444664001464844e+00
-2.531370401382446289e+00
-7.614691853523254395e-01
-7.553989887237548828e-01
-2.619634866714477539e+00
-1.068646907806396484e+00
-2.599024534225463867e+00
-2.431910037994384766e+00
-1.782904982566833496e+00
-1.327821016311645508e+00
-4.726905524730682373e-01
-1.272580027580261230e+00
-3.056220531463623047e+00
-2.045789718627929688e+00
-1.248292565345764160e+00
-1.894822001457214355e+00
-2.109020948410034180e+00
-2.593575954437255859e+00
-1.793572425842285156e+00
-1.654584050178527832e+00
-2.154390573501586914e+00
-2.775127649307250977e+00
-2.681066513061523438e+00
-1.849514603614807129e+00
-2.477482557296752930e+00
-2.558599472045898438e+00
-2.495052576065063477e+00
-2.463317871093750000e+00
-2.709834337234497070e+00
-2.345697164535522461e+00
-2.345360517501831055e+00
-2.061667203903198242e+00
-1.154305219650268555e+00
-2.507329940795898438e+00
-3.744405746459960938e+00
-2.861854553222656250e+00
-2.326059103012084961e+00
-1.711642980575561523e+00
-3.742623329162597656e+00
-3.453352451324462891e+00
-3.430954933166503906e+00
-3.354523658752441406e+00
-2.937106847763061523e+00
-2.715459585189819336e+00
-2.446365356445312500e+00
-7.444202899932861328e-01
-1.917696714401245117e+00
-2.876173973083496094e+00
-2.444562435150146484e+00
-2.118352174758911133e+00
-1.527365446090698242e+00
-1.440502047538757324e+00
-2.476972103118896484e+00
-3.659398078918457031e+00
-2.583605766296386719e+00
-2.657745838165283203e+00
-3.208877563476562500e+00
-3.027664184570312500e+00
-3.015936851501464844e+00
-1.919698119163513184e+00
-1.862657546997070312e+00
-1.915170907974243164e+00
-2.102644681930541992e+00
-1.841922163963317871e+00
-3.160375118255615234e+00
-3.003963708877563477e+00
-1.458468437194824219e+00
-1.677682757377624512e+00
-3.004848241806030273e+00
-2.554398775100708008e+00
-2.190788030624389648e+00
-3.081206321716308594e+00
-2.808925867080688477e+00
-2.316819190979003906e+00
-1.751778125762939453e+00
-8.093598484992980957e-01
-3.547589540481567383e+00
-2.611759424209594727e+00
-2.777766942977905273e+00
-2.322675466537475586e+00
-2.932998895645141602e+00
-2.986168861389160156e+00
-2.738352298736572266e+00
-2.434050798416137695e+00
-3.520957469940185547e+00
-1.197370529174804688e+00
-1.475042939186096191e+00
-3.365523576736450195e+00
-2.056379556655883789e+00
-2.420434713363647461e+00
-2.798455715179443359e+00
-2.894562244415283203e+00
-2.610741376876831055e+00
-2.123864889144897461e+00
-2.158861160278320312e+00
-2.045023679733276367e+00
-2.023633003234863281e+00
-2.629423618316650391e+00
-2.436971902847290039e+00
-2.509897947311401367e+00
-1.488394737243652344e+00
-2.542251110076904297e+00
-3.067447662353515625e+00
-2.282976388931274414e+00
-1.821342229843139648e+00
-2.454644918441772461e+00
-1.941372990608215332e+00
-2.326804399490356445e+00
-1.937555670738220215e+00
-2.428769588470458984e+00
-3.187171459197998047e+00
-3.196284532546997070e+00
-3.542139291763305664e+00
-2.197598934173583984e+00
-2.228021144866943359e+00
-1.763041377067565918e+00
-2.154300928115844727e+00
-2.670093297958374023e+00
-3.879708766937255859e+00
-3.024294376373291016e+00
-3.703805685043334961e+00
-3.125665664672851562e+00
-2.672683477401733398e+00
-2.825950622558593750e+00
-2.113808155059814453e+00
-1.718831658363342285e+00
-2.660801887512207031e+00
-2.865502119064331055e+00
-2.344628572463989258e+00
-1.820131778717041016e+00
-1.436654210090637207e+00
-1.817195415496826172e+00
-2.879822969436645508e+00
-1.395470261573791504e+00
-1.247316837310791016e+00
-1.349612832069396973e+00
-2.839178323745727539e+00
-3.087794542312622070e+00
-9.784228801727294922e-01
-1.570834159851074219e+00
-3.071610212326049805e+00
-2.000563144683837891e+00
-1.455860972404479980e+00
-1.156541824340820312e+00
-2.182240486145019531e+00
-2.098705053329467773e+00
-2.340420961380004883e+00
-3.090433835983276367e+00
-2.992797613143920898e+00
-1.457398176193237305e+00
-2.137647151947021484e+00
-2.568859338760375977e+00
-2.264998435974121094e+00
-2.826149940490722656e+00
-1.246715784072875977e+00
-2.153236389160156250e+00
-3.455067634582519531e+00
-2.724055767059326172e+00
-2.036967039108276367e+00
-2.846619129180908203e+00
-3.138367652893066406e+00
-2.208913564682006836e+00
-2.117245912551879883e+00
-1.894666671752929688e+00
-2.470248460769653320e+00
-2.860855340957641602e+00
-2.494066953659057617e+00
-2.473339319229125977e+00
-3.516401529312133789e+00
-2.926192045211791992e+00
-3.240518331527709961e+00
-1.509568452835083008e+00
-3.226014614105224609e+00
-2.786114215850830078e+00
-2.320756196975708008e+00
-2.122009038925170898e+00
-2.473712444305419922e+00
-3.733834981918334961e+00
-2.036411285400390625e+00
-3.328208446502685547e+00
-2.504709005355834961e+00
-3.879823446273803711e+00
-2.505173921585083008e+00
-4.162402629852294922e+00
-1.815756916999816895e+00
-3.671875000000000000e+00
-2.315409898757934570e+00
-3.410172700881958008e+00
-2.607542514801025391e+00
-2.490099191665649414e+00
-2.684650659561157227e+00
-3.794024229049682617e+00
-2.843868494033813477e+00
-3.442272424697875977e+00
-2.961149454116821289e+00
-2.901723861694335938e+00
-2.898760795593261719e+00
-1.704425930976867676e+00
-3.438222408294677734e+00
-3.455968379974365234e+00
-3.244584321975708008e+00
-1.842273950576782227e+00
-3.373859405517578125e+00
-2.558832645416259766e+00
-3.068866014480590820e+00
-1.047412037849426270e+00
-3.376744747161865234e+00
-2.689083337783813477e+00
-1.630207300186157227e+00
-2.491210699081420898e+00
-1.843066811561584473e+00
-3.618364572525024414e+00
-2.285672426223754883e+00
-3.488335847854614258e+00
-2.502332687377929688e+00
-2.609726905822753906e+00
-1.213006854057312012e+00
-2.698712825775146484e+00
-3.545831680297851562e+00
-2.161541461944580078e+00
-1.362578153610229492e+00
-3.436274766921997070e+00
-2.175601720809936523e+00
-3.181962013244628906e+00
-2.892934322357177734e+00
-2.122114658355712891e+00
-3.726753473281860352e+00
-3.495445489883422852e+00
-2.078136444091796875e+00
-1.602475404739379883e+00
-3.369078159332275391e+00
-2.689164876937866211e+00
-2.582988739013671875e+00
-1.149144649505615234e+00
-2.036571502685546875e+00
-2.162503719329833984e+00
-2.669733524322509766e+00
-1.954926967620849609e+00
-3.361086845397949219e+00
-1.983956813812255859e+00
-3.342755079269409180e+00
-2.451930761337280273e+00
-2.627255201339721680e+00
-2.813084602355957031e+00
-3.407941818237304688e+00
-2.398124694824218750e+00
-3.012943267822265625e+00
-2.684587955474853516e+00
-3.531687021255493164e+00
-3.004959106445312500e+00
-2.290976524353027344e+00
-3.262804031372070312e+00
-1.261490225791931152e+00
-1.973177552223205566e+00
-1.777685642242431641e+00
-1.741906404495239258e+00
-1.953094959259033203e+00
-3.093199253082275391e+00
-2.204398155212402344e+00
-3.393269538879394531e+00
-2.748764276504516602e+00
-1.479137778282165527e+00
-2.347974538803100586e+00
-2.749798536300659180e+00
-1.134087920188903809e+00
-3.051333427429199219e+00
-2.471783161163330078e+00
-2.699232816696166992e+00
-2.884469032287597656e+00
-1.853073596954345703e+00
-2.410824537277221680e+00
-2.679456710815429688e+00
-2.318196296691894531e+00
-3.320231914520263672e+00
-2.180756807327270508e+00
-3.084443807601928711e+00
-2.581097364425659180e+00
-2.102736234664916992e+00
-3.340049028396606445e+00
-3.090716361999511719e+00
-2.118111610412597656e+00
-3.052277565002441406e+00
-3.616110086441040039e+00
-3.524136543273925781e+00
-3.131262063980102539e+00
-3.257583856582641602e+00
-2.240676879882812500e+00
-2.420521497726440430e+00
-3.421554565429687500e+00
-2.109827995300292969e+00
-3.015763998031616211e+00
-3.516012191772460938e+00
-2.542138099670410156e+00
-3.832306623458862305e+00
-2.940161466598510742e+00
-2.950928926467895508e+00
-1.085474014282226562e+00
-2.530483245849609375e+00
-2.710939168930053711e+00
-2.736021995544433594e+00
-1.147184252738952637e+00
-2.910621643066406250e+00
-2.518386363983154297e+00
-3.150813817977905273e+00
-3.205505847930908203e+00
-2.230728387832641602e+00
-2.446973800659179688e+00
-2.240165233612060547e+00
-2.049996137619018555e+00
-2.633416652679443359e+00
-3.668070793151855469e+00
-2.627770423889160156e+00
-2.081302642822265625e+00
-2.460044860839843750e+00
-2.857064962387084961e+00
-1.755961537361145020e+00
-3.231084346771240234e+00
-2.519209623336791992e+00
-2.119735002517700195e+00
-2.156085252761840820e+00
-2.353371858596801758e+00
-3.266136169433593750e+00
-1.606998085975646973e+00
-2.986686468124389648e+00
-2.257247924804687500e+00
-3.096585750579833984e+00
-2.976793527603149414e+00
-2.265374898910522461e+00
-8.055860400199890137e-01
-1.700751423835754395e+00
-1.829889774322509766e+00
-2.383051395416259766e+00
-1.939883589744567871e+00
-1.979716062545776367e+00
-2.774061203002929688e+00
-1.031812429428100586e+00
-1.738853812217712402e+00
-1.582260608673095703e+00
-1.847602009773254395e+00
-1.685102820396423340e+00
-1.993924021720886230e+00
-3.139912366867065430e+00
-1.135733604431152344e+00
-2.212139606475830078e+00
-2.209108591079711914e+00
-2.377027988433837891e+00
-3.143008232116699219e+00
-2.498356103897094727e+00
-1.648017883300781250e+00
-2.894932270050048828e+00
-2.354866266250610352e+00
-2.331130981445312500e+00
-1.365698456764221191e+00
-2.624161720275878906e+00
-1.302536606788635254e+00
-2.034528255462646484e+00
-2.512333631515502930e+00
-3.431734323501586914e+00
-1.917647480964660645e+00
-2.367384672164916992e+00
-2.731892466545104980e-01
-1.468600034713745117e+00
-1.344900488853454590e+00
-3.330387115478515625e+00
-2.803433656692504883e+00
-3.341746330261230469e+00
-2.230908632278442383e+00
-3.203577995300292969e+00
-2.618356466293334961e+00
-2.079154729843139648e+00
-1.434608221054077148e+00
-1.457887530326843262e+00
-1.803097367286682129e+00
-1.680512309074401855e+00
-3.338988304138183594e+00
-2.850413560867309570e+00
-1.997600197792053223e+00
-2.779410839080810547e+00
-2.133284091949462891e+00
-1.819864511489868164e+00
-2.252583503723144531e+00
-3.445265054702758789e+00
-2.991946458816528320e+00
-3.268372774124145508e+00
-2.187557935714721680e+00
-1.814960360527038574e+00
-2.985508680343627930e+00
-3.257452249526977539e+00
-8.782756924629211426e-01
-1.888845324516296387e+00
-2.071588754653930664e+00
-2.786331415176391602e+00
-1.845661282539367676e+00
-8.534033298492431641e-01
-2.375498056411743164e+00
-1.759627103805541992e+00
-2.210273742675781250e+00
-1.562574028968811035e+00
-2.788349151611328125e+00
-3.176641702651977539e+00
-1.889015316963195801e+00
-1.916721224784851074e+00
-2.585211753845214844e+00
-3.616958379745483398e+00
-2.422030925750732422e+00
-2.900302648544311523e+00
-1.418064117431640625e+00
-2.847354650497436523e+00
-3.335943698883056641e+00
-1.879312038421630859e+00
-3.505218505859375000e+00
-3.145228862762451172e+00
-2.714194536209106445e+00
-2.596261024475097656e+00
-3.095841884613037109e+00
-2.487271547317504883e+00
-1.775329828262329102e+00
-1.978454589843750000e+00
-3.391129970550537109e+00
-1.329780340194702148e+00
-3.572407484054565430e+00
-2.271503686904907227e+00
-2.904771566390991211e+00
-2.218543767929077148e+00
-7.059017419815063477e-01
-1.789943575859069824e+00
-2.839321374893188477e+00
-1.236552476882934570e+00
-2.680694103240966797e+00
-1.795020222663879395e+00
-1.059576272964477539e+00
-1.694858789443969727e+00
-2.272145748138427734e+00
-1.791268110275268555e+00
-2.216593980789184570e+00
-2.518647909164428711e+00
-1.901561975479125977e+00
-1.792673826217651367e+00
-2.258051633834838867e+00
-1.682777166366577148e+00
-4.923381507396697998e-01
-2.429926633834838867e+00
-2.205405712127685547e+00
-2.788121223449707031e+00
-3.700056552886962891e+00
-2.618858098983764648e+00
-2.770352125167846680e+00
-2.415997982025146484e+00
-2.048838615417480469e+00
-2.533704757690429688e+00
-3.268836736679077148e+00
-1.981393218040466309e+00
-3.305386543273925781e+00
-9.899595975875854492e-01
-2.276068925857543945e+00
-2.232241630554199219e+00
-1.653225660324096680e+00
-2.780690670013427734e+00
-2.812535524368286133e+00
-1.819212317466735840e+00
-2.802054166793823242e+00
-1.972755193710327148e+00
-3.917576551437377930e+00
-2.195110321044921875e+00
-3.823324203491210938e+00
-2.780594825744628906e+00
-3.225414991378784180e+00
-2.734745025634765625e+00
-4.149870872497558594e+00
-3.584445714950561523e+00
-4.103588581085205078e+00
-1.768065452575683594e+00
-1.887564182281494141e+00
-3.516669034957885742e+00
-2.249133586883544922e+00
-3.309445381164550781e+00
-2.430214405059814453e+00
-1.643217206001281738e+00
-1.851874351501464844e+00
-3.344642400741577148e+00
-3.391145706176757812e+00
-3.776187419891357422e+00
-1.621316194534301758e+00
-3.352273941040039062e+00
-3.550699949264526367e+00
-2.779942035675048828e+00
-2.295195341110229492e+00
-3.049489974975585938e+00
-2.261403560638427734e+00
-1.599283218383789062e+00
-1.933574557304382324e+00
-1.525860071182250977e+00
-2.392216920852661133e+00
-2.649555683135986328e+00
-1.136668801307678223e+00
-2.627684116363525391e+00
-2.417623043060302734e+00
-1.959950923919677734e+00
-1.703109979629516602e+00
-1.688772797584533691e+00
-2.053610324859619141e+00
-2.915364980697631836e+00
-2.673116207122802734e+00
-2.786485195159912109e+00
-2.023309946060180664e+00
-1.652238965034484863e+00
-2.924184083938598633e+00
-3.210233688354492188e+00
-2.812896728515625000e+00
-2.289743185043334961e+00
-1.077074885368347168e+00
-1.304780364036560059e+00
-3.699279785156250000e+00
-1.863367319107055664e+00
-2.145007610321044922e+00
-2.706919431686401367e+00
-1.785666465759277344e+00
-3.199780225753784180e+00
-2.151518106460571289e+00
-2.144710540771484375e+00
-3.229423999786376953e+00
-9.253849387168884277e-01
-2.420981407165527344e+00
-2.833252191543579102e+00
-2.418841838836669922e+00
-8.708398342132568359e-01
-1.356036067008972168e+00
-1.450104475021362305e+00
-2.593474388122558594e+00
-3.161268711090087891e+00
-2.591049671173095703e+00
-3.216461181640625000e+00
-2.277163267135620117e+00
-3.595682621002197266e+00
-2.983505725860595703e+00
-2.107512950897216797e+00
-1.283754229545593262e+00
-3.641531944274902344e+00
-3.496615171432495117e+00
-3.726029396057128906e+00
-3.249317646026611328e+00
-2.532393217086791992e+00
-3.012344360351562500e+00
-2.938830852508544922e+00
-2.611401796340942383e+00
-2.379418134689331055e+00
-3.723316669464111328e+00
-3.315163612365722656e+00
-3.224878549575805664e+00
-3.031728267669677734e+00
-1.952661156654357910e+00
-3.038356065750122070e+00
-2.137611150741577148e+00
-2.536521673202514648e+00
-1.694079875946044922e+00
-3.191765069961547852e+00
-1.383213639259338379e+00
-2.358595371246337891e+00
-1.782354474067687988e+00
-3.401149511337280273e+00
-2.447649240493774414e+00
-9.462499022483825684e-01
-2.111091136932373047e+00
-1.866777420043945312e+00
-3.102773189544677734e+00
-2.655938148498535156e+00
-2.128432512283325195e+00
-1.911288022994995117e+00
-1.928933501243591309e+00
-2.719281911849975586e+00
-2.198403835296630859e+00
-3.195051908493041992e+00
-2.678662538528442383e+00
-1.808485507965087891e+00
-5.529748201370239258e-01
-1.370710372924804688e+00
-2.903862476348876953e+00
-3.312875747680664062e+00
-2.677550554275512695e+00
-3.166710376739501953e+00
-1.222059965133666992e+00
-3.163319110870361328e+00
-1.038074135780334473e+00
-3.480393648147583008e+00
-2.321571111679077148e+00
-1.908458471298217773e+00
-1.034313559532165527e+00
-3.155504226684570312e+00
-3.200305700302124023e+00
-2.117662429809570312e+00
-2.720582246780395508e+00
-2.288884401321411133e+00
-3.149985074996948242e+00
-2.622536897659301758e+00
-2.165024995803833008e+00
-3.440906286239624023e+00
-2.944139719009399414e+00
-2.609581947326660156e+00
-3.522659778594970703e+00
-2.529809713363647461e+00
-1.889964938163757324e+00
-3.044934988021850586e+00
-2.693367958068847656e+00
-3.243230819702148438e+00
-2.660628795623779297e+00
-1.983646631240844727e+00
-1.923016428947448730e+00
-2.407884836196899414e+00
-2.440463542938232422e+00
-2.090611457824707031e+00
-1.865312933921813965e+00
-1.455904006958007812e+00
-3.216689348220825195e+00
-2.229213714599609375e+00
-1.803175568580627441e+00
-8.206249475479125977e-01
-2.767275333404541016e+00
-2.095402717590332031e+00
-2.490589618682861328e+00
-2.349794387817382812e+00
-2.011791944503784180e+00
-2.175611257553100586e+00
-3.339852809906005859e+00
-9.967837333679199219e-01
-2.738016605377197266e+00
-9.644955992698669434e-01
-2.897723913192749023e+00
-2.914956569671630859e+00
-2.731439590454101562e+00
-1.345069527626037598e+00
-1.920490264892578125e+00
-2.350256681442260742e+00
-2.450920343399047852e+00
-3.645320177078247070e+00
-2.277756452560424805e+00
-1.400161623954772949e+00
-2.218997478485107422e+00
-2.806122303009033203e+00
-2.660788536071777344e+00
-3.301769018173217773e+00
-3.664760828018188477e+00
-1.042425513267517090e+00
-2.696130752563476562e+00
-2.534401655197143555e+00
-1.742528319358825684e+00
-3.332002878189086914e+00
-2.599059820175170898e+00
-2.988479137420654297e+00
-2.136256694793701172e+00
-2.497924327850341797e+00
-2.425523519515991211e+00
-2.969529151916503906e+00
-2.538295030593872070e+00
-2.955611228942871094e+00
-2.569286346435546875e+00
-1.957143306732177734e+00
-3.636824846267700195e+00
-3.086632728576660156e+00
-2.490177154541015625e+00
-3.157282114028930664e+00
-3.297492742538452148e+00
-3.652265310287475586e+00
-3.346553802490234375e+00
-3.374834060668945312e+00
-3.299184560775756836e+00
-3.427621364593505859e+00
-1.394699454307556152e+00
-1.896996617317199707e+00
-3.376081228256225586e+00
-3.697464466094970703e+00
-1.562133789062500000e+00
-1.308588862419128418e+00
-2.545749187469482422e+00
-3.136566400527954102e+00
-2.847165584564208984e+00
-1.913278460502624512e+00
-3.511290550231933594e+00
-3.073468446731567383e+00
-1.859269142150878906e+00
-2.747352600097656250e+00
-2.957858562469482422e+00
-1.592640519142150879e+00
-3.029233694076538086e+00
-3.512381613254547119e-01
-1.722767114639282227e+00
-2.521836280822753906e+00
-2.189641237258911133e+00
-1.781783819198608398e+00
-2.199432134628295898e+00
-2.097395896911621094e+00
-2.218797206878662109e+00
-2.523348331451416016e+00
-3.000548124313354492e+00
-1.855786681175231934e+00
-1.105297327041625977e+00
-1.685356378555297852e+00
-3.213484048843383789e+00
-2.297190427780151367e+00
-1.915256977081298828e+00
-3.158328294754028320e+00
-1.925833821296691895e+00
-2.651790857315063477e+00
-1.999020338058471680e+00
-3.671901941299438477e+00
-3.019220829010009766e+00
-3.452985763549804688e+00
-1.510579824447631836e+00
-3.770284652709960938e+00
-3.120723962783813477e+00
-2.915029525756835938e+00
-3.116546392440795898e+00
-2.977486848831176758e+00
-2.416887521743774414e+00
-2.455382108688354492e+00
-3.217755794525146484e+00
-2.633491754531860352e+00
-2.476970672607421875e+00
-3.205258607864379883e+00
-2.343607664108276367e+00
-3.759754896163940430e+00
-3.988407611846923828e+00
-2.889678955078125000e+00
-1.418118357658386230e+00
-2.984597206115722656e+00
-3.311157226562500000e+00
-3.107535362243652344e+00
-3.951606035232543945e+00
-3.463781833648681641e+00
-2.056151151657104492e+00
-2.833063364028930664e+00
-2.146435976028442383e+00
-1.561441063880920410e+00
-2.388751983642578125e+00
-2.161127567291259766e+00
-2.633748292922973633e+00
-3.792073726654052734e+00
-3.045868158340454102e+00
-3.603189706802368164e+00
-1.911013960838317871e+00
-2.589359760284423828e+00
-2.801052808761596680e+00
-1.928610444068908691e+00
-1.584141373634338379e+00
-3.136568784713745117e+00
-2.595634698867797852e+00
-2.789062976837158203e+00
-1.584254503250122070e+00
-3.440946578979492188e+00
-1.841843605041503906e+00
-3.417967319488525391e+00
-2.204023361206054688e+00
-2.310323476791381836e+00
-2.665974140167236328e+00
-1.777477383613586426e+00
-2.597533464431762695e+00
-2.801385164260864258e+00
-2.273523330688476562e+00
-3.435958862304687500e+00
-2.564813852310180664e+00
-2.155167341232299805e+00
-1.450140237808227539e+00
-1.626466274261474609e+00
-1.395425319671630859e+00
-3.648422241210937500e+00
-2.646890163421630859e+00
-1.527150630950927734e+00
-2.820481538772583008e+00
-2.690007686614990234e+00
-2.888543605804443359e+00
-2.941196680068969727e+00
-2.956627607345581055e-01
-1.259784221649169922e+00
-1.987687587738037109e+00
-2.322320938110351562e+00
-3.275431394577026367e+00
-6.039161682128906250e-01
-3.545737981796264648e+00
-3.588370800018310547e+00
-2.981808900833129883e+00
-2.969700574874877930e+00
-2.558640241622924805e+00
-3.153661489486694336e+00
-2.910213708877563477e+00
-2.739834308624267578e+00
-1.329493403434753418e+00
-2.892509698867797852e+00
-2.792361736297607422e+00
-3.335762739181518555e+00
-1.095931410789489746e+00
-2.877022981643676758e+00
-2.316035509109497070e+00
-2.426329851150512695e+00
-3.277798891067504883e+00
-2.175522089004516602e+00
-1.230928897857666016e+00
-3.466229915618896484e+00
-2.020864963531494141e+00
-2.309005260467529297e+00
-7.843886017799377441e-01
-1.444537281990051270e+00
-3.624419689178466797e+00
-2.910750865936279297e+00
-3.177999973297119141e+00
-1.235816955566406250e+00
-1.071680188179016113e+00
-2.612616777420043945e+00
-2.357637166976928711e+00
-2.520824193954467773e+00
-9.688528180122375488e-01
-2.155692338943481445e+00
-2.301150560379028320e+00
-1.931743979454040527e+00
-2.162138223648071289e+00
-3.003775358200073242e+00
-2.109773874282836914e+00
-1.391018271446228027e+00
-2.805471181869506836e+00
-3.504762172698974609e+00
-3.316766738891601562e+00
-1.899017214775085449e+00
-2.610861301422119141e+00
-3.023420810699462891e+00
-1.162185430526733398e+00
-2.839751243591308594e+00
-2.526658296585083008e+00
-5.245224237442016602e-01
-2.680021524429321289e+00
-2.843714475631713867e+00
-2.639937877655029297e+00
-3.109728813171386719e+00
-3.372680425643920898e+00
-3.672835826873779297e+00
-2.951788425445556641e+00
-3.183316230773925781e+00
-2.248630523681640625e+00
-1.812046647071838379e+00
-1.694695949554443359e+00
-3.227271556854248047e+00
-2.676677465438842773e+00
-3.980010747909545898e+00
-3.152447223663330078e+00
-2.506906270980834961e+00
-1.740434527397155762e+00
-3.050790309906005859e+00
-3.455639839172363281e+00
-3.234733581542968750e+00
-1.751216888427734375e+00
-2.641747713088989258e+00
-3.372244834899902344e+00
-1.902780055999755859e+00
-1.698650956153869629e+00
-1.391666978597640991e-01
-2.057793617248535156e+00
-3.284754514694213867e+00
-2.003076553344726562e+00
-1.991965293884277344e+00
-2.157634496688842773e+00
-2.505574941635131836e+00
-2.509223222732543945e+00
-1.739129066467285156e+00
-1.649191975593566895e+00
-2.651857376098632812e+00
-2.155963420867919922e+00
-6.463336944580078125e-01
-2.559377193450927734e+00
-2.262300014495849609e+00
-2.176660776138305664e+00
-1.912836790084838867e+00
-2.102539777755737305e+00
-1.865735650062561035e+00
-2.996971130371093750e+00
-2.171677589416503906e+00
-2.753247737884521484e+00
-2.742302179336547852e+00
-3.168240785598754883e+00
-3.418379783630371094e+00
-3.846020936965942383e+00
-1.875149846076965332e+00
-4.040544509887695312e+00
-9.641073346138000488e-01
-3.312556505203247070e+00
-3.293797254562377930e+00
-1.703775405883789062e+00
-2.884000301361083984e+00
-2.967998743057250977e+00
-3.765412807464599609e+00
-4.062656879425048828e+00
-2.263550043106079102e+00
-1.753718495368957520e+00
-2.482667684555053711e+00
-2.708061218261718750e+00
-2.854482889175415039e+00
-1.437057137489318848e+00
-2.166203022003173828e+00
-2.392855882644653320e+00
-2.510945796966552734e+00
-1.663040399551391602e+00
-3.831920623779296875e+00
-1.743102788925170898e+00
-2.645488262176513672e+00
-3.681715011596679688e+00
-2.647615194320678711e+00
-1.874860405921936035e+00
-2.273943662643432617e+00
-2.231547594070434570e+00
-2.153977870941162109e+00
-3.956485986709594727e+00
-3.466625452041625977e+00
-2.654738903045654297e+00
-3.580996751785278320e+00
-1.357912659645080566e+00
-1.651371121406555176e+00
-2.661411285400390625e+00
-1.005515336990356445e+00
-2.445985078811645508e+00
-3.067062854766845703e+00
-1.995421528816223145e+00
-2.897226810455322266e+00
-2.657410383224487305e+00
-1.537515640258789062e+00
-3.075270414352416992e+00
-7.407679557800292969e-01
-1.690132379531860352e+00
-1.213123798370361328e+00
-2.209098100662231445e+00
-1.777955532073974609e+00
-1.503047347068786621e+00
-2.966690301895141602e+00
-1.505924582481384277e+00
-1.220998764038085938e+00
-3.058006763458251953e+00
-1.680171251296997070e+00
-2.446243524551391602e+00
-1.903213024139404297e+00
-2.408175468444824219e+00
-1.637057781219482422e+00
-3.597141265869140625e+00
-2.400052070617675781e+00
-1.285256624221801758e+00
-9.514092206954956055e-01
-1.933965206146240234e+00
-2.713415861129760742e+00
-2.728505373001098633e+00
-1.536563515663146973e+00
-3.288360834121704102e+00
-2.765261650085449219e+00
-2.680804729461669922e+00
-3.365032672882080078e+00
-1.591712594032287598e+00
-3.541301250457763672e+00
-1.882254242897033691e+00
-1.108619809150695801e+00
-2.057651758193969727e+00
-3.361356258392333984e+00
-4.317654371261596680e-01
-2.214475154876708984e+00
-3.658676147460937500e+00
-2.512318134307861328e+00
-2.589351415634155273e+00
-1.946163773536682129e+00
-2.016606807708740234e+00
-1.359694480895996094e+00
-2.582036495208740234e+00
-2.366263389587402344e+00
-2.502397298812866211e+00
-3.070579290390014648e+00
-2.116680383682250977e+00
-2.842776775360107422e+00
-1.502771735191345215e+00
-2.248756170272827148e+00
