{"loss": 4591.326171875, "_timestamp": 1721209692.587539, "_runtime": 44.17906999588013, "_step": 43, "_wandb": {"runtime": 44}}