{"loss": -541923.25, "_timestamp": 1721209292.6197815, "_runtime": 708.0608425140381, "_step": 2814}