{"loss": 0.0016115752514451742, "_timestamp": 1721225421.2454693, "_runtime": 273.8023474216461, "_step": 1074, "_wandb": {"runtime": 273}}