1.231990754604339600e-02
-5.743170976638793945e-01
-1.175329923629760742e+00
-8.754330873489379883e-01
3.169386982917785645e-01
-1.018575765192508698e-02
-6.803709268569946289e-01
1.344363838434219360e-01
-2.693667411804199219e-01
-4.582027345895767212e-02
-1.045969009399414062e+00
-1.280929986387491226e-02
2.872613966464996338e-01
-7.785654664039611816e-01
1.121018901467323303e-01
3.706752359867095947e-01
2.532366216182708740e-01
-9.944538474082946777e-01
-7.945899665355682373e-02
-1.064026236534118652e+00
1.173384934663772583e-01
-3.362974524497985840e-01
-9.612595438957214355e-01
-1.285005331039428711e+00
-9.222530126571655273e-01
-2.930249571800231934e-01
-8.700667023658752441e-01
-1.393882781267166138e-01
5.765775442123413086e-01
-4.219316244125366211e-01
5.480557680130004883e-01
7.115809619426727295e-02
4.286067187786102295e-01
-1.039058923721313477e+00
1.629611849784851074e-01
-2.816721796989440918e-02
-1.023896932601928711e+00
-2.416696250438690186e-01
5.761873126029968262e-01
-7.239456176757812500e-01
4.502788186073303223e-01
-1.618103981018066406e-01
-3.527144193649291992e-01
4.404310286045074463e-01
-6.983107924461364746e-01
-1.398963093757629395e+00
1.642599403858184814e-01
2.059091180562973022e-01
9.038074314594268799e-02
2.964147031307220459e-01
6.310623288154602051e-01
-2.490449100732803345e-01
-8.730727434158325195e-01
-1.341724157333374023e+00
-9.346008300781250000e-01
-1.289937734603881836e+00
-9.020055532455444336e-01
2.986030280590057373e-01
-4.641281962394714355e-01
-7.016867399215698242e-01
4.053795933723449707e-01
-3.752765059471130371e-01
-3.284737467765808105e-01
-1.249509155750274658e-01
-9.862560629844665527e-01
2.742346227169036865e-01
3.333276212215423584e-01
5.060728192329406738e-01
-6.757711768150329590e-01
-7.257255911827087402e-01
-3.451086878776550293e-01
-1.211852788925170898e+00
-4.541917145252227783e-01
-9.840601682662963867e-01
-1.199002623558044434e+00
3.001937270164489746e-01
-1.181327939033508301e+00
4.797416627407073975e-01
-2.315309643745422363e-01
-9.068658947944641113e-01
-6.451271772384643555e-01
-1.432061493396759033e-01
-5.164645314216613770e-01
-9.107954502105712891e-01
1.689829081296920776e-01
2.807404696941375732e-01
-8.453916758298873901e-02
-6.580695509910583496e-01
-5.452188253402709961e-01
-1.300042986869812012e+00
-1.280347824096679688e+00
-9.116030335426330566e-01
9.393680840730667114e-02
-4.551936686038970947e-01
-7.775002717971801758e-01
-7.958930134773254395e-01
-1.066531538963317871e+00
4.005726873874664307e-01
3.318157792091369629e-01
-4.285178184509277344e-01
1.123599633574485779e-01
-4.241636991500854492e-01
-3.737049996852874756e-01
-9.965091943740844727e-01
-7.619039416313171387e-01
-5.717517137527465820e-01
-1.054630398750305176e+00
-7.899019122123718262e-01
-3.632949590682983398e-01
-5.461367964744567871e-01
-5.974700450897216797e-01
4.939020872116088867e-01
-1.410493016242980957e+00
-8.244810104370117188e-01
-1.301805138587951660e+00
-1.296848773956298828e+00
-5.006780847907066345e-02
-1.038345932960510254e+00
-6.671558022499084473e-01
-1.127384305000305176e+00
4.508844614028930664e-01
-1.097953557968139648e+00
-1.405770301818847656e+00
3.209895193576812744e-01
-3.234510719776153564e-01
-2.900653779506683350e-01
5.428592562675476074e-01
-2.524533569812774658e-01
-7.679888010025024414e-01
-2.885479331016540527e-01
-1.302000522613525391e+00
-2.497565746307373047e-01
-4.239450022578239441e-02
2.205472886562347412e-01
-1.110585212707519531e+00
-1.240193128585815430e+00
1.289231181144714355e-01
-1.218129873275756836e+00
9.937586635351181030e-02
-1.096861362457275391e+00
-2.215052545070648193e-01
-1.773791164159774780e-01
-6.117655038833618164e-01
-2.619679272174835205e-01
-3.775360584259033203e-01
-1.062462329864501953e+00
2.560239657759666443e-02
-2.691935300827026367e-01
-9.984430074691772461e-01
-3.936787843704223633e-01
1.077667474746704102e-01
-9.658029079437255859e-01
-1.192570924758911133e+00
-1.080979943275451660e+00
5.703619122505187988e-01
3.107840754091739655e-02
-1.116828322410583496e+00
-7.713509798049926758e-01
-8.261521905660629272e-02
-1.264310002326965332e+00
6.767401099205017090e-02
-9.097291827201843262e-01
-5.124760270118713379e-01
5.687551498413085938e-01
1.205781027674674988e-01
9.480170905590057373e-02
-1.398356556892395020e+00
-1.540857404470443726e-01
2.441888153553009033e-01
4.945895075798034668e-02
-6.752910017967224121e-01
-6.862090826034545898e-01
-2.350104749202728271e-01
-4.327017664909362793e-01
-2.755645513534545898e-01
-1.222972512245178223e+00
-1.507718209177255630e-02
-4.692873656749725342e-01
-1.137803316116333008e+00
-2.443199008703231812e-01
-1.096655249595642090e+00
-9.327588081359863281e-01
-8.776730895042419434e-01
3.286342322826385498e-01
-5.858537554740905762e-01
-9.005372226238250732e-02
-1.743370741605758667e-01
-9.595973491668701172e-01
-1.838840395212173462e-01
-3.374478816986083984e-01
-5.336539745330810547e-01
-8.601798415184020996e-01
2.744560837745666504e-01
-9.955215454101562500e-01
1.436867564916610718e-01
5.637229233980178833e-02
1.966352760791778564e-01
-8.162349462509155273e-01
-9.749904870986938477e-01
-3.673959374427795410e-01
-1.400022864341735840e+00
-8.342353105545043945e-01
2.136318683624267578e-01
-1.723669841885566711e-02
4.505687355995178223e-01
-7.507649660110473633e-01
-6.611052155494689941e-01
-3.144090473651885986e-01
3.633636236190795898e-01
1.999721862375736237e-02
1.518338769674301147e-01
-5.201372504234313965e-01
-1.191731691360473633e+00
-8.801525831222534180e-01
-1.107621908187866211e+00
-8.030207753181457520e-01
-7.310690283775329590e-01
-7.215055227279663086e-01
3.414692357182502747e-02
-6.173473969101905823e-02
-1.674454659223556519e-01
-4.272398650646209717e-01
5.738744512200355530e-02
-1.057005405426025391e+00
-5.314332246780395508e-01
3.197636902332305908e-01
-1.020936131477355957e+00
5.414687469601631165e-02
-1.007734537124633789e+00
2.802710235118865967e-01
5.054563283920288086e-01
2.893196940422058105e-01
-1.184507250785827637e+00
-6.902316212654113770e-01
-2.943927347660064697e-01
5.776339173316955566e-01
5.458136200904846191e-01
3.690021634101867676e-01
-5.828513503074645996e-01
-1.954973302781581879e-02
-4.734099805355072021e-01
2.746939063072204590e-01
-6.817126274108886719e-01
-1.076636195182800293e+00
-1.156943202018737793e+00
-3.722556233406066895e-01
-8.155246973037719727e-01
-7.880080938339233398e-01
5.116013288497924805e-01
1.916268169879913330e-01
-2.182482182979583740e-01
4.629847109317779541e-01
-1.735351383686065674e-01
-4.675494134426116943e-01
-1.167434975504875183e-01
-3.707382678985595703e-01
-1.313591837882995605e+00
-8.126734495162963867e-01
-1.285196065902709961e+00
4.114712774753570557e-01
-9.356977343559265137e-01
1.818857192993164062e-01
-2.590473592281341553e-01
-1.753630787134170532e-01
-9.373915791511535645e-01
1.536265313625335693e-01
-1.227221846580505371e+00
-1.318663477897644043e+00
-8.152993917465209961e-01
-1.723936796188354492e-01
2.692293226718902588e-01
-9.739658832550048828e-01
3.061816990375518799e-01
-8.471710085868835449e-01
-5.476448535919189453e-01
-5.466670989990234375e-01
1.843577325344085693e-01
-2.963433563709259033e-01
-1.333917498588562012e+00
-5.785022974014282227e-01
5.735858529806137085e-02
3.851589858531951904e-01
-1.303784132003784180e+00
-1.210934162139892578e+00
-1.352094531059265137e+00
-3.616849184036254883e-01
-1.169403195381164551e+00
-5.222237706184387207e-01
-1.307053118944168091e-01
-9.416800141334533691e-01
-1.263074159622192383e+00
8.577664941549301147e-02
1.243913918733596802e-01
5.706314444541931152e-01
-6.609252095222473145e-02
-5.044051408767700195e-01
-7.163309454917907715e-01
3.038743138313293457e-01
-4.590356945991516113e-01
-1.077371478080749512e+00
-9.034829735755920410e-01
-4.499807208776473999e-02
-3.023940622806549072e-01
2.625744044780731201e-01
-3.898329287767410278e-02
-8.967967033386230469e-01
-1.546846330165863037e-01
-3.915017545223236084e-01
2.585571706295013428e-01
1.918586641550064087e-01
-7.331812381744384766e-01
-1.313281416893005371e+00
-2.435292303562164307e-01
-6.075590252876281738e-01
5.459920167922973633e-01
5.783399939537048340e-01
2.457661777734756470e-01
-5.629289746284484863e-01
-1.020105481147766113e+00
-9.399565458297729492e-01
-7.376757264137268066e-02
7.260172814130783081e-02
-6.101632118225097656e-01
-1.042348980903625488e+00
-1.392078638076782227e+00
-1.624938398599624634e-01
-7.623781561851501465e-01
-5.196332335472106934e-01
5.569686889648437500e-01
-2.846193611621856689e-01
5.822038054466247559e-01
-1.386444211006164551e+00
-1.269531488418579102e+00
-5.569911599159240723e-01
-1.079948782920837402e+00
-4.439267218112945557e-01
-1.073942184448242188e+00
3.621475398540496826e-01
-2.851091325283050537e-01
-1.274748802185058594e+00
-3.769492805004119873e-01
-3.739494681358337402e-01
-3.638714924454689026e-02
2.936993837356567383e-01
2.902843952178955078e-01
-7.241359353065490723e-01
-1.009550839662551880e-01
-8.225495815277099609e-01
3.610977000789716840e-05
-7.073410749435424805e-01
-9.126327037811279297e-01
-6.867429018020629883e-01
-7.459462881088256836e-01
-1.176520109176635742e+00
-1.058408468961715698e-01
-6.772191524505615234e-01
1.490332186222076416e-01
-1.414803694933652878e-02
7.939633727073669434e-02
-5.786588788032531738e-01
-3.063847422599792480e-01
-1.069308519363403320e-01
-7.563043236732482910e-01
-6.889576911926269531e-01
-1.268895626068115234e+00
-2.601207196712493896e-01
-1.075860738754272461e+00
-1.173303484916687012e+00
-4.574655592441558838e-01
-1.182969808578491211e+00
4.346498548984527588e-01
-2.036253735423088074e-02
-9.791084527969360352e-01
1.828225702047348022e-02
3.659009635448455811e-01
4.020171463489532471e-01
-9.189167618751525879e-01
-4.941744506359100342e-01
-4.277040958404541016e-01
-8.238177895545959473e-01
3.253354728221893311e-01
-1.271471381187438965e+00
-6.273732185363769531e-01
5.777248740196228027e-01
-1.140030384063720703e+00
-4.542021155357360840e-01
-5.365474820137023926e-01
-8.042056113481521606e-02
-1.245368599891662598e+00
5.302999019622802734e-01
-9.820819497108459473e-01
-9.058034420013427734e-01
-7.998510003089904785e-01
1.737634539604187012e-01
-1.516915410757064819e-01
-1.395040631294250488e+00
4.891825914382934570e-01
-1.303222775459289551e+00
-9.382967948913574219e-01
-9.842578172683715820e-01
-1.388921976089477539e+00
-4.422076642513275146e-01
2.612657248973846436e-01
-4.621555209159851074e-01
-8.360041379928588867e-01
-1.381613761186599731e-01
-6.563270688056945801e-01
-3.721285164356231689e-01
-1.348105549812316895e+00
-4.800299406051635742e-01
5.209940075874328613e-01
2.382721379399299622e-02
-1.332223176956176758e+00
-8.597807288169860840e-01
-6.029986217617988586e-02
-1.376342177391052246e+00
-6.953455209732055664e-01
-1.766638606786727905e-01
-1.082789063453674316e+00
-6.916827559471130371e-01
-7.745630741119384766e-01
-6.708267331123352051e-02
-5.076084733009338379e-01
-4.769372344017028809e-01
-4.429158568382263184e-02
4.689561426639556885e-01
-6.964729428291320801e-01
-3.422319293022155762e-01
-2.596190869808197021e-01
-1.636128723621368408e-01
-9.148378968238830566e-01
-7.964362502098083496e-01
-9.158110618591308594e-02
-2.717971503734588623e-01
-7.854458093643188477e-01
-7.038118839263916016e-01
-1.214622616767883301e+00
-9.865922331809997559e-01
-1.013299107551574707e+00
3.759199976921081543e-01
-5.064709782600402832e-01
-4.534882009029388428e-01
4.560859128832817078e-02
-4.846256971359252930e-01
-5.846007466316223145e-01
5.684792399406433105e-01
-2.789120078086853027e-01
-2.386215329170227051e-02
4.580473899841308594e-01
-1.527923792600631714e-01
-5.898790955543518066e-01
-7.160050272941589355e-01
-1.045907735824584961e+00
-1.099108219146728516e+00
-1.221480965614318848e-02
-5.475577116012573242e-01
-9.526681900024414062e-01
-8.806482553482055664e-01
-9.492923617362976074e-01
-6.001588106155395508e-01
-1.109338402748107910e+00
-1.387505769729614258e+00
-1.198050260543823242e+00
-5.335733294486999512e-01
3.475937545299530029e-01
3.990753591060638428e-01
1.226166635751724243e-01
-1.212015628814697266e+00
3.690455555915832520e-01
-6.186536550521850586e-01
-2.662496864795684814e-01
3.124348819255828857e-01
-3.311925530433654785e-01
-7.199953794479370117e-01
1.002636328339576721e-01
5.551548302173614502e-02
-7.373467832803726196e-02
-4.694790393114089966e-02
5.407050251960754395e-01
-1.358124494552612305e+00
-8.794381618499755859e-01
5.708752274513244629e-01
1.905573159456253052e-01
-1.156357645988464355e+00
-8.286760002374649048e-02
-4.759143590927124023e-01
-1.164410948753356934e+00
-5.073654651641845703e-01
-3.131182789802551270e-01
5.011085271835327148e-01
-1.192495003342628479e-01
2.408982366323471069e-01
4.920215159654617310e-02
-2.029196321964263916e-01
3.490700423717498779e-01
6.024583056569099426e-02
-1.035195216536521912e-01
-6.650045514106750488e-01
3.093459010124206543e-01
1.557581499218940735e-02
-1.397083282470703125e+00
-1.099387764930725098e+00
-7.022171616554260254e-01
6.697626318782567978e-03
-8.657763004302978516e-01
-5.170921087265014648e-01
-9.898849129676818848e-01
2.828390300273895264e-01
-3.585516214370727539e-01
-5.062501430511474609e-01
2.865320071578025818e-02
1.475185304880142212e-01
5.671017169952392578e-01
2.453554272651672363e-01
-6.814115047454833984e-01
5.562750697135925293e-01
5.689213871955871582e-01
-1.291400790214538574e+00
6.251437962055206299e-02
3.551447987556457520e-01
-2.839596271514892578e-01
-7.133749723434448242e-01
-1.153759479522705078e+00
-1.111555099487304688e+00
3.914115428924560547e-01
3.259161710739135742e-01
1.220538392663002014e-01
5.660867094993591309e-01
-2.858438491821289062e-01
-9.073241949081420898e-01
-8.646407127380371094e-01
2.911495864391326904e-01
-6.394737958908081055e-01
-2.531122565269470215e-01
-1.094986677169799805e+00
3.991177976131439209e-01
-4.985477626323699951e-01
4.793899655342102051e-01
6.784348189830780029e-02
-8.749630451202392578e-01
-4.033472836017608643e-01
5.818384289741516113e-01
-7.542755603790283203e-01
-7.515774369239807129e-01
-1.198337554931640625e+00
-3.473570048809051514e-01
-1.274693369865417480e+00
-9.546042978763580322e-02
-1.181325793266296387e+00
1.500082761049270630e-01
4.521005749702453613e-01
-1.200897574424743652e+00
-3.485937416553497314e-01
-2.166845649480819702e-01
-1.273778080940246582e+00
1.350173652172088623e-01
-6.638059616088867188e-01
-9.758662581443786621e-01
1.454739123582839966e-01
-2.505396492779254913e-02
-1.110128283500671387e+00
-1.002876281738281250e+00
2.986683845520019531e-01
-8.325703144073486328e-01
2.269869446754455566e-01
-1.366067051887512207e+00
4.396742880344390869e-01
-7.165754437446594238e-01
-1.303789734840393066e+00
-1.410290598869323730e+00
-3.962597623467445374e-02
-6.514778137207031250e-01
-1.219622492790222168e+00
2.165485173463821411e-01
4.929945766925811768e-01
9.059666097164154053e-02
7.001257035881280899e-03
4.562269747257232666e-01
-5.271839499473571777e-01
-1.246631145477294922e-01
2.455422580242156982e-01
-1.390118241310119629e+00
-7.831906080245971680e-01
-4.477587938308715820e-01
-4.450058937072753906e-01
-2.941075861454010010e-01
3.579187989234924316e-01
-1.162645101547241211e+00
1.864312440156936646e-01
1.077495589852333069e-01
-1.125304102897644043e+00
-1.359482049942016602e+00
-1.196768209338188171e-01
-8.715686202049255371e-02
-1.034105777740478516e+00
-1.155584573745727539e+00
2.489259243011474609e-01
-2.255882173776626587e-01
5.076180100440979004e-01
-8.934615254402160645e-01
5.059021711349487305e-01
-1.138550758361816406e+00
-5.651671066880226135e-02
-9.909428954124450684e-01
-5.859445929527282715e-01
-7.966524958610534668e-01
-1.283563137054443359e+00
-5.503349304199218750e-01
1.368879824876785278e-01
4.544567167758941650e-01
-5.044213533401489258e-01
5.082650184631347656e-01
-8.616197705268859863e-01
4.452022165060043335e-02
-1.074810862541198730e+00
-1.255084156990051270e+00
-1.221390008926391602e+00
-1.017118215560913086e+00
5.300131440162658691e-01
6.116289645433425903e-02
-8.039362430572509766e-01
-2.876718342304229736e-01
-1.720430850982666016e-01
-6.557549238204956055e-01
-2.050978988409042358e-01
-1.023503303527832031e+00
-3.943142294883728027e-01
-2.650168240070343018e-01
-1.411757349967956543e+00
-1.376261472702026367e+00
-7.265493273735046387e-02
3.171956539154052734e-01
1.579777151346206665e-01
-1.381196677684783936e-01
-1.074262545444071293e-03
-2.148397713899612427e-01
2.314194589853286743e-01
5.579868555068969727e-01
3.847875297069549561e-01
-5.415804386138916016e-01
-1.216345906257629395e+00
-6.432316899299621582e-01
-1.725955307483673096e-01
3.191035687923431396e-01
-1.818449236452579498e-02
-7.300131916999816895e-01
5.547202825546264648e-01
-5.235793590545654297e-01
2.966523170471191406e-01
-8.379934728145599365e-02
-8.795704841613769531e-01
5.558308362960815430e-01
-8.519811034202575684e-01
-2.711152285337448120e-02
4.773069024085998535e-01
2.091749943792819977e-02
2.503684163093566895e-01
-3.233820945024490356e-02
-1.159626603126525879e+00
-9.749721288681030273e-01
-1.421285569667816162e-01
-1.801913082599639893e-01
-1.327783316373825073e-01
-9.652523398399353027e-01
5.327087044715881348e-01
-1.034390091896057129e+00
4.703447520732879639e-01
-1.012439966201782227e+00
-5.256600379943847656e-01
7.930299639701843262e-02
4.941138625144958496e-01
2.214999794960021973e-01
1.237951219081878662e-01
4.031349122524261475e-01
-8.893235921859741211e-01
5.011271238327026367e-01
-7.737575173377990723e-01
-1.207262635231018066e+00
-3.013426363468170166e-01
5.657875537872314453e-01
3.150449991226196289e-01
-3.130131661891937256e-01
-1.184452652931213379e+00
-7.792431116104125977e-02
-7.299348115921020508e-01
4.977856278419494629e-01
3.599813878536224365e-01
3.962719440460205078e-02
-1.090364336967468262e+00
-5.991153120994567871e-01
-8.450337648391723633e-01
-1.005597829818725586e+00
4.309699833393096924e-01
-7.216244339942932129e-01
-1.248755693435668945e+00
7.000841200351715088e-02
4.938156902790069580e-01
-5.662061572074890137e-01
-1.510980427265167236e-01
-1.090244412422180176e+00
-5.912315249443054199e-01
-9.749863147735595703e-01
-4.145099222660064697e-01
-4.152494668960571289e-01
-1.119839996099472046e-01
-1.176962971687316895e+00
-5.878317356109619141e-01
3.859477043151855469e-01
4.482446610927581787e-01
-2.338479608297348022e-01
5.945761129260063171e-02
2.791977524757385254e-01
-3.463723063468933105e-01
-1.244436621665954590e+00
-2.047570347785949707e-01
3.913724124431610107e-01
-9.289053082466125488e-01
5.338155031204223633e-01
4.892198145389556885e-01
5.369001254439353943e-02
-4.944424629211425781e-01
-6.961212158203125000e-01
-1.266358017921447754e+00
-2.959761917591094971e-01
-1.908131539821624756e-01
-9.960234165191650391e-01
5.677760764956474304e-02
-3.105800151824951172e-01
-1.365782618522644043e-01
-5.509771108627319336e-01
4.933440983295440674e-01
-1.079448461532592773e+00
-9.863040447235107422e-01
9.751000255346298218e-02
-8.274348378181457520e-01
-8.499789834022521973e-01
-6.696611046791076660e-01
-1.380842030048370361e-01
-1.408632397651672363e+00
-1.339808702468872070e+00
-7.120382189750671387e-01
-8.058289885520935059e-01
-1.171050786972045898e+00
-1.130426526069641113e+00
-3.936972618103027344e-01
5.407630205154418945e-01
-1.402683734893798828e+00
-9.152925610542297363e-01
2.999263405799865723e-01
-9.687226414680480957e-01
3.472621440887451172e-01
-9.611620306968688965e-01
1.317651867866516113e-01
-9.901180863380432129e-01
2.861409783363342285e-01
-4.030635952949523926e-02
5.153431296348571777e-01
-1.247640967369079590e+00
-1.264326930046081543e+00
-7.026288509368896484e-01
2.765482962131500244e-01
-3.977429568767547607e-01
-6.881389021873474121e-01
-8.651950955390930176e-01
-1.240405440330505371e+00
-9.336341619491577148e-01
-8.127882480621337891e-01
-4.711473584175109863e-01
-7.841189503669738770e-01
-3.620222806930541992e-01
-4.748578071594238281e-01
-1.168429732322692871e+00
1.276724189519882202e-01
2.818174958229064941e-01
-5.030010342597961426e-01
-5.778828859329223633e-01
-3.002008497714996338e-01
2.320466488599777222e-01
-8.007818460464477539e-01
-1.003695249557495117e+00
-4.843022227287292480e-01
-1.186381816864013672e+00
-9.063247442245483398e-01
-4.718171656131744385e-01
-1.259563922882080078e+00
5.100255012512207031e-01
3.305318951606750488e-01
-4.007395207881927490e-01
-9.321208596229553223e-01
-6.160418391227722168e-01
5.031716078519821167e-02
1.210369989275932312e-01
3.516584634780883789e-01
3.524124622344970703e-02
-5.070260763168334961e-01
5.443309247493743896e-02
2.389349490404129028e-01
3.340333700180053711e-01
5.728532671928405762e-01
3.815521299839019775e-02
-9.787122607231140137e-01
4.441699683666229248e-01
-4.276834428310394287e-01
-1.146419286727905273e+00
-1.483035385608673096e-01
-8.033549189567565918e-01
5.085594654083251953e-01
-1.294059753417968750e+00
-7.847858071327209473e-01
-5.586330592632293701e-02
2.852094769477844238e-01
4.789344072341918945e-01
9.446933120489120483e-02
-1.331907391548156738e+00
5.325417518615722656e-01
-3.505075350403785706e-02
-1.693289913237094879e-02
-1.276477694511413574e+00
-8.517096042633056641e-01
-1.289428114891052246e+00
-7.346980571746826172e-01
-8.509467244148254395e-01
-1.356073021888732910e+00
-1.184771299362182617e+00
-2.145646661520004272e-01
8.227124065160751343e-02
-9.780888557434082031e-01
-1.048040032386779785e+00
-1.283931136131286621e-01
-6.954291462898254395e-02
-8.461657762527465820e-01
-9.726099669933319092e-02
-1.043132543563842773e+00
-1.305285215377807617e+00
-9.967412948608398438e-01
1.504792869091033936e-01
1.199342980980873108e-01
-1.253311276435852051e+00
-1.123775362968444824e+00
-4.063037037849426270e-01
1.108717732131481171e-02
4.402282536029815674e-01
-9.240477085113525391e-01
-1.242786049842834473e+00
-1.008338093757629395e+00
-8.420803546905517578e-01
3.851414024829864502e-01
-1.404628038406372070e+00
-2.335283346474170685e-02
-1.213827133178710938e+00
-4.939026832580566406e-01
-6.546826958656311035e-01
-3.367804884910583496e-01
-1.286982774734497070e+00
1.378709375858306885e-01
-1.329816102981567383e+00
-1.245220780372619629e+00
-6.804929375648498535e-01
2.443556934595108032e-01
-5.933419466018676758e-01
-7.093644142150878906e-01
-4.917348921298980713e-01
-1.007573157548904419e-01
1.483004093170166016e-01
-7.126634120941162109e-01
-2.341247051954269409e-01
2.753245830535888672e-01
-4.309757053852081299e-01
-2.143466621637344360e-01
-1.344399571418762207e+00
-9.690174460411071777e-01
-1.792820692062377930e-01
5.601475238800048828e-01
-6.638195514678955078e-01
-8.490702509880065918e-01
-1.361988782882690430e+00
3.675226271152496338e-01
-9.818311929702758789e-01
-6.013557314872741699e-01
1.191949769854545593e-01
-4.671122729778289795e-01
-4.795476794242858887e-01
-1.153861165046691895e+00
-9.209173321723937988e-01
-4.609769880771636963e-01
-5.656113624572753906e-01
-4.248512983322143555e-01
-8.229994773864746094e-01
-9.394540190696716309e-01
-6.243317946791648865e-02
-3.795545101165771484e-01
1.301111280918121338e-01
-9.980387985706329346e-02
3.899559378623962402e-01
4.154593646526336670e-01
4.412546753883361816e-01
-3.108378350734710693e-01
-9.576445221900939941e-01
1.598781198263168335e-01
-1.095031142234802246e+00
3.418089747428894043e-01
-3.374210298061370850e-01
5.705621838569641113e-01
3.244743943214416504e-01
3.079347908496856689e-01
-1.263913631439208984e+00
-4.984195530414581299e-01
6.415351480245590210e-02
4.513547569513320923e-02
-9.963686764240264893e-02
-3.909389376640319824e-01
-1.401355862617492676e-01
1.907328665256500244e-01
-7.000597715377807617e-01
-3.671248853206634521e-01
3.194673955440521240e-01
-2.633783817291259766e-01
-7.614228725433349609e-01
-2.030649781227111816e-02
-1.925762295722961426e-01
-5.482330173254013062e-02
-1.007115364074707031e+00
3.856601715087890625e-01
-9.057696461677551270e-01
-9.966078996658325195e-01
-7.193465530872344971e-02
-8.659965395927429199e-01
-1.109945297241210938e+00
5.365641042590141296e-02
-3.298947811126708984e-01
-6.582783460617065430e-01
-1.046348363161087036e-01
-1.109309554100036621e+00
4.107369184494018555e-01
-7.566922307014465332e-01
-1.379078865051269531e+00
5.919023156166076660e-01
-6.098160147666931152e-01
4.245854020118713379e-01
-1.658344715833663940e-01
2.960343956947326660e-01
-4.324986934661865234e-01
-1.286686807870864868e-01
-5.948641300201416016e-01
4.992744326591491699e-01
-1.033256292343139648e+00
-4.423426687717437744e-01
8.884032815694808960e-02
3.959523737430572510e-01
-1.054771661758422852e+00
-5.296870693564414978e-02
-6.531266961246728897e-03
-7.233013510704040527e-01
-1.409349203109741211e+00
4.266740679740905762e-01
-7.135553658008575439e-02
-9.235549569129943848e-01
-5.249444842338562012e-01
1.025511845946311951e-01
-1.311232447624206543e+00
-1.151858448982238770e+00
1.202176660299301147e-01
-4.921928644180297852e-01
-4.734323620796203613e-01
2.648909687995910645e-01
-1.155536890029907227e+00
-2.024631947278976440e-01
2.768485844135284424e-01
3.130978047847747803e-01
-9.484202414751052856e-02
-1.031711548566818237e-01
4.583092927932739258e-01
-3.176939189434051514e-01
5.306562781333923340e-01
4.355641901493072510e-01
5.262444615364074707e-01
4.423141181468963623e-01
-2.713492214679718018e-01
-7.187652587890625000e-02
-1.261875152587890625e+00
-1.221417069435119629e+00
5.274494886398315430e-01
-1.036719918251037598e+00
-1.069354295730590820e+00
2.280111312866210938e-01
3.518148958683013916e-01
-6.158748269081115723e-01
-1.002001404762268066e+00
-8.693396449089050293e-01
-1.156979441642761230e+00
1.760769486427307129e-01
-6.014935374259948730e-01
-1.231969356536865234e+00
-9.817669391632080078e-01
-3.244835734367370605e-01
-8.990295231342315674e-02
-1.049342632293701172e+00
-4.054235517978668213e-01
-5.287231206893920898e-01
2.455554455518722534e-01
-1.116278488188982010e-02
-1.239298701286315918e+00
-8.719547986984252930e-01
-3.788534924387931824e-02
-6.410950422286987305e-01
-4.594818949699401855e-01
-1.301253318786621094e+00
-5.255669951438903809e-01
-1.626942008733749390e-01
8.871887624263763428e-02
-6.163961291313171387e-01
-9.931581616401672363e-01
-1.381280064582824707e+00
-1.083744525909423828e+00
-9.158487319946289062e-01
3.875384852290153503e-02
4.022026062011718750e-01
2.499495297670364380e-01
5.478266626596450806e-02
-9.899004697799682617e-01
-3.841345608234405518e-01
-1.391658306121826172e+00
-9.285386800765991211e-01
-8.326066732406616211e-01
-1.093499213457107544e-01
-1.089824438095092773e+00
-1.075299859046936035e+00
-2.941768765449523926e-01
2.420032322406768799e-01
-3.629735410213470459e-01
-9.484463334083557129e-01
-1.261744260787963867e+00
-7.596915364265441895e-01
5.418047308921813965e-01
5.205479264259338379e-01
-1.959211975336074829e-01
3.434875011444091797e-01
-4.374949336051940918e-01
-7.046474218368530273e-01
-3.026072084903717041e-01
1.707825511693954468e-01
-1.178645372390747070e+00
3.400531113147735596e-01
-5.969900488853454590e-01
1.935971081256866455e-01
-1.357157468795776367e+00
-2.098243683576583862e-01
-1.907224506139755249e-01
-1.677393913269042969e-01
-1.368767738342285156e+00
-6.184898614883422852e-01
-1.192127346992492676e+00
-6.674293875694274902e-01
-3.522363603115081787e-01
-2.614573538303375244e-01
-1.063772320747375488e+00
3.860539495944976807e-01
-1.382553815841674805e+00
-1.264466643333435059e+00
-7.542778849601745605e-01
3.577136695384979248e-01
-1.790841519832611084e-01
4.627590626478195190e-02
1.742410212755203247e-01
-9.902671575546264648e-01
-1.141594648361206055e+00
-3.192005306482315063e-02
-1.230929136276245117e+00
-8.955952525138854980e-01
-9.735089540481567383e-01
-6.869944930076599121e-01
-8.452271223068237305e-01
-6.341946125030517578e-01
-2.910631299018859863e-01
-9.937763810157775879e-01
-8.637311458587646484e-01
2.197943329811096191e-01
-1.029422640800476074e+00
-2.122626826167106628e-02
2.375769615173339844e-01
-1.341561913490295410e+00
-9.001938104629516602e-01
-2.199254035949707031e-01
-1.057246804237365723e+00
-2.292325049638748169e-01
4.324301481246948242e-01
-5.194762945175170898e-01
-1.172688484191894531e+00
-1.067541241645812988e+00
5.568488836288452148e-01
5.032094717025756836e-01
-1.146280646324157715e+00
5.982277542352676392e-02
-2.589839100837707520e-01
-1.317062497138977051e+00
2.159894071519374847e-02
-3.202265202999114990e-01
-5.433969199657440186e-02
-1.231684207916259766e+00
-1.227286934852600098e+00
-5.254651233553886414e-02
-9.566442370414733887e-01
2.141123861074447632e-01
3.989602252840995789e-02
8.612699061632156372e-02
-1.054107427597045898e+00
-1.495675146579742432e-01
-1.923689842224121094e-01
4.898452013731002808e-02
4.540179371833801270e-01
4.582136869430541992e-01
-4.589656591415405273e-01
-8.278079628944396973e-01
-4.135295450687408447e-01
-2.495060265064239502e-01
-5.749133825302124023e-01
-4.650415778160095215e-01
7.614108175039291382e-02
-9.561122208833694458e-02
-9.756986498832702637e-01
3.597992360591888428e-01
-8.490452170372009277e-01
-4.330161213874816895e-01
3.850368261337280273e-01
-1.067294120788574219e+00
1.984191685914993286e-01
4.692606031894683838e-01
-8.881590366363525391e-01
-1.234305739402770996e+00
-5.503954291343688965e-01
-3.735575079917907715e-01
1.096015516668558121e-02
2.279080897569656372e-01
2.871825993061065674e-01
-8.505553007125854492e-01
-1.032284855842590332e+00
-1.417606770992279053e-01
-9.695760011672973633e-01
-4.028936326503753662e-01
-7.718183398246765137e-01
-8.182545006275177002e-02
-5.951887965202331543e-01
-1.174891889095306396e-01
-3.734615743160247803e-01
-5.622011795639991760e-02
-9.900389909744262695e-01
4.919818341732025146e-01
-7.007356882095336914e-01
-2.307958342134952545e-02
-8.148316740989685059e-01
-8.003001213073730469e-01
-1.320104956626892090e+00
-1.286486983299255371e+00
4.857425093650817871e-01
1.424285620450973511e-01
4.717805087566375732e-01
-6.987577080726623535e-01
-4.559722840785980225e-01
1.047727391123771667e-01
1.526470184326171875e-01
-9.314432740211486816e-01
-1.250697255134582520e+00
-8.357728719711303711e-01
-1.108275532722473145e+00
2.491290718317031860e-01
-1.097368836402893066e+00
2.176442891359329224e-01
-1.048773765563964844e+00
1.813384890556335449e-02
4.439642429351806641e-01
-9.464402794837951660e-01
-3.637291789054870605e-01
-7.668479681015014648e-01
-3.260744214057922363e-01
-1.047403216361999512e+00
-9.450341463088989258e-01
9.238859266042709351e-02
-9.691104888916015625e-01
-1.365913510322570801e+00
-8.475559353828430176e-01
2.538003623485565186e-01
2.580802738666534424e-01
-1.317773908376693726e-01
1.061865612864494324e-01
-4.077124297618865967e-01
-9.317176938056945801e-01
-1.251620531082153320e+00
1.225327625870704651e-01
-6.956964135169982910e-01
-1.010440587997436523e+00
2.223867624998092651e-01
-4.670577049255371094e-01
-1.239473700523376465e+00
7.827107608318328857e-02
-8.425264358520507812e-01
2.510661780834197998e-01
-6.645292043685913086e-01
3.480381667613983154e-01
-1.379872560501098633e+00
-1.293262839317321777e+00
-8.213942646980285645e-01
-9.343413114547729492e-01
4.075767993927001953e-01
3.011034429073333740e-01
-6.786391735076904297e-01
6.856746971607208252e-02
-3.900532424449920654e-02
3.886066377162933350e-01
1.876361668109893799e-01
-4.514125883579254150e-01
-1.258919358253479004e+00
-1.045628070831298828e+00
-1.147626265883445740e-01
4.302707016468048096e-01
2.637290358543395996e-01
-1.220199227333068848e+00
-1.388849616050720215e+00
-3.430059552192687988e-01
4.586668312549591064e-01
-1.172152519226074219e+00
-1.169918894767761230e+00
-6.469624042510986328e-01
1.709652990102767944e-01
2.833909094333648682e-01
-5.045429468154907227e-01
4.499283432960510254e-02
4.567534327507019043e-01
4.626328945159912109e-01
-8.155980110168457031e-01
4.117085039615631104e-01
-4.704404771327972412e-01
-8.785776048898696899e-02
-1.151155214756727219e-02
-9.479940533638000488e-01
5.664848685264587402e-01
-2.259169369935989380e-01
3.272961676120758057e-01
-8.155167102813720703e-01
3.895232975482940674e-01
-8.203830122947692871e-01
-8.663827180862426758e-01
9.551586955785751343e-02
2.970937192440032959e-01
-4.875742197036743164e-01
-1.161586865782737732e-01
1.946904361248016357e-01
-3.043202683329582214e-02
-2.608943283557891846e-01
4.647967815399169922e-01
4.936940670013427734e-01
4.874466657638549805e-01
-7.074723839759826660e-01
-8.111397624015808105e-01
-5.438662171363830566e-01
1.807147115468978882e-01
-9.513028264045715332e-01
6.692519783973693848e-02
1.644489914178848267e-01
3.274649083614349365e-01
4.189631342887878418e-02
-1.320987105369567871e+00
-4.824280142784118652e-01
-1.001685976982116699e+00
-1.133492708206176758e+00
-1.398250609636306763e-01
-5.788843631744384766e-01
3.773273527622222900e-01
-1.098121516406536102e-02
-2.387152016162872314e-01
-1.035080194473266602e+00
4.172005057334899902e-01
4.506404697895050049e-01
4.780927002429962158e-01
-6.147639751434326172e-01
2.043898217380046844e-02
-1.052003130316734314e-01
-7.762426137924194336e-01
4.030710756778717041e-01
-4.453043639659881592e-02
3.980267047882080078e-01
-8.143085837364196777e-01
-7.405520677566528320e-01
-9.873451590538024902e-01
-6.471681594848632812e-01
-1.229855537414550781e+00
-1.126269400119781494e-01
-3.070947229862213135e-01
-4.077684879302978516e-01
3.243058919906616211e-01
-6.136443018913269043e-01
7.124613970518112183e-02
-8.474505543708801270e-01
1.991089880466461182e-01
-3.875623047351837158e-01
1.483502984046936035e-01
4.663534462451934814e-02
-4.584839940071105957e-02
-9.310159683227539062e-01
-7.271361351013183594e-01
-2.393703013658523560e-01
-7.328941226005554199e-01
-3.050376176834106445e-01
-1.255120635032653809e+00
2.105782032012939453e-01
-1.035757586359977722e-01
-3.448002934455871582e-01
-3.349466715008020401e-04
2.983317673206329346e-01
3.979786932468414307e-01
-1.250868320465087891e+00
-1.010052680969238281e+00
-5.822173953056335449e-01
-1.323553323745727539e-01
-1.182139277458190918e+00
1.122134551405906677e-01
-4.910147488117218018e-01
2.591572999954223633e-01
-8.973087072372436523e-01
-1.373381819576025009e-02
-4.883363842964172363e-01
-9.936642646789550781e-01
-4.422976374626159668e-01
-1.139939427375793457e+00
-7.611637562513351440e-02
-4.736258983612060547e-01
-9.672635793685913086e-01
-8.228141665458679199e-01
-7.024735212326049805e-01
-1.374455451965332031e+00
-7.446880936622619629e-01
-4.860727787017822266e-01
-9.014713168144226074e-01
4.408965110778808594e-01
-7.669773697853088379e-01
-7.490596175193786621e-01
-9.165319204330444336e-01
7.423358410596847534e-02
-4.085278511047363281e-01
-6.548227667808532715e-01
-6.965418457984924316e-01
-1.685143858194351196e-01
-3.563025593757629395e-01
-3.930201828479766846e-01
-7.108261585235595703e-01
-4.380942285060882568e-01
-7.755796909332275391e-01
3.673501610755920410e-01
3.859347105026245117e-01
-6.941789984703063965e-01
2.429456859827041626e-01
-9.555049240589141846e-02
4.079040884971618652e-01
5.174288749694824219e-01
-6.203287839889526367e-01
-1.229927301406860352e+00
2.393320202827453613e-01
-5.615537166595458984e-01
3.184986412525177002e-01
-9.427669048309326172e-01
5.933119729161262512e-02
2.188603579998016357e-01
-2.062978446483612061e-01
-1.198681950569152832e+00
-1.175492882728576660e+00
-2.868874371051788330e-01
-1.408141136169433594e+00
-3.020028769969940186e-02
7.486864924430847168e-02
5.804029703140258789e-01
-1.110997080802917480e+00
-4.384245574474334717e-01
-1.222232222557067871e+00
-8.040577173233032227e-01
-7.965605854988098145e-01
5.409674346446990967e-02
-7.797814011573791504e-01
-1.326434731483459473e+00
-7.372766137123107910e-01
-2.206643372774124146e-01
-2.386288344860076904e-01
-1.102830410003662109e+00
-1.077165246009826660e+00
4.293766915798187256e-01
-2.605459988117218018e-01
-1.249812364578247070e+00
-2.875108122825622559e-01
-4.445547163486480713e-01
-2.217773050069808960e-01
-1.630819290876388550e-01
-1.019034504890441895e+00
-4.373001158237457275e-01
5.863724946975708008e-01
-1.374454736709594727e+00
-1.267467021942138672e+00
4.087383151054382324e-01
1.640713363885879517e-01
-2.581451237201690674e-01
5.400038957595825195e-01
-1.028394222259521484e+00
-2.855751514434814453e-01
-6.026175618171691895e-01
1.855746097862720490e-02
-9.993069171905517578e-01
-9.817730188369750977e-01
-5.983319878578186035e-01
-2.087066918611526489e-01
-1.020770907402038574e+00
-4.201704263687133789e-01
2.816729843616485596e-01
-3.684414923191070557e-01
-1.383002400398254395e+00
4.981152117252349854e-01
-1.384123682975769043e+00
-1.358996987342834473e+00
1.563186049461364746e-01
3.100660443305969238e-01
5.333914887160062790e-03
2.592392861843109131e-01
2.921365201473236084e-01
-1.165288925170898438e+00
-1.178490996360778809e+00
-1.318853378295898438e+00
2.612098455429077148e-01
-7.555657625198364258e-01
-1.076566457748413086e+00
-1.013109087944030762e+00
-7.832031250000000000e-01
-5.923612713813781738e-01
-1.144299626350402832e+00
-1.097558259963989258e+00
-9.558458924293518066e-01
4.578606784343719482e-01
-1.762741506099700928e-01
-5.358110666275024414e-01
-8.223490715026855469e-01
-9.995783567428588867e-01
1.176670789718627930e-01
-5.882754176855087280e-02
-5.395014882087707520e-01
3.512869775295257568e-01
7.824851572513580322e-02
-7.552728801965713501e-02
2.426851540803909302e-01
-4.853214919567108154e-01
-9.611541628837585449e-01
-7.714936733245849609e-01
2.800146639347076416e-01
2.691348493099212646e-01
-5.017740130424499512e-01
-1.242423892021179199e+00
-2.997123301029205322e-01
-1.227033615112304688e+00
-5.534835159778594971e-03
-4.489819109439849854e-01
1.805003285408020020e-01
-1.127033948898315430e+00
-1.662663817405700684e-01
-1.039313554763793945e+00
-1.619259864091873169e-01
-5.487754344940185547e-01
-1.024651765823364258e+00
-4.874695837497711182e-01
-7.791382670402526855e-01
-6.789042353630065918e-01
-1.254938960075378418e+00
-6.546051502227783203e-01
-1.398599624633789062e+00
5.176392197608947754e-01
-1.254530072212219238e+00
-1.226653456687927246e+00
3.863376677036285400e-01
1.202693954110145569e-01
-8.959347605705261230e-01
3.002697825431823730e-01
-8.848800063133239746e-01
-6.985579133033752441e-01
8.537694811820983887e-02
-9.193220734596252441e-01
-1.068875074386596680e+00
-1.318282485008239746e+00
-1.050861120223999023e+00
-6.844999194145202637e-01
3.090107738971710205e-01
-1.818906068801879883e-01
1.034539639949798584e-01
-7.256951332092285156e-01
-5.119896531105041504e-01
-6.533724069595336914e-01
-1.153792619705200195e+00
-3.837284445762634277e-02
2.187808156013488770e-01
-1.061848104000091553e-01
-9.235718846321105957e-01
1.921150982379913330e-01
-3.980242609977722168e-01
-4.868375658988952637e-01
-1.263064026832580566e+00
3.628874719142913818e-01
-1.718314015306532383e-03
1.519555132836103439e-02
-1.088367849588394165e-01
-2.020842581987380981e-01
1.832114607095718384e-01
-7.762096524238586426e-01
2.441483736038208008e-01
-1.264319658279418945e+00
-1.179429143667221069e-01
-4.565710723400115967e-01
-4.346415102481842041e-01
4.120465517044067383e-01
4.221115410327911377e-01
2.483623102307319641e-02
1.171984672546386719e-01
-1.163901329040527344e+00
-1.338689565658569336e+00
-1.149949803948402405e-01
-1.670736670494079590e-01
-2.616980969905853271e-01
-4.379256367683410645e-01
-2.425751090049743652e-01
4.957075417041778564e-01
-2.295250445604324341e-01
-8.850663304328918457e-01
3.203389048576354980e-01
-3.827323913574218750e-01
-9.129943847656250000e-01
-1.336875081062316895e+00
3.241448998451232910e-01
-1.384362697601318359e+00
-5.886626243591308594e-01
-1.229384183883666992e+00
-9.301130771636962891e-01
-9.331906437873840332e-01
-9.689844250679016113e-01
4.716875553131103516e-01
-8.075441122055053711e-01
-1.381973862648010254e+00
-2.341978438198566437e-02
-3.227080106735229492e-01
-2.331963032484054565e-01
-8.327960968017578125e-01
3.981355130672454834e-01
5.406013727188110352e-01
5.275588631629943848e-01
2.666322588920593262e-01
1.195193231105804443e-01
2.706765830516815186e-01
-7.304072976112365723e-01
-8.169506788253784180e-01
5.638698339462280273e-01
-1.194746732711791992e+00
-1.307013392448425293e+00
-8.592134118080139160e-01
-7.811360955238342285e-01
2.873703539371490479e-01
-9.700101017951965332e-01
-1.238635897636413574e+00
-3.227405548095703125e-01
-9.628400802612304688e-01
-5.371161922812461853e-02
-6.144161820411682129e-01
1.973115503787994385e-01
1.339896917343139648e-01
-1.197890520095825195e+00
-3.877403587102890015e-02
-1.617958247661590576e-01
-1.198271512985229492e+00
3.612925484776496887e-02
-1.170517325401306152e+00
3.867120742797851562e-01
-1.175675272941589355e+00
-8.096619248390197754e-01
-1.032211422920227051e+00
-1.358091711997985840e+00
-1.112808585166931152e+00
7.234738022089004517e-02
-1.058741807937622070e+00
-8.056593537330627441e-01
-5.956345796585083008e-01
5.624576807022094727e-01
-1.185030579566955566e+00
3.474475443363189697e-01
-2.027720510959625244e-01
-1.071558356285095215e+00
-1.119754076004028320e+00
3.559100925922393799e-01
-2.844114601612091064e-02
-1.847323924303054810e-01
-1.153528690338134766e-01
-8.881807327270507812e-01
-9.448028802871704102e-01
-8.773790597915649414e-01
-8.273036479949951172e-01
-4.751368761062622070e-01
-1.293127387762069702e-01
-1.095381565392017365e-02
-5.224286317825317383e-01
-4.033524990081787109e-01
-1.359261035919189453e+00
-6.269919276237487793e-01
-1.919419169425964355e-01
-6.066193580627441406e-01
-7.047221660614013672e-01
-1.259257793426513672e-01
-1.124835371971130371e+00
-1.014721989631652832e+00
-4.421229660511016846e-01
-1.369517803192138672e+00
-4.936562776565551758e-01
2.038662694394588470e-02
1.354965120553970337e-01
-1.527660489082336426e-01
5.257893204689025879e-01
1.007375568151473999e-01
-7.242317795753479004e-01
-6.084319949150085449e-01
-1.307808279991149902e+00
5.672838687896728516e-01
-1.711234003305435181e-01
-1.846788078546524048e-01
-8.731835484504699707e-01
-1.407375812530517578e+00
-1.377236485481262207e+00
-1.104296445846557617e+00
3.946493268013000488e-01
-1.231055185198783875e-01
4.373502135276794434e-01
-4.875854849815368652e-01
-1.142141819000244141e+00
-4.612948372960090637e-02
-3.450384140014648438e-01
-1.047269940376281738e+00
-1.033241271972656250e+00
-8.922320604324340820e-01
-4.770004749298095703e-01
2.600181698799133301e-01
4.407782107591629028e-02
-2.877207398414611816e-01
-8.626056909561157227e-01
-2.111616432666778564e-01
-3.552648425102233887e-02
-2.307173907756805420e-01
-9.159365892410278320e-01
4.413396418094635010e-01
-1.542171984910964966e-01
4.485827982425689697e-01
-6.314196586608886719e-01
-4.083910286426544189e-01
-1.017084494233131409e-01
-3.578733801841735840e-01
-1.015282869338989258e+00
-5.984224081039428711e-01
4.504904747009277344e-01
-1.354265689849853516e+00
3.853146433830261230e-01
-1.123120188713073730e+00
1.920568645000457764e-01
8.491833508014678955e-02
-4.023279249668121338e-01
-7.559322565793991089e-02
1.767981946468353271e-01
-1.494323611259460449e-01
-2.824539542198181152e-01
-1.395953655242919922e+00
-2.847340703010559082e-01
4.871327877044677734e-01
-7.422506213188171387e-01
-7.920275628566741943e-02
-5.304642319679260254e-01
4.379014968872070312e-01
-9.833995699882507324e-01
-5.971906185150146484e-01
3.465857803821563721e-01
-2.843827940523624420e-02
-1.214193820953369141e+00
-5.283498167991638184e-01
-9.951543211936950684e-01
-4.592093825340270996e-01
-3.670092821121215820e-01
-3.279120326042175293e-01
1.608152687549591064e-01
5.846177041530609131e-02
-2.825157530605792999e-02
2.347626388072967529e-01
-1.163712382316589355e+00
-1.707314513623714447e-02
-6.182112097740173340e-01
-1.085177898406982422e+00
-1.143723249435424805e+00
-8.800739049911499023e-01
-7.685597538948059082e-01
-3.659726083278656006e-01
-5.525433421134948730e-01
1.783219352364540100e-02
-1.858281642198562622e-01
-5.873551964759826660e-01
1.676557958126068115e-01
-3.796965479850769043e-01
2.403235435485839844e-01
4.660590589046478271e-01
-9.903340935707092285e-01
-2.821275889873504639e-01
-4.409391880035400391e-01
2.010509669780731201e-01
1.211880668997764587e-01
-3.012180328369140625e-01
-4.042504131793975830e-01
5.606713294982910156e-01
4.188206493854522705e-01
-9.811850190162658691e-01
5.310658812522888184e-01
-1.245084047317504883e+00
-1.238697290420532227e+00
4.634127393364906311e-02
3.960517346858978271e-01
5.626859888434410095e-02
5.697870254516601562e-01
1.819485574960708618e-01
4.187236428260803223e-01
-6.323140263557434082e-01
2.394837290048599243e-01
-1.266275525093078613e+00
-7.065287232398986816e-01
-9.910099506378173828e-01
-1.010076045989990234e+00
-2.467263191938400269e-01
-1.274962544441223145e+00
-2.617350518703460693e-01
2.506066858768463135e-01
-2.340093851089477539e-01
-1.019245147705078125e+00
-8.579218387603759766e-01
-1.046477913856506348e+00
4.939852654933929443e-01
4.904454946517944336e-01
7.327602058649063110e-02
1.208028569817543030e-01
-8.797821998596191406e-01
-1.040448024868965149e-01
-3.701391816139221191e-01
-1.293071031570434570e+00
-9.873446077108383179e-02
-1.035855054855346680e+00
1.401361525058746338e-01
-3.660154342651367188e-01
-1.233061552047729492e+00
-9.883450269699096680e-01
2.874211966991424561e-01
-2.652207612991333008e-01
5.325312614440917969e-01
-3.924109637737274170e-01
-1.379234313964843750e+00
-9.375602006912231445e-01
-1.259123444557189941e+00
-4.513153135776519775e-01
-1.398617267608642578e+00
1.047954708337783813e-01
1.854741275310516357e-01
-4.552119374275207520e-01
2.198752388358116150e-02
-7.897732853889465332e-01
-8.602932095527648926e-01
-5.112671852111816406e-01
-4.401269555091857910e-01
-2.314667105674743652e-01
-1.064031049609184265e-01
-9.773834943771362305e-01
-2.320299483835697174e-02
-7.394430041313171387e-01
-8.227686882019042969e-01
2.913019955158233643e-01
-1.211396098136901855e+00
-4.799563288688659668e-01
1.814017593860626221e-01
3.835774362087249756e-01
-1.537731140851974487e-01
4.270640313625335693e-01
-9.275320768356323242e-01
3.826816678047180176e-01
-9.441367387771606445e-01
-6.627750396728515625e-01
-9.837099909782409668e-01
-8.424412012100219727e-01
-6.639441847801208496e-01
-1.425450086593627930e+00
-1.139390349388122559e+00
-3.221924006938934326e-01
-1.280198693275451660e+00
-2.710061073303222656e-01
-1.114553928375244141e+00
-2.465729564428329468e-01
-9.522125124931335449e-01
-4.859529137611389160e-01
-1.317456483840942383e+00
4.284488260746002197e-01
-1.383330702781677246e+00
5.426045656204223633e-01
1.541650444269180298e-01
-8.597298264503479004e-01
-8.105940818786621094e-01
-3.146171569824218750e-01
-9.438401460647583008e-01
-1.274841278791427612e-01
-4.679848551750183105e-01
-8.067283630371093750e-01
-1.039929032325744629e+00
4.696146845817565918e-01
-1.204614996910095215e+00
-2.085012793540954590e-01
-1.207813620567321777e+00
2.609893679618835449e-01
5.621058940887451172e-01
-2.898286283016204834e-02
1.905814260244369507e-01
-1.186421751976013184e+00
-2.227232903242111206e-01
-2.728343904018402100e-01
-1.140815973281860352e+00
-9.953343309462070465e-03
-1.131678938865661621e+00
-9.789765477180480957e-01
-6.626795530319213867e-01
3.962002396583557129e-01
-7.331071496009826660e-01
-9.970471858978271484e-01
-1.208146095275878906e+00
-1.128698825836181641e+00
4.508734047412872314e-01
-1.193251252174377441e+00
5.321849584579467773e-01
-7.059130072593688965e-01
4.455915093421936035e-01
-5.300796031951904297e-02
-1.151201367378234863e+00
-9.676262736320495605e-01
-1.076794385910034180e+00
-1.284735202789306641e+00
-1.163648247718811035e+00
4.220414161682128906e-01
-1.333738446235656738e+00
-2.745366096496582031e-01
-1.222615003585815430e+00
-4.203795641660690308e-02
-6.755623817443847656e-01
3.241058290004730225e-01
-3.713009506464004517e-02
3.349311947822570801e-01
-3.330711722373962402e-01
-1.342247486114501953e+00
-5.915055871009826660e-01
-1.115799993276596069e-01
-1.264129519462585449e+00
2.452884018421173096e-01
2.615225315093994141e-01
-2.731333971023559570e-01
-1.045186400413513184e+00
3.594334721565246582e-01
5.576652288436889648e-01
-6.007657647132873535e-01
-1.312440514564514160e+00
3.295943140983581543e-01
2.469134777784347534e-01
-2.748775780200958252e-01
-1.375113010406494141e+00
5.337229743599891663e-02
-5.354002714157104492e-01
-1.076105475425720215e+00
-9.953221678733825684e-01
5.615236237645149231e-02
-1.159910917282104492e+00
3.241553902626037598e-02
-9.355254769325256348e-01
-8.417710065841674805e-01
-8.253052234649658203e-01
-5.732448697090148926e-01
-1.281929492950439453e+00
-1.161679506301879883e+00
-3.672911524772644043e-01
-3.119293451309204102e-01
-4.830679893493652344e-01
-1.176938652992248535e+00
-5.488231778144836426e-01
2.378591150045394897e-01
-2.818020284175872803e-01
1.033017188310623169e-01
-6.513755321502685547e-01
-1.804578751325607300e-01
4.585792720317840576e-01
-7.086725831031799316e-01
-1.183128714561462402e+00
-7.054129838943481445e-01
-1.294004082679748535e+00
-4.266736507415771484e-01
5.316153168678283691e-01
-2.753125131130218506e-01
-1.488698869943618774e-01
4.313292354345321655e-02
-1.367728114128112793e+00
4.221316874027252197e-01
-6.160640716552734375e-02
-1.303843140602111816e+00
-5.794133543968200684e-01
-5.977550894021987915e-02
-1.053723096847534180e+00
-8.015152812004089355e-01
-3.349727392196655273e-01
-4.756457805633544922e-01
-1.115947008132934570e+00
-2.022574841976165771e-01
-8.837963342666625977e-01
2.896146178245544434e-01
-8.735641837120056152e-01
-1.064464807510375977e+00
-1.249541044235229492e+00
4.987609684467315674e-01
-1.223840340971946716e-01
-1.267931580543518066e+00
1.680509597063064575e-01
4.675443172454833984e-01
-6.821226477622985840e-01
-1.206719279289245605e+00
3.265877962112426758e-01
-1.154909372329711914e+00
-1.134712576866149902e+00
2.526839673519134521e-01
4.986558482050895691e-02
-6.987721323966979980e-01
-9.337911754846572876e-02
-8.978754878044128418e-01
3.730153441429138184e-01
-6.388419270515441895e-01
-4.687686264514923096e-01
-3.206199407577514648e-01
-1.322437644004821777e+00
-1.156047582626342773e+00
-4.350874423980712891e-01
-7.105866074562072754e-01
-2.307709604501724243e-01
4.111423492431640625e-01
3.923529684543609619e-01
-4.027527272701263428e-01
3.219599127769470215e-01
1.098278760910034180e-01
-7.624938488006591797e-01
-4.879663586616516113e-01
-1.259955167770385742e+00
-5.746592879295349121e-01
-5.621179938316345215e-01
-2.363964915275573730e-01
-7.061887532472610474e-02
4.379615485668182373e-01
3.447178602218627930e-01
3.620124459266662598e-01
-5.260230302810668945e-01
-6.046923398971557617e-01
-1.128151416778564453e+00
-2.973467111587524414e-01
3.750213384628295898e-01
-7.887019515037536621e-01
4.618322551250457764e-01
5.133409798145294189e-02
-2.148756980895996094e-01
-1.357461690902709961e+00
-1.375941872596740723e+00
4.823031425476074219e-01
-4.277658164501190186e-01
-5.124593973159790039e-01
-9.610392451286315918e-01
-1.383234500885009766e+00
-1.269632697105407715e+00
-3.936485201120376587e-02
2.439253032207489014e-01
-1.168137550354003906e+00
1.498214453458786011e-01
-1.268372416496276855e+00
-2.186515778303146362e-01
-5.873173475265502930e-01
4.075560271739959717e-01
-1.247669935226440430e+00
-3.968565762042999268e-01
4.996155500411987305e-01
-1.068298101425170898e+00
-1.231864809989929199e+00
-1.098722457885742188e+00
4.429757595062255859e-01
-4.587972462177276611e-01
-7.052800059318542480e-01
-9.377709031105041504e-01
-1.109495997428894043e+00
-1.107004523277282715e+00
-5.600490570068359375e-01
-3.868405222892761230e-01
4.405002892017364502e-01
-6.723754405975341797e-01
-3.570379614830017090e-01
-1.369952797889709473e+00
-4.168342351913452148e-01
-1.029010772705078125e+00
-1.234971523284912109e+00
2.649160325527191162e-01
-2.243587076663970947e-01
-7.661162316799163818e-02
-1.221648454666137695e+00
-1.236266016960144043e+00
-1.384932398796081543e+00
2.548602521419525146e-01
1.247756108641624451e-01
-1.229171514511108398e+00
-6.602580547332763672e-01
-1.019050739705562592e-02
-1.802450120449066162e-01
2.454659193754196167e-01
5.521289631724357605e-02
-6.392897963523864746e-01
-7.673580646514892578e-01
5.057011842727661133e-01
-6.224507838487625122e-02
2.198276221752166748e-01
-6.510108113288879395e-01
-1.200856208801269531e+00
8.290045708417892456e-02
-8.315110206604003906e-01
2.481991797685623169e-01
5.053495764732360840e-01
-7.527335882186889648e-01
3.439673185348510742e-01
-8.842696547508239746e-01
-1.878237575292587280e-01
-7.284893989562988281e-01
5.286490917205810547e-01
-1.202720522880554199e+00
4.833066463470458984e-01
-7.605062723159790039e-01
-1.217600345611572266e+00
-2.265876233577728271e-01
-2.816711366176605225e-01
-1.343788504600524902e+00
1.574690788984298706e-01
4.328446090221405029e-01
-9.023379683494567871e-01
-7.364999055862426758e-01
-5.279150605201721191e-01
-3.871281072497367859e-02
-1.043229460716247559e+00
1.352869123220443726e-01
1.221029683947563171e-01
3.609918951988220215e-01
-8.695814609527587891e-01
-1.253392338752746582e+00
-2.289073020219802856e-01
-6.974498033523559570e-01
1.486008018255233765e-01
-6.842871904373168945e-01
1.802414655685424805e-01
-7.242296338081359863e-01
-8.461488485336303711e-01
7.652044761925935745e-03
5.408221483230590820e-01
2.222726643085479736e-01
-3.770418763160705566e-01
-8.135606646537780762e-01
-1.318639874458312988e+00
3.922629356384277344e-01
4.653191864490509033e-01
3.969126343727111816e-01
-5.300685763359069824e-01
-1.091104626655578613e+00
-1.599228680133819580e-01
-1.733739674091339111e-01
4.209727644920349121e-01
-2.498487681150436401e-01
-1.253065586090087891e+00
-7.301313877105712891e-01
2.134483009576797485e-01
-1.115206480026245117e+00
-1.038030743598937988e+00
-2.175127863883972168e-01
-6.644175648689270020e-01
-1.396854877471923828e+00
-8.668357133865356445e-01
2.178966701030731201e-01
4.582168757915496826e-01
-9.135740399360656738e-01
-1.176103949546813965e+00
-1.378850698471069336e+00
-9.266259670257568359e-01
-2.565572559833526611e-01
1.457044482231140137e-01
-6.129000782966613770e-01
-1.182073950767517090e+00
-8.014194369316101074e-01
3.307187557220458984e-01
5.688281059265136719e-01
-1.171600103378295898e+00
-2.841552197933197021e-01
-6.991808116436004639e-02
-7.672837376594543457e-01
-6.714481711387634277e-01
-5.765773057937622070e-01
-1.385189533233642578e+00
3.520850241184234619e-01
-1.311006903648376465e+00
-4.193095862865447998e-01
-1.067158579826354980e+00
-5.334360003471374512e-01
-1.939750835299491882e-02
4.817253351211547852e-01
3.019060008227825165e-02
-5.817779898643493652e-01
-3.972322866320610046e-02
-1.759837567806243896e-01
-6.486194133758544922e-01
4.208049178123474121e-01
2.672854363918304443e-01
2.840803861618041992e-01
-9.022916555404663086e-01
-1.112238407135009766e+00
-6.425892114639282227e-01
-1.123217821121215820e+00
5.818700790405273438e-01
-5.585556626319885254e-01
-1.515237540006637573e-01
-8.224357962608337402e-01
-1.271206259727478027e+00
-1.118787527084350586e+00
3.678723573684692383e-01
-5.023401379585266113e-01
-8.947148174047470093e-02
-9.752712249755859375e-01
-7.405180335044860840e-01
-7.112442255020141602e-01
5.288377404212951660e-01
-1.087406992912292480e+00
2.644999623298645020e-01
-7.020036876201629639e-02
4.696012437343597412e-01
-6.120731234550476074e-01
-8.477689027786254883e-01
3.341021537780761719e-01
-3.747276589274406433e-02
-1.397441029548645020e+00
-1.245180010795593262e+00
4.366374313831329346e-01
-4.289633035659790039e-01
-1.151878237724304199e+00
-3.794098794460296631e-01
-3.717521131038665771e-01
2.084772288799285889e-01
-1.180496454238891602e+00
-1.131316065788269043e+00
-2.323239110410213470e-02
-2.346536964178085327e-01
-1.796667873859405518e-01
-4.924912452697753906e-01
-6.592165827751159668e-01
4.160294532775878906e-01
-6.424563527107238770e-01
2.750480175018310547e-01
-8.756179809570312500e-01
4.244022369384765625e-01
-1.204211473464965820e+00
1.443757414817810059e-01
-4.959479868412017822e-01
-1.377327561378479004e+00
-9.659073948860168457e-01
-1.149137973785400391e+00
-4.352289736270904541e-01
-4.125637710094451904e-01
-4.456832408905029297e-01
1.424975544214248657e-01
-2.476493567228317261e-01
-2.746757268905639648e-01
-4.641478359699249268e-01
-2.250887304544448853e-01
-1.184985861182212830e-01
-6.353304386138916016e-01
-8.515589237213134766e-01
-2.202594727277755737e-01
2.754675783216953278e-02
-1.004695415496826172e+00
-2.663450874388217926e-02
-1.031620025634765625e+00
4.353767931461334229e-01
-6.374511122703552246e-01
-1.014101862907409668e+00
-4.676820039749145508e-01
-1.399289727210998535e+00
-9.503999948501586914e-01
-1.726107113063335419e-02
-1.395059823989868164e+00
5.656734108924865723e-01
3.544859588146209717e-01
-1.036303192377090454e-01
-2.597596049308776855e-01
2.028782218694686890e-01
4.430734515190124512e-01
-2.996186614036560059e-01
-9.806513786315917969e-01
-8.929070234298706055e-01
-1.129417181015014648e+00
-2.386476844549179077e-01
3.740721940994262695e-01
-4.751004576683044434e-01
-5.088816285133361816e-01
-1.150555253028869629e+00
5.614091157913208008e-01
2.858371660113334656e-02
6.274454295635223389e-02
-1.216264724731445312e+00
5.355688929557800293e-01
-9.978324770927429199e-01
-1.237279176712036133e+00
-1.782426238059997559e-01
-1.206515073776245117e+00
4.870124459266662598e-01
-1.393003821372985840e+00
-9.030997157096862793e-01
-6.785239577293395996e-01
-2.174176722764968872e-01
-6.246675252914428711e-01
-1.248638033866882324e+00
-1.039313554763793945e+00
-1.392925024032592773e+00
-1.044294238090515137e+00
3.199238181114196777e-01
-8.262268304824829102e-01
-6.500369906425476074e-01
2.896891832351684570e-01
-7.965779304504394531e-01
-3.532546758651733398e-01
-5.498337149620056152e-01
1.696725189685821533e-01
4.626282304525375366e-02
4.373718500137329102e-01
-6.817690730094909668e-01
5.811890214681625366e-02
-2.852663099765777588e-01
-5.946481227874755859e-01
-9.906021952629089355e-01
-8.130046129226684570e-01
2.665351033210754395e-01
3.515129685401916504e-01
-4.590315818786621094e-01
-8.357040286064147949e-01
3.328559398651123047e-01
-1.326885581016540527e+00
-5.435700416564941406e-01
-1.154356122016906738e+00
1.733187139034271240e-01
-8.499439358711242676e-01
-1.715683937072753906e-01
-7.961269617080688477e-01
5.391074344515800476e-02
-7.966154217720031738e-01
-5.738355517387390137e-01
-9.718633294105529785e-01
-3.812012076377868652e-01
-1.905816346406936646e-01
-6.799594312906265259e-02
-8.949671983718872070e-01
-1.364807248115539551e+00
1.709752082824707031e-01
-2.592200599610805511e-02
-1.033746242523193359e+00
4.335444867610931396e-01
3.280864953994750977e-01
-8.738786578178405762e-01
-9.871846437454223633e-01
-1.172944784164428711e+00
-8.016489744186401367e-01
-1.088628172874450684e+00
4.081093370914459229e-01
-1.154814958572387695e+00
-8.346515297889709473e-01
-7.652473449707031250e-01
-3.287105262279510498e-01
-4.084028899669647217e-01
-1.071711301803588867e+00
4.105064570903778076e-01
1.349931806325912476e-01
-9.937900304794311523e-01
-2.924171984195709229e-01
1.025589928030967712e-01
-1.815772503614425659e-01
-1.733131706714630127e-01
-1.133270263671875000e+00
2.306732386350631714e-01
2.389838099479675293e-01
-5.301014184951782227e-01
-1.378663256764411926e-02
-9.848182201385498047e-01
1.247990950942039490e-01
4.758983477950096130e-02
-1.206073284149169922e+00
-6.907649636268615723e-01
-7.519431710243225098e-01
-2.506996393203735352e-01
3.708190023899078369e-01
9.701122343540191650e-02
-9.342470765113830566e-01
1.182685121893882751e-01
-1.178570866584777832e+00
4.384594261646270752e-01
-1.053538322448730469e+00
1.127796694636344910e-01
-4.347698688507080078e-01
9.386137127876281738e-01
2.315535545349121094e-01
-1.955468952655792236e-01
3.859522342681884766e-01
-6.261146813631057739e-02
1.909979879856109619e-01
2.745027840137481689e-01
-4.921570718288421631e-01
-1.060956835746765137e+00
-3.280739486217498779e-01
-3.237684965133666992e-01
4.632860720157623291e-01
2.623036317527294159e-02
-5.645346045494079590e-01
-6.379195451736450195e-01
-8.850906491279602051e-01
-5.654416233301162720e-02
-9.342414140701293945e-01
-8.131889700889587402e-01
-4.053007066249847412e-01
6.179916262626647949e-01
8.684217333793640137e-01
8.601547479629516602e-01
-1.674584597349166870e-01
-4.547044336795806885e-01
5.164231061935424805e-01
2.206767946481704712e-01
3.680278956890106201e-01
2.442441880702972412e-01
8.037678152322769165e-02
-6.699504852294921875e-01
4.939104318618774414e-01
-3.261625766754150391e-01
-3.432261347770690918e-01
2.571077346801757812e-01
8.452461361885070801e-01
-6.703145802021026611e-02
1.018222421407699585e-01
3.161942958831787109e-01
8.815015107393264771e-02
-1.190045356750488281e+00
2.383193001151084900e-02
-3.308142423629760742e-01
2.175768166780471802e-01
-7.376534938812255859e-01
4.974335134029388428e-01
3.849242031574249268e-01
-8.743390440940856934e-01
5.161799788475036621e-01
-4.567746818065643311e-01
4.568910300731658936e-01
1.569767594337463379e-01
-8.877136111259460449e-01
-1.973448991775512695e-01
4.892689585685729980e-01
-3.816663026809692383e-01
-1.102977633476257324e+00
3.865513578057289124e-02
-2.256682366132736206e-01
-5.769326686859130859e-01
2.636308968067169189e-01
3.851076960563659668e-02
4.560264050960540771e-01
9.254588931798934937e-02
-6.591129899024963379e-01
-9.370494484901428223e-01
-7.279688715934753418e-01
-1.308068633079528809e+00
8.894789814949035645e-01
2.005007714033126831e-01
7.659854888916015625e-01
-3.278503417968750000e-01
9.732778072357177734e-01
-1.077148094773292542e-01
5.901263356208801270e-01
5.896908044815063477e-01
5.720577239990234375e-01
-3.881404697895050049e-01
-5.320250242948532104e-02
6.028968095779418945e-01
2.576434016227722168e-01
5.466523766517639160e-01
2.757149934768676758e-01
9.081290662288665771e-02
-8.583028912544250488e-01
2.888057231903076172e-01
-6.819365024566650391e-01
2.090487927198410034e-01
-9.168076515197753906e-02
-1.287035822868347168e+00
-8.685885071754455566e-01
-3.018571138381958008e-01
-8.535253405570983887e-01
-8.171637654304504395e-01
-4.448146224021911621e-01
6.262422800064086914e-01
5.482878684997558594e-01
-1.138183176517486572e-01
-7.968577742576599121e-01
-9.091818928718566895e-01
-8.326177000999450684e-01
-9.113107919692993164e-01
3.934976160526275635e-01
7.552173733711242676e-01
-7.272385358810424805e-01
6.433094739913940430e-01
-6.806301325559616089e-02
-1.152827978134155273e+00
4.788975715637207031e-01
9.192665815353393555e-01
-5.050964951515197754e-01
6.400629281997680664e-01
-9.931045770645141602e-01
5.240755677223205566e-01
-8.076843619346618652e-01
-2.901931703090667725e-01
-9.037503004074096680e-01
-1.679891198873519897e-01
4.395926594734191895e-01
-5.870868563652038574e-01
-7.358112931251525879e-01
-7.765343189239501953e-01
5.630842410027980804e-03
8.069461584091186523e-01
-1.747732758522033691e-01
9.500553011894226074e-01
-3.206534087657928467e-01
-6.925967931747436523e-01
-1.261623740196228027e+00
-3.601421415805816650e-01
6.296691298484802246e-01
5.279839634895324707e-01
-4.634187817573547363e-01
-2.326771616935729980e-01
2.330628037452697754e-01
-4.158267378807067871e-01
1.456291973590850830e-01
-8.159343004226684570e-01
-9.261703491210937500e-01
-4.720936119556427002e-01
4.527731239795684814e-01
9.324971437454223633e-01
-9.120604395866394043e-01
4.738720357418060303e-01
6.121203303337097168e-01
4.175238311290740967e-01
-1.153814867138862610e-01
2.236196398735046387e-01
-5.996844172477722168e-01
1.148861795663833618e-01
-5.189136266708374023e-01
-3.522543311119079590e-01
5.510931015014648438e-01
4.381762146949768066e-01
7.192227244377136230e-01
-8.920377492904663086e-02
-3.321455717086791992e-01
-3.325656354427337646e-01
5.260543823242187500e-01
-7.836610078811645508e-01
-5.012612342834472656e-01
-8.797181248664855957e-01
-8.187544345855712891e-01
-6.800158023834228516e-01
1.124319434165954590e-02
-4.987075328826904297e-01
-9.019185900688171387e-01
-5.851692557334899902e-01
3.710893988609313965e-01
-6.201358437538146973e-01
-3.114838600158691406e-01
2.849324839189648628e-03
3.878512680530548096e-01
-1.798706799745559692e-01
-2.830350100994110107e-01
2.764711081981658936e-01
1.087217181921005249e-01
-6.680649518966674805e-01
-1.031266927719116211e+00
-4.556755721569061279e-01
4.342603385448455811e-01
3.174194991588592529e-01
-7.413336038589477539e-01
8.993861079216003418e-02
-4.226719141006469727e-01
6.290257722139358521e-02
-9.503629058599472046e-02
-8.337281942367553711e-01
2.249374799430370331e-02
5.175131559371948242e-01
4.637824296951293945e-01
-6.778371930122375488e-01
5.814566016197204590e-01
-9.105681180953979492e-01
5.523080229759216309e-01
-2.606655359268188477e-01
2.323945611715316772e-01
6.904297471046447754e-01
4.788068830966949463e-01
-7.335129976272583008e-01
8.272809982299804688e-01
-1.719226688146591187e-02
-3.190930560231208801e-02
-8.248845338821411133e-01
-9.841423630714416504e-01
7.119302153587341309e-01
-1.981483399868011475e-01
-7.862058281898498535e-01
-5.008820295333862305e-01
3.752116262912750244e-01
-5.860357880592346191e-01
-6.970537900924682617e-01
-1.379777073860168457e+00
-6.253946423530578613e-01
4.935114979743957520e-01
4.667251110076904297e-01
-2.637070119380950928e-01
2.893077731132507324e-01
-1.273028969764709473e+00
6.689883470535278320e-01
4.934081062674522400e-02
-2.922079265117645264e-01
-7.674441933631896973e-01
-3.956236839294433594e-01
8.451519906520843506e-02
-1.308641910552978516e+00
-3.145744502544403076e-01
-5.138522386550903320e-01
3.292594850063323975e-01
8.327640891075134277e-01
-7.377797961235046387e-01
-8.274993896484375000e-01
-1.003356724977493286e-01
-7.350909709930419922e-01
-6.106078624725341797e-01
-6.099219322204589844e-01
-5.517643690109252930e-01
-1.292028784751892090e+00
-1.069457530975341797e+00
2.427253127098083496e-01
5.263129994273185730e-02
-9.015396237373352051e-01
7.825523614883422852e-01
-6.335332393646240234e-01
-2.332624346017837524e-01
-2.048400789499282837e-01
-9.642507433891296387e-01
3.570338487625122070e-01
-9.357702136039733887e-01
4.677310883998870850e-01
-2.596322894096374512e-01
4.515970647335052490e-01
-3.495639264583587646e-01
-9.082073569297790527e-01
2.844669818878173828e-01
-5.247863531112670898e-01
-1.222728848457336426e+00
-1.115672111511230469e+00
4.841119945049285889e-01
-3.166236877441406250e-01
3.886259198188781738e-01
7.738113403320312500e-01
-1.374275922775268555e+00
4.641813039779663086e-02
1.106122136116027832e-01
-5.737881660461425781e-01
-3.526358306407928467e-01
-1.889410465955734253e-01
5.154291391372680664e-01
-6.939825415611267090e-01
-1.051088094711303711e+00
4.738218188285827637e-01
-4.600275754928588867e-01
1.739879846572875977e-01
-3.163149952888488770e-01
-9.904375672340393066e-01
-2.759345248341560364e-02
-1.143552064895629883e+00
-3.417595922946929932e-01
-7.665809988975524902e-01
-3.891856074333190918e-01
-8.808846473693847656e-01
-9.322380423545837402e-01
5.459219217300415039e-02
4.059702455997467041e-01
1.433664709329605103e-01
7.826374769210815430e-01
3.710742294788360596e-01
8.597756177186965942e-02
-6.210743784904479980e-01
3.828798234462738037e-01
4.186424314975738525e-01
-8.949117064476013184e-01
3.481539785861968994e-01
3.125580847263336182e-01
-8.310681581497192383e-01
4.215020835399627686e-01
2.271670550107955933e-01
-1.282795190811157227e+00
-8.457317948341369629e-01
4.383241832256317139e-01
8.835367560386657715e-01
1.384671181440353394e-01
-3.752065300941467285e-01
6.561691164970397949e-01
5.041947364807128906e-01
-2.837213873863220215e-01
5.900203585624694824e-01
-5.567629933357238770e-01
4.574044048786163330e-01
5.883648991584777832e-01
-1.398550629615783691e+00
-8.770777583122253418e-01
3.089749813079833984e-01
-2.359424233436584473e-01
-5.874950885772705078e-01
4.326418042182922363e-01
2.235827893018722534e-01
7.403882741928100586e-01
7.729805707931518555e-01
-1.212687730789184570e+00
2.913789451122283936e-01
-5.454664826393127441e-01
4.546799957752227783e-01
8.359973430633544922e-01
-8.443017005920410156e-01
7.042717933654785156e-01
8.055130243301391602e-01
-2.941402792930603027e-01
-1.322278380393981934e+00
3.620230257511138916e-01
7.348251342773437500e-01
9.727049469947814941e-01
2.336764037609100342e-01
-1.745905429124832153e-01
-1.912249028682708740e-01
-9.346557855606079102e-01
-3.716264367103576660e-01
-6.295843124389648438e-01
-9.309739470481872559e-01
-7.401755452156066895e-01
-7.002167701721191406e-01
-1.722641289234161377e-01
-1.325609683990478516e+00
-8.349434137344360352e-01
-5.381465703248977661e-02
-4.226565062999725342e-01
7.761610150337219238e-01
-7.552434802055358887e-01
-5.888156890869140625e-01
-6.914306282997131348e-01
-1.259521245956420898e-01
-4.334919452667236328e-01
-9.613046050071716309e-01
-6.357939913868904114e-03
-5.126600861549377441e-01
1.775643378496170044e-01
-2.619007825851440430e-01
5.338314771652221680e-01
-8.599059581756591797e-01
3.647444546222686768e-01
-8.278280496597290039e-01
-1.281430006027221680e+00
3.268538117408752441e-01
3.910357058048248291e-01
-9.622304439544677734e-01
1.540504693984985352e-01
-9.786887764930725098e-01
-1.078842729330062866e-01
-5.412665605545043945e-01
-8.947150707244873047e-01
-5.071456432342529297e-01
3.353098034858703613e-01
7.215332239866256714e-02
-6.605846285820007324e-01
7.977408170700073242e-01
-1.693379729986190796e-01
7.118431329727172852e-01
2.028827555477619171e-02
1.580934822559356689e-01
-4.776510000228881836e-01
-3.103938996791839600e-01
4.679138958454132080e-01
7.330582141876220703e-01
-2.062821984291076660e-01
-1.340393066406250000e+00
4.374532103538513184e-01
8.180928230285644531e-02
-2.036469727754592896e-01
-7.629936933517456055e-01
5.990095138549804688e-01
-1.512768268585205078e-01
1.678574681282043457e-01
5.206567049026489258e-01
9.869905710220336914e-01
3.454816639423370361e-01
-1.104599118232727051e+00
2.345845252275466919e-01
2.346154004335403442e-01
5.373265743255615234e-01
-1.043673753738403320e+00
2.264893203973770142e-01
4.667379856109619141e-01
1.141142770648002625e-01
6.976512074470520020e-01
9.597010612487792969e-01
-3.983701169490814209e-01
-5.059160590171813965e-01
-7.104402780532836914e-01
-8.338487707078456879e-03
9.599921107292175293e-01
-9.643703103065490723e-01
-8.498219773173332214e-03
9.787856340408325195e-01
-9.362050294876098633e-01
-2.369876503944396973e-01
-9.786209464073181152e-01
-1.280761361122131348e+00
9.165083058178424835e-03
-2.086265683174133301e-01
4.169728159904479980e-01
1.249422803521156311e-01
-8.025552034378051758e-01
-6.143543720245361328e-01
2.395516335964202881e-01
-9.154568314552307129e-01
6.032649874687194824e-01
7.541331052780151367e-01
-9.927282333374023438e-01
3.353251516819000244e-01
-1.278414011001586914e+00
-9.288961291313171387e-01
4.589611198753118515e-03
-8.495548963546752930e-01
9.800578951835632324e-01
3.300613760948181152e-01
5.935880541801452637e-01
-2.404030114412307739e-01
6.362605690956115723e-01
5.158019065856933594e-01
9.404987692832946777e-01
-3.565007150173187256e-01
1.508440375328063965e-01
3.739237487316131592e-01
-3.455232083797454834e-01
-1.706010550260543823e-01
7.892990708351135254e-01
-1.278331428766250610e-01
-2.868695259094238281e-01
-9.187511205673217773e-01
5.493590235710144043e-01
6.943058371543884277e-01
-7.315604686737060547e-01
-7.567625641822814941e-01
-7.916517853736877441e-01
3.882189393043518066e-01
1.261190474033355713e-01
-9.767389893531799316e-01
1.451959609985351562e-01
5.807896852493286133e-01
2.042103856801986694e-01
5.624657869338989258e-01
-5.250772833824157715e-01
2.207102030515670776e-01
8.303862810134887695e-01
1.812558025121688843e-01
5.138548016548156738e-01
2.957718372344970703e-01
1.912384182214736938e-01
6.393626332283020020e-01
-1.016303300857543945e+00
4.149496555328369141e-01
-1.351277828216552734e+00
6.932662129402160645e-01
-5.016989707946777344e-01
-5.284719467163085938e-01
4.324353933334350586e-01
4.169078543782234192e-02
-9.231289029121398926e-01
-1.013428330421447754e+00
8.661568164825439453e-01
-3.209773898124694824e-01
-8.406655192375183105e-01
-1.280285239219665527e+00
9.434768557548522949e-01
8.755424618721008301e-02
-3.441234529018402100e-01
3.527977764606475830e-01
-1.181643158197402954e-01
-1.386028409004211426e+00
7.434660792350769043e-01
-6.550331115722656250e-01
6.689800024032592773e-01
-1.396630406379699707e-01
-4.608856141567230225e-01
-5.300989151000976562e-01
9.173080921173095703e-01
7.546020746231079102e-01
-7.542614340782165527e-01
1.753722727298736572e-01
-1.237479090690612793e+00
-1.397031188011169434e+00
3.672621771693229675e-02
2.877766788005828857e-01
-4.556305110454559326e-01
8.037260919809341431e-02
-8.225366473197937012e-01
1.252454221248626709e-01
7.325911521911621094e-01
-7.990236282348632812e-01
-9.479199647903442383e-01
-2.803995907306671143e-01
-1.375686824321746826e-01
-8.242131471633911133e-01
-7.465311288833618164e-01
-1.366752386093139648e+00
-7.092511653900146484e-01
-8.315439224243164062e-01
-9.485641717910766602e-01
-3.976401388645172119e-01
-6.161208152770996094e-01
2.914192676544189453e-01
-1.294071674346923828e+00
-5.852476358413696289e-01
4.874635338783264160e-01
-6.572064161300659180e-01
-3.466133475303649902e-01
-7.308403253555297852e-01
-6.861987709999084473e-01
5.841642245650291443e-02
-7.328898310661315918e-01
-4.214912056922912598e-01
-6.689110398292541504e-01
2.045122385025024414e-01
8.376896977424621582e-01
-1.099750176072120667e-01
-1.338447332382202148e-01
2.837406396865844727e-01
-6.467594951391220093e-02
7.794723659753799438e-02
-1.299920026212930679e-02
9.902152419090270996e-01
-5.781580209732055664e-01
-2.326000183820724487e-01
-6.092857122421264648e-01
5.223363637924194336e-01
6.654190421104431152e-01
9.416140317916870117e-01
4.373201429843902588e-01
-3.170796334743499756e-01
2.898116968572139740e-02
-3.198097348213195801e-01
-8.860310912132263184e-01
-4.281317293643951416e-01
-8.319674730300903320e-01
-3.470098227262496948e-02
-5.239515900611877441e-01
7.602154612541198730e-01
-1.321395337581634521e-01
-1.416575163602828979e-01
-1.219506382942199707e+00
4.733288288116455078e-02
4.914900660514831543e-01
7.814763188362121582e-01
6.819016933441162109e-01
-5.098502635955810547e-01
8.104146718978881836e-01
7.263347506523132324e-01
5.812118053436279297e-01
-4.085894227027893066e-01
3.807149529457092285e-01
4.045502543449401855e-01
9.506903290748596191e-01
-8.977944254875183105e-01
1.636249274015426636e-01
-9.596956521272659302e-02
2.121984809637069702e-01
-8.315089941024780273e-01
2.225686758756637573e-01
-1.175918698310852051e+00
2.623579651117324829e-02
-1.019681215286254883e+00
-1.157069802284240723e+00
-1.843346059322357178e-01
-5.278728604316711426e-01
6.120374202728271484e-01
7.137454152107238770e-01
3.948629200458526611e-01
8.378661870956420898e-01
2.854381799697875977e-01
9.783509373664855957e-02
-9.885028004646301270e-01
-6.524976491928100586e-01
-8.322362899780273438e-01
-3.234614804387092590e-02
-1.084883213043212891e+00
7.222263142466545105e-03
-8.045732229948043823e-02
2.581781744956970215e-01
-2.019634842872619629e-01
-6.477924585342407227e-01
-5.455537438392639160e-01
-5.929380655288696289e-01
-1.789084374904632568e-01
-6.368982195854187012e-01
-8.051469326019287109e-01
-5.843430161476135254e-01
-6.864206492900848389e-02
-1.183062791824340820e-01
-6.411639451980590820e-01
6.344654411077499390e-02
-1.070603579282760620e-01
5.376997590065002441e-01
2.674994468688964844e-01
-8.629772067070007324e-01
-1.279155373573303223e+00
-1.113497316837310791e-01
-3.846707344055175781e-01
-4.980778098106384277e-01
-8.813675045967102051e-01
-1.073125243186950684e+00
-8.966028690338134766e-01
6.909922957420349121e-01
9.787703156471252441e-01
-1.321793794631958008e+00
-1.087735176086425781e+00
-4.573729634284973145e-01
-8.614702820777893066e-01
-5.572739839553833008e-01
8.265285491943359375e-01
-4.205459356307983398e-02
4.773670732975006104e-01
-8.669113516807556152e-01
-7.576485276222229004e-01
-7.855019569396972656e-01
7.584300041198730469e-01
6.362615823745727539e-01
-6.840143203735351562e-01
-8.875775933265686035e-01
1.259366329759359360e-02
-3.579580783843994141e-01
-3.320181071758270264e-01
-1.150331944227218628e-01
-2.771276831626892090e-01
-9.424615502357482910e-01
2.506585717201232910e-01
-5.056638121604919434e-01
1.942410618066787720e-01
-4.222033917903900146e-01
-7.770685553550720215e-01
-5.616389214992523193e-02
-1.116124019026756287e-01
3.691798150539398193e-01
-4.069004654884338379e-01
-3.093891143798828125e-01
-4.811517298221588135e-01
-6.571376323699951172e-01
3.126184344291687012e-01
3.560123741626739502e-01
-4.975444674491882324e-01
-3.037523627281188965e-01
-8.973858952522277832e-01
-9.204169511795043945e-01
6.039760112762451172e-01
3.019738197326660156e-01
-9.136906862258911133e-01
-8.184131979942321777e-01
-1.917673796415328979e-01
9.032876491546630859e-01
-1.640954613685607910e-01
-6.484495401382446289e-01
-2.110246866941452026e-01
9.373722970485687256e-02
3.506242036819458008e-01
6.777087450027465820e-01
-4.230293631553649902e-01
9.030991792678833008e-01
7.683123946189880371e-01
-8.897125124931335449e-01
9.090288281440734863e-01
3.496859371662139893e-01
1.092412993311882019e-01
4.925301298499107361e-02
1.264526695013046265e-01
4.837116301059722900e-01
-2.306900471448898315e-01
6.897495985031127930e-01
1.525653433054685593e-02
3.586923182010650635e-01
2.036034613847732544e-01
-1.878243386745452881e-01
2.523383498191833496e-01
2.499922215938568115e-01
-8.291315436363220215e-01
4.610172212123870850e-01
-6.104115396738052368e-02
-5.288145504891872406e-03
8.460280299186706543e-01
-1.021324396133422852e+00
2.086116522550582886e-01
5.223530530929565430e-01
-1.381659030914306641e+00
6.347527503967285156e-01
5.005596876144409180e-01
2.645603120326995850e-01
-1.602150946855545044e-01
-8.093671202659606934e-01
6.837155818939208984e-01
-1.162638440728187561e-01
-9.444903135299682617e-01
1.005459800362586975e-01
-1.157555133104324341e-01
3.147785365581512451e-01
-7.416617870330810547e-01
-7.971351742744445801e-01
-6.753538846969604492e-01
-1.196504712104797363e+00
8.626785874366760254e-01
9.660621285438537598e-01
2.742444574832916260e-01
-3.815583586692810059e-01
-4.048037827014923096e-01
4.151506721973419189e-01
7.335431575775146484e-01
-3.203909993171691895e-01
-1.254987835884094238e+00
5.097777247428894043e-01
3.102314770221710205e-01
1.321254223585128784e-01
-4.674211442470550537e-01
3.471780121326446533e-01
-6.401506662368774414e-01
-1.074551105499267578e+00
-4.254486560821533203e-01
5.900319218635559082e-01
5.333571434020996094e-01
-8.577303886413574219e-01
-2.979218028485774994e-03
7.306562066078186035e-01
-3.669006526470184326e-01
8.138850927352905273e-01
2.371700108051300049e-01
-2.627154290676116943e-01
-9.687905311584472656e-01
7.825170755386352539e-01
2.790853083133697510e-01
-6.926718354225158691e-01
4.373182952404022217e-01
-9.253231883049011230e-01
-8.654584735631942749e-02
9.534168243408203125e-01
-3.497636914253234863e-01
-4.509784653782844543e-02
-8.661159873008728027e-02
1.072442717850208282e-02
-1.889302134513854980e-01
1.947241723537445068e-01
6.137182116508483887e-01
2.965017855167388916e-01
-4.339325726032257080e-01
-6.342260241508483887e-01
4.506489336490631104e-01
5.438179373741149902e-01
9.536663889884948730e-01
8.029213547706604004e-01
-2.241870760917663574e-01
5.441357493400573730e-01
-3.228707015514373779e-01
-3.150621056556701660e-01
-1.385058999061584473e+00
-4.773596227169036865e-01
5.683318972587585449e-01
-9.669874310493469238e-01
4.424060881137847900e-01
-9.083327054977416992e-01
1.582938060164451599e-02
-1.384628176689147949e+00
1.881002336740493774e-01
-8.909140229225158691e-01
8.556323647499084473e-01
1.590674966573715210e-01
-1.081245422363281250e+00
1.382919400930404663e-01
6.386856436729431152e-01
9.804388880729675293e-01
-9.626298546791076660e-01
-5.529689788818359375e-01
2.840692400932312012e-01
3.279368579387664795e-01
-3.773188591003417969e-01
-9.012163430452346802e-02
-6.679127812385559082e-01
2.571204304695129395e-01
7.755650281906127930e-01
-7.947065830230712891e-01
-8.719252943992614746e-01
8.678403496742248535e-01
-8.995501399040222168e-01
-6.985996663570404053e-02
-2.790035307407379150e-01
-1.168937683105468750e+00
-4.474572837352752686e-01
-2.844626605510711670e-01
-6.835290044546127319e-02
3.355186879634857178e-01
-8.633980751037597656e-01
2.802718579769134521e-01
-1.253918170928955078e+00
-7.631686329841613770e-01
3.668056428432464600e-01
-2.164640277624130249e-01
3.820093274116516113e-01
4.552408158779144287e-01
4.356469213962554932e-01
-2.152505703270435333e-02
-8.977646827697753906e-01
5.941351652145385742e-01
8.538619279861450195e-01
8.189211487770080566e-01
6.964236497879028320e-01
5.459510684013366699e-01
7.701174616813659668e-01
-4.772563874721527100e-01
-8.769375085830688477e-01
-1.174176260828971863e-01
-1.416710734367370605e+00
-3.553169965744018555e-01
8.029605746269226074e-01
-2.201211601495742798e-01
-1.291422098875045776e-01
6.863035559654235840e-01
-1.121546268463134766e+00
-1.431061625480651855e-01
8.101391792297363281e-01
6.045202538371086121e-02
-1.107633113861083984e-01
3.219167292118072510e-01
5.435441732406616211e-01
-1.158632487058639526e-01
-4.677198231220245361e-01
-9.263850003480911255e-02
7.050356268882751465e-01
-3.238887786865234375e-01
8.684816956520080566e-01
4.257802069187164307e-01
6.171160340309143066e-01
6.958397030830383301e-01
2.786431908607482910e-01
-5.858447551727294922e-01
-1.288779020309448242e+00
2.246768772602081299e-01
-1.294403374195098877e-01
7.245360016822814941e-01
-7.168318629264831543e-01
-7.306213974952697754e-01
1.001302599906921387e-01
-4.074862599372863770e-02
2.416839450597763062e-01
-2.132255584001541138e-01
-2.332230359315872192e-01
9.820260405540466309e-01
9.161439538002014160e-01
6.371746659278869629e-01
-4.607250094413757324e-01
-1.746720671653747559e-01
1.388069093227386475e-01
1.961420774459838867e-01
-3.497810065746307373e-01
-3.553500175476074219e-01
-9.322644472122192383e-01
-1.605023145675659180e-01
-5.323518514633178711e-01
-4.107009172439575195e-01
2.968267500400543213e-01
2.435705065727233887e-02
-7.807461619377136230e-01
8.150403499603271484e-01
4.225716888904571533e-01
-7.025070786476135254e-01
-3.108156621456146240e-01
-5.252301692962646484e-01
-7.900364398956298828e-01
-1.173090696334838867e+00
-7.255852967500686646e-02
2.909872531890869141e-01
1.820114254951477051e-01
5.078701376914978027e-01
7.232158184051513672e-01
-8.279337286949157715e-01
-2.830188348889350891e-02
-7.302340269088745117e-01
1.666369587182998657e-01
6.875053048133850098e-01
8.013064861297607422e-01
3.485410511493682861e-01
-8.706004619598388672e-01
5.723977684974670410e-01
-2.083806693553924561e-01
7.947829961776733398e-01
-3.269124925136566162e-01
-8.259056806564331055e-01
6.131867766380310059e-01
8.329285979270935059e-01
-5.718901753425598145e-01
-2.880539000034332275e-01
-7.067959308624267578e-01
-1.693614721298217773e-01
-5.574290156364440918e-01
6.797517538070678711e-01
5.669772028923034668e-01
-2.297111153602600098e-01
9.230791926383972168e-01
-5.628602504730224609e-01
-3.114430904388427734e-01
3.482242226600646973e-01
3.906188905239105225e-01
-3.093520104885101318e-01
-9.512199759483337402e-01
-4.878973662853240967e-01
-5.837504863739013672e-01
4.727821648120880127e-01
-2.915791869163513184e-01
4.606277644634246826e-01
-5.339897274971008301e-01
9.150592088699340820e-01
-2.085583508014678955e-01
-8.580253124237060547e-01
-2.096262127161026001e-01
1.869298219680786133e-01
8.433607220649719238e-01
-1.478783190250396729e-01
-2.698128521442413330e-01
-5.319401994347572327e-02
9.231197834014892578e-01
5.620168447494506836e-01
8.000847101211547852e-01
-6.817285418510437012e-01
-3.662971258163452148e-01
-2.675412409007549286e-02
1.318384706974029541e-01
-9.341530203819274902e-01
-3.846474736928939819e-02
5.283874273300170898e-01
-1.077205777168273926e+00
-4.396851658821105957e-01
2.137844264507293701e-02
5.418253540992736816e-01
1.002160832285881042e-01
-4.462777376174926758e-01
-3.035223186016082764e-01
-1.067483663558959961e+00
8.754382729530334473e-01
-8.685129880905151367e-01
-6.858121156692504883e-01
-2.718751728534698486e-01
-8.111300468444824219e-01
-1.361854672431945801e+00
-1.367921829223632812e+00
5.716407299041748047e-01
-2.113362848758697510e-01
-8.451927304267883301e-01
9.690561890602111816e-02
4.583307206630706787e-01
-7.331756353378295898e-01
-2.091223299503326416e-01
-2.343307137489318848e-01
-2.688388228416442871e-01
-2.483185380697250366e-01
-9.463171660900115967e-02
-2.644672691822052002e-01
3.836940526962280273e-01
6.341178417205810547e-01
1.970628947019577026e-01
3.133661299943923950e-02
-8.790012598037719727e-01
-9.165714979171752930e-01
-1.166818384081125259e-02
6.806869506835937500e-01
-5.164558291435241699e-01
-4.036300182342529297e-01
2.048938162624835968e-02
1.030078306794166565e-01
-9.930967092514038086e-01
5.134750902652740479e-02
-8.721869587898254395e-01
-1.295059084892272949e+00
-8.071790337562561035e-01
3.350271284580230713e-01
-5.938999056816101074e-01
5.730584263801574707e-01
-1.906357109546661377e-01
3.335369527339935303e-01
4.887784123420715332e-01
3.219044506549835205e-01
3.627217411994934082e-01
-9.864012598991394043e-01
-8.572812676429748535e-01
4.185573458671569824e-01
3.418713808059692383e-01
-8.066424131393432617e-01
5.850206613540649414e-01
-4.158985316753387451e-01
-1.066970705986022949e+00
-9.950558543205261230e-01
3.836426138877868652e-01
-7.584831714630126953e-01
3.367691859602928162e-02
-2.240199148654937744e-01
-7.559825181961059570e-01
4.875440299510955811e-01
3.187727630138397217e-01
-5.794142186641693115e-02
-4.859542250633239746e-01
7.293827533721923828e-01
-5.309418439865112305e-01
-8.417620658874511719e-01
5.646999478340148926e-01
-1.066895015537738800e-02
-3.725055754184722900e-01
-6.462886929512023926e-01
-4.153138101100921631e-01
-8.126564621925354004e-01
9.850319623947143555e-01
-6.710067391395568848e-01
7.781481742858886719e-01
-6.054050922393798828e-01
8.518897891044616699e-01
5.502748489379882812e-01
1.668599247932434082e-01
1.140230335295200348e-02
-1.156541943550109863e+00
-1.751330792903900146e-01
-3.412819504737854004e-01
-4.266585707664489746e-01
3.393762409687042236e-01
5.417861342430114746e-01
-4.038925096392631531e-02
3.473776876926422119e-01
9.341630935668945312e-01
5.615829229354858398e-01
4.592053592205047607e-01
-3.199855685234069824e-01
-3.549127578735351562e-01
-9.703650474548339844e-01
-9.559462070465087891e-01
8.261757493019104004e-01
-3.262256979942321777e-01
-4.366124570369720459e-01
6.402520537376403809e-01
-1.282928705215454102e+00
-1.386321663856506348e+00
-6.626967787742614746e-01
-1.401230812072753906e+00
4.784174859523773193e-01
8.292754292488098145e-01
-6.783431172370910645e-01
-3.981871306896209717e-01
-1.864954084157943726e-02
1.255411505699157715e-01
-2.411153167486190796e-01
4.804728031158447266e-01
-7.541211247444152832e-01
-1.999527513980865479e-01
8.602899909019470215e-01
-5.659262537956237793e-01
5.026267170906066895e-01
-2.306868731975555420e-01
-4.993236362934112549e-01
-6.712150573730468750e-01
-1.377313613891601562e+00
1.274664103984832764e-01
7.470715641975402832e-01
-1.338946938514709473e+00
9.121589064598083496e-01
-4.114651083946228027e-01
-3.570064306259155273e-01
1.847516000270843506e-01
-1.831223368644714355e-01
-6.929346919059753418e-02
-1.308280944824218750e+00
9.443135261535644531e-01
2.468916624784469604e-01
-5.504168868064880371e-01
-1.036131083965301514e-01
9.110779315233230591e-02
4.187498092651367188e-01
1.080569773912429810e-01
2.262831777334213257e-01
2.399166226387023926e-01
-1.037963032722473145e+00
-5.811092257499694824e-01
-6.151386350393295288e-02
-3.216491043567657471e-01
-3.415169417858123779e-01
-8.231945633888244629e-01
1.640428006649017334e-01
-6.043815985321998596e-02
8.415668606758117676e-01
7.101524472236633301e-01
3.449870645999908447e-01
-4.631496593356132507e-02
-6.225562691688537598e-01
-4.440611004829406738e-01
-7.917968034744262695e-01
2.682840228080749512e-01
-6.145018339157104492e-01
-7.269980907440185547e-01
-7.812656164169311523e-01
4.431153237819671631e-01
4.401145577430725098e-01
-5.929529666900634766e-01
1.194573566317558289e-01
-4.347680509090423584e-01
-1.389012694358825684e+00
-7.232466340065002441e-01
-3.542304039001464844e-01
-6.374629735946655273e-01
-3.106210827827453613e-01
9.775859117507934570e-01
9.688771963119506836e-01
9.182243347167968750e-01
-9.281862378120422363e-01
-3.945389091968536377e-01
4.345296919345855713e-01
-4.138675332069396973e-02
-2.017380744218826294e-01
-7.431277632713317871e-01
-5.258374810218811035e-01
4.746888279914855957e-01
-5.852455496788024902e-01
-7.572879195213317871e-01
1.092643365263938904e-01
3.976961672306060791e-01
2.095095664262771606e-01
8.383110910654067993e-02
-1.078481674194335938e+00
3.160241618752479553e-02
-9.964565932750701904e-02
-9.279704093933105469e-02
1.088141351938247681e-01
-7.648877501487731934e-01
2.950477646663784981e-03
-1.758222728967666626e-01
-1.248379588127136230e+00
-9.023320078849792480e-01
-1.174014210700988770e+00
4.262157380580902100e-01
-8.035607337951660156e-01
-1.146507143974304199e+00
5.518343448638916016e-01
8.854980766773223877e-02
-1.778407394886016846e-01
-9.888877868652343750e-01
-7.404758334159851074e-01
-4.115187227725982666e-01
-8.192568421363830566e-01
-1.195050254464149475e-01
4.591278359293937683e-02
-1.163920879364013672e+00
3.773616850376129150e-01
-9.734973907470703125e-01
4.077234268188476562e-01
4.943001866340637207e-01
-6.820777058601379395e-01
2.410015165805816650e-01
-4.176734387874603271e-01
-1.035425901412963867e+00
5.530869215726852417e-02
-1.967971324920654297e-01
3.866507112979888916e-01
2.646176517009735107e-01
-8.133733868598937988e-01
-4.286381602287292480e-02
5.778825655579566956e-02
4.595645964145660400e-01
-1.045850038528442383e+00
-5.039954781532287598e-01
-3.799549043178558350e-01
-2.427540868520736694e-01
-2.967641502618789673e-02
-4.415467381477355957e-01
-2.059730291366577148e-01
1.438052952289581299e-01
-5.499035120010375977e-01
1.360965892672538757e-02
-3.268610239028930664e-01
-6.848759055137634277e-01
-8.722099065780639648e-01
4.410434663295745850e-01
-4.420908093452453613e-01
-6.022645235061645508e-01
-1.834605783224105835e-01
-5.299589633941650391e-01
5.086331367492675781e-01
-3.893807232379913330e-01
3.597109913825988770e-01
-5.218784213066101074e-01
-1.172513246536254883e+00
1.621868610382080078e-01
-7.416121363639831543e-01
3.027904033660888672e-01
3.240477144718170166e-01
5.717068910598754883e-01
1.490999758243560791e-01
-6.276478171348571777e-01
-5.319877266883850098e-01
4.337099790573120117e-01
-1.306675553321838379e+00
-1.045443654060363770e+00
-2.104647606611251831e-01
2.673213779926300049e-01
3.167515695095062256e-01
-4.675554931163787842e-01
-2.684052884578704834e-01
-2.865706384181976318e-01
-5.866838693618774414e-01
-1.238010048866271973e+00
-1.123864650726318359e+00
2.063742578029632568e-01
2.887856662273406982e-01
-1.027491807937622070e+00
-6.778761148452758789e-01
-7.078850865364074707e-01
2.173876166343688965e-01
-7.989500761032104492e-01
9.476052224636077881e-02
-5.293581485748291016e-01
1.130704730749130249e-01
-1.004853487014770508e+00
-8.651497364044189453e-01
-4.367166459560394287e-01
-8.682698607444763184e-01
-9.514649510383605957e-01
4.260774552822113037e-01
-7.670805454254150391e-01
-1.408177375793457031e+00
4.758340418338775635e-01
-1.031846880912780762e+00
-1.898804008960723877e-01
-9.172818064689636230e-01
-7.867926359176635742e-01
-3.681481778621673584e-01
-1.084244608879089355e+00
-8.512129783630371094e-01
3.493286073207855225e-01
-2.562460899353027344e-01
-9.975426364690065384e-04
-5.756602063775062561e-02
-5.907839536666870117e-01
-1.028663396835327148e+00
-8.432250618934631348e-01
-1.204926252365112305e+00
-3.314472138881683350e-01
-1.010395765304565430e+00
-6.478878259658813477e-01
-3.850410580635070801e-01
5.593181252479553223e-01
-6.151242852210998535e-01
-5.237272381782531738e-01
2.125447243452072144e-01
-2.175889760255813599e-01
-5.133420228958129883e-01
-5.789396166801452637e-01
-9.177587032318115234e-01
5.683883428573608398e-01
1.133759990334510803e-01
3.085897564888000488e-01
5.582892894744873047e-01
-2.685799598693847656e-01
-1.026240944862365723e+00
-1.314161539077758789e+00
-8.997474610805511475e-02
-6.587390322238206863e-03
-1.146626591682434082e+00
-4.577493667602539062e-01
4.330244287848472595e-02
2.401210367679595947e-01
-3.357821702957153320e-01
-1.222312450408935547e+00
-1.274499669671058655e-02
-4.046910703182220459e-01
-1.809138953685760498e-01
3.496399819850921631e-01
-7.869572639465332031e-01
-1.343989491462707520e+00
5.286972522735595703e-01
3.227197825908660889e-01
-6.286414861679077148e-01
-7.745476365089416504e-01
3.406025469303131104e-01
4.335196316242218018e-01
4.543530642986297607e-01
-1.131762027740478516e+00
-2.714215219020843506e-02
-4.845714569091796875e-02
2.634143233299255371e-01
7.560078985989093781e-03
-6.837759017944335938e-01
-5.385801196098327637e-01
-8.378423452377319336e-01
-6.749650835990905762e-01
-4.160014986991882324e-01
-5.910740420222282410e-02
-1.041838526725769043e+00
-1.140580058097839355e+00
-1.171043276786804199e+00
-4.176866710186004639e-01
-2.358956784009933472e-01
-1.365280032157897949e+00
-5.468044877052307129e-01
5.396411418914794922e-01
-3.356247842311859131e-01
-1.049324750900268555e+00
2.857762277126312256e-01
-1.106023669242858887e+00
-2.578347325325012207e-01
-1.240027189254760742e+00
-7.762055397033691406e-01
-8.254097104072570801e-01
3.704907596111297607e-01
3.371112346649169922e-01
-1.277538061141967773e+00
-1.412209510803222656e+00
-1.210058331489562988e+00
6.490327417850494385e-02
-8.184965848922729492e-01
-4.269539192318916321e-02
-7.734572887420654297e-01
4.088249206542968750e-01
-1.185405015945434570e+00
4.535665214061737061e-01
-2.901303470134735107e-01
2.657028734683990479e-01
-2.226789295673370361e-01
-7.143154144287109375e-01
5.642944574356079102e-01
-1.036381348967552185e-01
-2.721037566661834717e-01
-6.092746257781982422e-01
-5.660358071327209473e-01
5.721609592437744141e-01
-1.285773038864135742e+00
-6.416425704956054688e-01
-9.515285491943359375e-01
-4.697110056877136230e-01
1.097289100289344788e-01
-7.040660381317138672e-01
4.977161884307861328e-01
-8.289080858230590820e-01
-8.170725703239440918e-01
1.579200103878974915e-02
4.824984669685363770e-01
5.459191799163818359e-01
-2.878930270671844482e-01
1.789487451314926147e-01
4.551672935485839844e-01
-6.744079589843750000e-01
-5.146180391311645508e-01
-8.165102601051330566e-01
-2.312449216842651367e-01
3.165230154991149902e-01
-5.489460229873657227e-01
1.055887341499328613e-01
-1.117840528488159180e+00
-1.391773521900177002e-01
-4.841384291648864746e-02
-1.199348211288452148e+00
4.341161251068115234e-01
-3.115109540522098541e-02
-9.065289795398712158e-02
-1.136152625083923340e+00
-5.333518981933593750e-01
-4.228498339653015137e-01
-1.366006970405578613e+00
4.159115552902221680e-01
3.400085866451263428e-01
3.751000463962554932e-01
-1.297875940799713135e-01
-6.297501325607299805e-01
-2.192701101303100586e-01
-7.133434414863586426e-01
-1.376974940299987793e+00
-9.400388002395629883e-01
-4.573219921439886093e-03
-1.892207413911819458e-01
-3.882988691329956055e-01
-8.666247725486755371e-01
5.643925070762634277e-01
-1.264663696289062500e+00
3.954665958881378174e-01
5.787550210952758789e-01
-1.375558257102966309e+00
5.133563280105590820e-01
-6.583236455917358398e-01
1.992641687393188477e-01
-8.930084705352783203e-01
-2.519604563713073730e-01
-2.383181452751159668e-01
-1.032739043235778809e+00
1.639117300510406494e-01
5.180302262306213379e-01
-7.865349948406219482e-02
-1.236781001091003418e+00
-1.299008607864379883e+00
-4.885005950927734375e-01
-2.653591632843017578e-01
2.095628976821899414e-01
2.985357344150543213e-01
-1.180256247520446777e+00
-2.593731582164764404e-01
-5.704702734947204590e-01
-3.160324990749359131e-01
4.258657991886138916e-01
-1.323637008666992188e+00
-4.017213881015777588e-01
3.066523969173431396e-01
-1.074746370315551758e+00
2.719602286815643311e-01
-4.426989257335662842e-01
-8.479202985763549805e-01
-4.352852106094360352e-01
-3.081729114055633545e-01
2.401722669601440430e-01
-2.800038456916809082e-01
-6.061111092567443848e-01
-3.586644530296325684e-01
-1.126127600669860840e+00
-1.319952964782714844e+00
3.510144352912902832e-02
1.784285753965377808e-01
-2.265985459089279175e-01
5.720425844192504883e-01
-9.209950566291809082e-01
4.099253714084625244e-01
-1.056011438369750977e+00
9.637342393398284912e-02
-1.174877047538757324e+00
-9.881945252418518066e-01
-7.398111820220947266e-01
-1.067689299583435059e+00
4.745875000953674316e-01
-1.120663210749626160e-01
-1.760591715574264526e-01
-1.085333108901977539e+00
-1.204928636550903320e+00
-1.263343930244445801e+00
5.408270359039306641e-01
4.093323349952697754e-01
-4.903545379638671875e-01
2.059682458639144897e-01
-5.046514868736267090e-01
-9.063535928726196289e-01
-1.157207131385803223e+00
-3.694790005683898926e-01
-5.170203447341918945e-01
1.921225339174270630e-01
4.298585280776023865e-02
-2.598735690116882324e-01
-1.027006268501281738e+00
-6.893603205680847168e-01
-9.534422755241394043e-01
-4.342476651072502136e-02
-7.969236969947814941e-01
4.670466780662536621e-01
1.373010873794555664e-01
-7.469483017921447754e-01
-7.773658633232116699e-01
1.338465418666601181e-02
-3.935568928718566895e-01
-4.524304568767547607e-01
-4.184170365333557129e-01
-8.530266880989074707e-01
-1.012290596961975098e+00
-8.124711513519287109e-01
-1.246125936508178711e+00
-6.204388141632080078e-01
-3.171582221984863281e-01
-1.207522392272949219e+00
-4.267905950546264648e-01
-5.417315363883972168e-01
-8.679021596908569336e-01
-7.045363187789916992e-01
-7.103787064552307129e-01
4.307655096054077148e-01
-1.029885649681091309e+00
-6.847507953643798828e-01
-3.089261353015899658e-01
-8.873691558837890625e-01
-3.790519200265407562e-03
-5.377387404441833496e-01
-1.315034151077270508e+00
-1.765193343162536621e-01
9.867498278617858887e-02
-8.351730555295944214e-02
-7.700457572937011719e-01
4.796117544174194336e-01
-1.109812974929809570e+00
-7.389536499977111816e-01
5.653942227363586426e-01
2.853438854217529297e-01
-1.173970103263854980e+00
-4.155393242835998535e-01
2.180733978748321533e-01
-1.269253611564636230e+00
1.982060223817825317e-01
8.373569697141647339e-02
-1.048308491706848145e+00
-4.357846975326538086e-01
-2.278068959712982178e-01
3.461861908435821533e-01
2.173365056514739990e-01
-1.265017271041870117e+00
-1.320405721664428711e+00
-6.418350338935852051e-01
-5.029049515724182129e-01
-2.952204942703247070e-01
3.997673094272613525e-02
-4.245167970657348633e-01
-4.432782232761383057e-01
-1.120814383029937744e-01
8.120290935039520264e-02
-1.065264642238616943e-01
-1.260788917541503906e+00
4.899167120456695557e-01
-8.729574680328369141e-01
1.672615855932235718e-01
-1.466293931007385254e-01
4.170265793800354004e-02
-6.128715872764587402e-01
-2.806135416030883789e-01
-4.582501947879791260e-01
-9.196881055831909180e-01
-3.974277060478925705e-03
-1.091334819793701172e+00
6.633751839399337769e-02
-6.393779516220092773e-01
-8.176317214965820312e-01
-1.202304959297180176e+00
-1.673687100410461426e-01
3.254768252372741699e-01
-1.341521292924880981e-01
-2.514038681983947754e-01
-7.786257266998291016e-01
5.106048583984375000e-01
1.352582722902297974e-01
-3.065841197967529297e-01
-7.922394275665283203e-01
-2.670156583189964294e-02
-6.026836112141609192e-02
-2.979828417301177979e-01
-7.118422389030456543e-01
-1.080550551414489746e+00
8.639553934335708618e-02
4.580792039632797241e-02
-9.541668891906738281e-01
-1.768743544816970825e-01
-9.483833611011505127e-02
3.613111972808837891e-01
-9.551125019788742065e-02
-1.240904092788696289e+00
-6.543487906455993652e-01
2.109427005052566528e-01
-8.279302716255187988e-01
3.108926713466644287e-01
-1.315832614898681641e+00
-3.594343364238739014e-01
2.107493132352828979e-01
3.639689385890960693e-01
5.236444473266601562e-01
-3.298247456550598145e-01
-4.959218502044677734e-01
-9.531347155570983887e-01
4.564719200134277344e-01
1.998420432209968567e-02
-1.794119626283645630e-01
1.011022329330444336e-01
2.499809563159942627e-01
4.344270825386047363e-01
-1.733224242925643921e-01
3.317010104656219482e-01
5.302448272705078125e-01
-1.213659763336181641e+00
-1.177314996719360352e+00
-1.316633820533752441e+00
2.626727819442749023e-01
-4.613258242607116699e-01
-3.963137790560722351e-02
4.095121622085571289e-01
-1.353453844785690308e-01
-8.096792697906494141e-01
-3.823010921478271484e-01
-2.666282355785369873e-01
-1.049852252006530762e+00
-1.343597054481506348e+00
4.877030849456787109e-01
4.761617481708526611e-01
-6.577951908111572266e-01
-1.251619935035705566e+00
-7.296925783157348633e-01
-3.874038755893707275e-01
-1.199513435363769531e+00
3.415536880493164062e-01
-6.922304630279541016e-01
1.626121252775192261e-01
3.765493035316467285e-01
2.048655599355697632e-01
4.644090235233306885e-01
2.565286159515380859e-01
-3.426745533943176270e-01
3.679088950157165527e-01
-2.407100610435009003e-02
1.330010294914245605e-01
-2.873594164848327637e-01
-5.001089572906494141e-01
2.340818643569946289e-01
-7.216617465019226074e-01
4.896781742572784424e-01
-9.617872536182403564e-02
-3.693771362304687500e-01
1.393129527568817139e-01
-2.800853252410888672e-01
-5.737613439559936523e-01
-4.065763354301452637e-01
-6.310287117958068848e-01
-5.637252926826477051e-01
3.258128166198730469e-01
8.749050498008728027e-01
-9.215583205223083496e-01
3.861108124256134033e-01
8.540767431259155273e-01
-8.375158309936523438e-01
-3.947868049144744873e-01
-6.672543883323669434e-01
2.089921385049819946e-02
-9.167894721031188965e-01
-1.269588768482208252e-01
4.341483414173126221e-01
-1.697992831468582153e-01
-9.808996319770812988e-01
3.309849798679351807e-01
2.192982286214828491e-02
-1.673148125410079956e-01
-6.989719271659851074e-01
-7.005056738853454590e-01
-2.261120975017547607e-01
6.735695004463195801e-01
-7.013581395149230957e-01
-9.121894240379333496e-01
5.072824358940124512e-01
2.926891148090362549e-01
8.336560130119323730e-01
-6.086441278457641602e-01
-2.559142112731933594e-01
-9.551156759262084961e-01
-9.025788903236389160e-01
-2.591026127338409424e-01
4.963128864765167236e-01
-3.077242672443389893e-01
-1.464158296585083008e-02
5.501651167869567871e-01
-2.766334414482116699e-01
3.196200430393218994e-01
-3.149217069149017334e-01
-7.045570015907287598e-01
-8.938064575195312500e-01
6.409423947334289551e-01
2.612285017967224121e-01
-1.261561751365661621e+00
-8.680817484855651855e-02
9.162508696317672729e-02
9.673286676406860352e-01
-1.011273264884948730e+00
3.308458626270294189e-01
-2.379231005907058716e-01
-6.037250757217407227e-01
-1.365717887878417969e+00
-1.103853344917297363e+00
-9.739632010459899902e-01
-2.589047551155090332e-01
1.424038857221603394e-01
2.600038945674896240e-01
-7.598090171813964844e-02
9.625649452209472656e-01
-1.038855791091918945e+00
3.306632041931152344e-01
-2.685170173645019531e-01
-9.650719165802001953e-01
-8.062116503715515137e-01
-1.258663296699523926e+00
-2.503333985805511475e-01
-5.162452459335327148e-01
1.616589426994323730e-01
2.894389629364013672e-01
4.477946460247039795e-01
5.809935331344604492e-01
4.065409898757934570e-01
-4.338718354701995850e-01
2.073127031326293945e-01
1.567796468734741211e-01
-7.760576009750366211e-01
-3.412957191467285156e-01
-7.641743421554565430e-01
-5.506671667098999023e-01
-1.398750543594360352e+00
5.510904192924499512e-01
-1.197714358568191528e-01
8.197709918022155762e-01
-2.321727573871612549e-02
-6.026705503463745117e-01
-6.640216708183288574e-01
7.889109253883361816e-01
3.876282274723052979e-01
-1.244564294815063477e+00
5.477117896080017090e-01
-5.160647630691528320e-01
4.141372442245483398e-01
8.397029340267181396e-02
3.319726288318634033e-01
6.217623949050903320e-01
2.921423129737377167e-02
-1.207607746124267578e+00
-2.201910316944122314e-01
1.097408384084701538e-01
-6.447259783744812012e-01
-4.477378427982330322e-01
9.820663928985595703e-01
8.735797405242919922e-01
-4.309793114662170410e-01
2.137659341096878052e-01
-6.575149893760681152e-01
-7.351933717727661133e-01
-6.260339021682739258e-01
-4.835189282894134521e-01
7.155273556709289551e-01
8.431767225265502930e-01
-9.965465664863586426e-01
3.901733160018920898e-01
-2.665595412254333496e-01
-7.734144926071166992e-01
-5.704593062400817871e-01
-1.339536786079406738e+00
-2.411707341670989990e-01
2.005311697721481323e-01
-4.499016702175140381e-01
-1.297024965286254883e+00
-4.042443335056304932e-01
1.091355532407760620e-01
1.643116772174835205e-01
-9.412368535995483398e-01
-7.967117428779602051e-01
-1.998547166585922241e-01
-1.585673838853836060e-01
3.946124613285064697e-01
-7.701498866081237793e-01
5.518651008605957031e-01
-1.109156236052513123e-01
-7.099785208702087402e-01
-1.384703516960144043e+00
-6.796677708625793457e-01
-4.896706938743591309e-01
1.800459921360015869e-01
-1.203505396842956543e+00
-6.384458541870117188e-01
-9.995994567871093750e-01
-1.048664450645446777e+00
1.268595159053802490e-01
-1.354660242795944214e-01
4.420249462127685547e-01
5.771132707595825195e-01
3.630802500993013382e-03
-4.023385420441627502e-02
-6.437926292419433594e-01
-8.657887578010559082e-01
3.008503615856170654e-01
2.940447032451629639e-01
-1.106093004345893860e-01
-1.115002870559692383e+00
-5.140933394432067871e-01
-1.530680209398269653e-01
-6.968246698379516602e-01
-9.852885007858276367e-01
-7.021548748016357422e-01
-5.053840279579162598e-01
2.553852796554565430e-01
-9.370985031127929688e-01
-1.833076328039169312e-01
-9.941384792327880859e-01
-1.329727053642272949e+00
-1.171162843704223633e+00
2.398243695497512817e-01
-1.301359891891479492e+00
-1.124666333198547363e+00
-5.035780668258666992e-01
-3.459613770246505737e-02
-1.228938937187194824e+00
-7.578186392784118652e-01
-3.810574114322662354e-01
2.941935062408447266e-01
4.692009985446929932e-01
-1.369978785514831543e+00
-8.386270403861999512e-01
-7.273702025413513184e-01
2.409116476774215698e-01
-4.144046306610107422e-01
-7.172426581382751465e-01
-2.202038764953613281e-01
-1.137150645256042480e+00
-1.027333855628967285e+00
4.481459558010101318e-01
3.132018446922302246e-01
-1.337172508239746094e+00
5.325847864151000977e-01
-5.880536139011383057e-02
-5.386733412742614746e-01
-7.954357266426086426e-01
-6.322152167558670044e-02
-8.459698557853698730e-01
2.149565070867538452e-01
-6.059522628784179688e-01
2.933235466480255127e-01
-3.567634820938110352e-01
-8.722322583198547363e-01
-2.854632437229156494e-01
-3.934698645025491714e-03
2.015623301267623901e-01
-8.534530401229858398e-01
-6.641134619712829590e-01
-3.033080101013183594e-01
-1.315513253211975098e+00
4.585761129856109619e-01
-8.157300949096679688e-01
-3.382519120350480080e-03
-9.531232714653015137e-01
-8.818281888961791992e-01
-1.258016467094421387e+00
-1.029767751693725586e+00
4.407717287540435791e-01
3.069648444652557373e-01
4.434598088264465332e-01
1.967769861221313477e-01
-3.821676075458526611e-01
-1.305702090263366699e+00
-3.614184856414794922e-01
-1.343357801437377930e+00
-1.230447053909301758e+00
-3.419014811515808105e-01
-1.190262794494628906e+00
1.135975643992424011e-01
-5.664957761764526367e-01
-1.057897686958312988e+00
-8.762730360031127930e-01
-3.562907278537750244e-01
3.192264437675476074e-01
-2.755925655364990234e-01
-1.593614667654037476e-01
-1.304869055747985840e+00
-3.946626186370849609e-01
4.536697864532470703e-01
5.018229410052299500e-02
-8.399035930633544922e-01
-1.278486728668212891e+00
2.873638868331909180e-01
4.855922460556030273e-01
-1.085326075553894043e+00
6.991183757781982422e-02
4.470981061458587646e-01
1.216466724872589111e-01
-1.571010351181030273e-01
-1.111811637878417969e+00
-4.742677211761474609e-01
-1.289853811264038086e+00
-1.002938032150268555e+00
4.091624021530151367e-01
-1.034918203949928284e-01
-8.145000934600830078e-01
-1.279367685317993164e+00
-8.922097682952880859e-01
-6.388922333717346191e-01
-2.239646911621093750e-01
-1.055351495742797852e+00
-6.300735473632812500e-01
-2.473158389329910278e-01
-9.257128834724426270e-01
-9.413884282112121582e-01
-1.004039272665977478e-01
-1.011273741722106934e+00
-8.152629137039184570e-01
-9.574787020683288574e-01
-1.395277142524719238e+00
1.655358970165252686e-01
-2.818544507026672363e-01
-8.962761163711547852e-01
-2.598309814929962158e-01
-7.350799441337585449e-01
3.775019347667694092e-01
-5.835615992546081543e-01
-5.852879583835601807e-02
4.805895984172821045e-01
-2.817831039428710938e-01
2.517917454242706299e-01
-1.233546137809753418e+00
-6.840943098068237305e-01
-6.505414843559265137e-01
-7.795974016189575195e-01
-1.254389166831970215e+00
-5.501893758773803711e-01
-1.364690303802490234e+00
-2.792269177734851837e-02
-1.038120985031127930e+00
5.145131349563598633e-01
-7.703858613967895508e-01
8.311908692121505737e-02
-1.205874085426330566e+00
-5.749630331993103027e-01
-1.332815766334533691e+00
-1.556712687015533447e-01
-7.957217693328857422e-01
-7.005714774131774902e-01
-3.775958120822906494e-01
-1.785414814949035645e-01
2.416705489158630371e-01
-1.072554707527160645e+00
-8.492021560668945312e-01
-9.132603406906127930e-01
6.130253896117210388e-02
-1.038084149360656738e+00
-5.268209055066108704e-02
-6.540225148200988770e-01
3.420349955558776855e-01
-9.697943925857543945e-01
-6.151638031005859375e-01
-6.670966148376464844e-01
-5.233830213546752930e-01
-5.860527157783508301e-01
-1.355583548545837402e+00
3.654655516147613525e-01
-1.390947103500366211e+00
-1.059990048408508301e+00
-2.405779510736465454e-01
3.316823840141296387e-01
-4.732117652893066406e-01
-1.186066985130310059e+00
-9.957160949707031250e-01
3.251308202743530273e-01
-1.031629323959350586e+00
1.508714109659194946e-01
-1.108844757080078125e+00
-6.638021469116210938e-01
-8.753793835639953613e-01
-1.377879500389099121e+00
-1.392863392829895020e+00
-3.928322196006774902e-01
-1.235481426119804382e-01
-8.928340077400207520e-01
-2.215114980936050415e-01
-4.522101581096649170e-01
3.236361145973205566e-01
1.050876528024673462e-01
-5.528495833277702332e-02
-4.223822057247161865e-01
4.675543010234832764e-01
-1.096442699432373047e+00
-4.902193844318389893e-01
-1.285219788551330566e+00
3.673993423581123352e-02
-4.824804961681365967e-01
-5.433360934257507324e-01
-1.172279834747314453e+00
-5.074594020843505859e-01
-8.135195374488830566e-01
-1.389313220977783203e+00
-1.324831008911132812e+00
-4.972825050354003906e-01
-2.543239891529083252e-01
-1.150284647941589355e+00
3.797764182090759277e-01
5.438953638076782227e-01
4.643365740776062012e-01
-1.846081912517547607e-01
-1.401063084602355957e+00
-5.830782055854797363e-01
5.114147067070007324e-01
-1.023485183715820312e+00
-3.609666824340820312e-01
-2.005182579159736633e-02
1.789210587739944458e-01
-1.869311928749084473e-01
-4.996350109577178955e-01
-7.557888031005859375e-01
-9.124776721000671387e-02
-6.133924126625061035e-01
-7.594351768493652344e-01
-4.563026428222656250e-01
3.874475359916687012e-01
2.158097773790359497e-01
-3.906058669090270996e-01
-5.173436403274536133e-01
5.318666100502014160e-01
-4.517029523849487305e-01
2.846647799015045166e-01
2.912939190864562988e-01
-7.426216006278991699e-01
-3.065164685249328613e-01
-3.841480910778045654e-01
-1.792660057544708252e-01
-9.241390228271484375e-01
-1.038853764533996582e+00
-7.173698544502258301e-01
-4.550395011901855469e-01
5.790658593177795410e-01
-6.408766508102416992e-01
-9.147368669509887695e-01
-1.194701790809631348e+00
-1.319865107536315918e+00
-7.657858729362487793e-01
2.254089117050170898e-01
-1.202889204025268555e+00
-3.388313949108123779e-02
-2.727526724338531494e-01
8.407366275787353516e-02
-6.995911598205566406e-01
-1.095519185066223145e+00
-1.016978144645690918e+00
5.423562526702880859e-01
-2.025240361690521240e-01
5.090249702334403992e-03
-6.678535938262939453e-01
-5.283517241477966309e-01
4.027345478534698486e-01
1.117742061614990234e-01
-5.969961881637573242e-01
-1.891792714595794678e-01
2.246496267616748810e-02
-1.108488082885742188e+00
-1.532644629478454590e-01
-1.090804576873779297e+00
5.688457489013671875e-01
-1.287454009056091309e+00
-6.346293091773986816e-01
-9.081225395202636719e-01
-4.679539501667022705e-01
-4.312430322170257568e-02
3.741739690303802490e-02
-5.227438807487487793e-01
-1.245439171791076660e+00
4.661720693111419678e-01
-9.492774605751037598e-01
-7.607198357582092285e-01
-1.350824236869812012e+00
-9.389208555221557617e-01
-4.791010618209838867e-01
3.117988705635070801e-01
1.616518497467041016e-01
-8.550069481134414673e-02
-8.262082338333129883e-01
-9.028453230857849121e-01
-7.781102061271667480e-01
-6.049701571464538574e-01
3.968644440174102783e-01
3.544624745845794678e-01
-5.302543640136718750e-01
3.803996741771697998e-01
4.958901107311248779e-01
-5.436240229755640030e-03
-1.111523866653442383e+00
5.284452065825462341e-02
-8.047017455101013184e-01
-9.562260657548904419e-02
-1.598764359951019287e-01
-1.287228584289550781e+00
-5.055238604545593262e-01
5.575827360153198242e-01
-1.057583093643188477e+00
-2.348894923925399780e-01
-1.077606558799743652e+00
-4.310368001461029053e-01
-4.277803003787994385e-01
2.196778506040573120e-01
3.034954890608787537e-02
-4.668364524841308594e-01
-1.409102439880371094e+00
3.102175295352935791e-01
-6.094934344291687012e-01
4.652962684631347656e-01
4.957428276538848877e-01
3.975817263126373291e-01
-1.336063504219055176e+00
-6.542406082153320312e-01
-1.082278132438659668e+00
-3.609529230743646622e-03
-1.389501690864562988e+00
-1.211894631385803223e+00
4.476931691169738770e-01
4.957219362258911133e-01
2.433390617370605469e-01
-8.232000470161437988e-01
5.808783173561096191e-01
-1.251747727394104004e+00
-1.094079375267028809e+00
5.303805470466613770e-01
-2.942666113376617432e-01
-7.114607095718383789e-01
4.482365250587463379e-01
-7.916973829269409180e-01
-1.268538713455200195e+00
-1.008572220802307129e+00
-9.059883356094360352e-01
1.165105774998664856e-01
-9.466447234153747559e-01
-1.220549702644348145e+00
-1.301162004470825195e+00
1.626770794391632080e-01
5.281240344047546387e-01
4.086380302906036377e-01
-4.132017195224761963e-01
-5.968025922775268555e-01
2.655004896223545074e-02
-1.009964466094970703e+00
4.993823468685150146e-01
-2.739777565002441406e-01
5.443654060363769531e-01
-2.208603918552398682e-01
-8.236706852912902832e-01
-2.353747487068176270e-01
3.727096617221832275e-01
-1.025699377059936523e+00
-1.295453071594238281e+00
-6.484510898590087891e-01
-3.081976175308227539e-01
-2.362687587738037109e-01
-9.547482132911682129e-01
-7.738800048828125000e-01
-3.078694045543670654e-01
-1.295034885406494141e+00
-7.635362744331359863e-01
-2.655520439147949219e-01
-2.660501003265380859e-01
-7.386390566825866699e-01
5.358051881194114685e-02
1.361004710197448730e-01
-3.632722049951553345e-02
-1.035641551017761230e+00
-2.066705077886581421e-01
-1.241087794303894043e+00
-9.449782222509384155e-02
-1.169894933700561523e+00
-3.678314983844757080e-01
-1.157506033778190613e-01
3.693456575274467468e-02
-1.354859471321105957e+00
3.091551959514617920e-01
-9.877201318740844727e-01
6.208059564232826233e-02
-7.334300875663757324e-01
-1.069339178502559662e-02
-3.759424090385437012e-01
4.061884880065917969e-01
-1.269883990287780762e+00
-6.155622005462646484e-01
-1.833598017692565918e-01
6.682891864329576492e-03
-1.204037308692932129e+00
5.809536948800086975e-02
3.266036808490753174e-01
-8.750495314598083496e-01
8.153583854436874390e-02
-4.099491834640502930e-01
-1.036853909492492676e+00
-7.565177083015441895e-01
1.891360878944396973e-01
1.108135357499122620e-01
-4.430004656314849854e-01
-2.779262363910675049e-01
-7.956640720367431641e-01
6.472636479884386063e-03
-5.783087611198425293e-01
1.452440470457077026e-01
5.543444156646728516e-01
-5.012233555316925049e-02
3.000825941562652588e-01
-6.430942565202713013e-02
-6.876928806304931641e-01
5.553706884384155273e-01
5.173465237021446228e-02
2.621599435806274414e-01
-1.287893414497375488e+00
-1.974677145481109619e-01
-1.310246944427490234e+00
-9.159182310104370117e-01
-9.036138057708740234e-01
-1.688732067123055458e-03
-1.230838537216186523e+00
-6.822429895401000977e-01
-1.388771414756774902e+00
2.035892605781555176e-01
-6.669063866138458252e-02
-1.065736413002014160e+00
-1.076079607009887695e+00
-6.933829188346862793e-01
-6.083516478538513184e-01
2.119820564985275269e-01
1.708824932575225830e-01
-7.408299446105957031e-01
-6.265457272529602051e-01
-1.415734291076660156e+00
-3.116098046302795410e-01
-6.018244028091430664e-01
-8.400790691375732422e-01
-3.240891098976135254e-01
-8.167477846145629883e-01
-1.047680497169494629e+00
-6.039371490478515625e-01
4.285268187522888184e-01
-1.026002883911132812e+00
7.011221349239349365e-02
-4.385243654251098633e-01
-7.667902708053588867e-01
-6.459909677505493164e-02
-8.635626435279846191e-01
-8.034929037094116211e-01
2.576291263103485107e-01
2.475704401731491089e-01
-6.446784734725952148e-01
-2.634854316711425781e-01
-8.275929093360900879e-01
-1.253396868705749512e+00
-9.549713134765625000e-01
-3.659462928771972656e-01
5.195199847221374512e-01
-7.601355910301208496e-01
-9.887291789054870605e-01
-6.019668579101562500e-01
-1.780655384063720703e-01
2.029059231281280518e-01
3.933457732200622559e-01
-1.388589024543762207e+00
5.723119378089904785e-01
5.029573105275630951e-03
-7.029791474342346191e-01
5.624567866325378418e-01
-1.117090106010437012e+00
3.651055693626403809e-01
-9.353758692741394043e-01
-1.293823122978210449e+00
-2.619187161326408386e-02
-6.785257458686828613e-01
-5.984152555465698242e-01
-3.733881562948226929e-02
4.462640285491943359e-01
2.533045038580894470e-02
3.037742972373962402e-01
1.302524209022521973e-01
-6.945305466651916504e-01
-8.486504107713699341e-02
-1.156874179840087891e+00
7.658651471138000488e-02
-7.860345840454101562e-01
-1.159672513604164124e-01
2.505584061145782471e-01
4.978772485628724098e-04
-9.839780926704406738e-01
-9.994300603866577148e-01
-1.266562819480895996e+00
-5.238271355628967285e-01
4.169648587703704834e-01
-1.339167356491088867e+00
-1.077233627438545227e-01
-8.781835436820983887e-01
-2.560697793960571289e-01
-1.167129993438720703e+00
-7.775028944015502930e-01
-7.860220074653625488e-01
-5.710825324058532715e-01
-3.351064324378967285e-01
-8.171077966690063477e-01
8.811780065298080444e-02
-4.807140231132507324e-01
-2.398713827133178711e-01
-1.026510477066040039e+00
-3.952813148498535156e-02
-9.308243542909622192e-02
4.264477193355560303e-01
-1.395968556404113770e+00
-9.180010557174682617e-01
2.687861919403076172e-01
-7.137702703475952148e-01
5.394988656044006348e-01
-7.789229750633239746e-01
-9.902345538139343262e-01
-1.595397293567657471e-01
5.452871918678283691e-01
-9.509678483009338379e-01
-3.823592364788055420e-01
-9.196578860282897949e-01
-1.351444840431213379e+00
-5.160326957702636719e-01
-1.470398902893066406e-01
1.025137454271316528e-01
5.436374545097351074e-01
-1.332247853279113770e+00
-1.275570511817932129e+00
-5.990640521049499512e-01
-1.129005789756774902e+00
2.160709649324417114e-01
-1.004735827445983887e+00
3.926775753498077393e-01
-1.393301844596862793e+00
-1.134439468383789062e+00
-2.266595214605331421e-01
-4.442353546619415283e-01
-1.168969273567199707e+00
-1.234613418579101562e+00
-8.065674901008605957e-01
-1.383147835731506348e+00
4.768557548522949219e-01
-6.035780906677246094e-01
-9.585939645767211914e-01
-3.485869467258453369e-01
-9.945101141929626465e-01
-7.712666392326354980e-01
-1.252788007259368896e-01
-1.218633174896240234e+00
-1.993694305419921875e-01
1.065763831138610840e-01
-6.771189570426940918e-01
-3.716647028923034668e-01
-1.082809209823608398e+00
-2.763945460319519043e-01
-1.124776482582092285e+00
1.492025852203369141e-01
-1.180291771888732910e+00
-1.093832850456237793e-01
3.593857586383819580e-01
4.151573479175567627e-01
-1.917634904384613037e-01
-1.315702676773071289e+00
3.051342628896236420e-02
-3.781691491603851318e-01
-2.236680127680301666e-02
-1.393424510955810547e+00
2.125004082918167114e-01
-8.222362399101257324e-01
-1.258860468864440918e+00
-1.837773025035858154e-01
-6.109431982040405273e-01
-1.297193527221679688e+00
4.759874939918518066e-01
-8.098207116127014160e-01
4.415532052516937256e-01
-1.001181125640869141e+00
-1.211685657501220703e+00
-8.768258690834045410e-01
4.374009668827056885e-01
-3.023007512092590332e-01
1.574580222368240356e-01
-2.994042634963989258e-01
-1.423630595207214355e+00
-3.512896969914436340e-02
9.650655835866928101e-02
3.188319802284240723e-01
-5.035747289657592773e-01
-2.962998151779174805e-01
-1.384492874145507812e+00
-1.381588101387023926e+00
3.852565586566925049e-01
-1.221604198217391968e-01
-7.767906188964843750e-01
-2.872585058212280273e-01
-1.375822424888610840e+00
-1.130658835172653198e-01
-6.314368247985839844e-01
2.330691218376159668e-01
-1.710592806339263916e-01
-8.649464845657348633e-01
-6.224713921546936035e-01
-1.687646210193634033e-01
-5.782491564750671387e-01
-2.734443545341491699e-01
4.008502066135406494e-01
-1.063604235649108887e+00
-5.619346499443054199e-01
-4.152552485466003418e-01
-6.639649868011474609e-01
-5.521398186683654785e-01
-1.088645458221435547e+00
-6.632496118545532227e-01
-9.223772287368774414e-01
-5.533149242401123047e-01
-1.049279808998107910e+00
4.242386296391487122e-02
-2.999911308288574219e-01
-8.084142208099365234e-01
-8.888065218925476074e-01
-8.730700612068176270e-02
3.923810422420501709e-01
-6.576487421989440918e-01
-6.108817458152770996e-01
-1.232007265090942383e+00
-8.450158834457397461e-01
-1.340033173561096191e+00
-7.515668272972106934e-01
3.417381048202514648e-01
-9.676079750061035156e-01
-7.672305107116699219e-01
-3.816562239080667496e-03
-1.191770672798156738e+00
-9.932705760002136230e-02
4.802365303039550781e-01
-1.071971654891967773e+00
-3.707737028598785400e-01
2.548105716705322266e-01
-8.849675953388214111e-02
-7.421892881393432617e-01
-9.859936237335205078e-01
-1.358478546142578125e+00
-1.225803017616271973e+00
5.565904974937438965e-01
1.921924054622650146e-01
3.748998343944549561e-01
-1.382029294967651367e+00
-1.102081179618835449e+00
-1.211139932274818420e-02
-1.207563757896423340e+00
3.045378625392913818e-01
2.780811488628387451e-01
1.990353614091873169e-01
-6.589162349700927734e-01
-3.420247435569763184e-01
-8.361815214157104492e-01
5.791006088256835938e-01
-1.122050881385803223e+00
-1.043141484260559082e+00
2.372257597744464874e-02
-5.045613646507263184e-01
-6.490348577499389648e-01
-1.362555384635925293e+00
-9.732595682144165039e-01
-5.069926381111145020e-01
2.971380054950714111e-01
-5.205564498901367188e-01
-5.099592208862304688e-01
-4.822320044040679932e-01
-1.272725343704223633e+00
-1.132310390472412109e+00
-1.176068633794784546e-01
6.288792192935943604e-02
-1.448163092136383057e-01
-9.051096439361572266e-01
-4.908531904220581055e-01
-1.019192337989807129e+00
-8.911812305450439453e-01
-4.045320749282836914e-01
-7.071954607963562012e-01
2.455635815858840942e-01
4.190751314163208008e-01
-4.456610083580017090e-01
5.141213536262512207e-01
1.670790463685989380e-01
-1.103321671485900879e+00
-4.677583277225494385e-01
-8.989331126213073730e-01
-5.251954123377799988e-02
-4.786252975463867188e-01
7.338817697018384933e-03
-9.404787421226501465e-02
4.919627010822296143e-01
-5.901827216148376465e-01
-3.440548181533813477e-01
-2.613182365894317627e-01
1.555098444223403931e-01
-9.583932161331176758e-01
2.557392977178096771e-02
-1.199172019958496094e+00
-4.423998296260833740e-01
6.884345319122076035e-03
-1.750275492668151855e-01
3.636639714241027832e-01
2.363500185310840607e-03
-9.942262768745422363e-01
1.258383598178625107e-02
-1.237967491149902344e+00
-1.839797198772430420e-01
3.766423761844635010e-01
3.902671337127685547e-01
3.311275541782379150e-01
3.650286495685577393e-01
-1.114788651466369629e+00
-1.315690949559211731e-02
-4.801433980464935303e-01
-6.745124459266662598e-01
-1.574205160140991211e-01
-5.690699815750122070e-01
-1.006313204765319824e+00
3.554259240627288818e-01
5.135823488235473633e-01
4.558187127113342285e-01
3.551210761070251465e-01
-1.047215938568115234e+00
4.448447525501251221e-01
-1.049630165100097656e+00
-1.310225486755371094e+00
-6.632623076438903809e-01
-6.888892650604248047e-01
-1.640836745500564575e-01
-1.263380289077758789e+00
-7.462862133979797363e-01
-1.236402869224548340e+00
-2.285919785499572754e-01
-8.736070990562438965e-01
-1.445353478193283081e-01
-9.070532321929931641e-01
2.410703301429748535e-01
-9.990973472595214844e-01
1.334369629621505737e-01
-7.990145087242126465e-01
-1.205755114555358887e+00
3.833567798137664795e-01
8.961661905050277710e-02
-1.241888523101806641e+00
-1.000243723392486572e-01
-3.825965225696563721e-01
5.624932646751403809e-01
5.072141289710998535e-01
-1.341059088706970215e+00
-6.135118603706359863e-01
-7.015460133552551270e-01
3.338196128606796265e-02
4.359707832336425781e-01
1.959301680326461792e-01
-6.226936578750610352e-01
-7.819376885890960693e-03
3.123881816864013672e-01
-4.327630400657653809e-01
-1.940701305866241455e-01
4.987483620643615723e-01
5.685818195343017578e-01
-1.201883196830749512e+00
-5.190858840942382812e-01
-6.430650949478149414e-01
-4.869747161865234375e-01
-1.257275581359863281e+00
-1.147879958152770996e+00
2.025154381990432739e-01
-8.735383152961730957e-01
-1.199559092521667480e+00
2.435623258352279663e-01
-4.605795145034790039e-01
-7.353416681289672852e-01
2.888642251491546631e-01
-1.013681173324584961e+00
-1.156543612480163574e+00
-5.279372930526733398e-01
-2.374395877122879028e-01
-4.133119881153106689e-01
-7.041187286376953125e-01
-7.346191406250000000e-01
-1.034190773963928223e+00
2.988956868648529053e-01
2.510406076908111572e-01
5.364136695861816406e-01
-1.065117239952087402e+00
5.305886268615722656e-01
-1.229963779449462891e+00
-5.338799357414245605e-01
-7.237362861633300781e-01
1.669354289770126343e-01
-8.376262784004211426e-01
-7.763544917106628418e-01
-1.080080270767211914e+00
4.877382516860961914e-01
-2.660976955667138100e-03
-1.242467641830444336e+00
3.276057839393615723e-01
-3.242622315883636475e-01
3.449248671531677246e-01
3.302586972713470459e-01
-1.293720841407775879e+00
-8.705435395240783691e-01
-1.004478216171264648e+00
-1.094899773597717285e+00
-7.147333621978759766e-01
-4.839119315147399902e-01
4.425569996237754822e-02
4.540815949440002441e-01
-7.425712347030639648e-01
-1.539174020290374756e-01
3.113257288932800293e-01
-1.392092108726501465e+00
-7.040393948554992676e-01
-8.712868392467498779e-02
7.533180713653564453e-02
1.375910937786102295e-01
-1.339867830276489258e+00
-7.645757794380187988e-01
-6.118977665901184082e-01
-9.402741789817810059e-01
-1.154508233070373535e+00
-5.168901085853576660e-01
-1.074217677116394043e+00
-8.410130739212036133e-01
3.260864317417144775e-01
-1.393551588058471680e+00
2.954152226448059082e-01
-1.287203788757324219e+00
-1.346947431564331055e+00
4.645517468452453613e-01
-1.030635833740234375e+00
-7.561191916465759277e-01
-1.096985936164855957e+00
-1.290277004241943359e+00
3.592993915081024170e-01
2.462904304265975952e-01
4.064622223377227783e-01
1.729275882244110107e-01
-1.294717073440551758e+00
4.761309027671813965e-01
2.168880216777324677e-02
-3.477236330509185791e-01
-9.997692108154296875e-01
-5.296183824539184570e-01
-1.387813210487365723e+00
1.867059618234634399e-01
-5.155736207962036133e-01
-1.029453635215759277e+00
-6.295758485794067383e-01
-6.145954132080078125e-01
-1.081561923027038574e+00
-2.999565005302429199e-01
2.302737385034561157e-01
-1.231533288955688477e+00
-1.029525518417358398e+00
2.943656407296657562e-02
-7.021122574806213379e-01
3.898080289363861084e-01
4.991107583045959473e-01
-6.486130952835083008e-01
5.931308269500732422e-01
-4.297860264778137207e-01
-1.321887493133544922e+00
-6.394965648651123047e-01
-9.167926907539367676e-01
-7.292194962501525879e-01
1.715646982192993164e-01
-1.175619125366210938e+00
5.071617364883422852e-01
5.461181402206420898e-01
4.194841161370277405e-02
-1.297214984893798828e+00
-6.947277486324310303e-02
4.743976593017578125e-01
-1.078698754310607910e+00
-3.509077727794647217e-01
4.856804907321929932e-01
-1.157762408256530762e+00
-5.978116393089294434e-01
-1.340558409690856934e+00
5.016757249832153320e-01
2.280018776655197144e-01
9.409756958484649658e-02
-1.177733898162841797e+00
-3.820797801017761230e-01
1.682946830987930298e-01
1.297004818916320801e-01
4.111922681331634521e-01
-1.114480733871459961e+00
-7.723294496536254883e-01
-2.528904676437377930e-01
-1.088547229766845703e+00
-8.443800359964370728e-02
-5.841979980468750000e-01
-9.250294566154479980e-01
3.048308193683624268e-01
-1.041319608688354492e+00
3.991452511399984360e-03
-3.739749193191528320e-01
-4.921760261058807373e-01
-1.377857446670532227e+00
4.674479365348815918e-01
-5.801565647125244141e-01
-7.151079773902893066e-01
5.382800102233886719e-01
4.943417906761169434e-01
-4.062594771385192871e-01
-4.385934174060821533e-01
5.307447910308837891e-01
2.582704722881317139e-01
-7.019079327583312988e-01
-5.972453355789184570e-01
-6.651251018047332764e-02
-3.013998642563819885e-02
-1.155255958437919617e-01
3.696110248565673828e-01
1.986763030290603638e-01
