-9.990204572677612305e-01
-1.183935761451721191e+00
-1.913682818412780762e+00
-3.160093307495117188e+00
-1.526376724243164062e+00
-1.962430238723754883e+00
-1.832346558570861816e+00
-2.532109022140502930e+00
-2.747910976409912109e+00
-2.709140777587890625e+00
-2.542578458786010742e+00
-2.571357011795043945e+00
-2.797490119934082031e+00
-3.079257011413574219e+00
-2.254632234573364258e+00
-2.714727163314819336e+00
-2.849692821502685547e+00
-2.944425582885742188e+00
-1.728971600532531738e+00
-2.922999858856201172e+00
-2.607229709625244141e+00
-3.227022886276245117e+00
-2.944344997406005859e+00
-3.230666637420654297e+00
-2.600406408309936523e+00
-2.887087106704711914e+00
-2.943554162979125977e+00
-2.961775779724121094e+00
-1.886676073074340820e+00
-2.519496679306030273e+00
-1.721804976463317871e+00
-2.592308521270751953e+00
-2.483048915863037109e+00
-3.463264703750610352e+00
-1.590266942977905273e+00
-2.517170667648315430e+00
-3.722274780273437500e+00
-2.457739830017089844e+00
-1.758562445640563965e+00
-3.148323535919189453e+00
-2.055570840835571289e+00
-3.135981798171997070e+00
-2.036793231964111328e+00
-2.483524084091186523e+00
-2.825140714645385742e+00
-3.290364980697631836e+00
-1.679579138755798340e+00
-2.028446197509765625e+00
-2.654971122741699219e+00
-2.856936454772949219e+00
-1.218981266021728516e+00
-1.928944706916809082e+00
-3.020672321319580078e+00
-4.023298263549804688e+00
-2.365737438201904297e+00
-2.866930484771728516e+00
-3.355167627334594727e+00
-2.749856948852539062e+00
-1.980057954788208008e+00
-2.625919103622436523e+00
-1.493792295455932617e+00
-2.701873540878295898e+00
-1.884634733200073242e+00
-2.153857469558715820e+00
-3.563055992126464844e+00
-2.823904037475585938e+00
-1.585758090019226074e+00
-1.698918104171752930e+00
-3.146530628204345703e+00
-3.709314346313476562e+00
-2.716432571411132812e+00
-2.772791385650634766e+00
-3.415460348129272461e+00
-3.497917890548706055e+00
-2.659893035888671875e+00
-2.056073665618896484e+00
-3.735855102539062500e+00
-2.759923696517944336e+00
-2.437134981155395508e+00
-2.746873617172241211e+00
-3.494313478469848633e+00
-2.965927124023437500e+00
-1.963488698005676270e+00
-3.061265945434570312e+00
-1.817275762557983398e+00
-1.489429831504821777e+00
-2.268139123916625977e+00
-2.843288898468017578e+00
-3.463762283325195312e+00
-3.046370506286621094e+00
-2.838596582412719727e+00
-3.171313047409057617e+00
-2.676215887069702148e+00
-2.991934537887573242e+00
-2.095917701721191406e+00
-3.682735204696655273e+00
-3.700250864028930664e+00
-1.896927952766418457e+00
-1.885098218917846680e+00
-2.749262571334838867e+00
-2.937749147415161133e+00
-3.241862773895263672e+00
-2.116334199905395508e+00
-3.715319156646728516e+00
-3.216415643692016602e+00
-2.138000011444091797e+00
-2.416455507278442383e+00
-3.062142610549926758e+00
-2.561250686645507812e+00
-3.049700736999511719e+00
-2.168688535690307617e+00
-1.663365364074707031e+00
-4.124742984771728516e+00
-3.476158857345581055e+00
-2.820587635040283203e+00
-3.327838420867919922e+00
-1.933307766914367676e+00
-3.247880935668945312e+00
-2.204597234725952148e+00
-2.720997095108032227e+00
-3.105289459228515625e+00
-3.835154294967651367e+00
-3.032366991043090820e+00
-2.025796413421630859e+00
-2.549230813980102539e+00
-3.185808181762695312e+00
-1.342717170715332031e+00
-2.741407394409179688e+00
-3.875039100646972656e+00
-2.084814310073852539e+00
-2.582718372344970703e+00
-2.108252763748168945e+00
-2.736593484878540039e+00
-2.570919036865234375e+00
-2.236510753631591797e+00
-3.177694082260131836e+00
-3.197358131408691406e+00
-3.868645668029785156e+00
-1.477415561676025391e+00
-3.153162240982055664e+00
-2.861070156097412109e+00
-3.187849283218383789e+00
-1.685042619705200195e+00
-2.483524084091186523e+00
-3.157144069671630859e+00
-3.991154432296752930e+00
-2.352616786956787109e+00
-2.647088766098022461e+00
-4.031175613403320312e+00
-3.181899547576904297e+00
-2.304455041885375977e+00
-2.909582853317260742e+00
-3.993791103363037109e+00
-3.972802877426147461e+00
-1.320771813392639160e+00
-1.655608415603637695e+00
-3.343048095703125000e+00
-3.309151887893676758e+00
-2.047718524932861328e+00
-2.846204757690429688e+00
-2.427275180816650391e+00
-3.692560434341430664e+00
-2.868272304534912109e+00
-1.885818004608154297e+00
-1.695094585418701172e+00
-2.727981567382812500e+00
-3.725956678390502930e+00
-2.197648763656616211e+00
-1.819146394729614258e+00
-3.101057529449462891e+00
-3.352729320526123047e+00
-2.827605962753295898e+00
-2.842334985733032227e+00
-2.409533500671386719e+00
-3.352767229080200195e+00
-3.165270090103149414e+00
-2.861607313156127930e+00
-3.397375822067260742e+00
-3.221713781356811523e+00
-2.542193651199340820e+00
-3.626666307449340820e+00
-2.301391839981079102e+00
-3.499003171920776367e+00
-2.437202692031860352e+00
-2.970323562622070312e+00
-2.686421394348144531e+00
-2.607850313186645508e+00
-3.731493711471557617e+00
-2.428843736648559570e+00
-2.825522184371948242e+00
-3.218093395233154297e+00
-3.778576374053955078e+00
-2.363247871398925781e+00
-3.326324224472045898e+00
-2.981443405151367188e+00
-3.154652118682861328e+00
-2.955076217651367188e+00
-3.577383518218994141e+00
-3.937227964401245117e+00
-3.449278116226196289e+00
-4.063970565795898438e+00
-3.483407497406005859e+00
-2.711776971817016602e+00
-3.359263658523559570e+00
-2.175292730331420898e+00
-2.492976427078247070e+00
-2.865137815475463867e+00
-3.034682989120483398e+00
-2.379454135894775391e+00
-1.595734596252441406e+00
-2.514403581619262695e+00
-3.552763462066650391e+00
-3.990952730178833008e+00
-3.432943582534790039e+00
-2.726912021636962891e+00
-3.272558212280273438e+00
-3.564317226409912109e+00
-2.831008911132812500e+00
-2.427492380142211914e+00
-2.856924533843994141e+00
-3.440191984176635742e+00
-3.140150785446166992e+00
-2.547432661056518555e+00
-3.826390743255615234e+00
-3.398340463638305664e+00
-2.608744621276855469e+00
-3.579751253128051758e+00
-2.909894466400146484e+00
-4.041648864746093750e+00
-2.310644149780273438e+00
-2.316045522689819336e+00
-2.268655776977539062e+00
-3.686350584030151367e+00
-2.161504983901977539e+00
-2.685242891311645508e+00
-2.304126977920532227e+00
-2.964105844497680664e+00
-2.592949867248535156e+00
-2.951507806777954102e+00
-2.612950325012207031e+00
-3.025318861007690430e+00
-2.080898523330688477e+00
-2.978896617889404297e+00
-3.332646846771240234e+00
-3.192666530609130859e+00
-3.541452884674072266e+00
-3.454500436782836914e+00
-3.405179262161254883e+00
-3.061772346496582031e+00
-2.851060867309570312e+00
-1.911572098731994629e+00
-2.484074115753173828e+00
-2.441330194473266602e+00
-2.318526983261108398e+00
-2.570550203323364258e+00
-3.297738552093505859e+00
-3.738916158676147461e+00
-3.498500108718872070e+00
-3.796654939651489258e+00
-1.180139660835266113e+00
-3.239464998245239258e+00
-3.062427997589111328e+00
-2.569226264953613281e+00
-3.305805444717407227e+00
-3.301974296569824219e+00
-2.730337381362915039e+00
-4.058825016021728516e+00
-3.677448511123657227e+00
-2.274374723434448242e+00
-3.210509538650512695e+00
-2.968901872634887695e+00
-3.626765966415405273e+00
-2.755571842193603516e+00
-4.057765483856201172e+00
-3.529897451400756836e+00
-3.322167873382568359e+00
-2.795445680618286133e+00
-3.260822057723999023e+00
-4.486006259918212891e+00
-2.899675846099853516e+00
-2.754171848297119141e+00
-2.256424427032470703e+00
-3.791094779968261719e+00
-3.908833503723144531e+00
-3.442552566528320312e+00
-2.967519283294677734e+00
-4.126176834106445312e+00
-3.243477344512939453e+00
-3.050636768341064453e+00
-3.386702060699462891e+00
-3.751734018325805664e+00
-2.965356588363647461e+00
-2.457641124725341797e+00
-2.168307542800903320e+00
-2.955447673797607422e+00
-3.713990449905395508e+00
-3.488232374191284180e+00
-2.790595769882202148e+00
-2.573991537094116211e+00
-3.191141366958618164e+00
-2.924535036087036133e+00
-2.968632459640502930e+00
-3.088277816772460938e+00
-2.858160018920898438e+00
-2.348389148712158203e+00
-3.572507619857788086e+00
-2.613200187683105469e+00
-1.992259263992309570e+00
-2.711213827133178711e+00
-2.292787313461303711e+00
-2.958850145339965820e+00
-4.140487194061279297e+00
-3.235135316848754883e+00
-3.389610767364501953e+00
-2.295824050903320312e+00
-2.354893207550048828e+00
-2.928685665130615234e+00
-1.880748271942138672e+00
-3.423047304153442383e+00
-3.043690204620361328e+00
-3.127459049224853516e+00
-2.950712442398071289e+00
-3.302990198135375977e+00
-3.808046340942382812e+00
-4.075377941131591797e+00
-3.193356037139892578e+00
-2.415317535400390625e+00
-3.392051458358764648e+00
-2.684397935867309570e+00
-2.064351081848144531e+00
-2.231867551803588867e+00
-3.514345407485961914e+00
-3.535216093063354492e+00
-3.130567550659179688e+00
-3.343077659606933594e+00
-2.110820293426513672e+00
-3.856496334075927734e+00
-2.673988819122314453e+00
-2.437597274780273438e+00
-3.494142532348632812e+00
-3.014933347702026367e+00
-3.340798139572143555e+00
-2.679256916046142578e+00
-2.443538188934326172e+00
-2.652925729751586914e+00
-3.558886766433715820e+00
-2.953977346420288086e+00
-3.274388313293457031e+00
-3.392541170120239258e+00
-3.517411231994628906e+00
-3.662207365036010742e+00
-3.439945220947265625e+00
-3.464001655578613281e+00
-3.761093854904174805e+00
-2.549606084823608398e+00
-3.380403041839599609e+00
-1.265138149261474609e+00
-2.722872495651245117e+00
-1.856935858726501465e+00
-2.813114404678344727e+00
-2.576994895935058594e+00
-2.678093910217285156e+00
-3.413871526718139648e+00
-3.199560642242431641e+00
-3.428653717041015625e+00
-2.783967733383178711e+00
-3.646464109420776367e+00
-3.451307535171508789e+00
-2.863739728927612305e+00
-3.560107469558715820e+00
-2.688487529754638672e+00
-2.854151010513305664e+00
-3.430748701095581055e+00
-2.619840145111083984e+00
-2.635776996612548828e+00
-2.364075422286987305e+00
-3.738724470138549805e+00
-3.408744096755981445e+00
-3.799443244934082031e+00
-3.039765834808349609e+00
-2.563840866088867188e+00
-3.414782762527465820e+00
-3.207699775695800781e+00
-2.430044889450073242e+00
-3.320827245712280273e+00
-3.113299131393432617e+00
-3.762715578079223633e+00
-3.081350326538085938e+00
-3.988390922546386719e+00
-2.440781116485595703e+00
-3.695529460906982422e+00
-3.897686719894409180e+00
-3.430650711059570312e+00
-2.550335407257080078e+00
-3.180960893630981445e+00
-3.567394733428955078e+00
-2.866127490997314453e+00
-3.721845149993896484e+00
-3.889020442962646484e+00
-3.785776376724243164e+00
-3.994304180145263672e+00
-3.228747606277465820e+00
-2.761666774749755859e+00
-3.651075839996337891e+00
-2.887147665023803711e+00
-1.763787865638732910e+00
-2.961194276809692383e+00
-3.075524568557739258e+00
-3.841959953308105469e+00
-2.696883201599121094e+00
-2.193073987960815430e+00
-3.299940824508666992e+00
-3.888892889022827148e+00
-3.429338693618774414e+00
-2.776504278182983398e+00
-4.214945316314697266e+00
-3.525350570678710938e+00
-1.779628515243530273e+00
-2.678262233734130859e+00
-3.345629692077636719e+00
-3.429625034332275391e+00
-2.850749492645263672e+00
-3.150734663009643555e+00
-3.143646240234375000e+00
-2.879765987396240234e+00
-2.324712753295898438e+00
-3.151738405227661133e+00
-2.236588716506958008e+00
-3.183621406555175781e+00
-2.501782417297363281e+00
-2.715425014495849609e+00
-3.265638351440429688e+00
-2.673229932785034180e+00
-2.938149452209472656e+00
-2.980966091156005859e+00
-3.001674890518188477e+00
-3.033924818038940430e+00
-3.576920270919799805e+00
-3.686523437500000000e+00
-2.076618432998657227e+00
-3.145723104476928711e+00
-3.480573654174804688e+00
-1.386770606040954590e+00
-2.974848270416259766e+00
-3.212942123413085938e+00
-1.344160914421081543e+00
-3.188903570175170898e+00
-2.817921400070190430e+00
-2.566987752914428711e+00
-3.280541658401489258e+00
-3.308547496795654297e+00
-3.403899669647216797e+00
-3.515455007553100586e+00
-3.740473031997680664e+00
-2.581423759460449219e+00
-3.283540725708007812e+00
-3.254034519195556641e+00
-3.355736732482910156e+00
-3.452212572097778320e+00
-2.889834165573120117e+00
-3.589307308197021484e+00
-3.985154390335083008e+00
-3.170999765396118164e+00
-3.364619970321655273e+00
-2.449054002761840820e+00
-2.647489786148071289e+00
-3.055468797683715820e+00
-3.562380790710449219e+00
-1.706720352172851562e+00
-3.581555843353271484e+00
-3.181970119476318359e+00
-2.569003343582153320e+00
-2.216268301010131836e+00
-3.859805107116699219e+00
-3.061551094055175781e+00
-2.768851280212402344e+00
-2.924094200134277344e+00
-2.193682432174682617e+00
-2.447942733764648438e+00
-3.382400274276733398e+00
-3.646712303161621094e+00
-1.921868324279785156e+00
-1.759088993072509766e+00
-3.615724563598632812e+00
-2.407651185989379883e+00
-2.846276044845581055e+00
-3.666080236434936523e+00
-3.267306566238403320e+00
-2.943859338760375977e+00
-2.252805948257446289e+00
-2.864478111267089844e+00
-2.080459833145141602e+00
-2.565548419952392578e+00
-2.661642789840698242e+00
-2.619376182556152344e+00
-2.858561754226684570e+00
-3.045122861862182617e+00
-3.011557102203369141e+00
-2.730320930480957031e+00
-3.015452384948730469e+00
-3.318768024444580078e+00
-3.592168331146240234e+00
-3.493524312973022461e+00
-2.746144533157348633e+00
-3.097700834274291992e+00
-3.159518480300903320e+00
-3.260860681533813477e+00
-1.313309669494628906e+00
-3.132821083068847656e+00
-2.742434024810791016e+00
-2.568505525588989258e+00
-2.705426454544067383e+00
-2.470773696899414062e+00
-2.629522562026977539e+00
-3.144894838333129883e+00
-2.346987962722778320e+00
-2.679562091827392578e+00
-3.594996690750122070e+00
-2.423131942749023438e+00
-2.638607501983642578e+00
-3.236666917800903320e+00
-3.461004495620727539e+00
-3.762859106063842773e+00
-4.279090881347656250e+00
-2.796228647232055664e+00
-2.686546802520751953e+00
-2.723341941833496094e+00
-2.254076719284057617e+00
-3.540313959121704102e+00
-3.327886819839477539e+00
-3.647085189819335938e+00
-1.479114413261413574e+00
-3.241292476654052734e+00
-2.770272254943847656e+00
-3.166934967041015625e+00
-2.317337512969970703e+00
-3.371746301651000977e+00
-2.473850250244140625e+00
-2.915430307388305664e+00
-3.355058670043945312e+00
-3.156625032424926758e+00
-1.728486299514770508e+00
-3.268910884857177734e+00
-3.233044147491455078e+00
-3.871949911117553711e+00
-3.369831562042236328e+00
-4.094930171966552734e+00
-3.065340042114257812e+00
-3.881875753402709961e+00
-3.042816877365112305e+00
-2.502117633819580078e+00
-3.783478260040283203e+00
-3.181232452392578125e+00
-3.117818593978881836e+00
-3.503647565841674805e+00
-2.784559249877929688e+00
-2.129782199859619141e+00
-3.484404087066650391e+00
-2.774773120880126953e+00
-2.430319786071777344e+00
-3.502232313156127930e+00
-3.021104812622070312e+00
-2.872042417526245117e+00
-3.368722438812255859e+00
-2.463499069213867188e+00
-3.858440399169921875e+00
-2.768089056015014648e+00
-3.184335947036743164e+00
-3.367908477783203125e+00
-3.860113382339477539e+00
-2.407600164413452148e+00
-3.030359506607055664e+00
-3.290667772293090820e+00
-2.187183380126953125e+00
-2.633553504943847656e+00
-1.756259202957153320e+00
-2.643013477325439453e+00
-2.311888217926025391e+00
-2.846825838088989258e+00
-2.285082101821899414e+00
-2.562976121902465820e+00
-3.443805932998657227e+00
-2.370104789733886719e+00
-2.924786567687988281e+00
-2.726823091506958008e+00
-1.869695782661437988e+00
-2.556986570358276367e+00
-3.513374805450439453e+00
-2.526900768280029297e+00
-2.536441326141357422e+00
-3.958307027816772461e+00
-4.202215194702148438e+00
-2.408202409744262695e+00
-2.971925258636474609e+00
-3.761290788650512695e+00
-4.159644126892089844e+00
-2.650156259536743164e+00
-2.961992979049682617e+00
-2.964156866073608398e+00
-3.921498060226440430e+00
-2.632726192474365234e+00
-3.819985389709472656e+00
-3.099001646041870117e+00
-3.515212535858154297e+00
-1.702123165130615234e+00
-3.602005481719970703e+00
-3.310093879699707031e+00
-3.172406911849975586e+00
-2.523683309555053711e+00
-2.064102888107299805e+00
-3.005555152893066406e+00
-2.372708320617675781e+00
-3.642745256423950195e+00
-2.620803356170654297e+00
-3.180570840835571289e+00
-3.619791269302368164e+00
-3.945233106613159180e+00
-3.342405319213867188e+00
-1.891535162925720215e+00
-2.739506244659423828e+00
-3.363726139068603516e+00
-2.976398706436157227e+00
-2.674520969390869141e+00
-2.651420593261718750e+00
-2.939541578292846680e+00
-3.588746786117553711e+00
-2.961838483810424805e+00
-3.183184385299682617e+00
-3.621203660964965820e+00
-3.352458953857421875e+00
-2.690680980682373047e+00
-1.983220100402832031e+00
-2.562387466430664062e+00
-2.230224370956420898e+00
-2.601911067962646484e+00
-2.811929464340209961e+00
-2.813097000122070312e+00
-2.666285514831542969e+00
-2.588057279586791992e+00
-3.037200927734375000e+00
-3.224070549011230469e+00
-2.597845315933227539e+00
-2.754502296447753906e+00
-1.698815345764160156e+00
-3.156410217285156250e+00
-4.000186443328857422e+00
-2.718507289886474609e+00
-3.290757656097412109e+00
-2.794545412063598633e+00
-3.176150560379028320e+00
-3.591503858566284180e+00
-2.383618831634521484e+00
-3.724647283554077148e+00
-2.393155813217163086e+00
-1.948197126388549805e+00
-2.675544977188110352e+00
-2.119187116622924805e+00
-2.629442691802978516e+00
-3.563085556030273438e+00
-3.082908868789672852e+00
-1.766881704330444336e+00
-2.270444393157958984e+00
-2.972292184829711914e+00
-3.424457073211669922e+00
-2.195929765701293945e+00
-3.771185159683227539e+00
-2.827816724777221680e+00
-3.246423959732055664e+00
-3.069892644882202148e+00
-2.819202184677124023e+00
-2.715922355651855469e+00
-3.043277263641357422e+00
-2.706210851669311523e+00
-3.229381561279296875e+00
-3.745409250259399414e+00
-2.318564414978027344e+00
-3.209882020950317383e+00
-3.665846109390258789e+00
-2.984783887863159180e+00
-1.805735230445861816e+00
-2.511283636093139648e+00
-2.592617988586425781e+00
-2.458547830581665039e+00
-2.134186029434204102e+00
-2.886932849884033203e+00
-1.998266339302062988e+00
-2.542659282684326172e+00
-2.896593570709228516e+00
-3.366422653198242188e+00
-1.993870496749877930e+00
-3.360570430755615234e+00
-3.677189111709594727e+00
-1.287096619606018066e+00
-2.971108675003051758e+00
-3.622062683105468750e+00
-2.731733083724975586e+00
-2.615045309066772461e+00
-3.429327726364135742e+00
-3.354263782501220703e+00
-2.933402776718139648e+00
-2.104302644729614258e+00
-2.934084415435791016e+00
-3.421432018280029297e+00
-3.440813779830932617e+00
-2.470548629760742188e+00
-3.915856599807739258e+00
-3.037175893783569336e+00
-1.672659277915954590e+00
-2.529899120330810547e+00
-1.443017721176147461e+00
-2.536177158355712891e+00
-2.828619241714477539e+00
-3.427149772644042969e+00
-3.988798141479492188e+00
-2.810810565948486328e+00
-2.601316213607788086e+00
-3.663018703460693359e+00
-1.436107277870178223e+00
-2.423837661743164062e+00
-2.951241016387939453e+00
-3.354517698287963867e+00
-2.897203922271728516e+00
-3.849391222000122070e+00
-3.574424266815185547e+00
-3.151136636734008789e+00
-3.872799158096313477e+00
-2.886310100555419922e+00
-3.262529373168945312e+00
-2.219218730926513672e+00
-1.727375984191894531e+00
-2.509676694869995117e+00
-3.203861474990844727e+00
-3.451008319854736328e+00
-2.729884624481201172e+00
-3.216311693191528320e+00
-3.276558637619018555e+00
-3.415838718414306641e+00
-1.865633606910705566e+00
-3.992951393127441406e+00
-3.451091527938842773e+00
-2.672841548919677734e+00
-3.442975521087646484e+00
-3.373659610748291016e+00
-3.282708406448364258e+00
-3.186857461929321289e+00
-2.436486005783081055e+00
-3.843442916870117188e+00
-3.274330139160156250e+00
-2.651462554931640625e+00
-3.487054824829101562e+00
-2.391799449920654297e+00
-3.449304819107055664e+00
-2.531746149063110352e+00
-3.757064342498779297e+00
-1.968560218811035156e+00
-1.518232345581054688e+00
-1.778619050979614258e+00
-3.471829175949096680e+00
-3.548405647277832031e+00
-2.226983785629272461e+00
-2.239090442657470703e+00
-3.364753007888793945e+00
-3.323696851730346680e+00
-3.479402780532836914e+00
-3.473042011260986328e+00
-2.497308492660522461e+00
-3.746486425399780273e+00
-2.681565284729003906e+00
-3.249352693557739258e+00
-2.508297920227050781e+00
-3.539315700531005859e+00
-3.954320192337036133e+00
-1.928828239440917969e+00
-2.929167747497558594e+00
-3.552287578582763672e+00
-3.044874668121337891e+00
-3.079780101776123047e+00
-2.903519392013549805e+00
-3.523326635360717773e+00
-2.583583593368530273e+00
-3.165195703506469727e+00
-3.289813280105590820e+00
-3.463194847106933594e+00
-3.047647953033447266e+00
-2.259863853454589844e+00
-2.255537033081054688e+00
-2.701428174972534180e+00
-3.310476779937744141e+00
-2.817187547683715820e+00
-2.986601114273071289e+00
-1.940706849098205566e+00
-2.954910039901733398e+00
-1.539710044860839844e+00
-2.498607635498046875e+00
-3.448205471038818359e+00
-3.156364917755126953e+00
-2.804993391036987305e+00
-2.386113882064819336e+00
-2.632467746734619141e+00
-2.925778865814208984e+00
-3.837620496749877930e+00
-2.377672672271728516e+00
-3.240078449249267578e+00
-3.612249851226806641e+00
-2.530429363250732422e+00
-3.261792659759521484e+00
-2.147123813629150391e+00
-3.733840942382812500e+00
-3.422357082366943359e+00
-2.334841251373291016e+00
-2.569258451461791992e+00
-2.400108575820922852e+00
-2.107103586196899414e+00
-3.728249549865722656e+00
-1.997138023376464844e+00
-2.971726417541503906e+00
-2.137522220611572266e+00
-3.436918735504150391e+00
-3.208496093750000000e+00
-3.878175020217895508e+00
-3.596876144409179688e+00
-2.861290216445922852e+00
-3.955302953720092773e+00
-3.952297687530517578e+00
-2.951816558837890625e+00
-2.568480730056762695e+00
-3.085591316223144531e+00
-3.808691024780273438e+00
-3.155609846115112305e+00
-2.416159391403198242e+00
-3.331030845642089844e+00
-2.445955514907836914e+00
-3.087267875671386719e+00
-2.655800104141235352e+00
-2.141590356826782227e+00
-2.040252685546875000e+00
-7.292495369911193848e-01
-3.201056718826293945e+00
-3.144826173782348633e+00
-2.456083059310913086e+00
-2.152976512908935547e+00
-1.775991439819335938e+00
-2.450576066970825195e+00
-1.937764048576354980e+00
-3.112757682800292969e+00
-3.029898166656494141e+00
-2.326671123504638672e+00
-3.835273027420043945e+00
-2.755355358123779297e+00
-3.720502138137817383e+00
-2.638892889022827148e+00
-2.132192373275756836e+00
-1.403448104858398438e+00
-3.686987161636352539e+00
-1.973690867424011230e+00
-2.894119977951049805e+00
-3.694667339324951172e+00
-2.937970876693725586e+00
-2.251931667327880859e+00
-2.883446216583251953e+00
-3.206702709197998047e+00
-1.255485653877258301e+00
-2.677495956420898438e+00
-2.434592485427856445e+00
-2.056384325027465820e+00
-2.762497901916503906e+00
-2.428176879882812500e+00
-2.293411016464233398e+00
-2.728578805923461914e+00
-3.996801853179931641e+00
-3.365311861038208008e+00
-1.595263600349426270e+00
-1.928367137908935547e+00
-3.191828727722167969e+00
-3.422591209411621094e+00
-3.481089830398559570e+00
-2.146480798721313477e+00
-3.480027198791503906e+00
-2.897208452224731445e+00
-1.974717974662780762e+00
-1.995423555374145508e+00
-2.737792968750000000e+00
-3.394368171691894531e+00
-2.296682357788085938e+00
-2.733880519866943359e+00
-2.919816970825195312e+00
-2.959852933883666992e+00
-3.264328002929687500e+00
-2.351018667221069336e+00
-1.527578473091125488e+00
-2.637348651885986328e+00
-2.233703374862670898e+00
-1.919733643531799316e+00
-2.012011289596557617e+00
-2.132635831832885742e+00
-2.951751947402954102e+00
-2.763380050659179688e+00
-2.263060808181762695e+00
-2.572919845581054688e+00
-2.405642271041870117e+00
-1.118154168128967285e+00
-2.785736083984375000e+00
-2.004658222198486328e+00
-2.128564119338989258e+00
-1.744686841964721680e+00
-3.630817413330078125e+00
-2.790533781051635742e+00
-9.957135915756225586e-01
-2.409775257110595703e+00
-1.474012494087219238e+00
-2.985100269317626953e+00
-2.771819829940795898e+00
-2.340109109878540039e+00
-2.902122735977172852e+00
-2.852288484573364258e+00
-2.554377555847167969e+00
-2.974664211273193359e+00
-2.610549688339233398e+00
-1.211441755294799805e+00
-2.846549749374389648e+00
-2.879042148590087891e+00
-2.764572143554687500e+00
-2.136702775955200195e+00
-3.355362415313720703e+00
-3.301503658294677734e+00
-2.433725833892822266e+00
-3.336961984634399414e+00
-2.548356533050537109e+00
-2.504158735275268555e+00
-2.303578615188598633e+00
-3.133323907852172852e+00
-2.159924983978271484e+00
-2.858205080032348633e+00
-1.663828134536743164e+00
-2.833508968353271484e+00
-3.152829647064208984e+00
-1.715673208236694336e+00
-1.697092533111572266e+00
-5.582176446914672852e-01
-2.287293434143066406e+00
-1.901173949241638184e+00
-2.655274868011474609e+00
-1.902536034584045410e+00
-2.628366947174072266e+00
-1.782371282577514648e+00
-3.126128673553466797e+00
-2.567071914672851562e+00
-1.023223280906677246e+00
-1.821795463562011719e+00
-1.432823300361633301e+00
-1.967950820922851562e+00
-2.220920562744140625e+00
-3.025378227233886719e+00
-3.499895095825195312e+00
-1.766583204269409180e+00
-2.619831562042236328e+00
-3.103975296020507812e+00
-2.032241582870483398e+00
-2.433475494384765625e+00
-3.546677589416503906e+00
-3.395313739776611328e+00
-2.645931959152221680e+00
-3.141744375228881836e+00
-2.960850238800048828e+00
-2.271971940994262695e+00
-3.619678974151611328e+00
-3.022598743438720703e+00
-8.330042362213134766e-01
-2.268160343170166016e+00
-2.889072179794311523e+00
-2.759869575500488281e+00
-2.421214818954467773e+00
-3.010879039764404297e+00
-2.104045629501342773e+00
-2.596914768218994141e+00
-1.178589582443237305e+00
-5.605100393295288086e-01
-1.920450568199157715e+00
-2.495460510253906250e+00
-3.229939699172973633e+00
-3.656487703323364258e+00
-1.922995448112487793e+00
-3.349556922912597656e+00
-3.314744949340820312e+00
-2.022742033004760742e+00
-1.279130220413208008e+00
-3.170917510986328125e+00
-3.198053598403930664e+00
-3.143878698348999023e+00
-1.896423697471618652e+00
-2.284951686859130859e+00
-2.183316707611083984e+00
-2.917609214782714844e+00
-3.051890611648559570e+00
-2.996515750885009766e+00
-2.754877090454101562e+00
-3.081698179244995117e+00
-1.188678026199340820e+00
-2.728312969207763672e+00
-1.011417984962463379e+00
-2.162009000778198242e+00
-3.048429965972900391e+00
-2.889186859130859375e+00
-1.042950630187988281e+00
-2.569951295852661133e+00
-2.559154272079467773e+00
-3.367853164672851562e+00
-2.651160955429077148e+00
-1.135191082954406738e+00
-1.917468547821044922e+00
-2.545160293579101562e+00
-3.086922883987426758e+00
-2.345118284225463867e+00
-3.000149488449096680e+00
-2.836256027221679688e+00
-2.446879863739013672e+00
-1.853484988212585449e+00
-8.279106616973876953e-01
-1.273191690444946289e+00
-3.408781766891479492e+00
-3.150602579116821289e+00
-3.777931213378906250e+00
-3.175839900970458984e+00
-3.008781194686889648e+00
-1.004495263099670410e+00
-3.110444307327270508e+00
-3.339516162872314453e+00
-1.360921978950500488e+00
-2.349373579025268555e+00
-2.251900196075439453e+00
-3.035022974014282227e+00
-2.364798069000244141e+00
-2.740943431854248047e+00
-1.732914805412292480e+00
-1.410939097404479980e+00
-2.394824028015136719e+00
-1.324177503585815430e+00
-2.570841312408447266e+00
-2.301670551300048828e+00
-2.911457777023315430e+00
-9.714933633804321289e-01
-4.134979724884033203e+00
-1.000375390052795410e+00
-3.099407434463500977e+00
-2.616066694259643555e+00
-4.047287464141845703e+00
-2.142702341079711914e+00
-2.914726018905639648e+00
-2.522394657135009766e+00
-3.379952430725097656e+00
-2.265455722808837891e+00
-3.691734552383422852e+00
-3.389377117156982422e+00
-2.933382511138916016e+00
-2.422999620437622070e+00
-2.753731966018676758e+00
-2.041333675384521484e+00
-3.581347942352294922e+00
-3.492036581039428711e+00
-2.793627738952636719e+00
-1.693766355514526367e+00
-2.250098705291748047e+00
-2.158843278884887695e+00
-2.001659393310546875e+00
-1.792382240295410156e+00
-3.204794883728027344e+00
-2.301191806793212891e+00
-2.021352529525756836e+00
-2.736112833023071289e+00
-3.152173757553100586e+00
-2.673828363418579102e+00
-3.101670503616333008e+00
-2.522346496582031250e+00
-2.478669404983520508e+00
-3.075692176818847656e+00
-2.704773664474487305e+00
-1.974264025688171387e+00
-3.046311855316162109e+00
-1.175341367721557617e+00
-1.694652557373046875e+00
-3.249490737915039062e+00
-2.801424741744995117e+00
-1.337101936340332031e+00
-2.636419534683227539e+00
-1.455699563026428223e+00
-1.989999175071716309e+00
-2.017548322677612305e+00
-3.635169267654418945e+00
-3.276756048202514648e+00
-1.453646779060363770e+00
-2.245944976806640625e+00
-3.485822916030883789e+00
-1.758506894111633301e+00
-1.740301251411437988e+00
-3.009016990661621094e+00
-2.776865243911743164e+00
-2.890183925628662109e+00
-2.699599981307983398e+00
-3.848190784454345703e+00
-3.729424953460693359e+00
-2.034471273422241211e+00
-2.617097854614257812e+00
-2.397544860839843750e+00
-2.390269517898559570e+00
-2.000494480133056641e+00
-3.371423721313476562e+00
-2.510967493057250977e+00
-1.660756707191467285e+00
-2.387303829193115234e+00
-3.028160333633422852e-01
-2.239476919174194336e+00
-3.090212583541870117e+00
-3.263474702835083008e+00
-2.920452117919921875e+00
-2.409817695617675781e+00
-3.125608444213867188e+00
-3.193747043609619141e+00
-1.165191888809204102e+00
-2.474576234817504883e+00
-3.601902961730957031e+00
-2.598586320877075195e+00
-3.255279302597045898e+00
-2.936739921569824219e+00
-1.980738282203674316e+00
-3.467753887176513672e+00
-1.298963189125061035e+00
-1.147977828979492188e+00
-2.641677856445312500e+00
-3.608209133148193359e+00
-2.763406515121459961e+00
-2.846728801727294922e+00
-2.332490205764770508e+00
-6.413374543190002441e-01
-2.247937679290771484e+00
-3.053007125854492188e+00
-3.427287578582763672e+00
-1.397983312606811523e+00
-3.342546701431274414e+00
-2.567008018493652344e+00
-2.930263280868530273e+00
-2.852946519851684570e+00
-2.299443006515502930e+00
-2.127251625061035156e+00
-2.780665636062622070e+00
-2.591468572616577148e+00
-2.074237585067749023e+00
-3.412141501903533936e-01
-2.619964838027954102e+00
-1.860106110572814941e+00
-2.868554353713989258e+00
-2.472884178161621094e+00
-2.860294103622436523e+00
-3.048569917678833008e+00
-5.251688957214355469e-01
-1.558072209358215332e+00
-3.569008111953735352e-01
-2.405869007110595703e+00
-2.308541774749755859e+00
-1.675413012504577637e+00
-1.806918025016784668e+00
-1.826329708099365234e+00
-2.967244148254394531e+00
-1.477958917617797852e+00
-2.818804979324340820e+00
-3.784478902816772461e-01
-2.773344278335571289e+00
-1.857335925102233887e+00
-2.037301301956176758e+00
-1.010319352149963379e+00
-1.966581702232360840e+00
-3.019561767578125000e+00
-2.580761671066284180e+00
-2.971570253372192383e+00
-2.550836086273193359e+00
-2.734343051910400391e+00
-2.007685899734497070e+00
-2.155758619308471680e+00
-3.054508447647094727e+00
-2.758451700210571289e+00
-2.806871414184570312e+00
-2.254963159561157227e+00
-9.956852793693542480e-01
-2.263032674789428711e+00
-2.225758552551269531e+00
-2.613105058670043945e+00
-3.001208305358886719e+00
-3.590500831604003906e+00
-2.501713037490844727e+00
-2.834497928619384766e+00
-2.868149995803833008e+00
-8.831703662872314453e-01
-2.728899717330932617e+00
-2.838215589523315430e+00
-2.286929130554199219e+00
-2.810428619384765625e+00
-2.155025959014892578e+00
-2.145161151885986328e+00
-1.846831083297729492e+00
-2.718888998031616211e+00
-2.552812337875366211e+00
-2.877432107925415039e+00
-2.916285037994384766e+00
-1.954371333122253418e+00
-7.029095292091369629e-01
-2.606378078460693359e+00
-2.411308288574218750e+00
-1.474579811096191406e+00
-1.058715820312500000e+00
-2.072972297668457031e+00
-2.694627285003662109e+00
-3.609031677246093750e+00
-3.361375808715820312e+00
-1.958741188049316406e+00
-2.250529766082763672e+00
-1.309993743896484375e+00
-3.807758808135986328e+00
-3.096582412719726562e+00
-1.234035134315490723e+00
-2.108903408050537109e+00
-3.816772937774658203e+00
-3.981903076171875000e+00
-2.819178342819213867e+00
-2.697850227355957031e+00
-2.218454122543334961e+00
-3.235118150711059570e+00
-2.376667976379394531e+00
-1.287337422370910645e+00
-2.258717060089111328e+00
-3.128679275512695312e+00
-1.737137794494628906e+00
-2.950789690017700195e+00
-2.338275671005249023e+00
-2.454671144485473633e+00
-3.253089427947998047e+00
-7.395275831222534180e-01
-2.676883220672607422e+00
-2.144412517547607422e+00
-3.332882165908813477e+00
-2.238960027694702148e+00
-3.086830854415893555e+00
-3.319916963577270508e+00
-2.065909862518310547e+00
-2.967209815979003906e-01
-2.826238393783569336e+00
-2.963821172714233398e+00
-2.307382106781005859e+00
-1.693747043609619141e+00
-2.400817155838012695e+00
-1.235026121139526367e+00
-2.215127229690551758e+00
-1.897204756736755371e+00
-3.000231742858886719e+00
-1.934889554977416992e+00
-2.483829498291015625e+00
-1.627019524574279785e+00
-2.824310779571533203e+00
-1.058722019195556641e+00
-1.917371392250061035e+00
-1.646319746971130371e+00
-7.429697513580322266e-01
-3.313268899917602539e+00
-2.136525869369506836e+00
-3.044956207275390625e+00
-3.081172704696655273e+00
-1.248795628547668457e+00
-2.524368047714233398e+00
-1.662582874298095703e+00
-1.801776409149169922e+00
-1.978644728660583496e+00
-3.098241090774536133e+00
-1.934950232505798340e+00
-1.403426051139831543e+00
-1.486074447631835938e+00
-2.803397655487060547e+00
-1.480125784873962402e+00
-2.271804094314575195e+00
-2.992253780364990234e+00
-8.349297046661376953e-01
-2.152230739593505859e+00
-1.857723116874694824e+00
-2.237986326217651367e+00
-2.925152063369750977e+00
-3.195733308792114258e+00
-3.027822494506835938e+00
-2.412807226181030273e+00
-1.296340346336364746e+00
-2.742272377014160156e+00
-1.615175247192382812e+00
-2.199827432632446289e+00
-2.787351608276367188e+00
-2.305189609527587891e+00
-3.263385534286499023e+00
-1.741685986518859863e+00
-2.514020681381225586e+00
-2.443603754043579102e+00
-8.516213893890380859e-01
-2.759772062301635742e+00
-2.363744497299194336e+00
-2.644262075424194336e+00
-2.764601945877075195e+00
-2.972038507461547852e+00
-1.639798879623413086e+00
-3.766816139221191406e+00
-2.343974113464355469e+00
-1.088654160499572754e+00
-2.779215574264526367e+00
-1.125771760940551758e+00
-1.270053982734680176e+00
-1.406182050704956055e+00
-3.274701118469238281e+00
-3.368124961853027344e+00
-3.157717466354370117e+00
-2.697118282318115234e+00
-3.435412168502807617e+00
-1.376099705696105957e+00
-1.966092944145202637e+00
-2.189414501190185547e+00
-2.550316572189331055e+00
-1.994027733802795410e+00
-2.689239025115966797e+00
-3.138017177581787109e+00
-2.801545381546020508e+00
-3.117021322250366211e+00
-2.198163032531738281e+00
-1.556981801986694336e+00
-2.242213249206542969e+00
-2.992515802383422852e+00
-2.976991653442382812e+00
-3.352111339569091797e+00
-2.447468280792236328e+00
-2.794162034988403320e+00
-2.773885011672973633e+00
-1.764163970947265625e+00
-2.070722341537475586e+00
-1.888150811195373535e+00
-2.135000705718994141e+00
-1.061442494392395020e+00
-2.670580387115478516e+00
-1.905162334442138672e+00
-2.197541236877441406e+00
-2.462517499923706055e+00
-2.925084590911865234e+00
-2.211341857910156250e+00
-2.011980295181274414e+00
-2.909806728363037109e+00
-1.587673187255859375e+00
-2.127971887588500977e+00
-1.959157466888427734e+00
-2.325538635253906250e+00
-2.201392173767089844e+00
-1.344710707664489746e+00
-1.975834608078002930e+00
-2.020144462585449219e+00
-2.923117160797119141e+00
-2.949678659439086914e+00
-2.256529808044433594e+00
-1.615085124969482422e+00
-1.584494233131408691e+00
-3.206951856613159180e+00
-2.357271671295166016e+00
-1.126285433769226074e+00
-2.930120468139648438e+00
-3.569730758666992188e+00
-3.607859849929809570e+00
-1.030230641365051270e+00
-3.311708927154541016e+00
-2.748135328292846680e+00
-1.567515611648559570e+00
-1.891795635223388672e+00
-3.543830156326293945e+00
-2.918412446975708008e+00
-3.051231861114501953e+00
-2.401640176773071289e+00
-3.200588941574096680e+00
-7.771680951118469238e-01
-3.065445899963378906e+00
-3.686837673187255859e+00
-3.367590188980102539e+00
-2.763717651367187500e+00
-1.460798025131225586e+00
-2.255741596221923828e+00
-3.149795770645141602e+00
-1.622868895530700684e+00
-2.337457656860351562e+00
-2.328799486160278320e+00
-2.293097019195556641e+00
-2.649826765060424805e+00
-2.238595008850097656e+00
-9.021545648574829102e-01
-2.839044809341430664e+00
-2.392127990722656250e+00
-5.047339200973510742e-01
-2.836606025695800781e+00
-2.418212652206420898e+00
-9.478580951690673828e-01
-2.085856676101684570e+00
-2.463769912719726562e+00
-1.795699238777160645e+00
-3.160239934921264648e+00
-2.556338548660278320e+00
-2.607001066207885742e+00
-2.226214408874511719e+00
-2.819774627685546875e+00
-2.768442392349243164e+00
-1.389476418495178223e+00
-2.231014728546142578e+00
-2.468935728073120117e+00
-2.229097843170166016e+00
-1.577621221542358398e+00
-2.306303262710571289e+00
-3.092643022537231445e+00
-1.324900031089782715e+00
-3.172388792037963867e+00
-3.012148618698120117e+00
-1.683680057525634766e+00
-1.402355581521987915e-01
-2.030164718627929688e+00
-1.328321576118469238e+00
-1.511457085609436035e+00
-2.938644886016845703e+00
-3.119661808013916016e+00
-3.169647216796875000e+00
-4.511151313781738281e-01
-2.976516962051391602e+00
-3.205605506896972656e+00
-2.645765781402587891e+00
-2.850344896316528320e+00
-1.131468415260314941e+00
-3.322493076324462891e+00
-3.061343908309936523e+00
-3.406286954879760742e+00
-6.193452477455139160e-01
-2.308052301406860352e+00
-2.838077306747436523e+00
-2.131598711013793945e+00
-3.179459810256958008e+00
-2.191802024841308594e+00
-1.888514399528503418e+00
-2.914393663406372070e+00
-1.948995471000671387e+00
-2.236244916915893555e+00
-2.640441656112670898e+00
-9.034837484359741211e-01
-2.847691535949707031e+00
-3.155773401260375977e+00
-3.104057550430297852e+00
-2.349707365036010742e+00
-2.165396928787231445e+00
-2.693472146987915039e+00
-3.654197931289672852e+00
-2.643954277038574219e+00
-3.324380636215209961e+00
-1.772939801216125488e+00
-3.059057474136352539e+00
-1.395443797111511230e+00
-3.428151369094848633e+00
-2.548248767852783203e+00
-2.327277898788452148e+00
-2.610674381256103516e+00
-2.791881322860717773e+00
-3.349549770355224609e+00
-2.997359514236450195e+00
-3.396763563156127930e+00
-3.051216363906860352e+00
-3.208480834960937500e+00
-2.728997230529785156e+00
-2.785598516464233398e+00
-1.420127630233764648e+00
-3.241751670837402344e+00
-3.278766393661499023e+00
-7.403822988271713257e-02
-1.328871130943298340e+00
-2.078784942626953125e+00
-2.010135889053344727e+00
-2.146443843841552734e+00
-2.651652574539184570e+00
-1.357831954956054688e+00
-3.084290742874145508e+00
-3.026809692382812500e+00
-2.505674123764038086e+00
-3.118546485900878906e+00
-2.656413555145263672e+00
-8.346123695373535156e-01
-2.361914873123168945e+00
-1.868638396263122559e+00
-2.776868104934692383e+00
-2.890445470809936523e+00
-3.213670730590820312e+00
-2.639163732528686523e+00
-1.787640213966369629e+00
-8.671488761901855469e-01
-1.358518004417419434e+00
-2.629233121871948242e+00
-2.242240905761718750e+00
-2.825259447097778320e+00
-3.017033100128173828e+00
-3.420228719711303711e+00
-2.131170272827148438e+00
-1.114946246147155762e+00
-1.992520689964294434e+00
-2.238598823547363281e+00
-1.852248191833496094e+00
-2.264537096023559570e+00
-3.049441099166870117e+00
-1.808633446693420410e+00
-3.617418527603149414e+00
-2.328909397125244141e+00
-2.769474506378173828e+00
-1.353849530220031738e+00
-1.584438800811767578e+00
-8.454777598381042480e-01
-1.874934077262878418e+00
-2.210732460021972656e+00
-2.298435211181640625e+00
-3.144896030426025391e+00
-1.862040042877197266e+00
-2.255370378494262695e+00
-1.993696689605712891e+00
-2.327480077743530273e+00
-1.221722364425659180e+00
-9.793586134910583496e-01
-2.436475276947021484e+00
-3.009026527404785156e+00
-2.184249639511108398e+00
-2.269197463989257812e+00
-2.718600273132324219e+00
-3.191547632217407227e+00
-9.158138632774353027e-01
-2.952168941497802734e+00
-1.392718315124511719e+00
-3.303265571594238281e+00
-2.975116014480590820e+00
-2.862607240676879883e+00
-3.070460081100463867e+00
-6.452555060386657715e-01
-2.135056734085083008e+00
-2.821354150772094727e+00
-2.560410976409912109e+00
-2.092223644256591797e+00
-2.389682054519653320e+00
-2.583425045013427734e+00
-1.756419062614440918e+00
-1.440036773681640625e+00
-1.612958312034606934e+00
-2.213694095611572266e+00
-2.254670619964599609e+00
-2.069700002670288086e+00
-2.187443733215332031e+00
-3.265967130661010742e+00
-1.636250257492065430e+00
-3.088747024536132812e+00
-3.290414810180664062e+00
-3.265290975570678711e+00
-2.019239425659179688e+00
-1.663364410400390625e+00
-3.351002216339111328e+00
-2.701034069061279297e+00
-2.486109733581542969e+00
-3.214707612991333008e+00
-2.125866651535034180e+00
-1.211028456687927246e+00
-2.065481424331665039e+00
-2.275269269943237305e+00
-3.413758993148803711e+00
-2.248224020004272461e+00
-2.583178281784057617e+00
-3.567118167877197266e+00
-1.822384953498840332e+00
-2.723274707794189453e+00
-1.792957901954650879e+00
-2.861957073211669922e+00
-3.488388299942016602e+00
-2.496482372283935547e+00
-2.962653160095214844e+00
-3.260593891143798828e+00
-1.510391712188720703e+00
-3.261126756668090820e+00
-1.842538118362426758e+00
-2.767190694808959961e+00
-1.167564868927001953e+00
-2.509244441986083984e+00
-1.856990337371826172e+00
-2.454494953155517578e+00
-3.308162212371826172e+00
-3.001405477523803711e+00
-2.166703939437866211e+00
-2.279908418655395508e+00
-2.462385416030883789e+00
-8.641460537910461426e-01
-2.919834613800048828e+00
-1.752529144287109375e+00
-2.137660980224609375e+00
-2.481420278549194336e+00
-1.914058923721313477e+00
-2.491633176803588867e+00
-2.506900310516357422e+00
-2.704573392868041992e+00
-2.827761888504028320e+00
-3.401187419891357422e+00
-2.699969291687011719e+00
-1.234205365180969238e+00
-2.938752174377441406e+00
-2.797493219375610352e+00
-9.566349983215332031e-01
-3.189034223556518555e+00
-2.971073389053344727e+00
-2.623525142669677734e+00
-2.901609659194946289e+00
-2.684382677078247070e+00
-1.839243531227111816e+00
-7.804759740829467773e-01
-1.412131667137145996e+00
-1.074709415435791016e+00
-2.274477481842041016e+00
-1.949242115020751953e+00
-2.869241714477539062e+00
-3.521963357925415039e+00
-2.166166067123413086e+00
-2.685312747955322266e+00
-2.807850599288940430e+00
-2.182852029800415039e+00
-2.629232645034790039e+00
-3.706939458847045898e+00
-2.259385824203491211e+00
-1.935022950172424316e+00
-2.547095775604248047e+00
-2.030787467956542969e+00
-2.745681047439575195e+00
-3.485698699951171875e+00
-2.492754936218261719e+00
-2.074881792068481445e+00
-2.949181079864501953e+00
-3.447201013565063477e+00
-2.032925605773925781e+00
-2.771660566329956055e+00
-1.436972260475158691e+00
-1.342466473579406738e+00
-2.387954711914062500e+00
-1.721419572830200195e+00
-2.321456432342529297e+00
-1.766359329223632812e+00
-2.476251602172851562e+00
-2.729643821716308594e+00
-4.975341558456420898e-01
-2.320309638977050781e+00
-1.933985471725463867e+00
-2.973064899444580078e+00
-2.572390556335449219e+00
-2.219379663467407227e+00
-2.479025363922119141e+00
-2.941523075103759766e+00
-2.662977218627929688e+00
-1.647372126579284668e+00
-3.166835784912109375e+00
-9.272020459175109863e-01
-2.883480310440063477e+00
-2.017336845397949219e+00
-8.684211969375610352e-01
-2.864197254180908203e+00
-3.141192674636840820e+00
-2.295067787170410156e+00
-1.363922595977783203e+00
-2.716316461563110352e+00
-3.882223844528198242e+00
-2.847192287445068359e+00
-1.298459887504577637e+00
-3.016393423080444336e+00
-2.180201292037963867e+00
-2.824194669723510742e+00
-2.043948650360107422e+00
-2.571992635726928711e+00
-3.145898103713989258e+00
-2.756596803665161133e+00
-2.581264495849609375e+00
-3.342002391815185547e+00
-3.305858612060546875e+00
-3.468845129013061523e+00
-3.116891384124755859e+00
-2.807334661483764648e+00
-1.855640053749084473e+00
-9.172071218490600586e-01
-2.374907016754150391e+00
-2.229156017303466797e+00
-1.472985148429870605e+00
-1.664864540100097656e+00
-2.292247772216796875e+00
-2.964683055877685547e+00
-3.237644910812377930e+00
-3.194098234176635742e+00
-3.139456510543823242e+00
-2.006175518035888672e+00
-2.487019538879394531e+00
-2.619685649871826172e+00
-1.279398083686828613e+00
-2.399128675460815430e+00
-2.771917104721069336e+00
-2.310237169265747070e+00
-1.313926339149475098e+00
-2.258540153503417969e+00
-2.260048627853393555e+00
-2.361067056655883789e+00
-1.650237202644348145e+00
-2.328693389892578125e+00
-2.121438503265380859e+00
-2.197093963623046875e+00
-2.665550947189331055e+00
-2.627867937088012695e+00
-1.674641728401184082e+00
-6.874277591705322266e-01
-3.094475984573364258e+00
-1.848785161972045898e+00
-3.223903894424438477e+00
-2.612910985946655273e+00
-2.288783073425292969e+00
-8.216103315353393555e-01
-2.121760129928588867e+00
-1.745759725570678711e+00
-2.120701074600219727e+00
-2.006065607070922852e+00
-2.928801059722900391e+00
-1.810621142387390137e+00
-2.429115533828735352e+00
-2.824786186218261719e+00
-2.207430362701416016e+00
-2.295861959457397461e+00
-2.402889013290405273e+00
-3.259224891662597656e+00
-1.276520729064941406e+00
-2.004000663757324219e+00
-2.590924024581909180e+00
-3.282924890518188477e+00
-3.226122379302978516e+00
-2.471359252929687500e+00
-1.996894717216491699e+00
-8.926613926887512207e-01
-2.233113050460815430e+00
-6.142579913139343262e-01
-2.252562284469604492e+00
-1.400543212890625000e+00
-2.892962932586669922e+00
-3.187712430953979492e+00
-2.676367044448852539e+00
-3.068660974502563477e+00
-2.452405691146850586e+00
-1.895340442657470703e+00
-3.509982347488403320e+00
-2.204133272171020508e+00
-2.354154348373413086e+00
-2.787184000015258789e+00
-2.134966373443603516e+00
-2.910256862640380859e+00
-3.818921804428100586e+00
-3.502007484436035156e+00
-3.531837463378906250e+00
-2.735775709152221680e+00
-3.530105352401733398e+00
-1.977629423141479492e+00
-2.398376464843750000e+00
-2.805577516555786133e+00
-2.665864467620849609e+00
-2.223891973495483398e+00
-2.359317064285278320e+00
-3.287313222885131836e+00
-2.961470127105712891e+00
-1.894351482391357422e+00
-2.470959424972534180e+00
-3.221651554107666016e+00
-2.504505157470703125e+00
-3.098565578460693359e+00
-2.949917316436767578e+00
-1.995026618242263794e-01
-3.473083734512329102e+00
-1.949711322784423828e+00
-1.531416893005371094e+00
-2.057003259658813477e+00
-2.371148824691772461e+00
-2.005476236343383789e+00
-3.270996332168579102e+00
-1.597635507583618164e+00
-2.066312551498413086e+00
-2.924372673034667969e+00
-3.140417098999023438e+00
-2.809147834777832031e+00
-1.851511716842651367e+00
-3.251240491867065430e+00
-3.235558986663818359e+00
-2.618662595748901367e+00
-3.583760261535644531e+00
-1.509248614311218262e+00
-3.262311458587646484e+00
-2.575245141983032227e+00
-3.128533601760864258e+00
-2.783044338226318359e+00
-1.995429396629333496e+00
-9.467921853065490723e-01
-3.557987689971923828e+00
-1.807541370391845703e+00
-1.981176018714904785e+00
-1.667290091514587402e+00
-2.978367805480957031e+00
-2.711232662200927734e+00
-2.230438709259033203e+00
-9.077284336090087891e-01
-2.129668235778808594e+00
-3.096734523773193359e+00
-3.476002454757690430e+00
-1.048620104789733887e+00
-3.207946538925170898e+00
-2.038401842117309570e+00
-3.530776977539062500e+00
-1.940705180168151855e+00
-2.167894601821899414e+00
-1.210872054100036621e+00
-1.339832782745361328e+00
-3.872560024261474609e+00
-3.023531436920166016e+00
-1.961326003074645996e+00
-2.966074228286743164e+00
-2.854678153991699219e+00
-3.628704071044921875e+00
-3.463637828826904297e+00
-3.247374534606933594e+00
-2.250234842300415039e+00
-2.106498718261718750e+00
-3.694349765777587891e+00
-2.806554079055786133e+00
-3.683535814285278320e+00
-1.461137771606445312e+00
-3.132276058197021484e+00
-1.616599202156066895e+00
-2.533591985702514648e+00
-9.250009059906005859e-01
-1.310649991035461426e+00
-3.067951917648315430e+00
-3.052031040191650391e+00
-3.161222696304321289e+00
-2.184770107269287109e+00
-3.177867174148559570e+00
-9.844824671745300293e-01
-3.298784971237182617e+00
-2.405982732772827148e+00
-2.992564916610717773e+00
-1.376832962036132812e+00
-2.599487304687500000e+00
-1.824805736541748047e+00
-1.191265702247619629e+00
-9.774014949798583984e-01
-1.779617786407470703e+00
-2.767899274826049805e+00
-2.503052234649658203e+00
-2.397978544235229492e+00
-3.218125104904174805e+00
-2.108521938323974609e+00
-1.478239059448242188e+00
-2.444247007369995117e+00
-2.614860534667968750e+00
-2.269441366195678711e+00
-1.878570556640625000e+00
-3.051295757293701172e+00
-3.551681280136108398e+00
-2.064826488494873047e+00
-2.080642461776733398e+00
-1.821495175361633301e+00
-2.865716218948364258e+00
-1.941328167915344238e+00
-2.591883182525634766e+00
-3.254134416580200195e+00
-2.560887336730957031e+00
-2.598297357559204102e+00
-3.625785350799560547e+00
-2.434156417846679688e+00
-2.685969829559326172e+00
-2.330200195312500000e+00
-2.780480146408081055e+00
-2.996842384338378906e+00
-2.990019798278808594e+00
-3.559484243392944336e+00
-3.171373605728149414e+00
-2.960563182830810547e+00
-2.975479841232299805e+00
-3.561424016952514648e+00
-3.094509601593017578e+00
-2.445323944091796875e+00
-2.048730611801147461e+00
-2.836473941802978516e+00
-3.431874275207519531e+00
-2.016838312149047852e+00
-2.007193088531494141e+00
-3.380534648895263672e+00
-3.598675489425659180e+00
-3.168434858322143555e+00
-3.616409540176391602e+00
-3.298433780670166016e+00
-2.936320066452026367e+00
-2.409881830215454102e+00
-1.424697518348693848e+00
-1.888336062431335449e+00
-3.990873813629150391e+00
-2.337934494018554688e+00
-2.778199195861816406e+00
-3.580545663833618164e+00
-3.093971967697143555e+00
-3.356465578079223633e+00
-3.953876733779907227e+00
-3.016900539398193359e+00
-2.753243684768676758e+00
-3.545720577239990234e+00
-3.607955932617187500e+00
-2.150914430618286133e+00
-3.581586360931396484e+00
-1.685870409011840820e+00
-3.537024974822998047e+00
-3.598385095596313477e+00
-3.828572988510131836e+00
-1.477649569511413574e+00
-1.716406822204589844e+00
-3.046088218688964844e+00
-1.355861663818359375e+00
-1.289564251899719238e+00
-1.296094298362731934e+00
-2.701988697052001953e+00
-1.383589029312133789e+00
-2.621196031570434570e+00
-2.663354396820068359e+00
-1.055459618568420410e+00
-1.624405980110168457e+00
-2.320130825042724609e+00
-9.708369374275207520e-01
-2.388865947723388672e+00
-1.309163570404052734e+00
-2.267818927764892578e+00
-1.396003127098083496e+00
-1.848735690116882324e+00
-2.581121444702148438e+00
-1.751565814018249512e+00
-2.337677240371704102e+00
-2.526226758956909180e+00
-2.169570207595825195e+00
-1.729160308837890625e+00
-8.711502552032470703e-01
-1.512403607368469238e+00
-1.840727686882019043e+00
-1.462843537330627441e+00
-1.227087378501892090e+00
-2.490530252456665039e+00
-2.936730623245239258e+00
-2.501047849655151367e+00
-2.167078495025634766e+00
-2.306869983673095703e+00
-1.956002712249755859e+00
-1.661354541778564453e+00
-1.566857814788818359e+00
-1.283805966377258301e-01
-2.717397212982177734e+00
-2.272765159606933594e+00
-2.693798065185546875e+00
-1.415403127670288086e+00
-1.751725196838378906e+00
-2.058087110519409180e+00
-1.711598992347717285e+00
-2.102984189987182617e+00
-2.402097940444946289e+00
-3.250420093536376953e+00
-3.399605274200439453e+00
-1.751856684684753418e+00
-2.666051387786865234e+00
-2.329651117324829102e+00
-3.130399703979492188e+00
-2.121801376342773438e+00
-3.002588748931884766e+00
-1.266264915466308594e+00
-1.161358118057250977e+00
-3.100925922393798828e+00
-1.996117353439331055e+00
-3.235963344573974609e+00
-2.377510547637939453e+00
-2.213032960891723633e+00
-1.575014144182205200e-01
-3.324671030044555664e+00
-2.490809679031372070e+00
-1.595414280891418457e+00
-2.995346069335937500e+00
-2.943452596664428711e+00
-3.090455293655395508e+00
-1.103174328804016113e+00
-2.639378309249877930e+00
-2.820027351379394531e+00
-1.556687235832214355e+00
-3.055803298950195312e+00
-3.246579647064208984e+00
-2.526577711105346680e+00
-1.782999634742736816e+00
-1.802181720733642578e+00
-2.764441490173339844e+00
-2.554115533828735352e+00
-3.415258407592773438e+00
-1.496163010597229004e+00
-1.862526297569274902e+00
-3.469157218933105469e+00
-2.426006317138671875e+00
-3.095257997512817383e+00
-2.778164863586425781e+00
-2.459975481033325195e+00
-3.731003999710083008e+00
-4.132479667663574219e+00
-1.723389625549316406e+00
-2.211955547332763672e+00
-3.120897531509399414e+00
-3.421483993530273438e+00
-2.831669330596923828e+00
-2.690469264984130859e+00
-1.571525335311889648e+00
-2.001526355743408203e+00
-2.238135576248168945e+00
-3.096505403518676758e+00
-1.359423518180847168e+00
-2.113834142684936523e+00
-2.671406507492065430e+00
-3.327085018157958984e+00
-3.566040754318237305e+00
-1.631826281547546387e+00
-2.887858629226684570e+00
-7.000136375427246094e-01
-9.375287890434265137e-01
-3.017740726470947266e+00
-1.932393789291381836e+00
-1.475117802619934082e+00
-2.457579851150512695e+00
-2.600434303283691406e+00
-1.756868481636047363e+00
-2.107960939407348633e+00
-1.897174477577209473e+00
-2.000244855880737305e+00
-3.010720968246459961e+00
-2.159224510192871094e+00
-2.244134664535522461e+00
-2.532028675079345703e+00
-1.889696717262268066e+00
-1.662301659584045410e+00
-2.639251708984375000e+00
-2.639341115951538086e+00
-2.382660388946533203e+00
-2.172429084777832031e+00
-1.694718360900878906e+00
-1.769591569900512695e+00
-1.517436981201171875e+00
-1.481882214546203613e+00
-2.750371456146240234e+00
-2.849134922027587891e+00
-2.247652530670166016e+00
-2.482948064804077148e+00
-1.889037370681762695e+00
-2.728804588317871094e+00
-1.076407194137573242e+00
-2.388894796371459961e+00
-2.511569976806640625e+00
-1.978668808937072754e+00
-5.088463425636291504e-01
-2.027248382568359375e+00
-2.177459955215454102e+00
-2.754441261291503906e+00
-3.016675233840942383e+00
-8.822730183601379395e-01
-1.843847393989562988e+00
-1.957162261009216309e+00
-2.106582641601562500e+00
-3.333650350570678711e+00
-2.420580863952636719e+00
-2.561021804809570312e+00
-2.306284904479980469e+00
-2.548114776611328125e+00
-3.586473226547241211e+00
-2.217449903488159180e+00
-2.299925565719604492e+00
-2.685040712356567383e+00
-3.311886548995971680e+00
-1.544810414314270020e+00
-2.062708616256713867e+00
-3.170029640197753906e+00
-3.116796016693115234e+00
-2.406832695007324219e+00
-2.237419843673706055e+00
-2.331685066223144531e+00
-3.766885519027709961e+00
-2.920295953750610352e+00
-3.148813009262084961e+00
-2.500325918197631836e+00
-2.143416643142700195e+00
-2.368275880813598633e+00
-3.251477003097534180e+00
-2.915826559066772461e+00
-1.853786110877990723e+00
-8.576875925064086914e-01
-3.158499002456665039e+00
-2.499161958694458008e+00
-1.599932074546813965e+00
-2.950262069702148438e+00
-2.675666332244873047e+00
-2.567347764968872070e+00
-2.777972698211669922e+00
-3.872069716453552246e-01
-3.351256847381591797e+00
-1.810248136520385742e+00
-2.982384681701660156e+00
-2.287479639053344727e+00
-7.672948837280273438e-01
-7.536383867263793945e-01
-1.963639378547668457e+00
-2.505311965942382812e+00
-2.015050172805786133e+00
-1.229635357856750488e+00
-2.638305664062500000e+00
-8.446351885795593262e-01
-1.681252241134643555e+00
-8.488049507141113281e-01
-2.762457370758056641e+00
-3.046093702316284180e+00
-2.546463966369628906e+00
-2.972833871841430664e+00
-1.539560437202453613e+00
-1.107641696929931641e+00
-1.084344148635864258e+00
-2.796164512634277344e+00
-3.018476963043212891e+00
-2.097842454910278320e+00
-1.824035286903381348e+00
-2.804157495498657227e+00
-2.561732530593872070e+00
-2.232697725296020508e+00
-3.064085960388183594e+00
-2.252258777618408203e+00
-1.186910271644592285e+00
-2.563478946685791016e+00
-2.422478199005126953e+00
-1.479547619819641113e+00
-2.084589719772338867e+00
-2.965473413467407227e+00
-3.308229923248291016e+00
-2.422647476196289062e+00
-2.458889722824096680e+00
-3.676210403442382812e+00
-2.117096424102783203e+00
-2.283100605010986328e+00
-2.452043533325195312e+00
-3.617467880249023438e+00
-2.753727197647094727e+00
-2.772070169448852539e+00
-9.568648338317871094e-01
-3.522853851318359375e+00
-3.742705583572387695e+00
-1.811854839324951172e+00
-2.609226465225219727e+00
-2.651839971542358398e+00
-1.931311011314392090e+00
-3.185494661331176758e+00
-2.247204780578613281e+00
-3.195111751556396484e+00
-1.298661828041076660e+00
-3.291597366333007812e+00
-1.600804209709167480e+00
-3.019234418869018555e+00
-1.471753597259521484e+00
-2.846870660781860352e+00
-2.877421379089355469e+00
-3.272268533706665039e+00
-3.354343175888061523e+00
-2.009731054306030273e+00
-2.025236129760742188e+00
-2.786331892013549805e+00
-1.590569138526916504e+00
-1.765573620796203613e+00
-1.769358634948730469e+00
-1.291815876960754395e+00
-9.568589925765991211e-01
-1.589721918106079102e+00
-2.039198637008666992e+00
-2.257103204727172852e+00
-1.733904838562011719e+00
-7.146730422973632812e-01
-2.246806621551513672e+00
-1.508050084114074707e+00
-1.664229512214660645e+00
-1.140611648559570312e+00
-2.213831186294555664e+00
-2.316302776336669922e+00
-1.970197558403015137e+00
-2.714532613754272461e+00
-2.321701526641845703e+00
-1.482845544815063477e+00
-2.549318552017211914e+00
-3.563893437385559082e-01
-9.530444741249084473e-01
-1.594750046730041504e+00
-1.886227965354919434e+00
-8.029397726058959961e-01
-1.170385479927062988e+00
-1.810229420661926270e+00
-1.433047771453857422e+00
-2.321899414062500000e+00
-2.252900362014770508e+00
-1.996071219444274902e+00
-2.633857727050781250e-01
-1.202833890914916992e+00
-2.146839618682861328e+00
-2.598336458206176758e+00
-4.985410571098327637e-01
-8.193262815475463867e-01
-1.665933609008789062e+00
-2.176089286804199219e+00
-1.136827707290649414e+00
-2.571318387985229492e+00
-2.732205152511596680e+00
-1.592143654823303223e+00
-2.736070156097412109e+00
-2.101681709289550781e+00
-3.748788595199584961e+00
-3.141081809997558594e+00
-2.099559545516967773e+00
-2.582734823226928711e+00
-2.919507741928100586e+00
-3.114747762680053711e+00
-3.176027536392211914e+00
-3.653301715850830078e+00
-3.215656042098999023e+00
-1.152939081192016602e+00
-3.102555274963378906e+00
-2.878879785537719727e+00
-2.111864805221557617e+00
-2.307513475418090820e+00
-1.294530868530273438e+00
-2.883311033248901367e+00
-2.276244401931762695e+00
-2.437516450881958008e+00
-2.041141986846923828e+00
-2.822340250015258789e+00
-2.300109624862670898e+00
-2.784912109375000000e+00
-2.051004171371459961e+00
-2.427763223648071289e+00
-3.351596117019653320e+00
-2.179284095764160156e+00
-2.103887081146240234e+00
-2.031952619552612305e+00
-2.870593786239624023e+00
-1.401891589164733887e+00
-2.167546749114990234e+00
-2.849938631057739258e+00
-3.523631572723388672e+00
-1.178132772445678711e+00
-3.156810522079467773e+00
-1.672075271606445312e+00
-2.462152719497680664e+00
-1.566173911094665527e+00
-3.121877670288085938e+00
-2.777388811111450195e+00
-3.372139692306518555e+00
-2.295534133911132812e+00
-1.888563036918640137e+00
-1.749976754188537598e+00
-3.370980739593505859e+00
-3.739653587341308594e+00
-1.530961751937866211e+00
-1.393640518188476562e+00
-2.982261180877685547e+00
-1.338561058044433594e+00
-2.273398399353027344e+00
-3.359299182891845703e+00
-3.541205167770385742e+00
-3.649243354797363281e+00
-3.508623838424682617e+00
-2.752653121948242188e+00
-2.159533262252807617e+00
-2.698426246643066406e+00
-3.429190635681152344e+00
-3.366929292678833008e+00
-2.285451650619506836e+00
-2.211869716644287109e+00
-2.800729751586914062e+00
-1.658725500106811523e+00
-1.709955334663391113e+00
-2.690119981765747070e+00
-1.698454618453979492e+00
-1.671455264091491699e+00
-1.212821006774902344e+00
-1.141501307487487793e+00
-2.777248144149780273e+00
-1.394827961921691895e+00
-1.539691329002380371e+00
-2.280040025711059570e+00
-1.842987418174743652e+00
-2.786146402359008789e+00
-1.819470643997192383e+00
-1.061731815338134766e+00
-3.053730010986328125e+00
-2.494987726211547852e+00
-2.705507278442382812e+00
-1.940950870513916016e+00
-9.293531179428100586e-01
-1.821737527847290039e+00
-1.847049355506896973e+00
-8.947113752365112305e-01
-2.483317852020263672e+00
-1.287837862968444824e+00
-1.635596275329589844e+00
-1.603220105171203613e+00
-2.089877128601074219e+00
-1.575560420751571655e-01
-7.824138998985290527e-01
-9.979585409164428711e-01
-8.086733222007751465e-01
-1.544968962669372559e+00
-1.375738978385925293e+00
-1.102808952331542969e+00
-2.094408988952636719e+00
-2.584408760070800781e+00
-1.182792663574218750e+00
-1.344089269638061523e+00
-1.485586881637573242e+00
-1.534131765365600586e+00
-2.500929355621337891e+00
-1.754257559776306152e+00
-3.156912565231323242e+00
-1.874837279319763184e+00
-2.200061559677124023e+00
-2.071911334991455078e+00
-2.853492259979248047e+00
-1.313738346099853516e+00
-1.225989937782287598e+00
-1.152915120124816895e+00
-1.691537261009216309e+00
-2.352901935577392578e+00
-1.549136519432067871e+00
-2.200378894805908203e+00
-1.512865066528320312e+00
-1.063435792922973633e+00
-1.903152108192443848e+00
-2.643078088760375977e+00
-8.358766436576843262e-01
-2.292741060256958008e+00
-2.370759487152099609e+00
-1.494933962821960449e+00
-1.207314014434814453e+00
-1.562726020812988281e+00
-2.441950082778930664e+00
-1.991277098655700684e+00
-1.965716481208801270e+00
-3.333088159561157227e+00
-2.063500642776489258e+00
-2.031528234481811523e+00
-1.696253418922424316e+00
-2.351741313934326172e+00
-1.266527056694030762e+00
-1.315248370170593262e+00
-2.175503969192504883e+00
-1.287267446517944336e+00
-2.627789258956909180e+00
-1.214692831039428711e+00
-1.994670033454895020e+00
-2.986577033996582031e+00
-1.472946524620056152e+00
-6.935012340545654297e-01
-1.978851437568664551e+00
-2.224426984786987305e+00
-1.019158959388732910e+00
-1.673104405403137207e+00
-2.340244770050048828e+00
-1.604543685913085938e+00
-1.823423147201538086e+00
-8.015473484992980957e-01
-1.918928742408752441e+00
-1.923816919326782227e+00
-2.556290149688720703e+00
-2.375566720962524414e+00
-2.153733730316162109e+00
-3.866777420043945312e-01
-1.554247617721557617e+00
-6.280516982078552246e-01
-1.516296386718750000e+00
-9.914320111274719238e-01
-1.989413619041442871e+00
-1.215614557266235352e+00
-1.384813785552978516e+00
-1.488708496093750000e+00
-2.414847612380981445e+00
-2.305712461471557617e+00
-7.304287552833557129e-01
-1.201954722404479980e+00
-1.710698723793029785e+00
-1.768384337425231934e+00
-1.095368027687072754e+00
-2.555469751358032227e+00
-1.198674678802490234e+00
-2.176428318023681641e+00
-7.803654670715332031e-01
-1.995766997337341309e+00
-2.345380306243896484e+00
-2.792937278747558594e+00
-2.236790180206298828e+00
-2.870071649551391602e+00
-2.546508550643920898e+00
-2.518994092941284180e+00
-4.699094891548156738e-01
-8.273344039916992188e-01
-2.146564483642578125e+00
-2.795431852340698242e+00
-2.680837392807006836e+00
-2.917345285415649414e+00
-2.674968481063842773e+00
-1.829210877418518066e+00
-6.983752548694610596e-02
-2.781113624572753906e+00
-1.262022852897644043e+00
-2.137902259826660156e+00
-2.904089212417602539e+00
-8.257031440734863281e-01
-7.595486640930175781e-01
-2.555014371871948242e+00
-1.205748796463012695e+00
-2.932021379470825195e+00
-1.652573227882385254e+00
-2.658584356307983398e+00
-2.048550844192504883e+00
-2.911980152130126953e+00
-1.968556165695190430e+00
-1.611875176429748535e+00
-1.578912854194641113e+00
-1.910868287086486816e+00
-2.253474712371826172e+00
-1.841449260711669922e+00
-6.425271034240722656e-01
-2.023231267929077148e+00
-1.126459121704101562e+00
-2.409180164337158203e+00
-2.802496910095214844e+00
-2.134780645370483398e+00
-1.977651357650756836e+00
-1.370186209678649902e+00
-1.401057124137878418e+00
-2.091791868209838867e+00
-2.272774457931518555e+00
-1.620264053344726562e+00
-2.072045803070068359e+00
-1.333565950393676758e+00
-2.564351081848144531e+00
-2.208868980407714844e+00
-2.298511028289794922e+00
-5.306847095489501953e-01
-1.828172922134399414e+00
-2.361722707748413086e+00
-2.173841714859008789e+00
-1.020658850669860840e+00
-2.174175977706909180e+00
-2.960201501846313477e+00
-2.410505294799804688e+00
-2.697628974914550781e+00
-2.694946289062500000e+00
-2.876026391983032227e+00
-3.073832750320434570e+00
-2.035672664642333984e-01
-1.864117264747619629e+00
-1.881837725639343262e+00
-2.461771965026855469e+00
-2.667099475860595703e+00
-2.229626178741455078e+00
-2.169897317886352539e+00
-2.922910690307617188e+00
-2.809740781784057617e+00
-1.952035188674926758e+00
-1.613703131675720215e+00
-2.563241004943847656e+00
-2.216138362884521484e+00
-2.382967948913574219e+00
-2.796566963195800781e+00
-1.726288437843322754e+00
-9.062381982803344727e-01
-2.551303386688232422e+00
-2.233859300613403320e+00
-2.005711555480957031e+00
-1.636618971824645996e+00
-1.391945719718933105e+00
-2.469489336013793945e+00
-1.689982175827026367e+00
-1.786142945289611816e+00
-1.878875613212585449e+00
-3.109529495239257812e+00
-2.137221336364746094e+00
-1.723832964897155762e+00
-9.721955657005310059e-01
-2.616771697998046875e+00
-1.878089785575866699e+00
-2.544292926788330078e+00
-2.180581569671630859e+00
-1.993800759315490723e+00
-2.390812873840332031e+00
-1.958435297012329102e+00
-1.919360280036926270e+00
-1.593680620193481445e+00
-2.363028049468994141e+00
-1.442864298820495605e+00
-3.136432409286499023e+00
-1.449994444847106934e+00
-2.203888177871704102e+00
-1.025976419448852539e+00
-6.794825792312622070e-01
-6.694361567497253418e-01
-2.554754018783569336e+00
-5.480869412422180176e-01
-1.899784207344055176e+00
-1.802649259567260742e+00
-1.908302187919616699e+00
-2.375531196594238281e+00
-9.292768239974975586e-01
-2.080302715301513672e+00
-2.072863578796386719e+00
-2.303228139877319336e+00
-1.229706168174743652e+00
-2.048785924911499023e+00
-2.763780832290649414e+00
-3.020752191543579102e+00
-2.141512870788574219e+00
-1.169778227806091309e+00
-5.759783983230590820e-01
-2.286988258361816406e+00
-1.665971040725708008e+00
-2.358475446701049805e+00
-1.301986932754516602e+00
-1.267892956733703613e+00
-2.070178985595703125e+00
-2.788057327270507812e+00
-1.764051914215087891e+00
-1.423703193664550781e+00
-3.207118988037109375e+00
-2.260551452636718750e+00
-2.003069877624511719e+00
-1.028856515884399414e+00
-7.877972722053527832e-01
-2.398914575576782227e+00
-2.308766841888427734e+00
-2.127091646194458008e+00
-1.801944851875305176e+00
-2.466375112533569336e+00
-2.575450181961059570e+00
-2.551922082901000977e+00
-2.340648651123046875e+00
-2.481194972991943359e+00
-1.881690621376037598e+00
-2.092841625213623047e+00
-1.999487042427062988e+00
-1.055162668228149414e+00
-1.936171174049377441e+00
-2.099061489105224609e+00
-2.161289930343627930e+00
-2.974230527877807617e+00
-1.229318737983703613e+00
-2.727608919143676758e+00
-1.493892550468444824e+00
-1.986918568611145020e+00
-1.377582907676696777e+00
-2.597069025039672852e+00
-2.409299373626708984e+00
-1.631659507751464844e+00
-2.393990516662597656e+00
-3.276414155960083008e+00
-3.036448001861572266e+00
-7.494868636131286621e-01
-1.874113559722900391e+00
-1.464749813079833984e+00
-1.210698723793029785e+00
-2.478277444839477539e+00
-2.093174457550048828e+00
-1.881177425384521484e+00
-1.652918219566345215e+00
-2.151665449142456055e+00
-2.190156698226928711e+00
-1.130292296409606934e+00
-2.814199924468994141e+00
-3.466343879699707031e+00
-1.599422335624694824e+00
-2.620534896850585938e+00
-1.820838689804077148e+00
-2.011365175247192383e+00
-3.147125005722045898e+00
-2.316601753234863281e+00
-2.645245075225830078e+00
-2.256824493408203125e+00
-2.524631977081298828e+00
-2.586076498031616211e+00
-3.124625682830810547e+00
-2.243399381637573242e+00
-2.017455101013183594e+00
-1.644488811492919922e+00
-2.187569141387939453e+00
-1.077555656433105469e+00
-1.225879073143005371e+00
-1.486424446105957031e+00
-2.266453504562377930e+00
-1.453239798545837402e+00
-1.317574620246887207e+00
-2.740472793579101562e+00
-1.958366632461547852e+00
-1.953632593154907227e+00
-2.814924240112304688e+00
-6.150580644607543945e-01
-1.551952242851257324e+00
-3.255639314651489258e+00
-2.276511192321777344e+00
-1.958567142486572266e+00
-1.212424635887145996e+00
-1.926557779312133789e+00
-2.568948268890380859e+00
-1.050122261047363281e+00
-1.754840731620788574e+00
-2.049783706665039062e+00
-1.181883692741394043e+00
-1.986160159111022949e+00
-1.574120759963989258e+00
-1.455262780189514160e+00
-2.419098377227783203e+00
-2.506891250610351562e+00
-1.872465252876281738e+00
-1.785414457321166992e+00
-1.420383095741271973e+00
-1.301988124847412109e+00
-2.212911605834960938e+00
-1.556508541107177734e+00
-2.390498369932174683e-01
-3.340754985809326172e+00
-2.154041290283203125e+00
-2.612354516983032227e+00
-1.720906376838684082e+00
-9.411014914512634277e-01
-2.412522315979003906e+00
-1.077999949455261230e+00
-1.782671064138412476e-01
-1.988013505935668945e+00
-3.388913631439208984e+00
-1.053961873054504395e+00
-1.680131077766418457e+00
-1.648466467857360840e+00
-2.467202901840209961e+00
-2.787458181381225586e+00
-1.443818092346191406e+00
-2.789192914962768555e+00
-2.621969461441040039e+00
-3.070184469223022461e+00
-3.501328468322753906e+00
-2.375164508819580078e+00
-3.152429580688476562e+00
-2.928935050964355469e+00
-3.088445425033569336e+00
-3.438982725143432617e+00
-1.378315567970275879e+00
-2.762003183364868164e+00
-1.758960247039794922e+00
-2.714286804199218750e+00
-2.389738082885742188e+00
-2.735772371292114258e+00
-1.875547766685485840e+00
-2.872443437576293945e+00
-2.612674474716186523e+00
-2.866708993911743164e+00
-2.312007188796997070e+00
-2.009833335876464844e+00
-2.524308204650878906e+00
-1.810170054435729980e+00
-2.554909229278564453e+00
-1.618351697921752930e+00
-3.254121541976928711e+00
-3.761880397796630859e+00
-2.062800168991088867e+00
-2.111520290374755859e+00
-3.729212760925292969e+00
-2.260858535766601562e+00
-2.753492593765258789e+00
-2.054496049880981445e+00
-3.398644685745239258e+00
-3.578741550445556641e+00
-3.305748701095581055e+00
-1.230757236480712891e+00
-1.915287733078002930e+00
-3.608485937118530273e+00
-1.467278361320495605e+00
-2.824059486389160156e+00
-9.245798587799072266e-01
-2.826861858367919922e+00
-2.731063127517700195e+00
-3.521335124969482422e+00
-2.209778547286987305e+00
-1.803002953529357910e+00
-2.337023019790649414e+00
-2.947738409042358398e+00
-3.587953567504882812e+00
-1.887681007385253906e+00
-1.851387858390808105e+00
-3.107820034027099609e+00
-3.404796600341796875e+00
-2.306644678115844727e+00
-2.120300292968750000e+00
-2.913377046585083008e+00
-2.034628868103027344e+00
-1.274510979652404785e+00
-2.488883972167968750e+00
-2.343242645263671875e+00
-2.446070194244384766e+00
-2.008677005767822266e+00
-1.816995620727539062e+00
-2.732120275497436523e+00
-2.273182392120361328e+00
-2.133752822875976562e+00
-2.254661321640014648e+00
-1.343219161033630371e+00
-1.487436771392822266e+00
-2.648545026779174805e+00
-2.130889892578125000e+00
-2.995453834533691406e+00
-1.789171457290649414e+00
-6.395054459571838379e-01
-2.546516656875610352e+00
-1.881847620010375977e+00
-1.460841655731201172e+00
-2.698343992233276367e+00
-2.884121179580688477e+00
-3.228338956832885742e+00
-3.960154533386230469e+00
-2.284770727157592773e+00
-2.010372161865234375e+00
-1.937106013298034668e+00
-1.244097709655761719e+00
-2.377870082855224609e+00
-2.546734571456909180e+00
-1.358702778816223145e+00
-2.795637845993041992e+00
-1.563185811042785645e+00
-6.846884489059448242e-01
-2.914695262908935547e+00
-1.892462372779846191e+00
-2.316261053085327148e+00
-2.566845893859863281e+00
-1.911858797073364258e+00
-2.662299156188964844e+00
-9.037110209465026855e-01
-1.066270709037780762e+00
-1.242405414581298828e+00
-2.223186254501342773e+00
-1.256314218044281006e-01
-1.312602400779724121e+00
-9.602832198143005371e-01
-2.013021230697631836e+00
-9.777935743331909180e-01
-1.306207537651062012e+00
-2.350699424743652344e+00
-1.840436935424804688e+00
-2.463459968566894531e-01
-1.570939779281616211e+00
-1.956138849258422852e+00
-2.446278333663940430e+00
-1.057407259941101074e+00
-2.687580585479736328e-01
-2.542972803115844727e+00
-2.623294115066528320e+00
-2.562942504882812500e+00
-1.200284600257873535e+00
-1.407316684722900391e+00
-2.817642927169799805e+00
-1.622193455696105957e+00
-1.138424038887023926e+00
-1.596934437751770020e+00
-1.196825265884399414e+00
-2.884001493453979492e+00
-2.044227361679077148e+00
-1.685706496238708496e+00
-2.287699460983276367e+00
-2.099388837814331055e+00
-1.462320208549499512e+00
-2.277364492416381836e+00
-1.565211296081542969e+00
-3.492860794067382812e+00
-1.360042333602905273e+00
-3.747123718261718750e+00
-1.349727988243103027e+00
-2.857380628585815430e+00
-2.133245944976806641e+00
-1.732228755950927734e+00
-1.836614966392517090e+00
-3.114840030670166016e+00
-3.079493045806884766e+00
-1.039949655532836914e+00
-2.194758176803588867e+00
-2.638484716415405273e+00
-2.723602533340454102e+00
-1.337383627891540527e+00
-1.411712884902954102e+00
-2.519294500350952148e+00
-1.251976728439331055e+00
-2.504727602005004883e+00
-3.564689874649047852e+00
-7.842497229576110840e-01
-1.231113553047180176e+00
-1.342152476310729980e+00
-1.453517317771911621e+00
-2.549322366714477539e+00
-2.458970785140991211e+00
-4.229063093662261963e-01
-8.024905323982238770e-01
-3.082736253738403320e+00
-2.321978807449340820e+00
-3.385360479354858398e+00
-2.803535223007202148e+00
-2.211204528808593750e+00
-2.264166116714477539e+00
-1.551320672035217285e+00
-1.806264162063598633e+00
-2.759719371795654297e+00
-1.617663145065307617e+00
-1.300627350807189941e+00
-1.789254665374755859e+00
-2.560101270675659180e+00
-1.751199483871459961e+00
-1.748810052871704102e+00
-2.506617546081542969e+00
-2.788581609725952148e+00
-3.165896415710449219e+00
-2.383749246597290039e+00
-1.651664733886718750e+00
-2.248475551605224609e+00
-2.304713487625122070e+00
-2.649971246719360352e+00
-1.451516509056091309e+00
-2.946505069732666016e+00
-1.996776461601257324e+00
-5.707600116729736328e-01
-2.271571397781372070e+00
-1.988744854927062988e+00
-2.044933080673217773e+00
-2.375540018081665039e+00
-7.308091521263122559e-01
-2.556672573089599609e+00
-2.316395282745361328e+00
-2.356431722640991211e+00
-1.478721141815185547e+00
-5.272257328033447266e-01
-1.917501449584960938e+00
-2.124952316284179688e+00
-1.482853531837463379e+00
-1.321938872337341309e+00
-1.519315481185913086e+00
-2.063751935958862305e+00
-9.695124626159667969e-01
-2.685118913650512695e+00
-2.067444801330566406e+00
-2.212935924530029297e+00
-1.289701461791992188e+00
-2.292970895767211914e+00
-2.128431797027587891e+00
-2.038994550704956055e+00
-3.158039331436157227e+00
-3.230059146881103516e+00
-2.808961153030395508e+00
-2.802567720413208008e+00
-1.930059075355529785e+00
-3.737204074859619141e+00
-2.303992509841918945e+00
-3.267292499542236328e+00
-2.395611047744750977e+00
-2.330296754837036133e+00
-2.163812160491943359e+00
-3.238901853561401367e+00
-2.345284700393676758e+00
-2.588322162628173828e+00
-1.087174892425537109e+00
-2.257294654846191406e+00
-2.017088174819946289e+00
-2.072213888168334961e+00
-2.188671827316284180e+00
-1.919437527656555176e+00
-2.532591342926025391e+00
-1.414551258087158203e+00
-2.109814882278442383e+00
-1.846168875694274902e+00
-3.291603326797485352e+00
-1.385699152946472168e+00
-2.574134349822998047e+00
-2.588428497314453125e+00
-3.392905950546264648e+00
-2.543141603469848633e+00
-2.189735889434814453e+00
-1.859152674674987793e+00
-3.698544263839721680e+00
-2.984744548797607422e+00
-1.841506481170654297e+00
-2.774811029434204102e+00
-2.093821763992309570e+00
-1.396515965461730957e+00
-2.359653949737548828e+00
-1.747173190116882324e+00
-2.053434133529663086e+00
-1.364077091217041016e+00
-3.043967962265014648e+00
-2.429166793823242188e+00
-1.507924914360046387e+00
-2.129069089889526367e+00
-2.587045669555664062e+00
-2.058974027633666992e+00
-1.884459853172302246e+00
-1.542654871940612793e+00
-2.549027919769287109e+00
-2.174181938171386719e+00
-2.084617376327514648e+00
-2.758141756057739258e+00
-1.214969038963317871e+00
-2.069516658782958984e+00
-2.478268384933471680e+00
-2.670641183853149414e+00
-2.357359170913696289e+00
-1.816593766212463379e+00
-2.559822797775268555e+00
-2.054451465606689453e+00
-2.035722255706787109e+00
-1.092680096626281738e+00
-1.033020496368408203e+00
-1.972644567489624023e+00
-3.726656913757324219e+00
-2.424762010574340820e+00
-1.577962756156921387e+00
-2.144690275192260742e+00
-2.403221607208251953e+00
-2.986804723739624023e+00
-2.947848320007324219e+00
-1.683995604515075684e+00
-9.369948506355285645e-01
-2.827391862869262695e+00
-2.192247152328491211e+00
-2.793128967285156250e+00
-2.976207494735717773e+00
-2.659414291381835938e+00
-1.502057909965515137e+00
-2.354261875152587891e+00
-2.305770635604858398e+00
-3.023505926132202148e+00
-3.610984563827514648e+00
-2.188722372055053711e+00
-1.858979225158691406e+00
-1.932070493698120117e+00
-2.951745986938476562e+00
-2.992737293243408203e+00
-2.661785364151000977e+00
-3.426498889923095703e+00
-3.221231937408447266e+00
-1.849741697311401367e+00
-2.436025857925415039e+00
-2.887462377548217773e+00
-2.983129262924194336e+00
-3.489917039871215820e+00
-2.467226743698120117e+00
-3.284211635589599609e+00
-3.064986228942871094e+00
-2.369110345840454102e+00
-2.394570350646972656e+00
-2.398659706115722656e+00
-1.702680110931396484e+00
-2.626232624053955078e+00
-2.507111310958862305e+00
-3.702636241912841797e+00
-1.982105493545532227e+00
-2.321481466293334961e+00
-3.276297092437744141e+00
-3.352474927902221680e+00
-3.773099422454833984e+00
-2.149977684020996094e+00
-1.497265934944152832e+00
-1.748618125915527344e+00
-3.463516473770141602e+00
-3.774249315261840820e+00
-2.083118915557861328e+00
-1.631878256797790527e+00
-2.934627294540405273e+00
-3.557848930358886719e+00
-2.541690826416015625e+00
-2.943945884704589844e+00
-2.564903259277343750e+00
-1.049190163612365723e+00
-2.326168537139892578e+00
-4.183423519134521484e-01
-1.692636013031005859e+00
-2.884171009063720703e+00
-1.654691100120544434e+00
-2.239837408065795898e+00
-2.239804029464721680e+00
-2.660178422927856445e+00
-1.894188880920410156e+00
-2.139654159545898438e+00
-2.815614461898803711e+00
-1.056416153907775879e+00
-1.389965891838073730e+00
-1.735318422317504883e+00
-2.293595314025878906e+00
-2.782474994659423828e+00
-2.179179191589355469e+00
-8.298084735870361328e-01
-3.191991090774536133e+00
-1.361907124519348145e+00
-2.378381490707397461e+00
-2.157678842544555664e+00
-1.817521750926971436e-01
-3.021334648132324219e+00
-1.818962097167968750e+00
-6.759704947471618652e-01
-3.258923053741455078e+00
-8.473167419433593750e-01
-1.698431253433227539e+00
-1.828062534332275391e+00
-1.469730377197265625e+00
-2.173374176025390625e+00
-1.346812009811401367e+00
-1.948647260665893555e+00
-2.186559677124023438e+00
-1.856440424919128418e+00
-2.422415494918823242e+00
-1.171043395996093750e+00
-2.030127763748168945e+00
-2.221796989440917969e+00
-2.550231695175170898e+00
-2.629819393157958984e+00
-7.478376030921936035e-01
-2.096747905015945435e-01
-2.906101047992706299e-01
-1.952636122703552246e+00
-2.244016408920288086e+00
8.265013247728347778e-02
-8.128513097763061523e-01
-2.043197154998779297e+00
-2.772360324859619141e+00
-5.671784281730651855e-01
-1.267092943191528320e+00
-1.604913473129272461e+00
-2.050540685653686523e+00
-1.302078723907470703e+00
-1.658804059028625488e+00
-2.105385780334472656e+00
-1.241798877716064453e+00
-3.378684818744659424e-01
-1.086325049400329590e+00
-2.498986959457397461e+00
-1.074913024902343750e+00
-7.618918418884277344e-01
-1.330311775207519531e+00
-7.590463757514953613e-01
-4.201137125492095947e-01
-1.225927352905273438e+00
-2.038583755493164062e+00
-8.945659399032592773e-01
-1.344435453414916992e+00
-2.092775106430053711e+00
-1.307947039604187012e+00
-2.398129940032958984e+00
-1.639338493347167969e+00
-1.849679201841354370e-01
-1.407759070396423340e+00
-1.538338065147399902e+00
-1.451276898384094238e+00
-1.446327209472656250e+00
-1.742624521255493164e+00
-1.112998723983764648e+00
-1.066275358200073242e+00
-1.489784717559814453e+00
-2.235487461090087891e+00
-1.657454490661621094e+00
-6.670576930046081543e-01
-1.328432798385620117e+00
1.719120144844055176e-01
-1.025795459747314453e+00
-2.503953456878662109e+00
-1.088031291961669922e+00
-1.857788801193237305e+00
-1.277185916900634766e+00
-1.795999884605407715e+00
-2.607674837112426758e+00
-1.376078844070434570e+00
-2.779513835906982422e+00
-1.468573689460754395e+00
-2.239706277847290039e+00
-1.761283397674560547e+00
-3.418654918670654297e+00
-1.332128047943115234e+00
-1.336640954017639160e+00
-8.542652726173400879e-01
-6.448551416397094727e-01
-2.240756750106811523e+00
-1.107304573059082031e+00
-1.157678008079528809e+00
-6.568641662597656250e-01
-2.307281732559204102e+00
-2.083146333694458008e+00
-1.471864223480224609e+00
-1.113840341567993164e+00
-2.156412124633789062e+00
-2.003025531768798828e+00
-2.162114858627319336e+00
-1.406669616699218750e+00
-1.252154588699340820e+00
-1.870600104331970215e+00
-2.159458160400390625e+00
-7.165117263793945312e-01
-2.203389406204223633e+00
-1.619236230850219727e+00
-1.681527972221374512e+00
-2.743831872940063477e+00
-2.621438503265380859e+00
-2.978075027465820312e+00
-2.687541961669921875e+00
-2.370024442672729492e+00
-1.936159133911132812e+00
-1.088104367256164551e+00
-3.587622165679931641e+00
-2.584743022918701172e+00
-2.465153932571411133e+00
-2.396873235702514648e+00
-2.243745326995849609e+00
-2.269238948822021484e+00
-2.315670251846313477e+00
-1.497024893760681152e+00
-2.485136508941650391e+00
-5.852785110473632812e-01
-1.447561144828796387e+00
-9.171830415725708008e-01
-2.048285245895385742e+00
-1.731518983840942383e+00
-1.948085784912109375e+00
-3.103689908981323242e+00
-3.437284708023071289e+00
-2.556198120117187500e+00
-4.187413692474365234e+00
-2.752588748931884766e+00
-1.854394793510437012e+00
-1.706095099449157715e+00
-2.284542560577392578e+00
-1.122571229934692383e+00
-3.781339168548583984e+00
-2.395725250244140625e+00
-2.300629854202270508e+00
-1.979038119316101074e+00
-2.031241178512573242e+00
-2.161078453063964844e+00
-2.085470914840698242e+00
-1.984147310256958008e+00
-2.091940402984619141e+00
-2.611632108688354492e+00
-1.373360395431518555e+00
-2.883516550064086914e+00
-9.958826303482055664e-01
-2.663536310195922852e+00
-5.262913703918457031e-01
-1.785726070404052734e+00
-1.321087241172790527e+00
-2.074773311614990234e+00
-2.727622747421264648e+00
-2.170120954513549805e+00
-2.497454643249511719e+00
-1.319000720977783203e+00
-3.005070209503173828e+00
-2.326203823089599609e+00
-1.766959667205810547e+00
-2.091964244842529297e+00
-2.154396772384643555e+00
-1.924930810928344727e+00
-2.504016399383544922e+00
-8.669627457857131958e-02
-1.658553034067153931e-01
-1.832629919052124023e+00
-2.445856332778930664e+00
-1.471930861473083496e+00
-2.300413131713867188e+00
-2.401210308074951172e+00
-3.268124818801879883e+00
-2.776847839355468750e+00
-3.303936958312988281e+00
-2.446981191635131836e+00
-2.411330461502075195e+00
-2.891699552536010742e+00
-2.241327047348022461e+00
-2.442434549331665039e+00
-3.231300592422485352e+00
-1.642030239105224609e+00
-2.070324182510375977e+00
-3.107722520828247070e+00
-2.706160068511962891e+00
-1.293768167495727539e+00
-2.529911279678344727e+00
-3.670355081558227539e+00
-2.406131029129028320e+00
-9.550266861915588379e-01
-2.081624269485473633e+00
-2.087527990341186523e+00
-8.306465744972229004e-01
-3.481038570404052734e+00
-2.971746444702148438e+00
-3.190930843353271484e+00
-1.164786577224731445e+00
-2.339041233062744141e+00
-1.927351504564285278e-01
-1.407884836196899414e+00
-2.434973955154418945e+00
-1.038176894187927246e+00
-2.238957643508911133e+00
-7.302448749542236328e-01
-3.192143440246582031e+00
-3.454882621765136719e+00
-2.155333042144775391e+00
-1.329227685928344727e+00
-2.548037767410278320e+00
-2.513895511627197266e+00
-2.789412736892700195e+00
-1.803574085235595703e+00
-2.252985000610351562e+00
-2.585499048233032227e+00
-1.813521862030029297e+00
-2.634612560272216797e+00
-1.467297673225402832e+00
-2.834054470062255859e+00
-2.176988601684570312e+00
-2.154564142227172852e+00
-1.926970958709716797e+00
-2.789067745208740234e+00
-3.498106002807617188e+00
-3.349397182464599609e+00
-2.386082172393798828e+00
-2.697051048278808594e+00
-1.723230361938476562e+00
-1.981599450111389160e+00
-3.077740192413330078e+00
-1.638867259025573730e+00
-2.807590246200561523e+00
-3.599513769149780273e+00
-2.713886499404907227e+00
-1.876809954643249512e+00
-1.758353829383850098e+00
-2.843610525131225586e+00
-3.185048341751098633e+00
-1.972800374031066895e+00
-8.338325619697570801e-01
-9.955425560474395752e-02
-1.457517981529235840e+00
-3.067524671554565430e+00
-2.515877008438110352e+00
-2.440255403518676758e+00
-1.151967167854309082e+00
-2.947713375091552734e+00
-2.511227607727050781e+00
-1.791331768035888672e+00
-3.079939365386962891e+00
-2.438009977340698242e+00
-1.457218766212463379e+00
-2.454141855239868164e+00
-2.653839588165283203e+00
-2.180220842361450195e+00
-2.796234846115112305e+00
-2.763095140457153320e+00
-1.528167009353637695e+00
-2.306538581848144531e+00
-2.839634895324707031e+00
-2.802963733673095703e+00
-3.162932634353637695e+00
-3.717931509017944336e+00
-3.535893201828002930e+00
-1.406254291534423828e+00
-2.896221399307250977e+00
-2.179609775543212891e+00
-2.477837800979614258e+00
-1.306809782981872559e+00
-3.243384599685668945e+00
-2.524714231491088867e+00
-1.960122346878051758e+00
-1.662451982498168945e+00
-2.620499134063720703e+00
-1.570625185966491699e+00
-2.288584947586059570e+00
-1.287909150123596191e+00
-1.940001487731933594e+00
-2.195994138717651367e+00
-2.201607942581176758e+00
-3.119611024856567383e+00
-3.368293046951293945e+00
-9.903859496116638184e-01
-7.802513837814331055e-01
-1.685207486152648926e+00
-3.347108125686645508e+00
-1.247538805007934570e+00
-1.378576755523681641e+00
-3.317842960357666016e+00
-1.957468986511230469e+00
-2.603855133056640625e+00
-3.599535942077636719e+00
-2.387714385986328125e+00
-2.006511926651000977e+00
-2.793375492095947266e+00
-1.494806885719299316e+00
-2.940446376800537109e+00
-2.317006587982177734e+00
-1.705633282661437988e+00
-1.484874486923217773e+00
-2.063743591308593750e+00
-2.553582668304443359e+00
-2.942069292068481445e+00
-1.068484067916870117e+00
-1.901724696159362793e+00
-3.488007068634033203e+00
-1.465394854545593262e+00
-2.789632320404052734e+00
-2.729445695877075195e+00
-3.473883390426635742e+00
-1.286737203598022461e+00
-1.965810894966125488e+00
-2.407966613769531250e+00
-2.778258085250854492e+00
-1.973220229148864746e+00
-1.796673655509948730e+00
-2.260879993438720703e+00
-1.801260352134704590e+00
-3.170568704605102539e+00
-1.154880404472351074e+00
-2.382918834686279297e+00
-2.887878179550170898e+00
-1.869858384132385254e+00
-1.359882950782775879e+00
-1.838958621025085449e+00
-2.487047195434570312e+00
-2.201539278030395508e+00
-2.984048604965209961e+00
-1.130632281303405762e+00
-2.433094978332519531e+00
-1.556075215339660645e+00
-2.543168306350708008e+00
-9.944795966148376465e-01
-1.157123446464538574e+00
-1.949913144111633301e+00
-8.782483339309692383e-01
-3.570024013519287109e+00
-2.745344877243041992e+00
-1.323554873466491699e+00
-2.510439634323120117e+00
-2.026019573211669922e+00
-1.499907016754150391e+00
-9.790301322937011719e-01
-1.297546625137329102e+00
-7.041119337081909180e-01
-1.503912448883056641e+00
-2.069377183914184570e+00
-1.320801973342895508e+00
-2.513949155807495117e+00
-3.217036724090576172e+00
-2.662568569183349609e+00
-9.583433866500854492e-01
-2.008540153503417969e+00
-2.329386711120605469e+00
-1.543638944625854492e+00
-3.066322803497314453e+00
-2.778237581253051758e+00
-2.396987438201904297e+00
-2.837319850921630859e+00
-1.647485017776489258e+00
-1.420019149780273438e+00
-1.925073742866516113e+00
-2.311297893524169922e+00
-1.180186390876770020e+00
-2.109380960464477539e+00
-2.915582895278930664e+00
-2.211496829986572266e+00
-3.669409513473510742e+00
-2.973643779754638672e+00
-1.921978116035461426e+00
-2.464071512222290039e+00
-6.495817899703979492e-01
-2.441823482513427734e+00
-2.361208677291870117e+00
-3.076181888580322266e+00
-4.137310504913330078e+00
-2.213740110397338867e+00
-2.363061428070068359e+00
-4.101569175720214844e+00
-1.449177026748657227e+00
-2.528474569320678711e+00
-2.773597240447998047e+00
-2.133344411849975586e+00
-1.118063330650329590e+00
-3.118501663208007812e+00
-3.929205179214477539e+00
-1.886815309524536133e+00
-2.542124509811401367e+00
-2.448010683059692383e+00
-2.512643575668334961e+00
-2.495281696319580078e+00
-2.030371665954589844e+00
-2.421527624130249023e+00
-2.600974082946777344e+00
-2.539661169052124023e+00
-3.604852437973022461e+00
-2.954361677169799805e+00
-1.837504625320434570e+00
-2.773521184921264648e+00
-2.472478628158569336e+00
-3.206793308258056641e+00
-2.523748874664306641e+00
-2.578131437301635742e+00
-1.162775754928588867e+00
-2.191387176513671875e+00
-8.831552863121032715e-01
-2.623476028442382812e+00
-2.525856971740722656e+00
-3.004940509796142578e+00
-2.732132196426391602e+00
-2.585315704345703125e+00
-3.241174459457397461e+00
-1.997274279594421387e+00
-3.228282690048217773e+00
-2.262888431549072266e+00
-1.375591278076171875e+00
-2.360445022583007812e+00
-1.578445434570312500e+00
-2.635646104812622070e+00
-3.908218860626220703e+00
-2.536664724349975586e+00
-2.444586038589477539e+00
-2.581931352615356445e+00
-2.900026798248291016e+00
-1.524036526679992676e+00
-2.098476737737655640e-01
-1.579549789428710938e+00
-2.819741725921630859e+00
-2.906200170516967773e+00
-6.666401028633117676e-01
-3.394778251647949219e+00
-2.689159870147705078e+00
-2.879856348037719727e+00
-2.470224142074584961e+00
-2.636414289474487305e+00
-2.457437753677368164e+00
-4.083162307739257812e+00
-7.841113805770874023e-01
-1.968897938728332520e+00
-1.480030417442321777e+00
-2.492850065231323242e+00
-3.692887544631958008e+00
-2.996079921722412109e+00
-3.195103168487548828e+00
-2.340008735656738281e+00
-1.063704013824462891e+00
-2.783410072326660156e+00
-2.014460802078247070e+00
-1.994916081428527832e+00
-3.935695648193359375e+00
-3.192042589187622070e+00
-4.130578041076660156e+00
-2.016254425048828125e+00
-3.791030645370483398e+00
-4.162197113037109375e+00
-1.016170501708984375e+00
-2.395556211471557617e+00
-3.334643363952636719e+00
-3.592907905578613281e+00
-2.834498643875122070e+00
-3.418476104736328125e+00
-3.500265359878540039e+00
-2.742589950561523438e+00
-2.528018474578857422e+00
-3.209510564804077148e+00
-2.550013780593872070e+00
-2.333242416381835938e+00
-2.138048648834228516e+00
-1.869929552078247070e+00
-3.437634706497192383e+00
-2.024028539657592773e+00
-3.012443780899047852e+00
-3.360550165176391602e+00
-1.518975615501403809e+00
-2.696173429489135742e+00
-1.047544836997985840e+00
-1.836985468864440918e+00
-3.067600011825561523e+00
-2.434538602828979492e+00
-1.019355535507202148e+00
-2.059862852096557617e+00
-3.290591239929199219e+00
-1.879676461219787598e+00
-2.879387378692626953e+00
-1.215284109115600586e+00
-2.705089092254638672e+00
-2.259229898452758789e+00
-2.688911199569702148e+00
-1.013621449470520020e+00
-2.176898002624511719e+00
-1.238226532936096191e+00
-2.851319551467895508e+00
-3.295700550079345703e+00
-2.317006826400756836e+00
-2.296506404876708984e+00
-3.144743204116821289e+00
-3.209056138992309570e+00
-2.045293807983398438e+00
-2.835620403289794922e+00
-5.281020998954772949e-01
-2.973328590393066406e+00
-2.550324440002441406e+00
-2.995236158370971680e+00
-2.967495679855346680e+00
-2.880264282226562500e+00
-3.196567535400390625e+00
-1.725861668586730957e+00
-2.559211015701293945e+00
-1.317747473716735840e+00
-2.474508762359619141e+00
-3.395817041397094727e+00
-2.984907388687133789e+00
-2.207387447357177734e+00
-3.825680971145629883e+00
-2.955721378326416016e+00
-1.866067171096801758e+00
-2.286452531814575195e+00
-1.598237156867980957e+00
-2.242688894271850586e+00
-2.216671228408813477e+00
-2.786869764328002930e+00
-3.032878160476684570e+00
-3.408699274063110352e+00
-3.497111558914184570e+00
-2.335746288299560547e+00
-1.327303528785705566e+00
-2.830684185028076172e+00
-2.374794721603393555e+00
-2.979929924011230469e+00
-2.150449037551879883e+00
-2.431560754776000977e+00
-2.514828205108642578e+00
-2.811200141906738281e+00
-1.738673090934753418e+00
-2.603629827499389648e+00
-3.009752750396728516e+00
-2.640427350997924805e+00
-2.194981336593627930e+00
-2.859557390213012695e+00
-5.562329292297363281e-01
-2.684422254562377930e+00
-3.281136274337768555e+00
-1.506663441658020020e+00
-2.876927852630615234e+00
-2.367585420608520508e+00
-2.895565032958984375e+00
-1.651627421379089355e+00
-2.641029119491577148e+00
-2.044990539550781250e+00
-1.995277166366577148e+00
-1.855863928794860840e+00
-2.245858907699584961e+00
-1.876021385192871094e+00
-7.620199918746948242e-01
-2.489082336425781250e+00
-3.056720256805419922e+00
-3.140535831451416016e+00
-3.160869836807250977e+00
-2.748219251632690430e+00
-2.561778068542480469e+00
-2.909599781036376953e+00
-1.700967192649841309e+00
-1.513825774192810059e+00
-2.962339162826538086e+00
-1.975163221359252930e+00
-2.230897426605224609e+00
-1.688131570816040039e+00
-2.873701572418212891e+00
-2.408842325210571289e+00
-3.162178039550781250e+00
-1.125494599342346191e+00
-2.561676502227783203e+00
-2.237948179244995117e+00
-4.334042370319366455e-01
-2.601071596145629883e+00
-3.225331783294677734e+00
-3.564987182617187500e+00
-1.627168655395507812e+00
-2.203345060348510742e+00
-3.320372343063354492e+00
-2.458120107650756836e+00
-1.179123997688293457e+00
-1.146123051643371582e+00
-2.628519773483276367e+00
-3.394152402877807617e+00
-2.375356674194335938e+00
-2.799724578857421875e+00
-1.756486654281616211e+00
-1.430662751197814941e+00
-3.084634780883789062e+00
-3.695066213607788086e+00
-6.770834326744079590e-01
-2.189193248748779297e+00
-3.166557073593139648e+00
-2.434515237808227539e+00
-1.986259460449218750e+00
-2.023351669311523438e+00
-7.501957416534423828e-01
-3.117112874984741211e+00
-2.402054309844970703e+00
-2.512858629226684570e+00
-2.054272174835205078e+00
-2.333547115325927734e+00
-2.722113132476806641e+00
-2.011405706405639648e+00
-1.796561837196350098e+00
-3.046993017196655273e+00
-2.290517330169677734e+00
-2.656817913055419922e+00
-2.500821113586425781e+00
-2.356087446212768555e+00
-3.495478153228759766e+00
-2.873477697372436523e+00
-2.782919883728027344e+00
-2.817112684249877930e+00
-2.848974943161010742e+00
-6.069120764732360840e-01
-2.497354745864868164e+00
-3.307085514068603516e+00
-2.282046794891357422e+00
-2.645121335983276367e+00
-2.485539913177490234e+00
-4.119268894195556641e+00
-3.665613174438476562e+00
-3.808022260665893555e+00
-1.989721894264221191e+00
-1.835801601409912109e+00
-3.984180688858032227e+00
-3.977669239044189453e+00
-3.367338418960571289e+00
-2.362587451934814453e+00
-3.860716581344604492e+00
-2.811317682266235352e+00
-1.299773573875427246e+00
-2.649048566818237305e+00
-4.141057968139648438e+00
-2.974769830703735352e+00
-1.969779372215270996e+00
-8.705856800079345703e-01
-3.227044820785522461e+00
-3.034016609191894531e+00
-1.550682544708251953e+00
-2.016179800033569336e+00
-2.560240983963012695e+00
-3.059270381927490234e+00
-2.954191923141479492e+00
-8.876985907554626465e-01
-3.254635810852050781e+00
-1.066269755363464355e+00
-2.980601310729980469e+00
-1.790979385375976562e+00
-2.899145483970642090e-01
-1.921260118484497070e+00
-9.898901581764221191e-01
-2.093804359436035156e+00
-2.965397357940673828e+00
-9.591239094734191895e-01
-2.090318441390991211e+00
-1.731250286102294922e+00
-2.549873590469360352e+00
-1.042782902717590332e+00
-4.557237923145294189e-01
-2.728818893432617188e+00
-2.669755458831787109e+00
-1.765813231468200684e+00
-2.472697496414184570e+00
-2.162124067544937134e-01
-2.146299600601196289e+00
-8.748067617416381836e-01
-3.273866653442382812e+00
-2.650104761123657227e+00
-1.648887872695922852e+00
-2.107130765914916992e+00
-1.321713447570800781e+00
-2.048784732818603516e+00
-2.893814325332641602e+00
-1.609986543655395508e+00
-2.576059341430664062e+00
-1.864234566688537598e+00
-2.652608156204223633e+00
-1.863750368356704712e-01
-1.420507907867431641e+00
-8.684852123260498047e-01
-2.831575632095336914e+00
-1.936851978302001953e+00
-2.068137645721435547e+00
-2.265443086624145508e+00
-3.961112737655639648e+00
-1.659422159194946289e+00
-2.810948610305786133e+00
-2.676646232604980469e+00
-2.555667400360107422e+00
-2.369314432144165039e+00
-1.760101556777954102e+00
-3.166687488555908203e+00
-2.295566558837890625e+00
-4.163707494735717773e-01
-3.900116443634033203e+00
-1.627863526344299316e+00
-3.301193475723266602e+00
-1.258292913436889648e+00
-3.559801340103149414e+00
-1.940753340721130371e+00
-2.838438987731933594e+00
-2.256368398666381836e+00
-2.808484792709350586e+00
-1.957960367202758789e+00
-1.553631424903869629e+00
-2.413071870803833008e+00
-3.502186298370361328e+00
-2.820377349853515625e+00
-1.898492932319641113e+00
-1.162397265434265137e+00
-1.818921089172363281e+00
-2.325690269470214844e+00
-2.868378400802612305e+00
-1.900254487991333008e+00
-2.331887006759643555e+00
-1.078896760940551758e+00
-3.666912078857421875e+00
-1.800988554954528809e+00
-2.404068946838378906e+00
-1.832456827163696289e+00
-1.593593478202819824e+00
-1.104877591133117676e+00
-2.941399574279785156e+00
-2.495192289352416992e+00
-2.563036441802978516e+00
-6.562128663063049316e-01
-1.204698801040649414e+00
-1.449067234992980957e+00
-1.587261557579040527e+00
-1.987353444099426270e+00
-2.388811349868774414e+00
-1.679123878479003906e+00
-9.766495823860168457e-01
-1.134617686271667480e+00
-1.465238928794860840e+00
-2.281685590744018555e+00
-1.922903060913085938e+00
-1.172646164894104004e+00
-2.176379919052124023e+00
-3.085547447204589844e+00
-2.745947360992431641e+00
-1.498294591903686523e+00
-3.085206508636474609e+00
-1.490584731101989746e+00
-2.261550664901733398e+00
-7.924473285675048828e-01
-2.339555740356445312e+00
-3.602833032608032227e+00
-2.357650756835937500e+00
-8.261070847511291504e-01
-2.447459936141967773e+00
-3.171985864639282227e+00
-1.947463512420654297e+00
-1.536735415458679199e+00
-3.215144872665405273e+00
-2.731368303298950195e+00
-2.853071928024291992e+00
-1.572276830673217773e+00
-2.503385543823242188e+00
-2.304608106613159180e+00
-1.764030456542968750e+00
-2.361284971237182617e+00
-3.474024534225463867e+00
-2.604588270187377930e+00
-1.370840191841125488e+00
-1.340781927108764648e+00
-2.155651092529296875e+00
-1.396580457687377930e+00
-2.274014472961425781e+00
-2.028179883956909180e+00
-1.570442438125610352e+00
-1.550086617469787598e+00
-2.075722455978393555e+00
-1.632194161415100098e+00
-1.914852976799011230e+00
-3.396648883819580078e+00
-3.039622545242309570e+00
-2.783451795578002930e+00
-3.183946609497070312e+00
-1.714472770690917969e+00
-3.359580516815185547e+00
-1.655258178710937500e+00
-2.805870771408081055e+00
-3.373797178268432617e+00
-2.690455675125122070e+00
-3.192962646484375000e+00
-1.953811168670654297e+00
-2.624457120895385742e+00
-2.963928222656250000e+00
-1.419742703437805176e+00
-2.442764282226562500e+00
-1.754019856452941895e+00
-7.389241456985473633e-01
-2.899964332580566406e+00
-1.205495953559875488e+00
-2.208035469055175781e+00
-2.093247890472412109e+00
-1.748159646987915039e+00
-2.014205932617187500e+00
-1.639325380325317383e+00
-2.534401655197143555e+00
-1.971332192420959473e+00
-5.206462144851684570e-01
-3.122483015060424805e+00
-2.614279747009277344e+00
-2.235469579696655273e+00
-2.554799556732177734e+00
-1.265198826789855957e+00
-1.073898315429687500e+00
-1.205170392990112305e+00
-2.176531791687011719e+00
-2.269530773162841797e+00
-1.785834431648254395e+00
-8.198863267898559570e-01
-3.317724943161010742e+00
-3.210759401321411133e+00
-2.514805793762207031e+00
-9.407030344009399414e-01
-1.366982460021972656e+00
-1.295800924301147461e+00
-2.146694183349609375e+00
-1.121908664703369141e+00
-2.109830379486083984e+00
-9.192277789115905762e-01
-2.113377571105957031e+00
-2.200528383255004883e+00
-1.620602607727050781e+00
-2.943084239959716797e+00
-1.181734204292297363e+00
-1.599946260452270508e+00
-2.374737024307250977e+00
-2.354222059249877930e+00
-2.815386056900024414e+00
-2.189826488494873047e+00
-3.142112970352172852e+00
-2.517462253570556641e+00
-1.860558867454528809e+00
-8.843941092491149902e-01
-1.888045191764831543e+00
-3.197901725769042969e+00
-3.566041231155395508e+00
-1.736083388328552246e+00
-1.680393099784851074e+00
-2.383729696273803711e+00
-2.664952278137207031e+00
-1.746907114982604980e+00
-1.752564907073974609e+00
-1.220714569091796875e+00
-2.840941190719604492e+00
-2.349286794662475586e+00
-2.501968860626220703e+00
-2.575770616531372070e+00
-2.619164705276489258e+00
-2.315472841262817383e+00
-2.517716884613037109e+00
-2.563962936401367188e+00
-2.553350925445556641e+00
-2.743370532989501953e+00
-2.737731695175170898e+00
-2.564106702804565430e+00
-2.372025012969970703e+00
-1.852296471595764160e+00
-3.638735771179199219e+00
-3.247147560119628906e+00
-1.169194936752319336e+00
-2.221877813339233398e+00
-1.812467217445373535e+00
-3.533783912658691406e+00
-2.525467634201049805e+00
-1.468273520469665527e+00
-2.254097461700439453e+00
-1.416364192962646484e+00
-2.184842348098754883e+00
-1.844656348228454590e+00
-2.618167638778686523e+00
-2.321229696273803711e+00
-1.761835336685180664e+00
-8.457987308502197266e-01
-2.403744220733642578e+00
-2.513528108596801758e+00
-1.446671247482299805e+00
-2.140687704086303711e+00
-1.591245532035827637e+00
-1.216860294342041016e+00
-3.632535934448242188e+00
-2.321718692779541016e+00
-3.709505796432495117e+00
-1.855625867843627930e+00
-2.681437730789184570e+00
-2.170716762542724609e+00
-2.372137784957885742e+00
-2.641930818557739258e+00
-2.457934856414794922e+00
-2.309801578521728516e+00
-2.547652482986450195e+00
-3.435952663421630859e+00
-3.588020563125610352e+00
-1.266565442085266113e+00
-1.450968027114868164e+00
-2.779800891876220703e+00
-3.189472675323486328e+00
-1.039248108863830566e+00
-2.685039520263671875e+00
-2.574954509735107422e+00
-8.132469654083251953e-01
-2.126534700393676758e+00
-9.917401671409606934e-01
-6.608809232711791992e-01
-2.004981756210327148e+00
-1.303837418556213379e+00
-1.204992294311523438e+00
-2.440950870513916016e+00
-1.975389719009399414e+00
-1.515281677246093750e+00
-2.038473367691040039e+00
-2.186801433563232422e+00
-1.124725461006164551e+00
-9.953787326812744141e-01
-2.757373094558715820e+00
-6.027234196662902832e-01
-1.548782467842102051e+00
-1.659292578697204590e+00
-2.000969409942626953e+00
-2.025615930557250977e+00
-1.712062358856201172e+00
-1.527861595153808594e+00
-1.620499253273010254e+00
-2.425137281417846680e+00
-1.415475487709045410e+00
-1.537398546934127808e-01
-2.209477186203002930e+00
-1.748758316040039062e+00
-5.790063142776489258e-01
-1.957756042480468750e+00
-1.496066212654113770e+00
-1.990399122238159180e+00
-1.550198078155517578e+00
-2.952797889709472656e+00
-2.475423812866210938e+00
-9.185512661933898926e-01
-2.200592041015625000e+00
-2.645504713058471680e+00
-1.269065976142883301e+00
-1.968046426773071289e+00
-2.182536125183105469e+00
-2.166047334671020508e+00
-3.216813564300537109e+00
-2.589366912841796875e+00
-8.921418190002441406e-01
-1.915717363357543945e+00
-3.467352390289306641e+00
-1.907311677932739258e+00
-1.153446435928344727e+00
-1.088083624839782715e+00
-2.920292854309082031e+00
-1.121503114700317383e+00
-2.922151327133178711e+00
-2.683680295944213867e+00
-2.877475500106811523e+00
-2.190871477127075195e+00
-2.354382276535034180e+00
-1.593688249588012695e+00
-2.027775764465332031e+00
-2.531014442443847656e+00
-1.207261443138122559e+00
-2.374154329299926758e+00
-3.000685930252075195e+00
-3.325653553009033203e+00
-1.564315080642700195e+00
-1.969784855842590332e+00
-2.766483545303344727e+00
-2.253903865814208984e+00
-2.176711797714233398e+00
-1.106275796890258789e+00
-3.346853256225585938e+00
-2.272181034088134766e+00
-2.271829366683959961e+00
-2.649933099746704102e+00
-3.334996700286865234e+00
-2.988054037094116211e+00
-2.489377260208129883e+00
-1.994397044181823730e+00
-1.099702239036560059e+00
-1.613669872283935547e+00
-5.949628353118896484e-01
-9.062741398811340332e-01
-2.972142457962036133e+00
-1.302046537399291992e+00
-1.720982193946838379e+00
-2.612159013748168945e+00
-1.844739079475402832e+00
-2.053005218505859375e+00
-2.092017173767089844e+00
-1.644140481948852539e+00
-1.976124048233032227e+00
-1.894518733024597168e+00
-1.125286102294921875e+00
-1.274927705526351929e-01
-1.998288869857788086e+00
-2.392949104309082031e+00
-8.800215721130371094e-01
-1.254262447357177734e+00
-3.184416532516479492e+00
-1.562611818313598633e+00
-2.398719787597656250e+00
-1.790635704994201660e+00
-3.404812097549438477e+00
-1.606473207473754883e+00
-1.815518021583557129e+00
-1.247650265693664551e+00
-2.326411724090576172e+00
-2.621320009231567383e+00
-2.541918992996215820e+00
1.923643499612808228e-01
-1.552222490310668945e+00
-3.309584856033325195e+00
-1.653793096542358398e+00
-2.462170124053955078e+00
-1.224300026893615723e+00
-2.502529621124267578e+00
-1.373555064201354980e+00
-1.521121263504028320e+00
-1.679075360298156738e+00
-3.566851854324340820e+00
-1.684393644332885742e+00
-2.167589426040649414e+00
-2.989893436431884766e+00
-2.767088890075683594e+00
-1.067690968513488770e+00
-1.033912897109985352e+00
-2.963914394378662109e+00
-1.227069258689880371e+00
-2.844609498977661133e+00
-2.735083818435668945e+00
-2.130369663238525391e+00
-1.581381678581237793e+00
-7.140482664108276367e-01
-1.479758143424987793e+00
-3.332878112792968750e+00
-2.204485893249511719e+00
-1.365387082099914551e+00
-1.682665705680847168e+00
-1.891413450241088867e+00
-2.389537572860717773e+00
-1.561594963073730469e+00
-1.429244279861450195e+00
-1.886035442352294922e+00
-2.571483135223388672e+00
-2.492543697357177734e+00
-1.565405249595642090e+00
-2.216172933578491211e+00
-2.278001308441162109e+00
-2.252467870712280273e+00
-2.247099161148071289e+00
-2.476525068283081055e+00
-2.162235736846923828e+00
-2.081743240356445312e+00
-1.792640209197998047e+00
-9.458220005035400391e-01
-2.274145364761352539e+00
-3.552854061126708984e+00
-2.638311624526977539e+00
-2.058715105056762695e+00
-1.680412054061889648e+00
-3.528521537780761719e+00
-3.269071817398071289e+00
-3.259954929351806641e+00
-3.169284820556640625e+00
-2.715698242187500000e+00
-2.483746528625488281e+00
-2.195320844650268555e+00
-6.325837373733520508e-01
-1.704938054084777832e+00
-2.612929582595825195e+00
-2.272096157073974609e+00
-1.888153910636901855e+00
-1.401540637016296387e+00
-1.341315984725952148e+00
-2.232634067535400391e+00
-3.516105651855468750e+00
-2.359008073806762695e+00
-2.474976301193237305e+00
-3.028363704681396484e+00
-2.906141281127929688e+00
-3.336656093597412109e+00
-2.088469266891479492e+00
-2.138770103454589844e+00
-2.132642507553100586e+00
-2.452573537826538086e+00
-2.181249141693115234e+00
-3.406724691390991211e+00
-3.369797229766845703e+00
-1.601949453353881836e+00
-2.025492906570434570e+00
-3.283577203750610352e+00
-2.800957679748535156e+00
-2.558611392974853516e+00
-3.394390821456909180e+00
-2.855010986328125000e+00
-2.674492359161376953e+00
-2.003947734832763672e+00
-1.065351963043212891e+00
-3.473361492156982422e+00
-2.837237119674682617e+00
-2.986509084701538086e+00
-2.365686655044555664e+00
-2.853436946868896484e+00
-3.004158258438110352e+00
-2.884595870971679688e+00
-2.526612997055053711e+00
-3.440869808197021484e+00
-1.289829134941101074e+00
-1.521876573562622070e+00
-3.441375017166137695e+00
-2.005383968353271484e+00
-2.596911907196044922e+00
-3.063856840133666992e+00
-3.089111328125000000e+00
-2.571288585662841797e+00
-2.222013711929321289e+00
-2.234258890151977539e+00
-2.162064790725708008e+00
-1.960318207740783691e+00
-2.727716207504272461e+00
-2.465705394744873047e+00
-2.606868743896484375e+00
-1.459919691085815430e+00
-2.353476762771606445e+00
-2.956166744232177734e+00
-2.269651651382446289e+00
-1.713921546936035156e+00
-2.264101505279541016e+00
-1.785242557525634766e+00
-2.200391054153442383e+00
-1.767185211181640625e+00
-2.242743253707885742e+00
-3.045996665954589844e+00
-3.047507286071777344e+00
-3.346896409988403320e+00
-2.032998085021972656e+00
-2.129205942153930664e+00
-1.572449684143066406e+00
-2.052270650863647461e+00
-2.489529609680175781e+00
-3.743005990982055664e+00
-2.865607738494873047e+00
-3.595967769622802734e+00
-3.020331859588623047e+00
-2.765953779220581055e+00
-2.881614208221435547e+00
-2.058085680007934570e+00
-1.650633215904235840e+00
-2.684583902359008789e+00
-2.857367277145385742e+00
-2.282048463821411133e+00
-1.815120220184326172e+00
-1.470548868179321289e+00
-1.844757080078125000e+00
-2.884569406509399414e+00
-1.409795999526977539e+00
-1.197311878204345703e+00
-1.335941433906555176e+00
-2.754267930984497070e+00
-3.061057567596435547e+00
-9.590929150581359863e-01
-1.568252921104431152e+00
-2.979679346084594727e+00
-2.023229837417602539e+00
-1.488511443138122559e+00
-1.428466439247131348e+00
-2.277923345565795898e+00
-2.430186271667480469e+00
-2.575165033340454102e+00
-3.325590610504150391e+00
-3.026128768920898438e+00
-1.690415024757385254e+00
-2.399008274078369141e+00
-2.903461694717407227e+00
-2.273422479629516602e+00
-3.035948514938354492e+00
-1.459466457366943359e+00
-2.299913883209228516e+00
-3.337389945983886719e+00
-2.915263652801513672e+00
-2.293647050857543945e+00
-3.040714502334594727e+00
-3.036361694335937500e+00
-2.402651548385620117e+00
-2.426343202590942383e+00
-2.126702785491943359e+00
-2.416137933731079102e+00
-2.672045707702636719e+00
-2.278636932373046875e+00
-2.288666009902954102e+00
-3.164578914642333984e+00
-2.745347738265991211e+00
-3.009543418884277344e+00
-1.307623982429504395e+00
-3.000041007995605469e+00
-2.582592487335205078e+00
-2.068382263183593750e+00
-1.915021896362304688e+00
-2.215161085128784180e+00
-3.546848297119140625e+00
-1.815160393714904785e+00
-3.167791128158569336e+00
-2.253794908523559570e+00
-3.676392078399658203e+00
-2.303256750106811523e+00
-3.975910902023315430e+00
-1.435705900192260742e+00
-3.430845022201538086e+00
-2.086432933807373047e+00
-3.121293306350708008e+00
-2.337281227111816406e+00
-2.341583251953125000e+00
-2.450938463211059570e+00
-3.519819259643554688e+00
-2.580368041992187500e+00
-3.245161294937133789e+00
-2.740857362747192383e+00
-2.653987169265747070e+00
-2.670450448989868164e+00
-1.487424850463867188e+00
-3.254568099975585938e+00
-3.266924619674682617e+00
-3.083164691925048828e+00
-1.675345897674560547e+00
-3.199809312820434570e+00
-2.391432046890258789e+00
-2.965965509414672852e+00
-8.487474918365478516e-01
-3.092928647994995117e+00
-2.563346862792968750e+00
-1.428096652030944824e+00
-2.222384691238403320e+00
-1.520206928253173828e+00
-3.323039770126342773e+00
-1.957327008247375488e+00
-3.191530466079711914e+00
-2.272299528121948242e+00
-2.418746948242187500e+00
-9.324903488159179688e-01
-2.387906312942504883e+00
-3.384749889373779297e+00
-1.987722039222717285e+00
-1.030649065971374512e+00
-3.141751527786254883e+00
-1.887750864028930664e+00
-3.023318052291870117e+00
-2.750423192977905273e+00
-1.887166380882263184e+00
-3.467516660690307617e+00
-3.239997386932373047e+00
-1.720092415809631348e+00
-1.293071269989013672e+00
-3.098324775695800781e+00
-2.476239919662475586e+00
-2.443873405456542969e+00
-9.236561655998229980e-01
-1.851992368698120117e+00
-1.865053892135620117e+00
-2.427500963211059570e+00
-1.708223938941955566e+00
-3.126170396804809570e+00
-1.685379266738891602e+00
-3.088841676712036133e+00
-2.207733869552612305e+00
-2.424637317657470703e+00
-2.712289094924926758e+00
-3.156365633010864258e+00
-2.170854330062866211e+00
-2.852709293365478516e+00
-2.424834012985229492e+00
-3.408689022064208984e+00
-2.782551527023315430e+00
-2.456487655639648438e+00
-3.407275915145874023e+00
-1.392562985420227051e+00
-2.061429738998413086e+00
-1.775578737258911133e+00
-1.868138670921325684e+00
-2.060915470123291016e+00
-3.091511249542236328e+00
-2.249158382415771484e+00
-3.499421834945678711e+00
-2.847602844238281250e+00
-1.569645881652832031e+00
-2.435160398483276367e+00
-2.839183807373046875e+00
-1.245901942253112793e+00
-3.144954919815063477e+00
-2.472349882125854492e+00
-2.770065307617187500e+00
-3.055126428604125977e+00
-1.982309460639953613e+00
-2.383327484130859375e+00
-2.505541324615478516e+00
-2.054843187332153320e+00
-3.171670675277709961e+00
-1.995437979698181152e+00
-2.901710987091064453e+00
-2.372220993041992188e+00
-1.885837316513061523e+00
-3.147791385650634766e+00
-2.891177415847778320e+00
-1.953479886054992676e+00
-2.953330278396606445e+00
-3.404175758361816406e+00
-3.313843965530395508e+00
-2.969262599945068359e+00
-3.073735237121582031e+00
-2.093125343322753906e+00
-2.125246286392211914e+00
-3.239637851715087891e+00
-1.991849303245544434e+00
-2.864693641662597656e+00
-3.331621170043945312e+00
-2.439212560653686523e+00
-3.619460344314575195e+00
-2.753039121627807617e+00
-2.646378040313720703e+00
-9.586715102195739746e-01
-2.306150436401367188e+00
-2.501259088516235352e+00
-2.554201602935791016e+00
-9.473606348037719727e-01
-2.699956893920898438e+00
-2.364969253540039062e+00
-2.928452968597412109e+00
-3.047674655914306641e+00
-2.062494039535522461e+00
-2.225603818893432617e+00
-2.075830459594726562e+00
-1.790051698684692383e+00
-2.373031854629516602e+00
-3.485414266586303711e+00
-2.472912549972534180e+00
-1.952170252799987793e+00
-2.232064723968505859e+00
-2.866783857345581055e+00
-1.893460512161254883e+00
-3.418006896972656250e+00
-2.737804889678955078e+00
-2.202527523040771484e+00
-2.404443502426147461e+00
-2.604108810424804688e+00
-3.452046871185302734e+00
-1.897675275802612305e+00
-3.210608482360839844e+00
-2.572880029678344727e+00
-3.123788118362426758e+00
-3.193820238113403320e+00
-2.466496229171752930e+00
-9.962522387504577637e-01
-1.890022158622741699e+00
-2.075023651123046875e+00
-2.558706760406494141e+00
-2.234921693801879883e+00
-2.127046108245849609e+00
-2.996754407882690430e+00
-1.140649795532226562e+00
-1.896279931068420410e+00
-1.502417087554931641e+00
-1.963521242141723633e+00
-1.643741726875305176e+00
-2.035280466079711914e+00
-3.250824451446533203e+00
-1.271823525428771973e+00
-2.260280847549438477e+00
-2.254195928573608398e+00
-2.438997268676757812e+00
-3.282895803451538086e+00
-2.600901126861572266e+00
-1.663785219192504883e+00
-2.962403297424316406e+00
-2.392655372619628906e+00
-2.384893894195556641e+00
-1.469300389289855957e+00
-2.674988508224487305e+00
-1.358944058418273926e+00
-2.086714744567871094e+00
-2.472735404968261719e+00
-3.434055805206298828e+00
-1.869780182838439941e+00
-2.355426549911499023e+00
-2.912688851356506348e-01
-1.463136792182922363e+00
-1.394422411918640137e+00
-3.269642591476440430e+00
-2.767519474029541016e+00
-3.393528938293457031e+00
-2.234204053878784180e+00
-3.207875013351440430e+00
-2.647497415542602539e+00
-2.070690155029296875e+00
-1.467449665069580078e+00
-1.588766217231750488e+00
-1.803983688354492188e+00
-1.634312033653259277e+00
-3.365996122360229492e+00
-2.874195814132690430e+00
-2.159039735794067383e+00
-2.796314716339111328e+00
-2.191531658172607422e+00
-1.999816894531250000e+00
-2.280843734741210938e+00
-3.464584350585937500e+00
-3.013892173767089844e+00
-3.284938097000122070e+00
-2.266771793365478516e+00
-1.839245796203613281e+00
-3.031703472137451172e+00
-3.360755920410156250e+00
-9.427547454833984375e-01
-1.933551430702209473e+00
-2.035685300827026367e+00
-2.879009246826171875e+00
-1.886726737022399902e+00
-8.320212960243225098e-01
-2.458389997482299805e+00
-1.808580160140991211e+00
-2.288335561752319336e+00
-1.652748465538024902e+00
-2.812255144119262695e+00
-3.028652906417846680e+00
-1.623649358749389648e+00
-1.754981040954589844e+00
-2.397448301315307617e+00
-3.461442470550537109e+00
-2.214106559753417969e+00
-2.716115474700927734e+00
-1.344748139381408691e+00
-2.625798463821411133e+00
-3.172147750854492188e+00
-1.836644530296325684e+00
-3.411293268203735352e+00
-3.123340368270874023e+00
-2.523198127746582031e+00
-2.485282182693481445e+00
-2.898945808410644531e+00
-2.282401561737060547e+00
-1.655246973037719727e+00
-1.851993322372436523e+00
-3.212887048721313477e+00
-1.217893719673156738e+00
-3.319772720336914062e+00
-2.562023401260375977e+00
-3.099206686019897461e+00
-2.228469610214233398e+00
-7.417914867401123047e-01
-1.895753622055053711e+00
-2.892113447189331055e+00
-1.397827982902526855e+00
-2.928174495697021484e+00
-1.988126993179321289e+00
-1.275844097137451172e+00
-1.826445460319519043e+00
-2.438272476196289062e+00
-1.996340274810791016e+00
-2.305977821350097656e+00
-2.587247133255004883e+00
-2.007135629653930664e+00
-1.930969357490539551e+00
-2.353993892669677734e+00
-1.941442728042602539e+00
-6.373022198677062988e-01
-2.578205823898315430e+00
-1.997676253318786621e+00
-2.688141345977783203e+00
-3.451723575592041016e+00
-2.421119451522827148e+00
-2.608293056488037109e+00
-2.216380357742309570e+00
-1.807054400444030762e+00
-2.419320583343505859e+00
-3.075053215026855469e+00
-1.745170116424560547e+00
-3.083945274353027344e+00
-8.240646719932556152e-01
-2.097617626190185547e+00
-2.042656898498535156e+00
-1.396063089370727539e+00
-2.627703666687011719e+00
-2.581876039505004883e+00
-1.669279098510742188e+00
-2.587252616882324219e+00
-1.676936984062194824e+00
-3.769138574600219727e+00
-2.088700771331787109e+00
-3.808147192001342773e+00
-2.691558837890625000e+00
-3.185919761657714844e+00
-2.664834260940551758e+00
-4.070027828216552734e+00
-3.561146736145019531e+00
-4.000907421112060547e+00
-1.710938692092895508e+00
-1.848899006843566895e+00
-3.503067493438720703e+00
-2.192237377166748047e+00
-3.304608583450317383e+00
-2.374521493911743164e+00
-1.586110711097717285e+00
-1.836597204208374023e+00
-3.428990840911865234e+00
-3.330912351608276367e+00
-3.732715368270874023e+00
-1.555854082107543945e+00
-3.327793121337890625e+00
-3.454521179199218750e+00
-3.011260271072387695e+00
-2.576674222946166992e+00
-3.301180601119995117e+00
-2.509320735931396484e+00
-1.857303380966186523e+00
-2.188097476959228516e+00
-1.795972108840942383e+00
-2.619739770889282227e+00
-2.837561845779418945e+00
-1.303193926811218262e+00
-2.820832729339599609e+00
-2.632635593414306641e+00
-2.199111938476562500e+00
-1.935984849929809570e+00
-1.841773152351379395e+00
-2.328275442123413086e+00
-3.062120676040649414e+00
-2.878068923950195312e+00
-3.002318143844604492e+00
-2.247741699218750000e+00
-1.912023186683654785e+00
-3.077507734298706055e+00
-3.203696012496948242e+00
-2.901861667633056641e+00
-2.277040958404541016e+00
-1.182621479034423828e+00
-1.337259054183959961e+00
-3.665331602096557617e+00
-1.800866961479187012e+00
-2.145103216171264648e+00
-2.751093387603759766e+00
-1.762120485305786133e+00
-3.297803401947021484e+00
-2.195494890213012695e+00
-2.201200723648071289e+00
-3.335582017898559570e+00
-9.470555186271667480e-01
-2.459668874740600586e+00
-2.869051218032836914e+00
-2.468998670578002930e+00
-1.069957017898559570e+00
-1.380206942558288574e+00
-1.280521273612976074e+00
-2.344841241836547852e+00
-3.019990921020507812e+00
-2.480757713317871094e+00
-3.070510149002075195e+00
-2.083096981048583984e+00
-3.393042564392089844e+00
-2.784206867218017578e+00
-1.927800774574279785e+00
-1.123245716094970703e+00
-3.512243270874023438e+00
-3.323952436447143555e+00
-3.543425321578979492e+00
-3.102030277252197266e+00
-2.352994441986083984e+00
-2.954420804977416992e+00
-2.709590435028076172e+00
-2.420950412750244141e+00
-2.225092172622680664e+00
-3.557899951934814453e+00
-3.124422311782836914e+00
-3.139841794967651367e+00
-3.165087938308715820e+00
-2.018796205520629883e+00
-3.157549142837524414e+00
-2.202587604522705078e+00
-2.614584445953369141e+00
-1.836593389511108398e+00
-3.279498577117919922e+00
-1.384948015213012695e+00
-2.509664535522460938e+00
-1.899149417877197266e+00
-3.403840780258178711e+00
-2.564932346343994141e+00
-1.026938080787658691e+00
-2.210892677307128906e+00
-1.988658785820007324e+00
-3.175082921981811523e+00
-2.769078254699707031e+00
-2.216203212738037109e+00
-2.048296928405761719e+00
-2.067182540893554688e+00
-2.831264257431030273e+00
-2.433218479156494141e+00
-3.441184043884277344e+00
-2.838862419128417969e+00
-2.018710374832153320e+00
-7.296915650367736816e-01
-1.624821305274963379e+00
-3.215930461883544922e+00
-3.634021043777465820e+00
-2.999858379364013672e+00
-3.411119699478149414e+00
-1.438386321067810059e+00
-3.350798130035400391e+00
-1.309924840927124023e+00
-3.631410837173461914e+00
-2.594516277313232422e+00
-2.145153760910034180e+00
-1.235513210296630859e+00
-3.417665243148803711e+00
-3.480376005172729492e+00
-2.301147222518920898e+00
-3.011687994003295898e+00
-2.113894224166870117e+00
-3.018630504608154297e+00
-2.526447534561157227e+00
-1.981526494026184082e+00
-3.301612615585327148e+00
-2.758962392807006836e+00
-2.448905706405639648e+00
-3.423711538314819336e+00
-2.390515327453613281e+00
-1.668430447578430176e+00
-2.872661590576171875e+00
-2.472923040390014648e+00
-3.119080781936645508e+00
-2.472089290618896484e+00
-1.829352140426635742e+00
-1.733692765235900879e+00
-2.274038314819335938e+00
-2.269247531890869141e+00
-1.987536787986755371e+00
-1.682880759239196777e+00
-1.324960231781005859e+00
-2.976731538772583008e+00
-2.198319435119628906e+00
-1.710542082786560059e+00
-8.277637958526611328e-01
-2.665748119354248047e+00
-1.985858559608459473e+00
-2.422282218933105469e+00
-2.250857114791870117e+00
-1.964563488960266113e+00
-2.179171085357666016e+00
-3.358208894729614258e+00
-8.349865078926086426e-01
-2.723482131958007812e+00
-9.331408143043518066e-01
-2.877862691879272461e+00
-2.759884119033813477e+00
-2.671824455261230469e+00
-1.285344958305358887e+00
-1.908790111541748047e+00
-2.341432332992553711e+00
-2.372636795043945312e+00
-3.623521566390991211e+00
-2.217775821685791016e+00
-1.127612471580505371e+00
-2.050597429275512695e+00
-2.486177921295166016e+00
-2.465323686599731445e+00
-2.992232799530029297e+00
-3.417083501815795898e+00
-6.655360460281372070e-01
-2.389682531356811523e+00
-2.353805303573608398e+00
-1.580962657928466797e+00
-3.233446359634399414e+00
-2.286061525344848633e+00
-2.719785928726196289e+00
-1.745962858200073242e+00
-2.184785127639770508e+00
-2.199524164199829102e+00
-2.716367483139038086e+00
-2.306147813796997070e+00
-2.664817333221435547e+00
-2.362796068191528320e+00
-1.764566183090209961e+00
-3.477294206619262695e+00
-2.863946914672851562e+00
-2.299954175949096680e+00
-2.971034288406372070e+00
-2.981690406799316406e+00
-3.480740308761596680e+00
-3.148758411407470703e+00
-3.249297380447387695e+00
-3.045362472534179688e+00
-3.266507387161254883e+00
-1.244876861572265625e+00
-1.750849843025207520e+00
-3.201822996139526367e+00
-3.527205228805541992e+00
-1.341560602188110352e+00
-1.142577767372131348e+00
-2.343241691589355469e+00
-2.921229839324951172e+00
-2.634046077728271484e+00
-1.798508644104003906e+00
-3.259990930557250977e+00
-3.041932821273803711e+00
-1.814234375953674316e+00
-2.726094722747802734e+00
-2.979490041732788086e+00
-1.619640946388244629e+00
-3.042137861251831055e+00
-2.922572493553161621e-01
-1.629222989082336426e+00
-2.490366458892822266e+00
-2.167897939682006836e+00
-1.784894585609436035e+00
-2.165559053421020508e+00
-2.062923431396484375e+00
-2.201945066452026367e+00
-2.539847373962402344e+00
-2.934145689010620117e+00
-1.818019032478332520e+00
-1.089164495468139648e+00
-1.685806035995483398e+00
-3.248183488845825195e+00
-2.337243795394897461e+00
-1.842937350273132324e+00
-3.115043878555297852e+00
-1.840995550155639648e+00
-2.563001632690429688e+00
-1.862612485885620117e+00
-3.561726331710815430e+00
-2.922724008560180664e+00
-3.300114870071411133e+00
-1.360921502113342285e+00
-3.665195226669311523e+00
-3.029777050018310547e+00
-2.777322292327880859e+00
-2.993813276290893555e+00
-2.840154170989990234e+00
-2.297087907791137695e+00
-2.350142002105712891e+00
-3.136947154998779297e+00
-2.488482236862182617e+00
-2.373265743255615234e+00
-3.092600822448730469e+00
-2.256364822387695312e+00
-3.679497957229614258e+00
-3.888421535491943359e+00
-2.796866893768310547e+00
-1.290543198585510254e+00
-2.889477491378784180e+00
-3.269873380661010742e+00
-2.989759683609008789e+00
-3.840561866760253906e+00
-3.386965274810791016e+00
-1.947150468826293945e+00
-2.680088043212890625e+00
-2.040035009384155273e+00
-1.482179164886474609e+00
-2.315890312194824219e+00
-2.097486495971679688e+00
-2.530835866928100586e+00
-3.685549020767211914e+00
-2.919711112976074219e+00
-3.518664360046386719e+00
-1.813695788383483887e+00
-2.502927064895629883e+00
-2.756550788879394531e+00
-1.941822171211242676e+00
-1.620228648185729980e+00
-3.065238475799560547e+00
-2.521003723144531250e+00
-2.814266443252563477e+00
-1.521658420562744141e+00
-3.417696475982666016e+00
-1.865550756454467773e+00
-3.424985885620117188e+00
-2.228136062622070312e+00
-2.333534240722656250e+00
-2.677908897399902344e+00
-1.778385519981384277e+00
-2.539573907852172852e+00
-2.856681108474731445e+00
-2.282150983810424805e+00
-3.388564825057983398e+00
-2.569241523742675781e+00
-2.159454107284545898e+00
-1.414815425872802734e+00
-1.622702956199645996e+00
-1.295280098915100098e+00
-3.592261075973510742e+00
-2.585739135742187500e+00
-1.459100127220153809e+00
-2.701734304428100586e+00
-2.644430398941040039e+00
-2.809300899505615234e+00
-2.934613466262817383e+00
-2.753394842147827148e-01
-1.147127270698547363e+00
-1.956923961639404297e+00
-2.187410116195678711e+00
-3.247231483459472656e+00
-5.361112952232360840e-01
-3.478361368179321289e+00
-3.505469083786010742e+00
-2.916587114334106445e+00
-2.878996133804321289e+00
-2.473504304885864258e+00
-3.008581638336181641e+00
-2.908838033676147461e+00
-2.817361116409301758e+00
-1.468695759773254395e+00
-2.996527433395385742e+00
-2.897372484207153320e+00
-3.393157720565795898e+00
-1.146525740623474121e+00
-2.944427251815795898e+00
-2.377546548843383789e+00
-2.552065372467041016e+00
-3.338006258010864258e+00
-2.246249675750732422e+00
-1.308651447296142578e+00
-3.500256299972534180e+00
-2.099760293960571289e+00
-2.380588531494140625e+00
-8.471161127090454102e-01
-1.504767179489135742e+00
-3.711988687515258789e+00
-3.021950721740722656e+00
-3.246944665908813477e+00
-1.312710285186767578e+00
-1.145211219787597656e+00
-2.561339378356933594e+00
-2.375991582870483398e+00
-2.454284429550170898e+00
-9.725309014320373535e-01
-2.136356353759765625e+00
-2.294613838195800781e+00
-1.978581905364990234e+00
-2.133154392242431641e+00
-2.956343889236450195e+00
-2.097527742385864258e+00
-1.390397906303405762e+00
-2.763551950454711914e+00
-3.541365623474121094e+00
-3.322787523269653320e+00
-1.900041222572326660e+00
-2.609502553939819336e+00
-2.971430540084838867e+00
-1.110817193984985352e+00
-2.767265319824218750e+00
-2.429939270019531250e+00
-5.528808236122131348e-01
-2.505544424057006836e+00
-2.660816192626953125e+00
-2.450023651123046875e+00
-2.888567447662353516e+00
-3.072085857391357422e+00
-3.460985183715820312e+00
-2.703384876251220703e+00
-2.899228811264038086e+00
-1.954186916351318359e+00
-1.545140027999877930e+00
-1.467068433761596680e+00
-2.937565565109252930e+00
-2.370182991027832031e+00
-3.642781019210815430e+00
-2.847004413604736328e+00
-2.346999168395996094e+00
-1.413663148880004883e+00
-2.798582792282104492e+00
-3.199889183044433594e+00
-2.986913919448852539e+00
-1.556603789329528809e+00
-2.693173408508300781e+00
-3.431903600692749023e+00
-1.945820450782775879e+00
-1.719025492668151855e+00
-1.947435736656188965e-01
-2.078351974487304688e+00
-3.287533760070800781e+00
-2.065757751464843750e+00
-2.022325754165649414e+00
-2.103139162063598633e+00
-2.564617156982421875e+00
-2.504136800765991211e+00
-1.745642542839050293e+00
-1.691360950469970703e+00
-2.693150043487548828e+00
-2.114497184753417969e+00
-6.862841844558715820e-01
-2.577996015548706055e+00
-2.254180192947387695e+00
-2.208512067794799805e+00
-1.926935434341430664e+00
-2.056408405303955078e+00
-1.708276748657226562e+00
-2.977201461791992188e+00
-1.942057728767395020e+00
-2.604703187942504883e+00
-2.532116651535034180e+00
-2.995734691619873047e+00
-3.261986017227172852e+00
-3.647059440612792969e+00
-1.770022511482238770e+00
-3.882638454437255859e+00
-7.842045426368713379e-01
-3.103448867797851562e+00
-3.143356323242187500e+00
-1.505807518959045410e+00
-2.705693721771240234e+00
-2.775983095169067383e+00
-3.581273555755615234e+00
-3.973852872848510742e+00
-2.099190473556518555e+00
-1.508460164070129395e+00
-2.213802814483642578e+00
-2.577662229537963867e+00
-2.731273412704467773e+00
-1.320098638534545898e+00
-2.041502475738525391e+00
-2.301144361495971680e+00
-2.414162874221801758e+00
-1.617947459220886230e+00
-3.764377117156982422e+00
-1.672763109207153320e+00
-2.450776576995849609e+00
-3.594488620758056641e+00
-2.570615053176879883e+00
-1.822648167610168457e+00
-2.204354763031005859e+00
-2.184553623199462891e+00
-2.099919080734252930e+00
-3.889358043670654297e+00
-3.381533384323120117e+00
-2.584751129150390625e+00
-3.435467958450317383e+00
-1.274861335754394531e+00
-1.743634581565856934e+00
-2.832330703735351562e+00
-1.246132254600524902e+00
-2.665218114852905273e+00
-3.224816560745239258e+00
-2.219758033752441406e+00
-3.111283063888549805e+00
-2.723737239837646484e+00
-1.775862932205200195e+00
-3.264741659164428711e+00
-9.244152307510375977e-01
-1.851910352706909180e+00
-1.267429113388061523e+00
-2.455956220626831055e+00
-1.916285634040832520e+00
-1.726672768592834473e+00
-3.091901779174804688e+00
-1.558783292770385742e+00
-1.340731859207153320e+00
-3.296415567398071289e+00
-1.864755511283874512e+00
-2.665380001068115234e+00
-1.909393906593322754e+00
-2.429561376571655273e+00
-1.645433783531188965e+00
-3.595743179321289062e+00
-2.500989437103271484e+00
-1.373677730560302734e+00
-9.931992292404174805e-01
-1.909696102142333984e+00
-2.723650693893432617e+00
-2.741743564605712891e+00
-1.539770960807800293e+00
-3.302104711532592773e+00
-2.781321287155151367e+00
-2.749292612075805664e+00
-3.393491744995117188e+00
-1.568247675895690918e+00
-3.483249425888061523e+00
-1.937195897102355957e+00
-1.133324980735778809e+00
-2.068310976028442383e+00
-3.425254106521606445e+00
-3.638840019702911377e-01
-2.121856212615966797e+00
-3.419259786605834961e+00
-2.327958822250366211e+00
-2.479970693588256836e+00
-1.702768802642822266e+00
-1.872863054275512695e+00
-1.278330564498901367e+00
-2.422740459442138672e+00
-2.272513151168823242e+00
-2.459668159484863281e+00
-2.901740789413452148e+00
-1.959962248802185059e+00
-2.720168352127075195e+00
-1.437863588333129883e+00
-2.068029880523681641e+00
