-6.230654120445251465e-01
-1.253063321113586426e+00
-1.908655405044555664e+00
-2.778942346572875977e+00
-1.463472247123718262e+00
-1.868764996528625488e+00
-1.800063729286193848e+00
-2.444751501083374023e+00
-2.637398719787597656e+00
-2.742250442504882812e+00
-2.518725872039794922e+00
-2.531784772872924805e+00
-2.684811830520629883e+00
-3.025759696960449219e+00
-2.212929010391235352e+00
-2.697421312332153320e+00
-2.813851118087768555e+00
-2.992730855941772461e+00
-1.635498285293579102e+00
-2.865255355834960938e+00
-2.399353265762329102e+00
-3.113454103469848633e+00
-2.884074449539184570e+00
-3.204735279083251953e+00
-2.527383804321289062e+00
-2.796949863433837891e+00
-2.877341270446777344e+00
-2.834547519683837891e+00
-1.847270131111145020e+00
-2.475570201873779297e+00
-1.649749755859375000e+00
-2.489050388336181641e+00
-2.449398756027221680e+00
-3.395593404769897461e+00
-1.582450747489929199e+00
-2.428814649581909180e+00
-3.704882144927978516e+00
-2.325527191162109375e+00
-1.648142576217651367e+00
-3.147739887237548828e+00
-2.007162809371948242e+00
-3.038810968399047852e+00
-2.075081586837768555e+00
-2.441256523132324219e+00
-2.730876445770263672e+00
-3.048858642578125000e+00
-1.626190423965454102e+00
-1.921711325645446777e+00
-2.370579242706298828e+00
-2.725302219390869141e+00
-1.104024410247802734e+00
-1.722092270851135254e+00
-2.945464372634887695e+00
-3.916976213455200195e+00
-2.266244888305664062e+00
-2.742115259170532227e+00
-3.294227838516235352e+00
-2.667459249496459961e+00
-1.936108708381652832e+00
-2.640796184539794922e+00
-1.397869586944580078e+00
-2.667569875717163086e+00
-1.790036916732788086e+00
-2.114727497100830078e+00
-3.556155204772949219e+00
-2.847053527832031250e+00
-1.423476099967956543e+00
-1.763503074645996094e+00
-3.148396253585815430e+00
-3.557027339935302734e+00
-2.140660762786865234e+00
-2.648201227188110352e+00
-3.415240049362182617e+00
-3.499519348144531250e+00
-2.509324789047241211e+00
-1.984774827957153320e+00
-3.692654848098754883e+00
-2.664694547653198242e+00
-2.049639225006103516e+00
-2.657009601593017578e+00
-3.424226045608520508e+00
-2.874168872833251953e+00
-1.867813825607299805e+00
-3.038006305694580078e+00
-1.824628591537475586e+00
-1.401628971099853516e+00
-1.860761404037475586e+00
-2.764042377471923828e+00
-3.403976202011108398e+00
-2.990757942199707031e+00
-2.802868843078613281e+00
-3.053553581237792969e+00
-2.713941097259521484e+00
-2.957795619964599609e+00
-2.014772176742553711e+00
-3.330974817276000977e+00
-3.632900953292846680e+00
-1.749069333076477051e+00
-1.505609989166259766e+00
-2.629101276397705078e+00
-2.871912240982055664e+00
-3.161597490310668945e+00
-1.970923662185668945e+00
-3.440060853958129883e+00
-3.154459238052368164e+00
-2.001650333404541016e+00
-2.324855327606201172e+00
-2.940095424652099609e+00
-2.537452220916748047e+00
-3.095484495162963867e+00
-2.039327621459960938e+00
-1.366937637329101562e+00
-4.057025432586669922e+00
-3.360955476760864258e+00
-2.699115276336669922e+00
-3.343798637390136719e+00
-1.892006278038024902e+00
-3.307532787322998047e+00
-1.976328134536743164e+00
-2.640937805175781250e+00
-2.877495527267456055e+00
-3.721132278442382812e+00
-2.954049587249755859e+00
-1.582201004028320312e+00
-2.476921319961547852e+00
-3.072224617004394531e+00
-1.217518568038940430e+00
-2.626151084899902344e+00
-3.834404945373535156e+00
-2.025780677795410156e+00
-2.460841417312622070e+00
-2.023868560791015625e+00
-2.673075675964355469e+00
-2.549412488937377930e+00
-2.249447822570800781e+00
-3.167908430099487305e+00
-3.079372167587280273e+00
-3.752141237258911133e+00
-1.368183016777038574e+00
-3.095088481903076172e+00
-2.821367263793945312e+00
-3.081347942352294922e+00
-1.772626399993896484e+00
-2.396946191787719727e+00
-3.011508226394653320e+00
-3.899684667587280273e+00
-2.234801769256591797e+00
-2.565482616424560547e+00
-3.925133466720581055e+00
-3.066709041595458984e+00
-2.199954509735107422e+00
-2.829001665115356445e+00
-3.921979665756225586e+00
-3.627602815628051758e+00
-1.231162548065185547e+00
-1.518860816955566406e+00
-3.255605697631835938e+00
-3.202182769775390625e+00
-1.997327804565429688e+00
-2.886005401611328125e+00
-2.389756441116333008e+00
-3.646734237670898438e+00
-2.741641283035278320e+00
-1.756467342376708984e+00
-1.669968008995056152e+00
-2.717519044876098633e+00
-3.603484153747558594e+00
-2.298301458358764648e+00
-1.761162638664245605e+00
-2.949527025222778320e+00
-3.165473937988281250e+00
-2.708690166473388672e+00
-2.817575216293334961e+00
-2.315230846405029297e+00
-3.257276296615600586e+00
-3.058551311492919922e+00
-2.800102949142456055e+00
-3.259529113769531250e+00
-2.995277643203735352e+00
-2.510271549224853516e+00
-3.504307270050048828e+00
-2.224620342254638672e+00
-3.447000741958618164e+00
-2.412638187408447266e+00
-3.001997709274291992e+00
-2.604117393493652344e+00
-2.396352052688598633e+00
-3.617678403854370117e+00
-2.269126892089843750e+00
-2.828016519546508789e+00
-3.223961353302001953e+00
-3.673299312591552734e+00
-2.431541681289672852e+00
-3.347073316574096680e+00
-2.839952468872070312e+00
-3.018503427505493164e+00
-2.829941272735595703e+00
-3.533136129379272461e+00
-3.817749977111816406e+00
-3.337294816970825195e+00
-3.965336322784423828e+00
-3.400616168975830078e+00
-2.650227069854736328e+00
-3.115795612335205078e+00
-2.117478132247924805e+00
-2.369921445846557617e+00
-2.788861751556396484e+00
-2.950343132019042969e+00
-2.341109514236450195e+00
-1.667590022087097168e+00
-2.458374977111816406e+00
-3.314790248870849609e+00
-3.870816469192504883e+00
-3.396088361740112305e+00
-2.725224733352661133e+00
-3.304665327072143555e+00
-3.448524713516235352e+00
-2.934591531753540039e+00
-2.430207252502441406e+00
-2.703550577163696289e+00
-3.354962348937988281e+00
-3.021631717681884766e+00
-2.527781248092651367e+00
-3.784060239791870117e+00
-3.305707931518554688e+00
-2.492882966995239258e+00
-3.510753154754638672e+00
-2.803262233734130859e+00
-3.796837568283081055e+00
-2.265127182006835938e+00
-2.187493085861206055e+00
-2.184967756271362305e+00
-3.603686809539794922e+00
-2.135358333587646484e+00
-2.762073516845703125e+00
-2.239366531372070312e+00
-2.839889287948608398e+00
-2.477119684219360352e+00
-2.835250854492187500e+00
-2.648069620132446289e+00
-3.026772022247314453e+00
-1.984172105789184570e+00
-3.024638414382934570e+00
-3.358774662017822266e+00
-3.045301914215087891e+00
-3.432715415954589844e+00
-3.318431138992309570e+00
-3.375006198883056641e+00
-2.893952846527099609e+00
-2.727044105529785156e+00
-1.816881299018859863e+00
-2.390618801116943359e+00
-2.315414190292358398e+00
-2.318434953689575195e+00
-2.513409852981567383e+00
-3.164225101470947266e+00
-3.654312372207641602e+00
-3.435597181320190430e+00
-3.770498991012573242e+00
-1.305319309234619141e+00
-3.173391819000244141e+00
-2.821120023727416992e+00
-2.448787450790405273e+00
-3.203015565872192383e+00
-3.339927434921264648e+00
-2.747581958770751953e+00
-3.936458826065063477e+00
-3.742819547653198242e+00
-2.257885456085205078e+00
-3.071217775344848633e+00
-2.825453519821166992e+00
-3.505686998367309570e+00
-2.706077575683593750e+00
-3.901167392730712891e+00
-3.422836303710937500e+00
-3.215503692626953125e+00
-2.726387500762939453e+00
-3.142918109893798828e+00
-4.224480628967285156e+00
-2.853902578353881836e+00
-2.628538370132446289e+00
-2.176975488662719727e+00
-3.710652589797973633e+00
-3.866762399673461914e+00
-3.528952836990356445e+00
-2.917017698287963867e+00
-3.944839954376220703e+00
-3.118144512176513672e+00
-2.972164154052734375e+00
-3.411953926086425781e+00
-3.797205686569213867e+00
-2.836685419082641602e+00
-2.554894685745239258e+00
-2.123055458068847656e+00
-2.865862607955932617e+00
-3.627369165420532227e+00
-3.358923912048339844e+00
-2.735758781433105469e+00
-2.241293907165527344e+00
-3.064941883087158203e+00
-2.816622734069824219e+00
-2.879664897918701172e+00
-2.946421384811401367e+00
-2.815692901611328125e+00
-2.314150333404541016e+00
-3.438966989517211914e+00
-2.506199598312377930e+00
-1.905720949172973633e+00
-2.667931556701660156e+00
-2.404201507568359375e+00
-2.887721776962280273e+00
-3.950171232223510742e+00
-3.115050315856933594e+00
-3.274952173233032227e+00
-2.329322338104248047e+00
-2.483082056045532227e+00
-2.801142692565917969e+00
-1.994302034378051758e+00
-3.464098215103149414e+00
-2.887144327163696289e+00
-3.028816699981689453e+00
-2.813264846801757812e+00
-3.267343997955322266e+00
-3.708179235458374023e+00
-3.960507869720458984e+00
-3.083988189697265625e+00
-2.349019289016723633e+00
-3.266453504562377930e+00
-2.443284273147583008e+00
-2.009379386901855469e+00
-2.095087051391601562e+00
-3.443230152130126953e+00
-3.478983879089355469e+00
-3.099552631378173828e+00
-3.427782773971557617e+00
-2.054495334625244141e+00
-3.765577316284179688e+00
-2.545808076858520508e+00
-2.313239574432373047e+00
-3.509130001068115234e+00
-3.095139741897583008e+00
-3.248794317245483398e+00
-2.774953365325927734e+00
-2.401991367340087891e+00
-2.509008169174194336e+00
-3.467878103256225586e+00
-2.839987516403198242e+00
-3.251586675643920898e+00
-3.176342725753784180e+00
-3.401006937026977539e+00
-3.557811737060546875e+00
-3.375817060470581055e+00
-3.315962076187133789e+00
-3.686062812805175781e+00
-2.484175443649291992e+00
-3.254266262054443359e+00
-1.204899787902832031e+00
-2.667534589767456055e+00
-1.856082677841186523e+00
-2.902114152908325195e+00
-2.610754251480102539e+00
-2.774760484695434570e+00
-3.382915973663330078e+00
-3.194911003112792969e+00
-3.483595132827758789e+00
-2.865058898925781250e+00
-3.662516832351684570e+00
-3.535150527954101562e+00
-3.004699468612670898e+00
-3.443503141403198242e+00
-2.737985610961914062e+00
-2.851519107818603516e+00
-3.443037748336791992e+00
-2.697942018508911133e+00
-2.599027633666992188e+00
-2.312608718872070312e+00
-3.587839603424072266e+00
-3.196205854415893555e+00
-3.573016166687011719e+00
-2.960917711257934570e+00
-2.445883750915527344e+00
-3.383186817169189453e+00
-3.069946765899658203e+00
-2.394230842590332031e+00
-3.324137449264526367e+00
-2.931045055389404297e+00
-3.513051509857177734e+00
-2.939378499984741211e+00
-3.797383546829223633e+00
-2.334464073181152344e+00
-3.589735746383666992e+00
-3.671029806137084961e+00
-3.392546892166137695e+00
-2.461658716201782227e+00
-3.022086381912231445e+00
-3.381609678268432617e+00
-2.665076255798339844e+00
-3.693087100982666016e+00
-3.702149391174316406e+00
-3.661300897598266602e+00
-3.895788669586181641e+00
-3.157645940780639648e+00
-2.623856067657470703e+00
-3.641417264938354492e+00
-2.863615036010742188e+00
-1.652328491210937500e+00
-2.854135274887084961e+00
-2.992441415786743164e+00
-3.804964303970336914e+00
-2.805818319320678711e+00
-2.113413572311401367e+00
-3.164655447006225586e+00
-3.773660898208618164e+00
-3.306357383728027344e+00
-2.777367353439331055e+00
-4.258526325225830078e+00
-3.412872552871704102e+00
-1.881241917610168457e+00
-2.680873870849609375e+00
-3.261638641357421875e+00
-3.603143692016601562e+00
-2.829833030700683594e+00
-3.263697385787963867e+00
-3.289694547653198242e+00
-2.890924215316772461e+00
-2.286828041076660156e+00
-3.143148183822631836e+00
-2.193085670471191406e+00
-3.220427989959716797e+00
-2.473307132720947266e+00
-2.684075117111206055e+00
-3.290027141571044922e+00
-2.651136159896850586e+00
-2.937244415283203125e+00
-3.139912128448486328e+00
-2.981863021850585938e+00
-3.081358194351196289e+00
-3.546430587768554688e+00
-3.747059822082519531e+00
-2.201211929321289062e+00
-3.193295001983642578e+00
-3.334716081619262695e+00
-1.444919586181640625e+00
-2.991500377655029297e+00
-3.106109380722045898e+00
-1.279627442359924316e+00
-3.045455455780029297e+00
-2.806674957275390625e+00
-2.554858207702636719e+00
-3.145574808120727539e+00
-3.193737506866455078e+00
-3.334790706634521484e+00
-3.453870773315429688e+00
-3.597751855850219727e+00
-2.535082340240478516e+00
-3.141366958618164062e+00
-3.167272090911865234e+00
-3.329763889312744141e+00
-3.402228593826293945e+00
-3.017500638961791992e+00
-3.518758773803710938e+00
-3.924703836441040039e+00
-2.993393659591674805e+00
-3.226313114166259766e+00
-2.431234359741210938e+00
-2.625255107879638672e+00
-2.929191589355468750e+00
-3.652514934539794922e+00
-1.627153873443603516e+00
-3.399015426635742188e+00
-3.070302486419677734e+00
-2.495540380477905273e+00
-2.146255731582641602e+00
-3.728192329406738281e+00
-2.911232709884643555e+00
-2.650358915328979492e+00
-2.819520473480224609e+00
-2.045363426208496094e+00
-2.396059513092041016e+00
-3.291070222854614258e+00
-3.501380205154418945e+00
-1.819830060005187988e+00
-1.588913202285766602e+00
-3.602191686630249023e+00
-2.580785989761352539e+00
-2.858642578125000000e+00
-3.701391458511352539e+00
-3.220722913742065430e+00
-3.043365955352783203e+00
-2.264950513839721680e+00
-2.900490045547485352e+00
-2.011229276657104492e+00
-2.635523796081542969e+00
-2.754704475402832031e+00
-2.573384761810302734e+00
-2.877608299255371094e+00
-3.019580602645874023e+00
-3.003657102584838867e+00
-2.807358741760253906e+00
-3.042124986648559570e+00
-3.245450973510742188e+00
-3.568335771560668945e+00
-3.494863033294677734e+00
-2.800542831420898438e+00
-3.009884834289550781e+00
-3.013324022293090820e+00
-3.182768106460571289e+00
-1.196637392044067383e+00
-3.098165512084960938e+00
-2.868418455123901367e+00
-2.548698663711547852e+00
-2.700208902359008789e+00
-2.328866958618164062e+00
-2.533163547515869141e+00
-3.159140110015869141e+00
-2.428415060043334961e+00
-2.542337656021118164e+00
-3.710259437561035156e+00
-2.419646978378295898e+00
-2.480110168457031250e+00
-3.210044384002685547e+00
-3.341081619262695312e+00
-3.749354362487792969e+00
-4.075275897979736328e+00
-2.673762083053588867e+00
-2.615523338317871094e+00
-2.648298263549804688e+00
-2.153407573699951172e+00
-3.229837417602539062e+00
-3.278448343276977539e+00
-3.528944015502929688e+00
-1.393592953681945801e+00
-3.168096065521240234e+00
-2.755488157272338867e+00
-3.247780084609985352e+00
-2.261679887771606445e+00
-3.343333244323730469e+00
-2.359405755996704102e+00
-2.817989587783813477e+00
-3.380124092102050781e+00
-3.196787357330322266e+00
-1.594263792037963867e+00
-3.285868406295776367e+00
-3.259171009063720703e+00
-3.726783275604248047e+00
-3.280314207077026367e+00
-3.975538015365600586e+00
-3.020767211914062500e+00
-3.881287813186645508e+00
-2.928350925445556641e+00
-2.403197765350341797e+00
-3.727257013320922852e+00
-3.074999809265136719e+00
-3.109720945358276367e+00
-3.468100309371948242e+00
-2.655962228775024414e+00
-2.083429813385009766e+00
-3.414539098739624023e+00
-2.745847463607788086e+00
-2.568517684936523438e+00
-3.455665826797485352e+00
-2.780858278274536133e+00
-2.751910924911499023e+00
-3.301688194274902344e+00
-2.459083795547485352e+00
-3.986959218978881836e+00
-2.653017997741699219e+00
-3.245038986206054688e+00
-3.499127864837646484e+00
-3.911043882369995117e+00
-2.589256048202514648e+00
-3.086318016052246094e+00
-3.405364036560058594e+00
-2.306810379028320312e+00
-2.625496387481689453e+00
-1.719718933105468750e+00
-2.692666292190551758e+00
-2.473167181015014648e+00
-3.005875110626220703e+00
-2.301481246948242188e+00
-2.654715538024902344e+00
-3.539827346801757812e+00
-2.546079635620117188e+00
-3.056832313537597656e+00
-2.847374916076660156e+00
-2.026125431060791016e+00
-2.545473337173461914e+00
-3.520943880081176758e+00
-2.629159688949584961e+00
-2.419004201889038086e+00
-3.833839893341064453e+00
-4.097497940063476562e+00
-2.488380908966064453e+00
-2.891136646270751953e+00
-3.616880416870117188e+00
-4.102055072784423828e+00
-2.556125402450561523e+00
-2.853077173233032227e+00
-2.834324359893798828e+00
-3.781385660171508789e+00
-2.477982759475708008e+00
-3.676035165786743164e+00
-2.945590496063232422e+00
-3.366330623626708984e+00
-1.593679666519165039e+00
-3.457009792327880859e+00
-3.242045879364013672e+00
-3.026008605957031250e+00
-2.397781610488891602e+00
-2.140916347503662109e+00
-2.869438886642456055e+00
-2.530327320098876953e+00
-3.485041141510009766e+00
-2.689879179000854492e+00
-3.260340213775634766e+00
-3.688014984130859375e+00
-4.014918327331542969e+00
-3.372944116592407227e+00
-1.940486311912536621e+00
-2.646176099777221680e+00
-3.377971887588500977e+00
-2.945258140563964844e+00
-2.697479724884033203e+00
-2.673697948455810547e+00
-2.880920171737670898e+00
-3.494589090347290039e+00
-3.023591041564941406e+00
-3.136180162429809570e+00
-3.712600946426391602e+00
-3.386492729187011719e+00
-2.521906614303588867e+00
-1.904943227767944336e+00
-2.436945915222167969e+00
-2.068103551864624023e+00
-2.649420976638793945e+00
-2.686585426330566406e+00
-2.678766727447509766e+00
-2.480878829956054688e+00
-2.560868024826049805e+00
-2.935920953750610352e+00
-3.241309881210327148e+00
-2.370282411575317383e+00
-2.787253379821777344e+00
-1.634127974510192871e+00
-3.002380371093750000e+00
-3.748619794845581055e+00
-2.493193149566650391e+00
-3.126910448074340820e+00
-2.749077796936035156e+00
-2.931668043136596680e+00
-3.434064865112304688e+00
-2.304070234298706055e+00
-3.547218561172485352e+00
-2.267297029495239258e+00
-1.892755866050720215e+00
-2.539756536483764648e+00
-2.015656948089599609e+00
-2.520995616912841797e+00
-3.553672552108764648e+00
-3.155080556869506836e+00
-1.672901630401611328e+00
-2.024871587753295898e+00
-2.839926719665527344e+00
-3.380073308944702148e+00
-2.256091356277465820e+00
-3.876167297363281250e+00
-2.710535764694213867e+00
-3.282964468002319336e+00
-3.105302095413208008e+00
-2.744083642959594727e+00
-2.703504085540771484e+00
-2.880258083343505859e+00
-2.654230117797851562e+00
-2.865880966186523438e+00
-3.629987716674804688e+00
-2.268736362457275391e+00
-3.241038084030151367e+00
-3.755467653274536133e+00
-3.037659645080566406e+00
-1.820998430252075195e+00
-2.458917856216430664e+00
-2.583885431289672852e+00
-2.427088022232055664e+00
-2.146421670913696289e+00
-2.982220888137817383e+00
-2.061028480529785156e+00
-2.586047410964965820e+00
-2.828048229217529297e+00
-3.455599308013916016e+00
-2.074464559555053711e+00
-3.399202108383178711e+00
-3.651293277740478516e+00
-1.444066286087036133e+00
-3.050073146820068359e+00
-3.704679250717163086e+00
-2.818343400955200195e+00
-2.445343494415283203e+00
-3.306899309158325195e+00
-3.228459596633911133e+00
-2.788711547851562500e+00
-2.030291795730590820e+00
-2.833395481109619141e+00
-3.235896110534667969e+00
-3.322716951370239258e+00
-2.425276041030883789e+00
-3.749506950378417969e+00
-2.891379356384277344e+00
-1.531378149986267090e+00
-2.470941305160522461e+00
-1.479651570320129395e+00
-2.480924129486083984e+00
-2.781723976135253906e+00
-3.370363950729370117e+00
-3.772594451904296875e+00
-2.784755945205688477e+00
-2.633874654769897461e+00
-3.609947443008422852e+00
-1.456988930702209473e+00
-2.295788526535034180e+00
-2.743387222290039062e+00
-3.311205148696899414e+00
-2.641935348510742188e+00
-3.618327379226684570e+00
-3.420336723327636719e+00
-3.014824151992797852e+00
-3.727121114730834961e+00
-2.641185998916625977e+00
-3.046471834182739258e+00
-2.043746948242187500e+00
-1.656462430953979492e+00
-2.345917463302612305e+00
-3.115352392196655273e+00
-3.333717346191406250e+00
-2.613328933715820312e+00
-3.282550334930419922e+00
-3.149020910263061523e+00
-3.297887086868286133e+00
-1.677030205726623535e+00
-3.896668910980224609e+00
-3.629895925521850586e+00
-2.803143501281738281e+00
-3.503222942352294922e+00
-3.486501455307006836e+00
-3.408852100372314453e+00
-3.144364118576049805e+00
-2.657145738601684570e+00
-3.778497219085693359e+00
-3.255379676818847656e+00
-2.682100772857666016e+00
-3.568714141845703125e+00
-2.336942434310913086e+00
-3.516755104064941406e+00
-2.597859859466552734e+00
-3.641304016113281250e+00
-1.969209671020507812e+00
-1.451273798942565918e+00
-1.903109312057495117e+00
-3.513517856597900391e+00
-3.639603137969970703e+00
-2.325551509857177734e+00
-2.175764560699462891e+00
-3.299668788909912109e+00
-3.273050546646118164e+00
-3.391058444976806641e+00
-3.470703363418579102e+00
-2.615554809570312500e+00
-3.690071105957031250e+00
-2.795178174972534180e+00
-3.260492086410522461e+00
-2.412560939788818359e+00
-3.528067350387573242e+00
-3.874188661575317383e+00
-1.902048826217651367e+00
-2.897867918014526367e+00
-3.432768344879150391e+00
-3.001305580139160156e+00
-3.066169261932373047e+00
-2.824661016464233398e+00
-3.468740224838256836e+00
-2.559563159942626953e+00
-3.035652637481689453e+00
-3.165961742401123047e+00
-3.391554117202758789e+00
-3.017883539199829102e+00
-2.395182847976684570e+00
-2.163193464279174805e+00
-2.691632032394409180e+00
-3.180887937545776367e+00
-2.693616390228271484e+00
-3.040660619735717773e+00
-1.935451745986938477e+00
-2.801630496978759766e+00
-1.640224218368530273e+00
-2.510058164596557617e+00
-3.297470808029174805e+00
-3.064646720886230469e+00
-2.717969894409179688e+00
-2.366698265075683594e+00
-2.557671546936035156e+00
-2.812174797058105469e+00
-3.733561992645263672e+00
-2.324992656707763672e+00
-3.141160964965820312e+00
-3.609257221221923828e+00
-2.514375448226928711e+00
-3.223912000656127930e+00
-2.054376125335693359e+00
-3.719608545303344727e+00
-3.365226268768310547e+00
-2.454348564147949219e+00
-2.509722232818603516e+00
-2.380911111831665039e+00
-1.966555476188659668e+00
-3.729874610900878906e+00
-2.078290224075317383e+00
-2.984355449676513672e+00
-2.043911218643188477e+00
-3.539655685424804688e+00
-3.174010992050170898e+00
-3.739694595336914062e+00
-3.480172872543334961e+00
-2.742305278778076172e+00
-3.927339076995849609e+00
-3.909126758575439453e+00
-3.022567510604858398e+00
-2.607196331024169922e+00
-3.177799940109252930e+00
-3.825489521026611328e+00
-3.152163743972778320e+00
-2.398539543151855469e+00
-3.437180995941162109e+00
-2.569920063018798828e+00
-3.107682228088378906e+00
-2.778606653213500977e+00
-2.273623704910278320e+00
-2.050185680389404297e+00
-7.505356669425964355e-01
-3.264495611190795898e+00
-3.257177829742431641e+00
-2.526153326034545898e+00
-2.139527797698974609e+00
-1.861429929733276367e+00
-2.581503152847290039e+00
-1.961334228515625000e+00
-3.093880891799926758e+00
-2.910581111907958984e+00
-2.217987298965454102e+00
-3.699084997177124023e+00
-2.678446531295776367e+00
-3.500309467315673828e+00
-2.520060777664184570e+00
-2.054656505584716797e+00
-1.361544251441955566e+00
-3.548040151596069336e+00
-1.873509287834167480e+00
-2.737465381622314453e+00
-3.542041301727294922e+00
-2.808403015136718750e+00
-2.179161787033081055e+00
-2.808275461196899414e+00
-3.103315591812133789e+00
-1.225348114967346191e+00
-2.570454835891723633e+00
-2.335034847259521484e+00
-2.067651271820068359e+00
-2.736913442611694336e+00
-2.377123117446899414e+00
-2.303045988082885742e+00
-2.631124496459960938e+00
-3.763445615768432617e+00
-3.279694318771362305e+00
-1.483569025993347168e+00
-1.877116799354553223e+00
-2.973159074783325195e+00
-3.301397562026977539e+00
-3.364310741424560547e+00
-2.077877044677734375e+00
-3.276443243026733398e+00
-2.805081367492675781e+00
-1.900941014289855957e+00
-1.720200419425964355e+00
-2.652144193649291992e+00
-3.243731260299682617e+00
-2.277090549468994141e+00
-2.651882886886596680e+00
-2.843803405761718750e+00
-2.879898309707641602e+00
-3.097124099731445312e+00
-2.174008369445800781e+00
-1.505030155181884766e+00
-2.668841600418090820e+00
-2.207392692565917969e+00
-2.006509780883789062e+00
-1.957939624786376953e+00
-1.988343477249145508e+00
-2.843605041503906250e+00
-2.728576898574829102e+00
-2.157318830490112305e+00
-2.520015239715576172e+00
-2.297457933425903320e+00
-9.850756525993347168e-01
-2.723755598068237305e+00
-1.798209547996520996e+00
-2.102415084838867188e+00
-1.700932741165161133e+00
-3.481479644775390625e+00
-2.692105293273925781e+00
-9.135450124740600586e-01
-2.314677000045776367e+00
-1.461158871650695801e+00
-2.875588655471801758e+00
-2.531868457794189453e+00
-2.179749488830566406e+00
-2.710074186325073242e+00
-2.626895189285278320e+00
-2.516450643539428711e+00
-2.864170074462890625e+00
-2.619081974029541016e+00
-1.053864121437072754e+00
-2.675514698028564453e+00
-2.647656679153442383e+00
-2.554417848587036133e+00
-2.044653415679931641e+00
-3.282030344009399414e+00
-3.055604934692382812e+00
-2.261244058609008789e+00
-3.171030044555664062e+00
-2.337845563888549805e+00
-2.405969858169555664e+00
-2.206329584121704102e+00
-2.948791742324829102e+00
-2.240825653076171875e+00
-2.863455772399902344e+00
-1.855265498161315918e+00
-2.937010526657104492e+00
-3.279621362686157227e+00
-1.850335001945495605e+00
-1.846791505813598633e+00
-6.263290047645568848e-01
-2.373706817626953125e+00
-1.935441732406616211e+00
-2.685042381286621094e+00
-2.032558441162109375e+00
-2.687119722366333008e+00
-1.955612301826477051e+00
-3.149751186370849609e+00
-2.701395273208618164e+00
-1.157873392105102539e+00
-1.972365975379943848e+00
-1.618849396705627441e+00
-1.995858669281005859e+00
-2.322151899337768555e+00
-2.966745376586914062e+00
-3.437474966049194336e+00
-1.675560593605041504e+00
-2.482814311981201172e+00
-2.916369438171386719e+00
-1.852494239807128906e+00
-2.264898538589477539e+00
-3.399713754653930664e+00
-3.265848398208618164e+00
-2.420589923858642578e+00
-2.910665988922119141e+00
-2.795730352401733398e+00
-2.196603775024414062e+00
-3.545281887054443359e+00
-2.869684934616088867e+00
-8.007011413574218750e-01
-2.147453069686889648e+00
-2.731845378875732422e+00
-2.591939210891723633e+00
-2.248830556869506836e+00
-2.891944885253906250e+00
-1.910646796226501465e+00
-2.385614156723022461e+00
-1.010376453399658203e+00
-5.341752767562866211e-01
-1.785498380661010742e+00
-2.332370996475219727e+00
-3.188076972961425781e+00
-3.512551784515380859e+00
-1.754888534545898438e+00
-3.214361190795898438e+00
-3.263900756835937500e+00
-2.054565906524658203e+00
-1.076592803001403809e+00
-3.113187551498413086e+00
-2.962109804153442383e+00
-3.115793228149414062e+00
-1.878323912620544434e+00
-2.328393697738647461e+00
-2.062793970108032227e+00
-3.007927656173706055e+00
-3.026466131210327148e+00
-2.838683843612670898e+00
-2.758471488952636719e+00
-3.127680540084838867e+00
-1.357949256896972656e+00
-2.791742086410522461e+00
-1.154995679855346680e+00
-2.129179716110229492e+00
-3.222631692886352539e+00
-2.924676895141601562e+00
-1.174239158630371094e+00
-2.531550407409667969e+00
-2.596116542816162109e+00
-3.371397018432617188e+00
-2.641741991043090820e+00
-1.293128490447998047e+00
-1.987430691719055176e+00
-2.734351396560668945e+00
-3.145895719528198242e+00
-2.470419645309448242e+00
-3.090252876281738281e+00
-2.951360702514648438e+00
-2.503503084182739258e+00
-1.990158915519714355e+00
-9.233389496803283691e-01
-1.283286809921264648e+00
-3.302648067474365234e+00
-3.038393974304199219e+00
-3.689640522003173828e+00
-3.217730045318603516e+00
-3.075150728225708008e+00
-9.851731061935424805e-01
-3.035990953445434570e+00
-3.314987182617187500e+00
-1.258503556251525879e+00
-2.318811416625976562e+00
-2.273506164550781250e+00
-3.003877878189086914e+00
-2.304143428802490234e+00
-2.756130695343017578e+00
-1.769993424415588379e+00
-1.565557718276977539e+00
-2.364715576171875000e+00
-1.286951661109924316e+00
-2.386385679244995117e+00
-2.149659872055053711e+00
-2.746924877166748047e+00
-9.077500104904174805e-01
-3.875765323638916016e+00
-9.233356118202209473e-01
-2.964685678482055664e+00
-2.494771718978881836e+00
-3.886939048767089844e+00
-1.899113655090332031e+00
-2.698061704635620117e+00
-2.308286905288696289e+00
-3.170045614242553711e+00
-2.076876640319824219e+00
-3.475004434585571289e+00
-3.119032144546508789e+00
-2.759964704513549805e+00
-2.318958520889282227e+00
-2.532346010208129883e+00
-1.898930191993713379e+00
-3.430075883865356445e+00
-3.333219289779663086e+00
-2.975482940673828125e+00
-1.733933448791503906e+00
-2.376164436340332031e+00
-2.151808738708496094e+00
-2.020287513732910156e+00
-1.877249121665954590e+00
-3.291043519973754883e+00
-2.294709205627441406e+00
-2.171424388885498047e+00
-2.868730068206787109e+00
-3.188080787658691406e+00
-2.834315776824951172e+00
-3.142963409423828125e+00
-2.582324981689453125e+00
-2.578695058822631836e+00
-3.251591205596923828e+00
-2.738930225372314453e+00
-2.100141286849975586e+00
-3.189821243286132812e+00
-1.268024444580078125e+00
-1.709032535552978516e+00
-3.214200496673583984e+00
-2.749159336090087891e+00
-1.219147324562072754e+00
-2.499619483947753906e+00
-1.573696494102478027e+00
-1.954367041587829590e+00
-2.011678934097290039e+00
-3.460030555725097656e+00
-3.211839675903320312e+00
-1.474515318870544434e+00
-2.325091600418090820e+00
-3.334806442260742188e+00
-1.855808854103088379e+00
-1.718843460083007812e+00
-2.836580753326416016e+00
-2.716528415679931641e+00
-2.813737630844116211e+00
-2.628413915634155273e+00
-3.703903436660766602e+00
-3.581685066223144531e+00
-1.925297141075134277e+00
-2.467330217361450195e+00
-2.232832908630371094e+00
-2.285209178924560547e+00
-1.965518832206726074e+00
-3.333196640014648438e+00
-2.455531835556030273e+00
-1.621806740760803223e+00
-2.351620674133300781e+00
-3.818811774253845215e-01
-2.177733898162841797e+00
-2.998815536499023438e+00
-3.140384674072265625e+00
-2.846268892288208008e+00
-2.428163528442382812e+00
-3.177109241485595703e+00
-3.059861183166503906e+00
-1.221940875053405762e+00
-2.463660717010498047e+00
-3.456044197082519531e+00
-2.500369787216186523e+00
-3.162715911865234375e+00
-2.859975814819335938e+00
-1.795740842819213867e+00
-3.420480251312255859e+00
-1.100483179092407227e+00
-1.004645228385925293e+00
-2.547214031219482422e+00
-3.382755756378173828e+00
-2.582705497741699219e+00
-2.709397315979003906e+00
-2.212872505187988281e+00
-5.506002306938171387e-01
-2.112903594970703125e+00
-2.994165420532226562e+00
-3.332069158554077148e+00
-1.306301474571228027e+00
-3.243929147720336914e+00
-2.423257827758789062e+00
-2.925747871398925781e+00
-2.671519756317138672e+00
-2.090563297271728516e+00
-2.142446756362915039e+00
-2.709565401077270508e+00
-2.530268192291259766e+00
-2.145539522171020508e+00
-4.490928649902343750e-01
-2.663785457611083984e+00
-1.976534247398376465e+00
-2.943208932876586914e+00
-2.534052371978759766e+00
-2.955636978149414062e+00
-3.111734151840209961e+00
-6.162906885147094727e-01
-1.618096113204956055e+00
-4.485875666141510010e-01
-2.443251132965087891e+00
-2.345915317535400391e+00
-1.818862438201904297e+00
-1.842792868614196777e+00
-1.932941913604736328e+00
-2.987822055816650391e+00
-1.590473055839538574e+00
-2.870325326919555664e+00
-4.456579685211181641e-01
-2.893226146697998047e+00
-1.997385978698730469e+00
-2.105316877365112305e+00
-1.036958575248718262e+00
-1.981841564178466797e+00
-3.081306934356689453e+00
-2.516363859176635742e+00
-2.946328401565551758e+00
-2.590784311294555664e+00
-2.764251470565795898e+00
-1.905342102050781250e+00
-2.132138252258300781e+00
-3.065211057662963867e+00
-2.611031293869018555e+00
-2.808429479598999023e+00
-2.124955892562866211e+00
-9.727385640144348145e-01
-2.142598628997802734e+00
-2.163009881973266602e+00
-2.615610361099243164e+00
-2.933200597763061523e+00
-3.416541576385498047e+00
-2.362695932388305664e+00
-2.788730621337890625e+00
-2.869567394256591797e+00
-9.111679196357727051e-01
-2.648011922836303711e+00
-2.912726402282714844e+00
-2.303229093551635742e+00
-2.734532117843627930e+00
-2.119028091430664062e+00
-2.140388965606689453e+00
-1.878945946693420410e+00
-2.707183837890625000e+00
-2.471844673156738281e+00
-2.814404249191284180e+00
-2.892999649047851562e+00
-1.942084908485412598e+00
-6.960298418998718262e-01
-2.558735132217407227e+00
-2.268434286117553711e+00
-1.359972596168518066e+00
-1.003142952919006348e+00
-1.953106760978698730e+00
-2.679982185363769531e+00
-3.420825481414794922e+00
-3.250662565231323242e+00
-1.815200567245483398e+00
-2.106539964675903320e+00
-1.128569245338439941e+00
-3.634581327438354492e+00
-2.953992843627929688e+00
-1.234812021255493164e+00
-1.994866251945495605e+00
-3.626887559890747070e+00
-3.813834190368652344e+00
-2.635941267013549805e+00
-2.491529941558837891e+00
-2.157644033432006836e+00
-3.067736625671386719e+00
-2.270918369293212891e+00
-1.065091490745544434e+00
-2.160709381103515625e+00
-3.098402976989746094e+00
-1.677223563194274902e+00
-2.754841566085815430e+00
-2.206195831298828125e+00
-2.338384866714477539e+00
-3.150814533233642578e+00
-7.061255574226379395e-01
-2.558441638946533203e+00
-2.035717487335205078e+00
-3.158083677291870117e+00
-2.083429813385009766e+00
-3.062498092651367188e+00
-3.279531240463256836e+00
-1.922070145606994629e+00
-3.325711190700531006e-01
-2.761949300765991211e+00
-2.764242410659790039e+00
-2.181785821914672852e+00
-1.492054343223571777e+00
-2.358425140380859375e+00
-1.127481818199157715e+00
-2.058778047561645508e+00
-1.762222766876220703e+00
-3.042356729507446289e+00
-1.989974379539489746e+00
-2.489482402801513672e+00
-1.627541780471801758e+00
-2.835515022277832031e+00
-1.084041953086853027e+00
-1.983741044998168945e+00
-1.659268736839294434e+00
-8.925008177757263184e-01
-3.349964380264282227e+00
-2.251295804977416992e+00
-3.009976387023925781e+00
-3.103302001953125000e+00
-1.327168941497802734e+00
-2.580750942230224609e+00
-1.782045364379882812e+00
-1.899438738822937012e+00
-2.197834253311157227e+00
-3.162752151489257812e+00
-2.006311655044555664e+00
-1.475352168083190918e+00
-1.578749299049377441e+00
-2.805843353271484375e+00
-1.402006030082702637e+00
-2.152662277221679688e+00
-2.849489927291870117e+00
-7.439923882484436035e-01
-2.062633991241455078e+00
-1.748003840446472168e+00
-2.133725643157958984e+00
-2.815483570098876953e+00
-3.111969470977783203e+00
-2.910698413848876953e+00
-2.389952421188354492e+00
-1.215083241462707520e+00
-2.672737121582031250e+00
-1.552697777748107910e+00
-2.123524188995361328e+00
-2.770031929016113281e+00
-2.221841335296630859e+00
-3.160999774932861328e+00
-1.763014435768127441e+00
-2.501414537429809570e+00
-2.350093364715576172e+00
-6.320943832397460938e-01
-2.567250490188598633e+00
-2.313019037246704102e+00
-2.498089551925659180e+00
-2.599410772323608398e+00
-2.830515146255493164e+00
-1.389609813690185547e+00
-3.546773433685302734e+00
-2.270663499832153320e+00
-1.029962897300720215e+00
-2.604020118713378906e+00
-1.021574616432189941e+00
-1.162491083145141602e+00
-1.343374252319335938e+00
-3.280399322509765625e+00
-3.211444616317749023e+00
-3.035591602325439453e+00
-2.530965089797973633e+00
-3.391603231430053711e+00
-1.305599451065063477e+00
-1.919436931610107422e+00
-2.205615282058715820e+00
-2.654929637908935547e+00
-2.121915340423583984e+00
-2.659732341766357422e+00
-3.219670772552490234e+00
-2.782870531082153320e+00
-3.139542102813720703e+00
-2.276127099990844727e+00
-1.614209890365600586e+00
-2.180006504058837891e+00
-3.017096042633056641e+00
-2.982314586639404297e+00
-3.460169553756713867e+00
-2.417195558547973633e+00
-2.795327425003051758e+00
-2.743338823318481445e+00
-1.771663427352905273e+00
-2.082973480224609375e+00
-2.039515733718872070e+00
-2.134931325912475586e+00
-1.179794073104858398e+00
-2.667963027954101562e+00
-1.878488421440124512e+00
-2.278299093246459961e+00
-2.540939569473266602e+00
-2.912425518035888672e+00
-2.286360502243041992e+00
-2.005914926528930664e+00
-2.862593889236450195e+00
-1.617165088653564453e+00
-2.089520454406738281e+00
-1.965263366699218750e+00
-2.337291002273559570e+00
-2.143746137619018555e+00
-1.243108987808227539e+00
-1.928933382034301758e+00
-1.989627838134765625e+00
-2.904787302017211914e+00
-2.968549013137817383e+00
-2.146790266036987305e+00
-1.534838080406188965e+00
-1.444399237632751465e+00
-3.100313425064086914e+00
-2.206740140914916992e+00
-1.002286553382873535e+00
-2.696149110794067383e+00
-3.287856101989746094e+00
-3.432177305221557617e+00
-1.012186408042907715e+00
-3.216306447982788086e+00
-2.522472620010375977e+00
-1.590171456336975098e+00
-1.782724857330322266e+00
-3.355254173278808594e+00
-2.799004554748535156e+00
-2.804421663284301758e+00
-2.203361272811889648e+00
-3.055532217025756836e+00
-5.803932547569274902e-01
-2.889552354812622070e+00
-3.553345441818237305e+00
-3.174167394638061523e+00
-2.624920606613159180e+00
-1.463476896286010742e+00
-2.245162010192871094e+00
-3.137851715087890625e+00
-1.658714175224304199e+00
-2.413675546646118164e+00
-2.522475957870483398e+00
-2.420458316802978516e+00
-2.651288747787475586e+00
-2.220122337341308594e+00
-8.997017145156860352e-01
-3.032292366027832031e+00
-2.558702230453491211e+00
-4.926994144916534424e-01
-3.027994155883789062e+00
-2.452909231185913086e+00
-9.894565939903259277e-01
-2.133828163146972656e+00
-2.594705820083618164e+00
-1.839310646057128906e+00
-3.258960962295532227e+00
-2.600278854370117188e+00
-2.544926881790161133e+00
-2.219619512557983398e+00
-2.884011268615722656e+00
-2.847339868545532227e+00
-1.415696740150451660e+00
-2.224926948547363281e+00
-2.533596515655517578e+00
-2.260324001312255859e+00
-1.621079921722412109e+00
-2.442690849304199219e+00
-3.125480413436889648e+00
-1.436210036277770996e+00
-3.199462175369262695e+00
-3.098318099975585938e+00
-1.732563853263854980e+00
-2.037001103162765503e-01
-2.104689836502075195e+00
-1.431843400001525879e+00
-1.591760277748107910e+00
-2.995722532272338867e+00
-3.227551460266113281e+00
-3.271129131317138672e+00
-5.398033261299133301e-01
-2.867487907409667969e+00
-3.164461374282836914e+00
-2.490332365036010742e+00
-2.824252128601074219e+00
-9.520649313926696777e-01
-3.232225418090820312e+00
-2.944787263870239258e+00
-3.240677118301391602e+00
-5.195171833038330078e-01
-2.191851615905761719e+00
-2.740707635879516602e+00
-2.128400087356567383e+00
-3.145445585250854492e+00
-2.089392662048339844e+00
-1.817930817604064941e+00
-2.816846370697021484e+00
-1.878592848777770996e+00
-2.241690635681152344e+00
-2.551076650619506836e+00
-9.400547742843627930e-01
-2.671474933624267578e+00
-2.963542938232421875e+00
-2.896664142608642578e+00
-2.264255762100219727e+00
-2.037659645080566406e+00
-2.561354160308837891e+00
-3.439356088638305664e+00
-2.493116855621337891e+00
-3.199717760086059570e+00
-1.627202749252319336e+00
-2.885264396667480469e+00
-1.258908390998840332e+00
-3.266204357147216797e+00
-2.339070558547973633e+00
-2.246577501296997070e+00
-2.446974039077758789e+00
-2.762243747711181641e+00
-3.091628551483154297e+00
-2.808656215667724609e+00
-3.164528846740722656e+00
-2.867567777633666992e+00
-3.163227796554565430e+00
-2.772394180297851562e+00
-2.805129289627075195e+00
-1.482452511787414551e+00
-3.302233695983886719e+00
-3.285985231399536133e+00
-2.196172922849655151e-01
-1.381975293159484863e+00
-2.129932165145874023e+00
-2.136590480804443359e+00
-2.183454990386962891e+00
-2.601547241210937500e+00
-1.439968824386596680e+00
-3.176535129547119141e+00
-3.095839500427246094e+00
-2.518830776214599609e+00
-3.142619848251342773e+00
-2.740445137023925781e+00
-8.543588519096374512e-01
-2.440048456192016602e+00
-2.021001577377319336e+00
-2.709587574005126953e+00
-2.827978372573852539e+00
-3.064288854598999023e+00
-2.506653070449829102e+00
-1.727434158325195312e+00
-8.360069990158081055e-01
-1.226651430130004883e+00
-2.694295644760131836e+00
-2.184543371200561523e+00
-2.755401611328125000e+00
-2.932569742202758789e+00
-3.337264537811279297e+00
-2.047780036926269531e+00
-1.057604551315307617e+00
-1.880057096481323242e+00
-2.151813507080078125e+00
-1.721763968467712402e+00
-2.155622243881225586e+00
-3.019418239593505859e+00
-1.766889929771423340e+00
-3.445631980895996094e+00
-2.229817628860473633e+00
-2.595822811126708984e+00
-1.406643748283386230e+00
-1.673007488250732422e+00
-8.551102280616760254e-01
-1.922844409942626953e+00
-2.110176801681518555e+00
-2.283065080642700195e+00
-3.211034774780273438e+00
-1.974676012992858887e+00
-2.309804439544677734e+00
-2.106592178344726562e+00
-2.355341196060180664e+00
-1.209889769554138184e+00
-1.039027333259582520e+00
-2.362659454345703125e+00
-3.002496957778930664e+00
-2.247544527053833008e+00
-2.272282838821411133e+00
-2.719231128692626953e+00
-3.213262796401977539e+00
-8.995664715766906738e-01
-3.059471368789672852e+00
-1.369506359100341797e+00
-3.244709968566894531e+00
-2.848748922348022461e+00
-2.712791919708251953e+00
-2.985337257385253906e+00
-5.789094567298889160e-01
-2.069784641265869141e+00
-2.750590324401855469e+00
-2.385896444320678711e+00
-2.013612508773803711e+00
-2.258435964584350586e+00
-2.549551248550415039e+00
-1.646146893501281738e+00
-1.482059359550476074e+00
-1.564874053001403809e+00
-2.084762573242187500e+00
-2.199455261230468750e+00
-1.929632663726806641e+00
-2.091477870941162109e+00
-3.167436838150024414e+00
-1.493785262107849121e+00
-2.918694019317626953e+00
-3.352318048477172852e+00
-3.227769613265991211e+00
-2.129563808441162109e+00
-1.656009674072265625e+00
-3.235439538955688477e+00
-2.585630893707275391e+00
-2.472749471664428711e+00
-3.215101480484008789e+00
-2.248837471008300781e+00
-1.158074975013732910e+00
-2.050951957702636719e+00
-2.192213773727416992e+00
-3.397279262542724609e+00
-2.337416648864746094e+00
-2.632949352264404297e+00
-3.545980930328369141e+00
-1.846693992614746094e+00
-2.768317461013793945e+00
-1.672031283378601074e+00
-2.871435880661010742e+00
-3.288165092468261719e+00
-2.492563962936401367e+00
-3.012858152389526367e+00
-3.258312702178955078e+00
-1.414600491523742676e+00
-3.261493921279907227e+00
-1.810008168220520020e+00
-2.891844749450683594e+00
-1.159005999565124512e+00
-2.464904308319091797e+00
-1.830528497695922852e+00
-2.412421941757202148e+00
-3.303169250488281250e+00
-3.143047094345092773e+00
-2.108155965805053711e+00
-2.349380970001220703e+00
-2.397818565368652344e+00
-8.258194923400878906e-01
-2.890705823898315430e+00
-1.779564619064331055e+00
-2.202353239059448242e+00
-2.568226099014282227e+00
-1.900676965713500977e+00
-2.450949430465698242e+00
-2.499795436859130859e+00
-2.640374183654785156e+00
-2.785509586334228516e+00
-3.479104518890380859e+00
-2.673485040664672852e+00
-1.185834050178527832e+00
-2.958111286163330078e+00
-2.784877538681030273e+00
-1.033883810043334961e+00
-3.211678028106689453e+00
-3.023935317993164062e+00
-2.561398029327392578e+00
-2.861568927764892578e+00
-2.680514574050903320e+00
-1.826820492744445801e+00
-7.825791835784912109e-01
-1.436882853507995605e+00
-1.072181463241577148e+00
-2.243733882904052734e+00
-1.891684055328369141e+00
-2.717470645904541016e+00
-3.432159662246704102e+00
-1.959250211715698242e+00
-2.526418924331665039e+00
-2.704480171203613281e+00
-2.125299453735351562e+00
-2.440553188323974609e+00
-3.668833971023559570e+00
-2.168999433517456055e+00
-1.816084146499633789e+00
-2.461682558059692383e+00
-1.938448071479797363e+00
-2.599751234054565430e+00
-3.353873729705810547e+00
-2.392520189285278320e+00
-1.957670569419860840e+00
-2.875951766967773438e+00
-3.353842973709106445e+00
-1.997034192085266113e+00
-2.735021829605102539e+00
-1.439586877822875977e+00
-1.352774977684020996e+00
-2.531148672103881836e+00
-1.815942049026489258e+00
-2.437137603759765625e+00
-1.841210365295410156e+00
-2.582321166992187500e+00
-2.764118671417236328e+00
-5.027492642402648926e-01
-2.384660720825195312e+00
-1.980957269668579102e+00
-3.015438318252563477e+00
-2.593443870544433594e+00
-2.329250574111938477e+00
-2.459651231765747070e+00
-3.033348321914672852e+00
-2.713411331176757812e+00
-1.816463589668273926e+00
-3.194638252258300781e+00
-9.410688877105712891e-01
-2.953170299530029297e+00
-2.093370437622070312e+00
-9.134835004806518555e-01
-2.847088575363159180e+00
-3.101713895797729492e+00
-2.248079538345336914e+00
-1.434364557266235352e+00
-2.717242717742919922e+00
-3.853477478027343750e+00
-2.791157484054565430e+00
-1.264800429344177246e+00
-2.998043298721313477e+00
-2.106233835220336914e+00
-2.899408340454101562e+00
-2.000379323959350586e+00
-2.597411632537841797e+00
-3.130795001983642578e+00
-2.746189117431640625e+00
-2.484612703323364258e+00
-3.347326040267944336e+00
-3.219589233398437500e+00
-3.441018819808959961e+00
-3.191920757293701172e+00
-2.837322711944580078e+00
-1.929250001907348633e+00
-9.118158817291259766e-01
-2.553619384765625000e+00
-2.312991380691528320e+00
-1.511795520782470703e+00
-1.601305723190307617e+00
-2.358433246612548828e+00
-3.071714639663696289e+00
-3.232703208923339844e+00
-3.198102474212646484e+00
-3.134901762008666992e+00
-2.023057460784912109e+00
-2.531637907028198242e+00
-2.580760240554809570e+00
-1.350545167922973633e+00
-2.316987514495849609e+00
-2.816329479217529297e+00
-2.308965206146240234e+00
-1.292524099349975586e+00
-2.230674982070922852e+00
-2.210569620132446289e+00
-2.302735328674316406e+00
-1.574031352996826172e+00
-2.272858381271362305e+00
-2.075823783874511719e+00
-2.176478147506713867e+00
-2.475069522857666016e+00
-2.582856655120849609e+00
-1.662375688552856445e+00
-6.519680619239807129e-01
-3.063174486160278320e+00
-1.894158840179443359e+00
-3.162345886230468750e+00
-2.439068555831909180e+00
-2.340204477310180664e+00
-7.101310491561889648e-01
-2.120459079742431641e+00
-1.603718638420104980e+00
-2.088480472564697266e+00
-1.954832434654235840e+00
-2.858498096466064453e+00
-1.811893105506896973e+00
-2.518119335174560547e+00
-2.845450162887573242e+00
-2.217535257339477539e+00
-2.318718671798706055e+00
-2.447363376617431641e+00
-3.287636756896972656e+00
-1.273977875709533691e+00
-1.999954819679260254e+00
-2.610475778579711914e+00
-3.244720935821533203e+00
-3.186768770217895508e+00
-2.548530578613281250e+00
-1.976494073867797852e+00
-8.741703033447265625e-01
-2.221225976943969727e+00
-6.329494118690490723e-01
-2.270914554595947266e+00
-1.440902113914489746e+00
-2.843391656875610352e+00
-3.080142259597778320e+00
-2.581382513046264648e+00
-2.887369394302368164e+00
-2.365183830261230469e+00
-1.810231566429138184e+00
-3.526153802871704102e+00
-2.093070983886718750e+00
-2.330187797546386719e+00
-2.801293134689331055e+00
-2.116517543792724609e+00
-2.868418216705322266e+00
-3.723670959472656250e+00
-3.390833854675292969e+00
-3.513972997665405273e+00
-2.730863332748413086e+00
-3.502562522888183594e+00
-1.952963709831237793e+00
-2.373360157012939453e+00
-2.820847511291503906e+00
-2.664859533309936523e+00
-2.186409235000610352e+00
-2.289973735809326172e+00
-3.157011270523071289e+00
-2.946270942687988281e+00
-1.940882444381713867e+00
-2.502128601074218750e+00
-3.252486467361450195e+00
-2.500153779983520508e+00
-3.079085350036621094e+00
-2.945422410964965820e+00
-2.062103152275085449e-01
-3.439938783645629883e+00
-1.911193490028381348e+00
-1.562583804130554199e+00
-2.039189577102661133e+00
-2.382566213607788086e+00
-2.003153800964355469e+00
-3.268702268600463867e+00
-1.653241872787475586e+00
-2.124477863311767578e+00
-2.951839447021484375e+00
-3.120864629745483398e+00
-2.807479381561279297e+00
-1.896062612533569336e+00
-3.340461492538452148e+00
-3.280501604080200195e+00
-2.631543159484863281e+00
-3.540367603302001953e+00
-1.474077820777893066e+00
-3.265041351318359375e+00
-2.541341304779052734e+00
-3.155260562896728516e+00
-2.745856523513793945e+00
-1.989046216011047363e+00
-9.031965732574462891e-01
-3.532181501388549805e+00
-1.794440031051635742e+00
-1.955965995788574219e+00
-1.698708176612854004e+00
-2.956113100051879883e+00
-2.696719408035278320e+00
-2.209967136383056641e+00
-8.943828344345092773e-01
-2.091156959533691406e+00
-3.067068338394165039e+00
-3.345555782318115234e+00
-8.884091377258300781e-01
-2.972602367401123047e+00
-1.865956783294677734e+00
-3.278175592422485352e+00
-1.650755405426025391e+00
-2.065603494644165039e+00
-1.060430288314819336e+00
-1.290364623069763184e+00
-3.621442079544067383e+00
-2.807623147964477539e+00
-1.840552330017089844e+00
-2.808104753494262695e+00
-2.718146562576293945e+00
-3.419725894927978516e+00
-3.259568691253662109e+00
-3.057690143585205078e+00
-2.053407669067382812e+00
-2.064073085784912109e+00
-3.506648063659667969e+00
-2.621133327484130859e+00
-3.510123491287231445e+00
-1.326704621315002441e+00
-3.218129396438598633e+00
-1.680599808692932129e+00
-2.622884988784790039e+00
-9.450448155403137207e-01
-1.368900299072265625e+00
-3.077131032943725586e+00
-3.084299325942993164e+00
-3.155274152755737305e+00
-2.253109455108642578e+00
-3.187743425369262695e+00
-1.064425587654113770e+00
-3.385218858718872070e+00
-2.430948257446289062e+00
-3.054491281509399414e+00
-1.411903619766235352e+00
-2.704695940017700195e+00
-1.807262301445007324e+00
-1.278369188308715820e+00
-9.770638346672058105e-01
-1.851745367050170898e+00
-2.901502609252929688e+00
-2.584908723831176758e+00
-2.422762870788574219e+00
-3.202511548995971680e+00
-2.114967346191406250e+00
-1.442824840545654297e+00
-2.429116725921630859e+00
-2.581377983093261719e+00
-2.280884027481079102e+00
-1.893458724021911621e+00
-2.995930671691894531e+00
-3.561561346054077148e+00
-2.102248668670654297e+00
-2.063288688659667969e+00
-1.775027990341186523e+00
-2.890220880508422852e+00
-1.912989497184753418e+00
-2.582733392715454102e+00
-3.118729352951049805e+00
-2.544048547744750977e+00
-2.578439712524414062e+00
-3.573944330215454102e+00
-2.396782398223876953e+00
-2.692376375198364258e+00
-2.331449508666992188e+00
-2.779310464859008789e+00
-3.020254611968994141e+00
-2.982420206069946289e+00
-3.571430921554565430e+00
-3.159989356994628906e+00
-2.960549831390380859e+00
-2.971617698669433594e+00
-3.588167667388916016e+00
-3.093147039413452148e+00
-2.382475852966308594e+00
-1.937643170356750488e+00
-2.850999593734741211e+00
-3.427533626556396484e+00
-2.005239725112915039e+00
-1.980055928230285645e+00
-3.365864753723144531e+00
-3.560189008712768555e+00
-3.144609689712524414e+00
-3.600492715835571289e+00
-3.194324731826782227e+00
-2.813216447830200195e+00
-2.286576271057128906e+00
-1.265639662742614746e+00
-1.859902381896972656e+00
-3.937646865844726562e+00
-2.126349210739135742e+00
-2.663582563400268555e+00
-3.570603370666503906e+00
-2.999642133712768555e+00
-3.249729633331298828e+00
-3.870109319686889648e+00
-3.006202697753906250e+00
-2.648000240325927734e+00
-3.476162433624267578e+00
-3.559592962265014648e+00
-2.128038644790649414e+00
-3.490823984146118164e+00
-1.509927034378051758e+00
-3.472973346710205078e+00
-3.427875518798828125e+00
-3.706591606140136719e+00
-1.521095633506774902e+00
-1.787249922752380371e+00
-3.110331296920776367e+00
-1.426321029663085938e+00
-1.347179174423217773e+00
-1.362322211265563965e+00
-2.759280443191528320e+00
-1.451924920082092285e+00
-2.669901847839355469e+00
-2.720682859420776367e+00
-1.087867736816406250e+00
-1.714641213417053223e+00
-2.408618688583374023e+00
-1.060906291007995605e+00
-2.454536676406860352e+00
-1.400614023208618164e+00
-2.353113889694213867e+00
-1.492512464523315430e+00
-1.925349593162536621e+00
-2.619810819625854492e+00
-1.790813565254211426e+00
-2.223889827728271484e+00
-2.464663028717041016e+00
-2.076417922973632812e+00
-1.586731672286987305e+00
-7.901545763015747070e-01
-1.442207813262939453e+00
-1.767226219177246094e+00
-1.400792598724365234e+00
-1.161017060279846191e+00
-2.431394577026367188e+00
-2.908397674560546875e+00
-2.491550683975219727e+00
-2.154407262802124023e+00
-2.242803573608398438e+00
-1.869340300559997559e+00
-1.561690449714660645e+00
-1.414642095565795898e+00
-3.727016970515251160e-02
-2.619816541671752930e+00
-2.261845111846923828e+00
-2.557942390441894531e+00
-1.395560503005981445e+00
-1.781756997108459473e+00
-2.060485601425170898e+00
-1.686510205268859863e+00
-2.129447937011718750e+00
-2.393024206161499023e+00
-3.272707462310791016e+00
-3.413742303848266602e+00
-1.722765803337097168e+00
-2.606117248535156250e+00
-2.361195802688598633e+00
-3.103521108627319336e+00
-2.114171743392944336e+00
-2.973711013793945312e+00
-1.307739377021789551e+00
-1.249462842941284180e+00
-3.078235864639282227e+00
-2.078059673309326172e+00
-3.214070558547973633e+00
-2.428684711456298828e+00
-2.380083560943603516e+00
-1.744309663772583008e-01
-3.270373821258544922e+00
-2.548934459686279297e+00
-1.572274088859558105e+00
-2.964315652847290039e+00
-2.991805076599121094e+00
-2.956880092620849609e+00
-1.052636623382568359e+00
-2.503027677536010742e+00
-2.752494335174560547e+00
-1.464901924133300781e+00
-3.089687108993530273e+00
-3.052505970001220703e+00
-2.584420204162597656e+00
-1.673168301582336426e+00
-1.748926877975463867e+00
-2.754135370254516602e+00
-2.501981735229492188e+00
-3.404891014099121094e+00
-1.433381676673889160e+00
-1.611206173896789551e+00
-3.255052089691162109e+00
-2.300698041915893555e+00
-2.912278413772583008e+00
-2.716323852539062500e+00
-2.406668424606323242e+00
-3.534108400344848633e+00
-4.047733306884765625e+00
-1.427189111709594727e+00
-2.108455896377563477e+00
-2.906235456466674805e+00
-3.353034019470214844e+00
-2.675696611404418945e+00
-2.642949819564819336e+00
-1.503128051757812500e+00
-1.802296042442321777e+00
-2.088256597518920898e+00
-3.021064281463623047e+00
-1.215701580047607422e+00
-2.015450239181518555e+00
-2.577839612960815430e+00
-3.120381355285644531e+00
-3.465313196182250977e+00
-1.683302998542785645e+00
-2.996155500411987305e+00
-7.046241760253906250e-01
-9.485528469085693359e-01
-3.057847499847412109e+00
-2.030964136123657227e+00
-1.498209476470947266e+00
-2.421566247940063477e+00
-2.723140478134155273e+00
-1.862150549888610840e+00
-2.205381393432617188e+00
-1.997962355613708496e+00
-2.013818979263305664e+00
-3.106493949890136719e+00
-2.243071079254150391e+00
-2.278102397918701172e+00
-2.538730382919311523e+00
-1.946955442428588867e+00
-1.672199249267578125e+00
-2.737601995468139648e+00
-2.829801797866821289e+00
-2.424429893493652344e+00
-2.247566223144531250e+00
-1.719060540199279785e+00
-1.877051949501037598e+00
-1.641529321670532227e+00
-1.535894513130187988e+00
-2.761858463287353516e+00
-2.868794918060302734e+00
-2.233657836914062500e+00
-2.515906095504760742e+00
-1.895701646804809570e+00
-2.783524990081787109e+00
-1.145694851875305176e+00
-2.458046436309814453e+00
-2.569633483886718750e+00
-1.966867804527282715e+00
-5.371729135513305664e-01
-2.006854057312011719e+00
-2.214115619659423828e+00
-2.798862457275390625e+00
-2.952994108200073242e+00
-7.969104647636413574e-01
-1.785322666168212891e+00
-1.821799039840698242e+00
-1.935813426971435547e+00
-3.164508104324340820e+00
-2.236745834350585938e+00
-2.384213924407958984e+00
-2.162796258926391602e+00
-2.456060886383056641e+00
-3.393004179000854492e+00
-2.083195924758911133e+00
-2.156077146530151367e+00
-2.639395713806152344e+00
-3.148145675659179688e+00
-1.369990825653076172e+00
-1.875215172767639160e+00
-3.081118583679199219e+00
-2.948561906814575195e+00
-2.283375501632690430e+00
-2.040577650070190430e+00
-2.254156827926635742e+00
-3.548535346984863281e+00
-2.991127729415893555e+00
-3.231512069702148438e+00
-2.536161184310913086e+00
-2.108240127563476562e+00
-2.341087579727172852e+00
-3.289893150329589844e+00
-2.942930459976196289e+00
-1.927605867385864258e+00
-8.261480331420898438e-01
-3.243203878402709961e+00
-2.472506999969482422e+00
-1.664074897766113281e+00
-2.931428909301757812e+00
-2.740759611129760742e+00
-2.543229103088378906e+00
-2.743433237075805664e+00
-3.708949983119964600e-01
-3.347075462341308594e+00
-1.818983078002929688e+00
-3.078192472457885742e+00
-2.457935333251953125e+00
-9.392375946044921875e-01
-8.273167014122009277e-01
-2.016775131225585938e+00
-2.579599857330322266e+00
-2.055023431777954102e+00
-1.257576465606689453e+00
-2.643140554428100586e+00
-9.143671393394470215e-01
-1.716206431388854980e+00
-9.528099298477172852e-01
-2.805289745330810547e+00
-3.149358272552490234e+00
-2.563471794128417969e+00
-3.060219049453735352e+00
-1.577931046485900879e+00
-1.093125939369201660e+00
-1.174813389778137207e+00
-2.807897090911865234e+00
-3.073462009429931641e+00
-2.129807233810424805e+00
-1.726269125938415527e+00
-2.701853990554809570e+00
-2.416929244995117188e+00
-2.204606771469116211e+00
-3.005276679992675781e+00
-2.106418132781982422e+00
-1.125295042991638184e+00
-2.514380216598510742e+00
-2.401057481765747070e+00
-1.383615970611572266e+00
-2.001224756240844727e+00
-2.918873548507690430e+00
-3.260788679122924805e+00
-2.393797874450683594e+00
-2.425382375717163086e+00
-3.582786798477172852e+00
-1.996653437614440918e+00
-2.150822877883911133e+00
-2.412568092346191406e+00
-3.521836757659912109e+00
-2.616031646728515625e+00
-2.661063909530639648e+00
-9.345325231552124023e-01
-3.481489658355712891e+00
-3.688958406448364258e+00
-1.764276981353759766e+00
-2.526840686798095703e+00
-2.599021196365356445e+00
-1.916356563568115234e+00
-3.135007858276367188e+00
-2.155003786087036133e+00
-3.171537160873413086e+00
-1.292167544364929199e+00
-3.247343540191650391e+00
-1.546281933784484863e+00
-2.914304494857788086e+00
-1.439329504966735840e+00
-2.869803428649902344e+00
-2.870384454727172852e+00
-3.263934612274169922e+00
-3.337676048278808594e+00
-1.938375234603881836e+00
-1.972117304801940918e+00
-2.853957653045654297e+00
-1.614302635192871094e+00
-1.824852466583251953e+00
-1.910442709922790527e+00
-1.368814826011657715e+00
-1.045346736907958984e+00
-1.694174289703369141e+00
-2.139714241027832031e+00
-2.364813804626464844e+00
-1.837578296661376953e+00
-8.063816428184509277e-01
-2.375647068023681641e+00
-1.603262186050415039e+00
-1.795151829719543457e+00
-1.187700033187866211e+00
-2.310963630676269531e+00
-2.408001184463500977e+00
-2.050147056579589844e+00
-2.821349859237670898e+00
-2.387518405914306641e+00
-1.574673056602478027e+00
-2.648407220840454102e+00
-3.968993723392486572e-01
-8.905265331268310547e-01
-1.594293117523193359e+00
-1.818708896636962891e+00
-6.570680141448974609e-01
-1.126189947128295898e+00
-1.770848274230957031e+00
-1.521061658859252930e+00
-2.221810102462768555e+00
-2.303951025009155273e+00
-1.903227686882019043e+00
-2.316057831048965454e-01
-1.073958635330200195e+00
-2.161955595016479492e+00
-2.632979869842529297e+00
-3.866658508777618408e-01
-7.940061688423156738e-01
-1.624719500541687012e+00
-2.101363182067871094e+00
-1.085880517959594727e+00
-2.644457817077636719e+00
-2.588158845901489258e+00
-1.444705128669738770e+00
-2.594414710998535156e+00
-1.932921409606933594e+00
-3.529301404953002930e+00
-2.990256071090698242e+00
-1.951233506202697754e+00
-2.410857677459716797e+00
-2.753204584121704102e+00
-2.925652265548706055e+00
-3.030341386795043945e+00
-3.501384973526000977e+00
-3.037086248397827148e+00
-9.314776659011840820e-01
-2.932111978530883789e+00
-2.673569917678833008e+00
-1.845955610275268555e+00
-2.149157762527465820e+00
-1.120636224746704102e+00
-2.708919525146484375e+00
-2.158451318740844727e+00
-2.224878549575805664e+00
-1.843247532844543457e+00
-2.659054756164550781e+00
-2.192850351333618164e+00
-2.566644430160522461e+00
-1.938514232635498047e+00
-2.301408767700195312e+00
-3.236534357070922852e+00
-2.021807193756103516e+00
-2.011036157608032227e+00
-1.921094417572021484e+00
-2.725734233856201172e+00
-1.233797669410705566e+00
-1.978708028793334961e+00
-2.717991828918457031e+00
-3.367534875869750977e+00
-1.127739071846008301e+00
-3.058137893676757812e+00
-1.620884776115417480e+00
-2.332229137420654297e+00
-1.403293728828430176e+00
-3.030555486679077148e+00
-2.686114072799682617e+00
-3.165471792221069336e+00
-2.088373422622680664e+00
-1.670769333839416504e+00
-1.543710350990295410e+00
-3.263608217239379883e+00
-3.676760911941528320e+00
-1.398169517517089844e+00
-1.202819705009460449e+00
-2.801166772842407227e+00
-1.133974075317382812e+00
-2.112660408020019531e+00
-3.179042816162109375e+00
-3.336565971374511719e+00
-3.442325592041015625e+00
-3.324361085891723633e+00
-2.650779485702514648e+00
-1.981732368469238281e+00
-2.626155614852905273e+00
-3.219923257827758789e+00
-3.173230648040771484e+00
-2.102805852890014648e+00
-2.240868091583251953e+00
-2.886020183563232422e+00
-1.713354825973510742e+00
-1.760727286338806152e+00
-2.718928098678588867e+00
-1.608237147331237793e+00
-1.741681575775146484e+00
-1.282663464546203613e+00
-1.150259971618652344e+00
-2.863674163818359375e+00
-1.445413470268249512e+00
-1.565090537071228027e+00
-2.296649932861328125e+00
-1.881836891174316406e+00
-2.792416095733642578e+00
-1.735493779182434082e+00
-1.124455094337463379e+00
-2.936219215393066406e+00
-2.514460802078247070e+00
-2.770989894866943359e+00
-2.093231678009033203e+00
-1.092696666717529297e+00
-1.801226377487182617e+00
-1.782816171646118164e+00
-8.399087190628051758e-01
-2.468199729919433594e+00
-1.203971028327941895e+00
-1.559169530868530273e+00
-1.585069537162780762e+00
-2.036235094070434570e+00
-6.640429049730300903e-02
-7.688979506492614746e-01
-1.021420121192932129e+00
-8.242008090019226074e-01
-1.511644840240478516e+00
-1.364635109901428223e+00
-1.022748351097106934e+00
-2.060995340347290039e+00
-2.488066196441650391e+00
-1.211422204971313477e+00
-1.306565642356872559e+00
-1.268042445182800293e+00
-1.371584892272949219e+00
-2.305113792419433594e+00
-1.596840143203735352e+00
-2.987290382385253906e+00
-1.756643056869506836e+00
-2.039821624755859375e+00
-1.968337416648864746e+00
-2.671469926834106445e+00
-1.150605678558349609e+00
-9.834432601928710938e-01
-1.012228012084960938e+00
-1.517337679862976074e+00
-2.211256265640258789e+00
-1.354241132736206055e+00
-1.988533616065979004e+00
-1.430986285209655762e+00
-9.406115412712097168e-01
-1.709350705146789551e+00
-2.508584737777709961e+00
-6.278833150863647461e-01
-2.042287349700927734e+00
-2.180050611495971680e+00
-1.551003813743591309e+00
-1.343595862388610840e+00
-1.603610038757324219e+00
-2.412433624267578125e+00
-1.905121207237243652e+00
-1.957554101943969727e+00
-3.378983974456787109e+00
-2.032782793045043945e+00
-1.959929823875427246e+00
-1.660617589950561523e+00
-2.249711751937866211e+00
-1.243051767349243164e+00
-1.210451960563659668e+00
-2.185585260391235352e+00
-1.227087378501892090e+00
-2.423399686813354492e+00
-1.197779774665832520e+00
-2.021313667297363281e+00
-3.000743150711059570e+00
-1.505014777183532715e+00
-9.445716738700866699e-01
-2.099468946456909180e+00
-2.308402061462402344e+00
-1.192728877067565918e+00
-1.706868529319763184e+00
-2.406883001327514648e+00
-1.636390566825866699e+00
-1.828916311264038086e+00
-8.882708549499511719e-01
-1.951444268226623535e+00
-2.098804473876953125e+00
-2.610363721847534180e+00
-2.468993425369262695e+00
-2.300844192504882812e+00
-5.109022259712219238e-01
-1.603364825248718262e+00
-6.114839911460876465e-01
-1.577336311340332031e+00
-1.002508521080017090e+00
-2.043466329574584961e+00
-1.327613711357116699e+00
-1.445912241935729980e+00
-1.548094511032104492e+00
-2.319819927215576172e+00
-2.207358360290527344e+00
-6.210589408874511719e-01
-1.120968341827392578e+00
-1.639952421188354492e+00
-1.727498054504394531e+00
-1.156582713127136230e+00
-2.471326112747192383e+00
-1.231126546859741211e+00
-2.108117818832397461e+00
-7.449748516082763672e-01
-1.855080485343933105e+00
-2.371536970138549805e+00
-2.768112421035766602e+00
-2.157386541366577148e+00
-2.774344921112060547e+00
-2.437623262405395508e+00
-2.412774562835693359e+00
-4.281903803348541260e-01
-8.043960332870483398e-01
-1.960673451423645020e+00
-2.841193199157714844e+00
-2.763414144515991211e+00
-2.964393854141235352e+00
-2.640009164810180664e+00
-1.796293139457702637e+00
-5.307522788643836975e-02
-2.684011459350585938e+00
-1.305934786796569824e+00
-2.072040557861328125e+00
-2.960010766983032227e+00
-8.578234910964965820e-01
-7.549096345901489258e-01
-2.491672754287719727e+00
-1.241187691688537598e+00
-2.915733098983764648e+00
-1.585643649101257324e+00
-2.688328981399536133e+00
-2.071317672729492188e+00
-2.911880970001220703e+00
-2.067465782165527344e+00
-1.764742970466613770e+00
-1.705173492431640625e+00
-1.961060881614685059e+00
-2.389872550964355469e+00
-1.835412740707397461e+00
-7.485104799270629883e-01
-2.048357248306274414e+00
-1.018410563468933105e+00
-2.516796588897705078e+00
-2.792946815490722656e+00
-2.215026855468750000e+00
-2.017248153686523438e+00
-1.459233522415161133e+00
-1.359604120254516602e+00
-2.209682464599609375e+00
-2.363569259643554688e+00
-1.586848020553588867e+00
-2.167124032974243164e+00
-1.366185545921325684e+00
-2.477532386779785156e+00
-2.242680311203002930e+00
-2.177522182464599609e+00
-4.258009493350982666e-01
-1.707667708396911621e+00
-2.260084152221679688e+00
-2.026187419891357422e+00
-9.265502095222473145e-01
-2.189664840698242188e+00
-2.888834714889526367e+00
-2.227878570556640625e+00
-2.714626550674438477e+00
-2.519684314727783203e+00
-2.858125448226928711e+00
-2.970425367355346680e+00
-5.425235256552696228e-02
-1.787788391113281250e+00
-1.770674705505371094e+00
-2.369005680084228516e+00
-2.566249608993530273e+00
-2.201670646667480469e+00
-2.089119434356689453e+00
-2.825018644332885742e+00
-2.755714416503906250e+00
-1.868401765823364258e+00
-1.464640736579895020e+00
-2.414908885955810547e+00
-2.059486627578735352e+00
-2.193614244461059570e+00
-2.658303499221801758e+00
-1.617174983024597168e+00
-7.547278404235839844e-01
-2.385333299636840820e+00
-2.093158006668090820e+00
-1.870514631271362305e+00
-1.489181280136108398e+00
-1.244810342788696289e+00
-2.305760145187377930e+00
-1.536934733390808105e+00
-1.639559268951416016e+00
-1.743823647499084473e+00
-2.956661701202392578e+00
-2.036535501480102539e+00
-1.565490245819091797e+00
-8.325200080871582031e-01
-2.435966730117797852e+00
-1.739589691162109375e+00
-2.409827709197998047e+00
-2.072985410690307617e+00
-1.914073586463928223e+00
-2.198840856552124023e+00
-1.889377593994140625e+00
-1.819461107254028320e+00
-1.410146474838256836e+00
-2.322498559951782227e+00
-1.331187009811401367e+00
-2.986468553543090820e+00
-1.325240850448608398e+00
-2.156702756881713867e+00
-8.759633302688598633e-01
-5.526246428489685059e-01
-6.112983226776123047e-01
-2.388727188110351562e+00
-4.958686530590057373e-01
-1.768863677978515625e+00
-1.704836487770080566e+00
-1.991579174995422363e+00
-2.452949762344360352e+00
-8.932012319564819336e-01
-2.093950748443603516e+00
-2.110994100570678711e+00
-2.311703920364379883e+00
-1.212442398071289062e+00
-2.068322420120239258e+00
-2.677844762802124023e+00
-3.162014961242675781e+00
-2.237071037292480469e+00
-1.204641342163085938e+00
-6.729349493980407715e-01
-2.392791986465454102e+00
-1.721400141716003418e+00
-2.456842899322509766e+00
-1.336163759231567383e+00
-1.339966177940368652e+00
-2.093078136444091797e+00
-2.848683595657348633e+00
-1.871439337730407715e+00
-1.503515839576721191e+00
-3.298674345016479492e+00
-2.254319906234741211e+00
-1.955167651176452637e+00
-1.038966298103332520e+00
-7.973468303680419922e-01
-2.559767961502075195e+00
-2.279866933822631836e+00
-2.103250503540039062e+00
-1.761641621589660645e+00
-2.498198032379150391e+00
-2.571927070617675781e+00
-2.509231328964233398e+00
-2.299345970153808594e+00
-2.612439632415771484e+00
-1.933530211448669434e+00
-2.064395904541015625e+00
-2.200432300567626953e+00
-9.269813895225524902e-01
-1.917905926704406738e+00
-2.102216005325317383e+00
-2.091592311859130859e+00
-2.870398998260498047e+00
-1.297940850257873535e+00
-2.618028402328491211e+00
-1.343806147575378418e+00
-1.899415612220764160e+00
-1.286154627799987793e+00
-2.446573019027709961e+00
-2.275550603866577148e+00
-1.533550858497619629e+00
-2.312075138092041016e+00
-3.129816293716430664e+00
-2.919745683670043945e+00
-6.452353000640869141e-01
-1.833125233650207520e+00
-1.330353856086730957e+00
-1.122982382774353027e+00
-2.339236736297607422e+00
-2.042320013046264648e+00
-1.777238011360168457e+00
-1.531931400299072266e+00
-2.065120935440063477e+00
-1.959678649902343750e+00
-9.972643852233886719e-01
-2.656839609146118164e+00
-3.313143491744995117e+00
-1.458713531494140625e+00
-2.528065443038940430e+00
-1.644885897636413574e+00
-1.930335402488708496e+00
-2.873917102813720703e+00
-2.214036226272583008e+00
-2.552224159240722656e+00
-2.167733669281005859e+00
-2.411641120910644531e+00
-2.533345937728881836e+00
-2.943322420120239258e+00
-2.036661863327026367e+00
-1.947761535644531250e+00
-1.555387854576110840e+00
-2.035453319549560547e+00
-9.542999267578125000e-01
-1.010654330253601074e+00
-1.242192864418029785e+00
-2.229136466979980469e+00
-1.484589457511901855e+00
-1.385273814201354980e+00
-2.788148880004882812e+00
-1.998714447021484375e+00
-1.835288643836975098e+00
-2.895609140396118164e+00
-5.702978372573852539e-01
-1.576659679412841797e+00
-3.335660219192504883e+00
-2.366912364959716797e+00
-1.979008555412292480e+00
-1.294118881225585938e+00
-1.955549836158752441e+00
-2.622354269027709961e+00
-1.086795926094055176e+00
-1.635970830917358398e+00
-2.162703990936279297e+00
-1.292227149009704590e+00
-2.094978570938110352e+00
-1.647675633430480957e+00
-1.460111498832702637e+00
-2.538709878921508789e+00
-2.641141653060913086e+00
-1.917309403419494629e+00
-1.785636663436889648e+00
-1.428902268409729004e+00
-1.202904820442199707e+00
-2.101953268051147461e+00
-1.510820984840393066e+00
-2.913660109043121338e-01
-3.404688358306884766e+00
-2.148113727569580078e+00
-2.685481071472167969e+00
-1.796711564064025879e+00
-9.287832379341125488e-01
-2.357135772705078125e+00
-1.162411808967590332e+00
-2.330380529165267944e-01
-1.910748124122619629e+00
-3.414328813552856445e+00
-1.155275940895080566e+00
-1.620721340179443359e+00
-1.495179176330566406e+00
-2.440871238708496094e+00
-2.769046783447265625e+00
-1.450451254844665527e+00
-2.697727203369140625e+00
-2.659152030944824219e+00
-3.063739776611328125e+00
-3.619642496109008789e+00
-2.366243124008178711e+00
-3.305377483367919922e+00
-2.928659200668334961e+00
-3.126102447509765625e+00
-3.437800407409667969e+00
-1.320020318031311035e+00
-2.792812347412109375e+00
-1.651314139366149902e+00
-2.596168279647827148e+00
-2.397473335266113281e+00
-2.731880903244018555e+00
-1.781027317047119141e+00
-2.947945117950439453e+00
-2.622191905975341797e+00
-2.762035369873046875e+00
-2.149364709854125977e+00
-1.931823134422302246e+00
-2.519918203353881836e+00
-1.679554939270019531e+00
-2.443989515304565430e+00
-1.589072227478027344e+00
-3.313568592071533203e+00
-3.700775623321533203e+00
-1.916401505470275879e+00
-2.029811143875122070e+00
-3.604309320449829102e+00
-2.196790218353271484e+00
-2.758238077163696289e+00
-1.897808194160461426e+00
-3.307109355926513672e+00
-3.563664913177490234e+00
-3.142640829086303711e+00
-1.198543667793273926e+00
-1.746357083320617676e+00
-3.384846210479736328e+00
-1.310613393783569336e+00
-2.758263587951660156e+00
-6.671318411827087402e-01
-2.641606330871582031e+00
-2.658392906188964844e+00
-3.304374217987060547e+00
-2.054697036743164062e+00
-1.643905162811279297e+00
-2.283791780471801758e+00
-2.786901712417602539e+00
-3.521956443786621094e+00
-1.769999980926513672e+00
-1.904216885566711426e+00
-3.014292001724243164e+00
-3.391179323196411133e+00
-2.275590658187866211e+00
-1.920766711235046387e+00
-2.818199634552001953e+00
-1.912206888198852539e+00
-1.202666759490966797e+00
-2.417599916458129883e+00
-2.325326204299926758e+00
-2.296073436737060547e+00
-1.928429365158081055e+00
-1.715762019157409668e+00
-2.559870719909667969e+00
-2.113803863525390625e+00
-1.976487278938293457e+00
-2.105731487274169922e+00
-1.157171249389648438e+00
-1.328278303146362305e+00
-2.498549222946166992e+00
-1.974725484848022461e+00
-2.824458837509155273e+00
-1.614350914955139160e+00
-5.775385499000549316e-01
-2.388600349426269531e+00
-1.716495037078857422e+00
-1.307291865348815918e+00
-2.541205644607543945e+00
-2.717612028121948242e+00
-3.082264900207519531e+00
-3.746581077575683594e+00
-2.292718648910522461e+00
-2.072057962417602539e+00
-1.969471096992492676e+00
-1.167667269706726074e+00
-2.288759231567382812e+00
-2.533052682876586914e+00
-1.362790226936340332e+00
-2.706660747528076172e+00
-1.504283905029296875e+00
-7.140437960624694824e-01
-2.951445341110229492e+00
-1.868090629577636719e+00
-2.230241775512695312e+00
-2.576112985610961914e+00
-1.859544992446899414e+00
-2.468821048736572266e+00
-9.077630639076232910e-01
-1.026136398315429688e+00
-1.210998058319091797e+00
-2.131603240966796875e+00
-2.543183267116546631e-01
-1.406262874603271484e+00
-1.064507842063903809e+00
-2.056807518005371094e+00
-1.016644239425659180e+00
-1.350651264190673828e+00
-2.332732200622558594e+00
-1.782148480415344238e+00
-3.462880849838256836e-01
-1.575405478477478027e+00
-1.984860658645629883e+00
-2.464048147201538086e+00
-1.129975438117980957e+00
-3.542532622814178467e-01
-2.585512638092041016e+00
-2.721019268035888672e+00
-2.539571046829223633e+00
-1.212905406951904297e+00
-1.337650895118713379e+00
-2.762858867645263672e+00
-1.658186554908752441e+00
-1.114577889442443848e+00
-1.550597071647644043e+00
-1.147063136100769043e+00
-2.823327302932739258e+00
-1.984860062599182129e+00
-1.673762321472167969e+00
-2.283739089965820312e+00
-2.050112962722778320e+00
-1.380084156990051270e+00
-2.157675504684448242e+00
-1.609521269798278809e+00
-3.476533174514770508e+00
-1.331050157546997070e+00
-3.701839923858642578e+00
-1.272744655609130859e+00
-2.855027675628662109e+00
-2.084152698516845703e+00
-1.714977145195007324e+00
-1.807120323181152344e+00
-3.091585636138916016e+00
-3.074223279953002930e+00
-9.948123097419738770e-01
-2.168764591217041016e+00
-2.502933502197265625e+00
-2.636533975601196289e+00
-1.218627452850341797e+00
-1.439001679420471191e+00
-2.341003179550170898e+00
-1.145674467086791992e+00
-2.392963409423828125e+00
-3.441511154174804688e+00
-6.687584519386291504e-01
-1.115644097328186035e+00
-1.217794060707092285e+00
-1.419952630996704102e+00
-2.375130653381347656e+00
-2.442235946655273438e+00
-2.104719132184982300e-01
-5.416607260704040527e-01
-3.010509967803955078e+00
-2.171509981155395508e+00
-3.286075592041015625e+00
-2.678906917572021484e+00
-2.016838073730468750e+00
-2.037146806716918945e+00
-1.557747602462768555e+00
-1.759544372558593750e+00
-2.840749740600585938e+00
-1.604101181030273438e+00
-1.265211701393127441e+00
-1.915440320968627930e+00
-2.577186822891235352e+00
-1.839427351951599121e+00
-1.754406213760375977e+00
-2.524147510528564453e+00
-2.744088172912597656e+00
-3.176339626312255859e+00
-2.391670227050781250e+00
-1.665770530700683594e+00
-2.381654739379882812e+00
-2.279066801071166992e+00
-2.703700304031372070e+00
-1.518736839294433594e+00
-3.070234775543212891e+00
-2.230227231979370117e+00
-6.184852719306945801e-01
-2.369640350341796875e+00
-2.035573959350585938e+00
-2.083282470703125000e+00
-2.356949090957641602e+00
-7.052784562110900879e-01
-2.463164806365966797e+00
-2.345382213592529297e+00
-2.375835418701171875e+00
-1.617086529731750488e+00
-4.955561161041259766e-01
-1.939164519309997559e+00
-2.088868379592895508e+00
-1.515230894088745117e+00
-1.437133312225341797e+00
-1.534117102622985840e+00
-2.052169799804687500e+00
-9.417950510978698730e-01
-2.566633224487304688e+00
-2.102158308029174805e+00
-2.313068628311157227e+00
-1.002144694328308105e+00
-2.085872411727905273e+00
-1.967463374137878418e+00
-1.811759710311889648e+00
-2.916290760040283203e+00
-3.028459548950195312e+00
-2.597370147705078125e+00
-2.682816505432128906e+00
-1.677846193313598633e+00
-3.504073619842529297e+00
-2.091854572296142578e+00
-3.209662437438964844e+00
-2.168821811676025391e+00
-2.083510398864746094e+00
-1.988030910491943359e+00
-2.997164487838745117e+00
-2.072094917297363281e+00
-2.352203607559204102e+00
-8.698638081550598145e-01
-2.027066469192504883e+00
-1.848538041114807129e+00
-1.973020792007446289e+00
-1.941464662551879883e+00
-1.908357739448547363e+00
-2.432095527648925781e+00
-1.336628675460815430e+00
-2.180267572402954102e+00
-1.751249194145202637e+00
-3.299707889556884766e+00
-1.297587990760803223e+00
-2.662773370742797852e+00
-2.540688276290893555e+00
-3.392266511917114258e+00
-2.498304367065429688e+00
-2.274842023849487305e+00
-1.755352497100830078e+00
-3.702797889709472656e+00
-3.083527326583862305e+00
-1.741152286529541016e+00
-2.827983140945434570e+00
-2.125797510147094727e+00
-1.439575791358947754e+00
-2.469125986099243164e+00
-1.797671318054199219e+00
-2.099189519882202148e+00
-1.485532045364379883e+00
-3.171517610549926758e+00
-2.491290330886840820e+00
-1.586522579193115234e+00
-2.298563957214355469e+00
-2.640048742294311523e+00
-2.182517290115356445e+00
-1.926943421363830566e+00
-1.594478249549865723e+00
-2.592561960220336914e+00
-2.181061506271362305e+00
-2.162780761718750000e+00
-2.903772592544555664e+00
-1.108360648155212402e+00
-2.165281534194946289e+00
-2.423860311508178711e+00
-2.816099643707275391e+00
-2.529360294342041016e+00
-1.848228573799133301e+00
-2.596037626266479492e+00
-2.089162588119506836e+00
-1.948181748390197754e+00
-1.020513415336608887e+00
-1.037244915962219238e+00
-2.066257476806640625e+00
-3.632342100143432617e+00
-2.420913696289062500e+00
-1.423091173171997070e+00
-2.201370000839233398e+00
-2.394760608673095703e+00
-2.969635486602783203e+00
-3.009759664535522461e+00
-1.707406759262084961e+00
-9.794724583625793457e-01
-2.939161777496337891e+00
-2.427451610565185547e+00
-2.747557640075683594e+00
-2.973462820053100586e+00
-2.669269561767578125e+00
-1.348060369491577148e+00
-2.345834732055664062e+00
-2.264430761337280273e+00
-2.931327104568481445e+00
-3.474468708038330078e+00
-1.977244734764099121e+00
-1.762919545173645020e+00
-1.792881488800048828e+00
-2.879476785659790039e+00
-2.917670249938964844e+00
-2.653027772903442383e+00
-3.275354623794555664e+00
-3.215723752975463867e+00
-1.738403677940368652e+00
-2.226171970367431641e+00
-2.763633489608764648e+00
-2.874598741531372070e+00
-3.394184589385986328e+00
-2.291299343109130859e+00
-3.154365777969360352e+00
-2.983326435089111328e+00
-2.353631734848022461e+00
-2.372591733932495117e+00
-2.279250621795654297e+00
-1.474193572998046875e+00
-2.430770397186279297e+00
-2.315213918685913086e+00
-3.499606847763061523e+00
-1.842867016792297363e+00
-2.196214675903320312e+00
-3.134518861770629883e+00
-3.243790149688720703e+00
-3.539689302444458008e+00
-2.115369081497192383e+00
-1.476662635803222656e+00
-1.535904884338378906e+00
-3.317585945129394531e+00
-3.590399503707885742e+00
-1.883522272109985352e+00
-1.488780975341796875e+00
-2.765070676803588867e+00
-3.403428792953491211e+00
-2.338207721710205078e+00
-2.763885498046875000e+00
-2.544601917266845703e+00
-1.088455557823181152e+00
-2.370413303375244141e+00
-4.752285182476043701e-01
-1.690071105957031250e+00
-2.887751817703247070e+00
-1.659554719924926758e+00
-2.298540830612182617e+00
-2.344221353530883789e+00
-2.675157308578491211e+00
-1.919805049896240234e+00
-2.092475891113281250e+00
-2.767896652221679688e+00
-1.020909428596496582e+00
-1.417909145355224609e+00
-1.721209526062011719e+00
-2.166011095046997070e+00
-2.686969280242919922e+00
-2.199927806854248047e+00
-8.436953425407409668e-01
-3.235426187515258789e+00
-1.528144836425781250e+00
-2.474174261093139648e+00
-2.206981897354125977e+00
-2.808712720870971680e-01
-3.125713825225830078e+00
-1.728654026985168457e+00
-7.393462061882019043e-01
-3.317073106765747070e+00
-9.185359477996826172e-01
-1.748902797698974609e+00
-1.878276705741882324e+00
-1.521881937980651855e+00
-2.289741277694702148e+00
-1.390282511711120605e+00
-2.074055194854736328e+00
-2.268263101577758789e+00
-1.884499073028564453e+00
-2.333806037902832031e+00
-1.202750325202941895e+00
-2.140278816223144531e+00
-2.362066268920898438e+00
-2.583817720413208008e+00
-2.742461442947387695e+00
-8.787026405334472656e-01
-2.958047389984130859e-01
-3.764837682247161865e-01
-2.054751157760620117e+00
-2.170892715454101562e+00
2.995868027210235596e-02
-9.082223773002624512e-01
-2.145641565322875977e+00
-2.884367227554321289e+00
-7.016409039497375488e-01
-1.390118956565856934e+00
-1.686544179916381836e+00
-1.980070829391479492e+00
-1.314449787139892578e+00
-1.721188426017761230e+00
-2.235903739929199219e+00
-1.309767603874206543e+00
-4.228280186653137207e-01
-1.185367703437805176e+00
-2.562703609466552734e+00
-1.149321794509887695e+00
-7.011541724205017090e-01
-1.242950797080993652e+00
-6.566290855407714844e-01
-4.557692408561706543e-01
-1.286369562149047852e+00
-2.099540472030639648e+00
-8.537051081657409668e-01
-1.239433050155639648e+00
-2.145717859268188477e+00
-1.265029668807983398e+00
-2.429254293441772461e+00
-1.544077038764953613e+00
-2.423159182071685791e-01
-1.372820377349853516e+00
-1.578389048576354980e+00
-1.667820811271667480e+00
-1.406404614448547363e+00
-1.740056753158569336e+00
-1.056358695030212402e+00
-9.567165374755859375e-01
-1.384093403816223145e+00
-2.025251150131225586e+00
-1.634731650352478027e+00
-6.856082081794738770e-01
-1.311470985412597656e+00
2.111706435680389404e-01
-1.050945401191711426e+00
-2.466107130050659180e+00
-9.750235080718994141e-01
-1.881315469741821289e+00
-1.181397080421447754e+00
-1.748820900917053223e+00
-2.556292533874511719e+00
-1.238896250724792480e+00
-2.757896184921264648e+00
-1.419586181640625000e+00
-2.281558036804199219e+00
-1.754907131195068359e+00
-3.480936765670776367e+00
-1.332359671592712402e+00
-1.340878963470458984e+00
-9.744195342063903809e-01
-7.106640934944152832e-01
-2.350102901458740234e+00
-1.204039692878723145e+00
-1.212866663932800293e+00
-6.705021262168884277e-01
-2.409571170806884766e+00
-2.031190633773803711e+00
-1.523666262626647949e+00
-1.105955362319946289e+00
-2.176341533660888672e+00
-2.078117132186889648e+00
-2.067231178283691406e+00
-1.366022706031799316e+00
-1.254928469657897949e+00
-1.974168300628662109e+00
-2.114912986755371094e+00
-6.924843788146972656e-01
-2.251150369644165039e+00
-1.523576736450195312e+00
-1.684571146965026855e+00
-2.837033510208129883e+00
-2.442605018615722656e+00
-2.780877590179443359e+00
-2.537668943405151367e+00
-2.292836189270019531e+00
-1.727902412414550781e+00
-9.870864748954772949e-01
-3.483277082443237305e+00
-2.480850934982299805e+00
-2.323439121246337891e+00
-2.224577188491821289e+00
-2.073417663574218750e+00
-2.005901575088500977e+00
-2.114265441894531250e+00
-1.304992318153381348e+00
-2.298296213150024414e+00
-3.504039347171783447e-01
-1.293612837791442871e+00
-7.768955826759338379e-01
-1.858481764793395996e+00
-1.633649706840515137e+00
-1.702792882919311523e+00
-2.899913787841796875e+00
-3.346579790115356445e+00
-2.392478704452514648e+00
-4.027282714843750000e+00
-2.574734687805175781e+00
-1.690625309944152832e+00
-1.479529261589050293e+00
-2.217457771301269531e+00
-1.002806186676025391e+00
-3.762805223464965820e+00
-2.211493730545043945e+00
-2.055659294128417969e+00
-1.825074076652526855e+00
-1.851477265357971191e+00
-1.915520906448364258e+00
-1.898708820343017578e+00
-1.795757770538330078e+00
-1.991907835006713867e+00
-2.475897789001464844e+00
-1.155424594879150391e+00
-2.869753122329711914e+00
-8.342997431755065918e-01
-2.535459995269775391e+00
-3.580095767974853516e-01
-1.608537435531616211e+00
-1.146662354469299316e+00
-1.878214478492736816e+00
-2.586956501007080078e+00
-2.026741027832031250e+00
-2.322153806686401367e+00
-1.180631160736083984e+00
-2.944626092910766602e+00
-2.153678655624389648e+00
-1.600094676017761230e+00
-1.921928048133850098e+00
-1.965616703033447266e+00
-1.760096907615661621e+00
-2.326493024826049805e+00
1.035017073154449463e-01
1.576120406389236450e-02
-1.648884892463684082e+00
-2.314098119735717773e+00
-1.404433608055114746e+00
-2.077036857604980469e+00
-2.242152929306030273e+00
-3.123171806335449219e+00
-2.664716243743896484e+00
-3.084375858306884766e+00
-2.246440410614013672e+00
-2.244891405105590820e+00
-2.783336877822875977e+00
-2.138381242752075195e+00
-2.344048023223876953e+00
-3.147598028182983398e+00
-1.615616559982299805e+00
-1.920435667037963867e+00
-2.909549713134765625e+00
-2.557225227355957031e+00
-1.144618749618530273e+00
-2.180493116378784180e+00
-3.593421220779418945e+00
-2.295249223709106445e+00
-7.488125562667846680e-01
-2.057419776916503906e+00
-2.116219758987426758e+00
-8.327922821044921875e-01
-3.440500736236572266e+00
-2.876105785369873047e+00
-3.178987264633178711e+00
-1.057655930519104004e+00
-2.318846225738525391e+00
-5.959990993142127991e-02
-1.304776668548583984e+00
-2.422880411148071289e+00
-9.430506825447082520e-01
-2.114714622497558594e+00
-6.798965930938720703e-01
-3.051541566848754883e+00
-3.420506000518798828e+00
-2.158634424209594727e+00
-1.239940524101257324e+00
-2.507738351821899414e+00
-2.383208751678466797e+00
-2.769387960433959961e+00
-1.755090594291687012e+00
-1.975334644317626953e+00
-2.424524068832397461e+00
-1.623452425003051758e+00
-2.472671985626220703e+00
-1.369452595710754395e+00
-2.650864362716674805e+00
-1.974239587783813477e+00
-2.064497232437133789e+00
-1.625081896781921387e+00
-2.744202136993408203e+00
-3.445038318634033203e+00
-3.161777734756469727e+00
-2.217670440673828125e+00
-2.688839673995971680e+00
-1.624702572822570801e+00
-1.734003901481628418e+00
-2.930077552795410156e+00
-1.622626662254333496e+00
-2.766843080520629883e+00
-3.461687088012695312e+00
-2.695108652114868164e+00
-1.852022647857666016e+00
-1.736525058746337891e+00
-2.724308967590332031e+00
-3.120392322540283203e+00
-1.959760904312133789e+00
-7.793918848037719727e-01
9.505726397037506104e-02
-1.325462222099304199e+00
-3.057589769363403320e+00
-2.426227092742919922e+00
-2.449244260787963867e+00
-1.141341090202331543e+00
-2.935176372528076172e+00
-2.474674701690673828e+00
-1.618514657020568848e+00
-2.903617620468139648e+00
-2.430595397949218750e+00
-1.443977236747741699e+00
-2.299418687820434570e+00
-2.641911983489990234e+00
-2.163695096969604492e+00
-2.772703170776367188e+00
-2.694903135299682617e+00
-1.369932889938354492e+00
-2.279164791107177734e+00
-2.719742298126220703e+00
-2.612462282180786133e+00
-2.990838766098022461e+00
-3.691854000091552734e+00
-3.506484508514404297e+00
-1.225033640861511230e+00
-2.751723051071166992e+00
-2.155550003051757812e+00
-2.394482612609863281e+00
-1.227961063385009766e+00
-3.146005868911743164e+00
-2.498950481414794922e+00
-1.919949531555175781e+00
-1.468998193740844727e+00
-2.485213994979858398e+00
-1.543200135231018066e+00
-2.215162754058837891e+00
-1.161480069160461426e+00
-1.714060306549072266e+00
-2.163670301437377930e+00
-2.027493953704833984e+00
-3.042159557342529297e+00
-3.146537303924560547e+00
-9.465090036392211914e-01
-7.552685737609863281e-01
-1.512971401214599609e+00
-3.048921108245849609e+00
-1.190355896949768066e+00
-1.245617985725402832e+00
-3.130225896835327148e+00
-1.787453770637512207e+00
-2.560071229934692383e+00
-3.447566032409667969e+00
-2.146059036254882812e+00
-1.836714625358581543e+00
-2.751000642776489258e+00
-1.400667905807495117e+00
-2.730640411376953125e+00
-2.093159914016723633e+00
-1.646588802337646484e+00
-1.374138832092285156e+00
-1.863726377487182617e+00
-2.409282445907592773e+00
-2.855882644653320312e+00
-9.122579097747802734e-01
-1.713147282600402832e+00
-3.337691545486450195e+00
-1.428587675094604492e+00
-2.695920944213867188e+00
-2.547255039215087891e+00
-3.336119174957275391e+00
-1.237999558448791504e+00
-1.822120070457458496e+00
-2.283848047256469727e+00
-2.607461690902709961e+00
-1.932488799095153809e+00
-1.647956371307373047e+00
-2.109195709228515625e+00
-1.631454467773437500e+00
-3.080126047134399414e+00
-1.059273004531860352e+00
-2.282915353775024414e+00
-2.633260011672973633e+00
-1.813546180725097656e+00
-1.262418985366821289e+00
-1.632911205291748047e+00
-2.322357177734375000e+00
-2.150782585144042969e+00
-2.865067720413208008e+00
-9.115496873855590820e-01
-2.277189254760742188e+00
-1.498287796974182129e+00
-2.417582511901855469e+00
-9.306019544601440430e-01
-8.750577569007873535e-01
-1.904147386550903320e+00
-7.337616086006164551e-01
-3.405791759490966797e+00
-2.580636739730834961e+00
-1.278565287590026855e+00
-2.376958131790161133e+00
-1.820461869239807129e+00
-1.404501438140869141e+00
-9.444477558135986328e-01
-1.287423849105834961e+00
-5.776159167289733887e-01
-1.403694272041320801e+00
-2.058170557022094727e+00
-1.408052444458007812e+00
-2.508586406707763672e+00
-3.039367437362670898e+00
-2.567254781723022461e+00
-8.958691954612731934e-01
-2.020757436752319336e+00
-2.286868095397949219e+00
-1.583443284034729004e+00
-2.956051588058471680e+00
-2.648658990859985352e+00
-2.370989561080932617e+00
-2.782019853591918945e+00
-1.679715514183044434e+00
-1.399246692657470703e+00
-1.897742509841918945e+00
-2.134486675262451172e+00
-1.119845867156982422e+00
-2.083480358123779297e+00
-2.899033069610595703e+00
-2.201312541961669922e+00
-3.623311281204223633e+00
-2.887405633926391602e+00
-1.912896156311035156e+00
-2.400931119918823242e+00
-6.425819993019104004e-01
-2.356490373611450195e+00
-2.261782407760620117e+00
-3.064866542816162109e+00
-4.198609828948974609e+00
-2.173051595687866211e+00
-2.273828506469726562e+00
-4.161973953247070312e+00
-1.358619093894958496e+00
-2.439116954803466797e+00
-2.638601541519165039e+00
-2.198346138000488281e+00
-9.621435403823852539e-01
-3.124784231185913086e+00
-4.030343055725097656e+00
-1.883005619049072266e+00
-2.392264842987060547e+00
-2.364192008972167969e+00
-2.360820531845092773e+00
-2.319860696792602539e+00
-2.019846677780151367e+00
-2.399685859680175781e+00
-2.553493976593017578e+00
-2.443418025970458984e+00
-3.561938762664794922e+00
-2.943204402923583984e+00
-1.834411859512329102e+00
-2.749084234237670898e+00
-2.440809249877929688e+00
-3.154658079147338867e+00
-2.414248466491699219e+00
-2.414005041122436523e+00
-1.067958354949951172e+00
-2.110974311828613281e+00
-5.863212943077087402e-01
-2.676304101943969727e+00
-2.387613773345947266e+00
-2.865830898284912109e+00
-2.536592721939086914e+00
-2.428182125091552734e+00
-2.956774950027465820e+00
-1.991652607917785645e+00
-3.026065826416015625e+00
-2.264945983886718750e+00
-1.326468229293823242e+00
-2.206286907196044922e+00
-1.564595699310302734e+00
-2.705253362655639648e+00
-3.995231628417968750e+00
-2.506382226943969727e+00
-2.278919219970703125e+00
-2.605704545974731445e+00
-2.898393392562866211e+00
-1.280909419059753418e+00
2.150163203477859497e-01
-1.280614614486694336e+00
-2.567906141281127930e+00
-2.798981666564941406e+00
-3.353128135204315186e-01
-3.192585468292236328e+00
-2.498515367507934570e+00
-2.694676399230957031e+00
-2.445651054382324219e+00
-2.621978759765625000e+00
-2.242695093154907227e+00
-3.895222425460815430e+00
-4.217920005321502686e-01
-1.896940469741821289e+00
-1.305880188941955566e+00
-2.431308507919311523e+00
-3.575432538986206055e+00
-2.920009613037109375e+00
-2.992491960525512695e+00
-2.304928541183471680e+00
-9.294825196266174316e-01
-2.687706708908081055e+00
-1.946392774581909180e+00
-1.994758367538452148e+00
-3.826306581497192383e+00
-3.103507518768310547e+00
-4.035190582275390625e+00
-1.896738052368164062e+00
-3.858755826950073242e+00
-4.057970046997070312e+00
-9.772036075592041016e-01
-2.112926483154296875e+00
-3.116980552673339844e+00
-3.561087846755981445e+00
-2.725299358367919922e+00
-3.306242942810058594e+00
-3.518576145172119141e+00
-2.698543548583984375e+00
-2.292949914932250977e+00
-3.158795118331909180e+00
-2.317725896835327148e+00
-2.122080326080322266e+00
-1.980139255523681641e+00
-1.771505236625671387e+00
-3.433156490325927734e+00
-1.909418344497680664e+00
-2.900490522384643555e+00
-3.209640741348266602e+00
-1.358758568763732910e+00
-2.584144353866577148e+00
-8.515118360519409180e-01
-1.762583613395690918e+00
-2.930099725723266602e+00
-2.350588798522949219e+00
-9.873663783073425293e-01
-1.973460316658020020e+00
-3.257697343826293945e+00
-1.860097885131835938e+00
-2.756850481033325195e+00
-1.100231766700744629e+00
-2.558425903320312500e+00
-2.113211870193481445e+00
-2.611402511596679688e+00
-9.581316113471984863e-01
-2.024447917938232422e+00
-1.104977011680603027e+00
-2.652028799057006836e+00
-3.171787977218627930e+00
-2.239052295684814453e+00
-2.247912883758544922e+00
-2.988685846328735352e+00
-3.040837764739990234e+00
-1.878124594688415527e+00
-2.724327087402343750e+00
-3.443897962570190430e-01
-2.814547538757324219e+00
-2.525047540664672852e+00
-2.948287010192871094e+00
-2.911526679992675781e+00
-2.678986787796020508e+00
-3.066683530807495117e+00
-1.623118162155151367e+00
-2.384124755859375000e+00
-1.219361424446105957e+00
-2.377259969711303711e+00
-3.141446113586425781e+00
-2.925170421600341797e+00
-2.175149917602539062e+00
-3.894622087478637695e+00
-2.954004526138305664e+00
-1.807118058204650879e+00
-2.314798593521118164e+00
-1.570558428764343262e+00
-2.219597101211547852e+00
-2.200662612915039062e+00
-2.723530769348144531e+00
-2.984479665756225586e+00
-3.382003545761108398e+00
-3.463946342468261719e+00
-2.332425117492675781e+00
-1.317550659179687500e+00
-2.771368265151977539e+00
-2.303246974945068359e+00
-2.963871717453002930e+00
-2.182634353637695312e+00
-2.379606485366821289e+00
-2.477495670318603516e+00
-2.817359447479248047e+00
-1.720495462417602539e+00
-2.631845712661743164e+00
-2.866998672485351562e+00
-2.523071050643920898e+00
-2.068448305130004883e+00
-2.727030038833618164e+00
-3.916219174861907959e-01
-2.567109107971191406e+00
-3.168902397155761719e+00
-1.366947650909423828e+00
-2.785873889923095703e+00
-2.251118659973144531e+00
-2.783548355102539062e+00
-1.514706611633300781e+00
-2.524519205093383789e+00
-1.918120503425598145e+00
-1.882007718086242676e+00
-1.725756883621215820e+00
-2.171868324279785156e+00
-1.808801174163818359e+00
-6.107013225555419922e-01
-2.375874280929565430e+00
-2.925016641616821289e+00
-3.062102556228637695e+00
-3.061912536621093750e+00
-2.653489589691162109e+00
-2.432267427444458008e+00
-2.761627435684204102e+00
-1.575635671615600586e+00
-1.425244331359863281e+00
-2.851294040679931641e+00
-1.867215752601623535e+00
-2.112157821655273438e+00
-1.536401391029357910e+00
-2.708290338516235352e+00
-2.256576538085937500e+00
-3.005163908004760742e+00
-9.215081930160522461e-01
-2.267201185226440430e+00
-2.132953882217407227e+00
-4.011823832988739014e-01
-2.499285221099853516e+00
-3.133488893508911133e+00
-3.507628440856933594e+00
-1.547420024871826172e+00
-2.190993070602416992e+00
-3.348520755767822266e+00
-2.476487398147583008e+00
-1.114040374755859375e+00
-1.133354306221008301e+00
-2.625671148300170898e+00
-3.369216680526733398e+00
-2.414811611175537109e+00
-2.788412332534790039e+00
-1.726855278015136719e+00
-1.449126720428466797e+00
-3.035546541213989258e+00
-3.610933780670166016e+00
-6.185122728347778320e-01
-2.193337440490722656e+00
-3.137269973754882812e+00
-2.385879993438720703e+00
-2.002079725265502930e+00
-2.059256076812744141e+00
-9.102387428283691406e-01
-3.237781524658203125e+00
-2.544077396392822266e+00
-2.680263996124267578e+00
-2.097739934921264648e+00
-2.387755632400512695e+00
-2.719658613204956055e+00
-2.121981143951416016e+00
-1.903175354003906250e+00
-3.012376785278320312e+00
-2.285971641540527344e+00
-2.750129938125610352e+00
-2.455706596374511719e+00
-2.441954612731933594e+00
-3.565501928329467773e+00
-2.992396593093872070e+00
-2.774189710617065430e+00
-2.855988979339599609e+00
-2.948147296905517578e+00
-5.960459709167480469e-01
-2.487689495086669922e+00
-3.429576635360717773e+00
-1.994752645492553711e+00
-2.437074184417724609e+00
-2.275150775909423828e+00
-3.895799398422241211e+00
-3.342446327209472656e+00
-3.546832323074340820e+00
-1.774413824081420898e+00
-1.785975933074951172e+00
-3.716467380523681641e+00
-3.704432010650634766e+00
-3.161893367767333984e+00
-2.162971019744873047e+00
-3.589760303497314453e+00
-2.548754692077636719e+00
-1.220321893692016602e+00
-2.443480253219604492e+00
-3.951263189315795898e+00
-2.699305295944213867e+00
-1.899113655090332031e+00
-5.839801430702209473e-01
-2.982478618621826172e+00
-2.930779933929443359e+00
-1.465803027153015137e+00
-2.064522027969360352e+00
-2.682884454727172852e+00
-3.108926296234130859e+00
-3.036228179931640625e+00
-9.462078213691711426e-01
-3.374127626419067383e+00
-1.061981558799743652e+00
-2.990238428115844727e+00
-1.893217325210571289e+00
-3.825574517250061035e-01
-1.942324042320251465e+00
-9.892451763153076172e-01
-2.191903591156005859e+00
-3.090987682342529297e+00
-1.002950310707092285e+00
-2.129343509674072266e+00
-1.743648290634155273e+00
-2.445731878280639648e+00
-1.064627528190612793e+00
-4.929393529891967773e-01
-2.929856300354003906e+00
-2.779628038406372070e+00
-1.877573728561401367e+00
-2.470696449279785156e+00
-3.255361020565032959e-01
-2.162586450576782227e+00
-9.989618659019470215e-01
-3.404646873474121094e+00
-2.667934656143188477e+00
-1.656383275985717773e+00
-2.229177474975585938e+00
-1.373193383216857910e+00
-2.218640327453613281e+00
-2.983233451843261719e+00
-1.741953849792480469e+00
-2.568370819091796875e+00
-1.950345516204833984e+00
-2.659007072448730469e+00
-2.681408822536468506e-01
-1.467038512229919434e+00
-1.018483161926269531e+00
-2.801369428634643555e+00
-1.649320244789123535e+00
-1.977602958679199219e+00
-2.089127540588378906e+00
-3.760862112045288086e+00
-1.561850666999816895e+00
-2.776338577270507812e+00
-2.516432523727416992e+00
-2.402390241622924805e+00
-2.136260509490966797e+00
-1.574775815010070801e+00
-3.017295598983764648e+00
-2.167042016983032227e+00
-2.202216982841491699e-01
-3.774724006652832031e+00
-1.419718503952026367e+00
-3.014167547225952148e+00
-1.118088722229003906e+00
-3.517370462417602539e+00
-1.706851005554199219e+00
-2.700489759445190430e+00
-2.219177007675170898e+00
-2.676748514175415039e+00
-1.838642358779907227e+00
-1.557403922080993652e+00
-2.386541366577148438e+00
-3.465393781661987305e+00
-2.730127334594726562e+00
-1.858063101768493652e+00
-1.011024832725524902e+00
-1.754006028175354004e+00
-2.238888978958129883e+00
-2.657230854034423828e+00
-1.839107275009155273e+00
-2.220685243606567383e+00
-1.001699328422546387e+00
-3.608397960662841797e+00
-1.682728409767150879e+00
-2.333699226379394531e+00
-1.634489297866821289e+00
-1.549562573432922363e+00
-1.094404935836791992e+00
-3.075818061828613281e+00
-2.612872838973999023e+00
-2.594301939010620117e+00
-6.938670873641967773e-01
-1.287781119346618652e+00
-1.564004182815551758e+00
-1.491925716400146484e+00
-2.122936487197875977e+00
-2.495943784713745117e+00
-1.754648804664611816e+00
-1.059613704681396484e+00
-1.244667410850524902e+00
-1.455218315124511719e+00
-2.525908231735229492e+00
-2.027009487152099609e+00
-1.339812159538269043e+00
-2.128793001174926758e+00
-3.209109306335449219e+00
-2.885379791259765625e+00
-1.662127733230590820e+00
-3.111277103424072266e+00
-1.687945604324340820e+00
-2.301445245742797852e+00
-7.885576486587524414e-01
-2.338971138000488281e+00
-3.590486288070678711e+00
-2.364907741546630859e+00
-7.975429892539978027e-01
-2.425059080123901367e+00
-3.119752645492553711e+00
-1.954933166503906250e+00
-1.579999685287475586e+00
-3.201523303985595703e+00
-2.664992094039916992e+00
-2.839354038238525391e+00
-1.569712042808532715e+00
-2.491631507873535156e+00
-2.283601045608520508e+00
-1.749649167060852051e+00
-2.251621246337890625e+00
-3.431995868682861328e+00
-2.532833814620971680e+00
-1.293112754821777344e+00
-1.315866589546203613e+00
-2.132564306259155273e+00
-1.372458934783935547e+00
-2.268164396286010742e+00
-1.972082853317260742e+00
-1.547666907310485840e+00
-1.546332240104675293e+00
-2.139069318771362305e+00
-1.607790708541870117e+00
-1.937223792076110840e+00
-3.402532577514648438e+00
-3.011646747589111328e+00
-2.817310333251953125e+00
-3.134181499481201172e+00
-1.710026979446411133e+00
-3.411654233932495117e+00
-1.693632721900939941e+00
-2.877694845199584961e+00
-3.402668714523315430e+00
-2.729955196380615234e+00
-3.195095300674438477e+00
-1.962048649787902832e+00
-2.653453826904296875e+00
-2.959311246871948242e+00
-1.409527301788330078e+00
-2.419390678405761719e+00
-1.833685517311096191e+00
-8.084867000579833984e-01
-2.998814344406127930e+00
-1.241722226142883301e+00
-2.226179838180541992e+00
-2.213330984115600586e+00
-1.849612593650817871e+00
-2.041103839874267578e+00
-1.774326801300048828e+00
-2.566287994384765625e+00
-1.990347862243652344e+00
-6.410517096519470215e-01
-3.172663688659667969e+00
-2.651400089263916016e+00
-2.241472721099853516e+00
-2.620289802551269531e+00
-1.355905294418334961e+00
-1.264959096908569336e+00
-1.319766759872436523e+00
-2.296912908554077148e+00
-2.332816123962402344e+00
-1.960245013236999512e+00
-9.337374567985534668e-01
-3.311134338378906250e+00
-3.279211759567260742e+00
-2.659708738327026367e+00
-1.008632659912109375e+00
-1.462504267692565918e+00
-1.423274636268615723e+00
-2.304721593856811523e+00
-1.313356161117553711e+00
-2.275694608688354492e+00
-1.009797811508178711e+00
-2.270441293716430664e+00
-2.362296342849731445e+00
-1.699454784393310547e+00
-3.033095359802246094e+00
-1.243116736412048340e+00
-1.510098099708557129e+00
-2.201846122741699219e+00
-2.192374229431152344e+00
-2.615708112716674805e+00
-2.010952711105346680e+00
-3.046867370605468750e+00
-2.302772045135498047e+00
-1.684298872947692871e+00
-7.150145769119262695e-01
-1.787745237350463867e+00
-2.953185081481933594e+00
-3.384279727935791016e+00
-1.536107182502746582e+00
-1.534127712249755859e+00
-2.232242584228515625e+00
-2.458946943283081055e+00
-1.587942838668823242e+00
-1.555359005928039551e+00
-1.086811423301696777e+00
-2.659585714340209961e+00
-2.168200016021728516e+00
-2.368434667587280273e+00
-2.383669614791870117e+00
-2.411509513854980469e+00
-2.221257448196411133e+00
-2.439662933349609375e+00
-2.465310096740722656e+00
-2.482260942459106445e+00
-2.545481920242309570e+00
-2.670264482498168945e+00
-2.439618110656738281e+00
-2.215907335281372070e+00
-1.786053299903869629e+00
-3.470947265625000000e+00
-3.036310911178588867e+00
-9.865713715553283691e-01
-2.185202836990356445e+00
-1.742512822151184082e+00
-3.494668245315551758e+00
-2.273661375045776367e+00
-1.385572671890258789e+00
-2.120477914810180664e+00
-1.250290632247924805e+00
-2.068693161010742188e+00
-1.706583499908447266e+00
-2.564872264862060547e+00
-2.226287603378295898e+00
-1.674734830856323242e+00
-6.887887716293334961e-01
-2.284978389739990234e+00
-2.411273002624511719e+00
-1.314142107963562012e+00
-2.056295394897460938e+00
-1.423419237136840820e+00
-1.083718419075012207e+00
-3.563971281051635742e+00
-2.240585565567016602e+00
-3.497365236282348633e+00
-1.691358566284179688e+00
-2.555985212326049805e+00
-2.038156509399414062e+00
-2.203576087951660156e+00
-2.463840484619140625e+00
-2.354885578155517578e+00
-2.227779150009155273e+00
-2.409471035003662109e+00
-3.313214778900146484e+00
-3.529361486434936523e+00
-1.227595448493957520e+00
-1.434367537498474121e+00
-2.705602645874023438e+00
-3.216413259506225586e+00
-8.747135996818542480e-01
-2.556630134582519531e+00
-2.485020399093627930e+00
-7.484202384948730469e-01
-2.121509790420532227e+00
-8.696945905685424805e-01
-6.796046495437622070e-01
-2.048112154006958008e+00
-1.187379002571105957e+00
-1.214706420898437500e+00
-2.449526548385620117e+00
-1.985406637191772461e+00
-1.500496745109558105e+00
-2.154201507568359375e+00
-2.292074203491210938e+00
-1.226475358009338379e+00
-1.071439504623413086e+00
-2.784177303314208984e+00
-6.575517058372497559e-01
-1.515476703643798828e+00
-1.672100186347961426e+00
-2.006203889846801758e+00
-2.153108835220336914e+00
-1.736837983131408691e+00
-1.484099388122558594e+00
-1.584511041641235352e+00
-2.470215559005737305e+00
-1.472683191299438477e+00
-2.103613615036010742e-01
-2.192736625671386719e+00
-1.730138182640075684e+00
-6.887425184249877930e-01
-2.036073207855224609e+00
-1.544194698333740234e+00
-2.058773040771484375e+00
-1.389809012413024902e+00
-2.749302148818969727e+00
-2.374502658843994141e+00
-7.262100577354431152e-01
-2.015329360961914062e+00
-2.501671314239501953e+00
-1.119543552398681641e+00
-1.828164696693420410e+00
-2.099000453948974609e+00
-1.976007342338562012e+00
-3.054225683212280273e+00
-2.428457498550415039e+00
-7.077347636222839355e-01
-1.685497999191284180e+00
-3.169348716735839844e+00
-1.738474965095520020e+00
-9.909547567367553711e-01
-9.137579798698425293e-01
-2.817245006561279297e+00
-9.836989045143127441e-01
-2.712626457214355469e+00
-2.545615673065185547e+00
-2.652535200119018555e+00
-2.167426347732543945e+00
-2.285892486572265625e+00
-1.504051923751831055e+00
-2.031440019607543945e+00
-2.368726491928100586e+00
-1.153198122978210449e+00
-2.261611938476562500e+00
-2.954881191253662109e+00
-3.280359745025634766e+00
-1.486407518386840820e+00
-1.967270255088806152e+00
-2.682598114013671875e+00
-2.273833036422729492e+00
-2.125043392181396484e+00
-1.008322000503540039e+00
-3.282532691955566406e+00
-2.220417261123657227e+00
-2.177743196487426758e+00
-2.626318454742431641e+00
-3.424082279205322266e+00
-3.071724653244018555e+00
-2.659260988235473633e+00
-2.070378541946411133e+00
-1.115003466606140137e+00
-1.696341991424560547e+00
-7.169048786163330078e-01
-1.105844616889953613e+00
-3.156143426895141602e+00
-1.514756441116333008e+00
-1.880511760711669922e+00
-2.715133428573608398e+00
-1.880933642387390137e+00
-2.187899351119995117e+00
-2.283904314041137695e+00
-1.824574470520019531e+00
-2.017956972122192383e+00
-1.947133302688598633e+00
-1.346852779388427734e+00
-2.008040547370910645e-01
-2.087166547775268555e+00
-2.628969430923461914e+00
-9.359106421470642090e-01
-1.280151724815368652e+00
-3.123856782913208008e+00
-1.545550107955932617e+00
-2.356947183609008789e+00
-1.655697345733642578e+00
-3.337475061416625977e+00
-1.569355845451354980e+00
-1.713391065597534180e+00
-1.256482362747192383e+00
-2.259217262268066406e+00
-2.621422052383422852e+00
-2.558183908462524414e+00
1.037191823124885559e-01
-1.579356074333190918e+00
-3.232890605926513672e+00
-1.652335524559020996e+00
-2.446357250213623047e+00
-1.146586894989013672e+00
-2.477666616439819336e+00
-1.316189408302307129e+00
-1.339609265327453613e+00
-1.575609564781188965e+00
-3.448784589767456055e+00
-1.607767820358276367e+00
-1.901823043823242188e+00
-2.892862081527709961e+00
-2.676738500595092773e+00
-9.920337796211242676e-01
-9.710866212844848633e-01
-2.835358858108520508e+00
-1.052044391632080078e+00
-2.655566930770874023e+00
-2.615966081619262695e+00
-2.105772256851196289e+00
-1.539519786834716797e+00
-6.175512075424194336e-01
-1.325499296188354492e+00
-3.184387683868408203e+00
-2.094899177551269531e+00
-1.318973183631896973e+00
-1.639385461807250977e+00
-1.904155731201171875e+00
-2.555371761322021484e+00
-1.671134233474731445e+00
-1.567894816398620605e+00
-1.935293793678283691e+00
-2.588634014129638672e+00
-2.484889507293701172e+00
-1.613418698310852051e+00
-2.315038919448852539e+00
-2.485024690628051758e+00
-2.233292102813720703e+00
-2.259846448898315430e+00
-2.465764760971069336e+00
-2.198231935501098633e+00
-2.129809141159057617e+00
-1.962167978286743164e+00
-9.795390367507934570e-01
-2.333321809768676758e+00
-3.664528131484985352e+00
-2.779849290847778320e+00
-2.241660118103027344e+00
-1.785736680030822754e+00
-3.466541767120361328e+00
-3.014578580856323242e+00
-3.112455368041992188e+00
-3.065963029861450195e+00
-2.477638959884643555e+00
-2.225495100021362305e+00
-2.074027776718139648e+00
-6.213407516479492188e-01
-1.647884964942932129e+00
-2.531110763549804688e+00
-2.250311613082885742e+00
-1.855087518692016602e+00
-1.130371928215026855e+00
-1.234765291213989258e+00
-2.025601625442504883e+00
-3.407367229461669922e+00
-2.083081245422363281e+00
-2.436837911605834961e+00
-2.981573820114135742e+00
-2.797825813293457031e+00
-3.227002859115600586e+00
-2.063798666000366211e+00
-2.151897907257080078e+00
-2.131606817245483398e+00
-2.399574995040893555e+00
-2.170157432556152344e+00
-3.422109365463256836e+00
-3.330401897430419922e+00
-1.607859253883361816e+00
-2.029631137847900391e+00
-3.255469083786010742e+00
-2.797481536865234375e+00
-2.490073204040527344e+00
-3.352535247802734375e+00
-2.810254335403442383e+00
-2.650058507919311523e+00
-1.948337078094482422e+00
-1.045952677726745605e+00
-3.422870159149169922e+00
-2.806036472320556641e+00
-2.944190740585327148e+00
-2.318016767501831055e+00
-2.724582433700561523e+00
-2.873896360397338867e+00
-2.658354282379150391e+00
-2.394894123077392578e+00
-3.330400943756103516e+00
-1.175395965576171875e+00
-1.365337967872619629e+00
-3.273721456527709961e+00
-1.885997772216796875e+00
-2.297022819519042969e+00
-2.937084674835205078e+00
-3.016865015029907227e+00
-2.515193700790405273e+00
-2.090100288391113281e+00
-2.073297023773193359e+00
-2.082372426986694336e+00
-1.849630475044250488e+00
-2.636705875396728516e+00
-2.229491949081420898e+00
-2.542967319488525391e+00
-1.381024837493896484e+00
-2.142546653747558594e+00
-3.010481834411621094e+00
-2.251743316650390625e+00
-1.780196070671081543e+00
-2.389879465103149414e+00
-1.805710792541503906e+00
-2.210372924804687500e+00
-1.850185632705688477e+00
-2.283480882644653320e+00
-3.135238647460937500e+00
-3.080479860305786133e+00
-3.393364667892456055e+00
-2.117055416107177734e+00
-2.191267251968383789e+00
-1.638609290122985840e+00
-2.191753864288330078e+00
-2.617440700531005859e+00
-3.812481164932250977e+00
-2.901752471923828125e+00
-3.669001102447509766e+00
-3.176356554031372070e+00
-2.822654485702514648e+00
-2.979152917861938477e+00
-2.233155250549316406e+00
-1.730917811393737793e+00
-2.806280136108398438e+00
-2.972704172134399414e+00
-2.337539911270141602e+00
-1.890489339828491211e+00
-1.534664988517761230e+00
-1.875056385993957520e+00
-3.022048234939575195e+00
-1.418629884719848633e+00
-1.381839036941528320e+00
-1.298211812973022461e+00
-2.742215394973754883e+00
-3.097067356109619141e+00
-9.469276666641235352e-01
-1.633225321769714355e+00
-3.103695154190063477e+00
-2.034380912780761719e+00
-1.599364995956420898e+00
-1.421180725097656250e+00
-2.284471750259399414e+00
-2.428237676620483398e+00
-2.617292881011962891e+00
-3.284352064132690430e+00
-3.080221414566040039e+00
-1.652944207191467285e+00
-2.384285688400268555e+00
-2.887597084045410156e+00
-2.286599874496459961e+00
-3.143755435943603516e+00
-1.371414899826049805e+00
-2.237944602966308594e+00
-3.230909824371337891e+00
-2.833619356155395508e+00
-2.309051990509033203e+00
-3.040639162063598633e+00
-2.959501981735229492e+00
-2.377475738525390625e+00
-2.395995378494262695e+00
-2.097817420959472656e+00
-2.411788702011108398e+00
-2.610298395156860352e+00
-2.199099540710449219e+00
-2.146803617477416992e+00
-3.035296916961669922e+00
-2.677808284759521484e+00
-2.919126510620117188e+00
-1.170637488365173340e+00
-2.937399387359619141e+00
-2.489449262619018555e+00
-1.887293219566345215e+00
-1.815070509910583496e+00
-2.117213964462280273e+00
-3.441137313842773438e+00
-1.606661558151245117e+00
-2.948648214340209961e+00
-1.985233783721923828e+00
-3.613251686096191406e+00
-2.124382734298706055e+00
-3.763123512268066406e+00
-1.258756399154663086e+00
-3.253195524215698242e+00
-1.903637051582336426e+00
-3.144913196563720703e+00
-2.357162714004516602e+00
-2.412051677703857422e+00
-2.526116847991943359e+00
-3.649630546569824219e+00
-2.688690662384033203e+00
-3.222832441329956055e+00
-2.845282077789306641e+00
-2.728976488113403320e+00
-2.701637268066406250e+00
-1.490217089653015137e+00
-3.228169202804565430e+00
-3.288668632507324219e+00
-3.147999525070190430e+00
-1.657357335090637207e+00
-3.331420660018920898e+00
-2.447687387466430664e+00
-3.139253139495849609e+00
-9.150954484939575195e-01
-3.134857416152954102e+00
-2.693938732147216797e+00
-1.593451857566833496e+00
-2.435772180557250977e+00
-1.624949336051940918e+00
-3.438483476638793945e+00
-1.941165924072265625e+00
-3.331254482269287109e+00
-2.426963806152343750e+00
-2.473402023315429688e+00
-1.109290719032287598e+00
-2.429261684417724609e+00
-3.487580060958862305e+00
-2.075091838836669922e+00
-1.128426551818847656e+00
-3.365982532501220703e+00
-2.035371541976928711e+00
-3.218821048736572266e+00
-2.795197963714599609e+00
-1.973118543624877930e+00
-3.586282968521118164e+00
-3.224802970886230469e+00
-1.827716708183288574e+00
-1.434095740318298340e+00
-3.212537765502929688e+00
-2.491282463073730469e+00
-2.444811582565307617e+00
-1.033448219299316406e+00
-1.871324419975280762e+00
-1.949225306510925293e+00
-2.471571445465087891e+00
-1.735409617424011230e+00
-3.094415187835693359e+00
-1.650378942489624023e+00
-3.193178653717041016e+00
-2.261370420455932617e+00
-2.573741674423217773e+00
-2.899030685424804688e+00
-3.134343624114990234e+00
-2.170655012130737305e+00
-2.921247243881225586e+00
-2.481333732604980469e+00
-3.335969448089599609e+00
-2.784744977951049805e+00
-2.535089015960693359e+00
-3.349153280258178711e+00
-1.326285839080810547e+00
-1.995751380920410156e+00
-1.734986424446105957e+00
-1.738918304443359375e+00
-2.029167175292968750e+00
-3.029896736145019531e+00
-2.187186479568481445e+00
-3.424670219421386719e+00
-2.799064397811889648e+00
-1.470700860023498535e+00
-2.364384889602661133e+00
-2.745142936706542969e+00
-1.205350875854492188e+00
-2.990989446640014648e+00
-2.400229930877685547e+00
-2.664149999618530273e+00
-2.887933254241943359e+00
-1.951615691184997559e+00
-2.299938917160034180e+00
-2.427609682083129883e+00
-2.036722421646118164e+00
-3.053861618041992188e+00
-1.974582672119140625e+00
-2.878000736236572266e+00
-2.346376180648803711e+00
-1.861865878105163574e+00
-3.146000862121582031e+00
-2.849319458007812500e+00
-1.933994770050048828e+00
-2.907784938812255859e+00
-3.368991613388061523e+00
-3.270021677017211914e+00
-2.949471235275268555e+00
-2.990339517593383789e+00
-2.073334693908691406e+00
-2.075492143630981445e+00
-3.271876096725463867e+00
-1.995400667190551758e+00
-2.836841821670532227e+00
-3.226166725158691406e+00
-2.452192544937133789e+00
-3.599036216735839844e+00
-2.821792125701904297e+00
-2.592175722122192383e+00
-9.203450083732604980e-01
-2.166299819946289062e+00
-2.539962291717529297e+00
-2.571608543395996094e+00
-8.881434202194213867e-01
-2.695736169815063477e+00
-2.267994165420532227e+00
-2.897593736648559570e+00
-3.018593549728393555e+00
-2.008580923080444336e+00
-2.247275590896606445e+00
-2.046214580535888672e+00
-1.645485043525695801e+00
-2.295838117599487305e+00
-3.439617156982421875e+00
-2.425598621368408203e+00
-1.966726779937744141e+00
-2.158234596252441406e+00
-2.826942920684814453e+00
-1.838963866233825684e+00
-3.185469150543212891e+00
-2.564411401748657227e+00
-2.114805936813354492e+00
-2.282858371734619141e+00
-2.532528638839721680e+00
-3.319671630859375000e+00
-1.861923813819885254e+00
-3.103858709335327148e+00
-2.536128759384155273e+00
-3.089794397354125977e+00
-3.123742341995239258e+00
-2.422579765319824219e+00
-9.515225887298583984e-01
-1.919481873512268066e+00
-2.067129135131835938e+00
-2.406630754470825195e+00
-2.172487735748291016e+00
-1.990487456321716309e+00
-2.918271064758300781e+00
-1.096652507781982422e+00
-1.927312493324279785e+00
-1.627050518989562988e+00
-2.096878290176391602e+00
-1.748107075691223145e+00
-2.050485849380493164e+00
-3.269699335098266602e+00
-1.311067700386047363e+00
-2.300139665603637695e+00
-2.308342456817626953e+00
-2.492854595184326172e+00
-3.299363136291503906e+00
-2.514332294464111328e+00
-1.690340638160705566e+00
-3.116188287734985352e+00
-2.481761217117309570e+00
-2.326273202896118164e+00
-1.557699322700500488e+00
-2.665137529373168945e+00
-1.433338046073913574e+00
-2.212470293045043945e+00
-2.547480583190917969e+00
-3.477886438369750977e+00
-1.982849001884460449e+00
-2.334973812103271484e+00
-2.636888623237609863e-01
-1.420344471931457520e+00
-1.440346956253051758e+00
-3.332555770874023438e+00
-2.782846450805664062e+00
-3.387269973754882812e+00
-2.260067462921142578e+00
-3.216120004653930664e+00
-2.745040416717529297e+00
-2.053712129592895508e+00
-1.420343399047851562e+00
-1.614739537239074707e+00
-1.795428037643432617e+00
-1.617491126060485840e+00
-3.341070413589477539e+00
-2.899016618728637695e+00
-2.131161689758300781e+00
-2.744584560394287109e+00
-2.123613595962524414e+00
-1.981205582618713379e+00
-2.238979578018188477e+00
-3.434454202651977539e+00
-2.866654396057128906e+00
-3.166717529296875000e+00
-2.150838136672973633e+00
-1.805468440055847168e+00
-2.969486236572265625e+00
-3.237415790557861328e+00
-8.863019347190856934e-01
-1.930783867835998535e+00
-2.012891292572021484e+00
-2.814484119415283203e+00
-1.835168600082397461e+00
-8.380535840988159180e-01
-2.297530174255371094e+00
-1.815738201141357422e+00
-2.253845930099487305e+00
-1.736287474632263184e+00
-2.688640356063842773e+00
-2.889486551284790039e+00
-1.588343977928161621e+00
-1.490990400314331055e+00
-2.252502441406250000e+00
-3.395769834518432617e+00
-2.149643898010253906e+00
-2.577159881591796875e+00
-1.400683164596557617e+00
-2.573469877243041992e+00
-3.081815004348754883e+00
-1.767254114151000977e+00
-3.385588884353637695e+00
-3.127505779266357422e+00
-2.493072509765625000e+00
-2.387935400009155273e+00
-2.894990205764770508e+00
-2.231855630874633789e+00
-1.742838621139526367e+00
-1.837104916572570801e+00
-3.189661741256713867e+00
-1.267181158065795898e+00
-3.325032234191894531e+00
-2.459777355194091797e+00
-3.295079231262207031e+00
-2.347019195556640625e+00
-8.880126476287841797e-01
-2.045873641967773438e+00
-3.080031394958496094e+00
-1.607030630111694336e+00
-3.127775669097900391e+00
-2.053084135055541992e+00
-1.448843836784362793e+00
-2.044749736785888672e+00
-2.617208480834960938e+00
-2.107940912246704102e+00
-2.258301258087158203e+00
-2.722512245178222656e+00
-2.271778821945190430e+00
-2.151574373245239258e+00
-2.536457538604736328e+00
-1.997529149055480957e+00
-7.376996874809265137e-01
-2.761359691619873047e+00
-2.158869743347167969e+00
-2.651608943939208984e+00
-3.194405794143676758e+00
-2.275458335876464844e+00
-2.569332122802734375e+00
-1.996245265007019043e+00
-1.681269645690917969e+00
-2.262886524200439453e+00
-2.988922119140625000e+00
-1.738698363304138184e+00
-2.981608867645263672e+00
-6.904188394546508789e-01
-1.843596816062927246e+00
-2.010054588317871094e+00
-1.193339824676513672e+00
-2.444702625274658203e+00
-2.460931539535522461e+00
-1.483739376068115234e+00
-2.337545156478881836e+00
-1.572892785072326660e+00
-3.627643823623657227e+00
-2.062350988388061523e+00
-3.588587045669555664e+00
-2.626527070999145508e+00
-2.997479200363159180e+00
-2.595497846603393555e+00
-3.978086948394775391e+00
-3.424823999404907227e+00
-3.986325502395629883e+00
-1.618285655975341797e+00
-1.758139729499816895e+00
-3.458816766738891602e+00
-2.028656959533691406e+00
-3.218281030654907227e+00
-2.239645481109619141e+00
-1.433972954750061035e+00
-1.747868776321411133e+00
-3.306103467941284180e+00
-3.227678775787353516e+00
-3.661976814270019531e+00
-1.438190817832946777e+00
-3.238764286041259766e+00
-3.379383802413940430e+00
-2.868592977523803711e+00
-2.689906358718872070e+00
-3.260496139526367188e+00
-2.612271308898925781e+00
-1.899819612503051758e+00
-2.164437770843505859e+00
-1.667289733886718750e+00
-2.666051387786865234e+00
-2.822942733764648438e+00
-1.233482003211975098e+00
-2.863870859146118164e+00
-2.699052095413208008e+00
-2.204724311828613281e+00
-2.094357967376708984e+00
-1.929475307464599609e+00
-2.326607465744018555e+00
-3.058176040649414062e+00
-2.820967674255371094e+00
-3.123356342315673828e+00
-2.319570302963256836e+00
-1.964215278625488281e+00
-2.977255582809448242e+00
-3.241738796234130859e+00
-2.935767650604248047e+00
-2.370435476303100586e+00
-1.218582153320312500e+00
-1.324111700057983398e+00
-3.629548549652099609e+00
-1.866866588592529297e+00
-2.250935792922973633e+00
-2.758795499801635742e+00
-1.791757345199584961e+00
-3.304926872253417969e+00
-2.312564849853515625e+00
-2.239909172058105469e+00
-3.363334417343139648e+00
-8.758152127265930176e-01
-2.535364151000976562e+00
-2.883027076721191406e+00
-2.609134197235107422e+00
-1.064893841743469238e+00
-1.490919470787048340e+00
-1.315069913864135742e+00
-2.362449407577514648e+00
-2.871790409088134766e+00
-2.421486616134643555e+00
-2.939559698104858398e+00
-1.963720083236694336e+00
-3.319916486740112305e+00
-2.766916275024414062e+00
-1.880871415138244629e+00
-1.103143215179443359e+00
-3.297440290451049805e+00
-3.376808404922485352e+00
-3.503047704696655273e+00
-3.032568216323852539e+00
-2.254657506942749023e+00
-2.964354515075683594e+00
-2.616413354873657227e+00
-2.381475925445556641e+00
-2.167927026748657227e+00
-3.403571128845214844e+00
-3.077877044677734375e+00
-3.108783483505249023e+00
-3.069925308227539062e+00
-2.032233953475952148e+00
-3.075782775878906250e+00
-2.209039688110351562e+00
-2.624905824661254883e+00
-1.723007678985595703e+00
-3.126781463623046875e+00
-1.347555518150329590e+00
-2.496346950531005859e+00
-1.807202100753784180e+00
-3.491513490676879883e+00
-2.593292951583862305e+00
-1.016996502876281738e+00
-2.361892700195312500e+00
-2.002799749374389648e+00
-3.146889686584472656e+00
-2.861593484878540039e+00
-2.112323522567749023e+00
-2.022786140441894531e+00
-1.947902798652648926e+00
-2.811270713806152344e+00
-2.403254508972167969e+00
-3.416026592254638672e+00
-2.761573791503906250e+00
-1.959301829338073730e+00
-6.941924691200256348e-01
-1.587850570678710938e+00
-3.217328548431396484e+00
-3.617461442947387695e+00
-3.000274896621704102e+00
-3.408259868621826172e+00
-1.438162088394165039e+00
-3.388772249221801758e+00
-1.275359630584716797e+00
-3.577876806259155273e+00
-2.575353384017944336e+00
-2.151259899139404297e+00
-1.225850224494934082e+00
-3.418447732925415039e+00
-3.343692302703857422e+00
-2.213279008865356445e+00
-2.949145078659057617e+00
-2.008626461029052734e+00
-3.052200794219970703e+00
-2.522186994552612305e+00
-2.106302022933959961e+00
-3.353366851806640625e+00
-2.795501708984375000e+00
-2.495042085647583008e+00
-3.432966232299804688e+00
-2.491768360137939453e+00
-1.817104101181030273e+00
-2.878130912780761719e+00
-2.583556890487670898e+00
-3.146900415420532227e+00
-2.456896066665649414e+00
-1.917096376419067383e+00
-1.874728560447692871e+00
-2.384171009063720703e+00
-2.341560840606689453e+00
-1.958785295486450195e+00
-1.828618168830871582e+00
-1.467618107795715332e+00
-3.083703994750976562e+00
-2.342888355255126953e+00
-1.777600049972534180e+00
-8.966366648674011230e-01
-2.759109258651733398e+00
-2.014696121215820312e+00
-2.547563552856445312e+00
-2.316875219345092773e+00
-2.020832538604736328e+00
-2.249302625656127930e+00
-3.459303379058837891e+00
-9.370700716972351074e-01
-2.752116918563842773e+00
-9.416214227676391602e-01
-2.977674484252929688e+00
-2.898195981979370117e+00
-2.849008560180664062e+00
-1.440054416656494141e+00
-1.973248958587646484e+00
-2.382206916809082031e+00
-2.487216234207153320e+00
-3.621008157730102539e+00
-2.268475770950317383e+00
-1.196226716041564941e+00
-2.183822154998779297e+00
-2.595726013183593750e+00
-2.536498308181762695e+00
-3.078297138214111328e+00
-3.455721855163574219e+00
-8.022879362106323242e-01
-2.432601928710937500e+00
-2.460132837295532227e+00
-1.618299484252929688e+00
-3.295175790786743164e+00
-2.375766515731811523e+00
-2.739133834838867188e+00
-1.840465664863586426e+00
-2.259439229965209961e+00
-2.276753187179565430e+00
-2.694622993469238281e+00
-2.388809680938720703e+00
-2.714720487594604492e+00
-2.410147190093994141e+00
-1.767155289649963379e+00
-3.365801334381103516e+00
-2.767620801925659180e+00
-2.124176740646362305e+00
-2.864142417907714844e+00
-2.938199520111083984e+00
-3.342832803726196289e+00
-3.062136173248291016e+00
-3.144265174865722656e+00
-2.939429283142089844e+00
-3.225939273834228516e+00
-1.202411770820617676e+00
-1.730310440063476562e+00
-3.090341091156005859e+00
-3.363996505737304688e+00
-1.313918471336364746e+00
-1.108010053634643555e+00
-2.316726446151733398e+00
-2.823421955108642578e+00
-2.418560743331909180e+00
-1.616146683692932129e+00
-3.194303750991821289e+00
-2.912542343139648438e+00
-1.843831181526184082e+00
-2.797767877578735352e+00
-2.912138462066650391e+00
-1.637952566146850586e+00
-3.202262878417968750e+00
-4.198519289493560791e-01
-1.612056374549865723e+00
-2.507020950317382812e+00
-2.299583911895751953e+00
-1.766793370246887207e+00
-2.171465873718261719e+00
-1.998682975769042969e+00
-2.193276166915893555e+00
-2.552914857864379883e+00
-3.030040025711059570e+00
-1.929025650024414062e+00
-1.259107589721679688e+00
-1.857581019401550293e+00
-3.266073226928710938e+00
-2.322443008422851562e+00
-1.875365257263183594e+00
-3.045661449432373047e+00
-1.826058626174926758e+00
-2.471810579299926758e+00
-1.727893829345703125e+00
-3.454900979995727539e+00
-2.891818046569824219e+00
-3.213157176971435547e+00
-1.280925273895263672e+00
-3.629956007003784180e+00
-2.947390079498291016e+00
-2.684810638427734375e+00
-2.925383806228637695e+00
-2.736160278320312500e+00
-2.021900177001953125e+00
-2.353618860244750977e+00
-3.039715051651000977e+00
-2.410017251968383789e+00
-2.170279979705810547e+00
-3.030066490173339844e+00
-2.137169361114501953e+00
-3.599722623825073242e+00
-3.689123630523681641e+00
-2.690449237823486328e+00
-1.276370406150817871e+00
-2.710041522979736328e+00
-3.242548704147338867e+00
-2.982510805130004883e+00
-3.630584478378295898e+00
-3.210465192794799805e+00
-1.746401190757751465e+00
-2.454061508178710938e+00
-1.860900521278381348e+00
-1.356824874877929688e+00
-2.286934614181518555e+00
-1.838191866874694824e+00
-2.386578798294067383e+00
-3.538274765014648438e+00
-2.856458902359008789e+00
-3.337522983551025391e+00
-1.626708030700683594e+00
-2.342902660369873047e+00
-2.567481040954589844e+00
-1.863753199577331543e+00
-1.559290051460266113e+00
-2.991487026214599609e+00
-2.583081960678100586e+00
-2.731240749359130859e+00
-1.375596404075622559e+00
-3.296700477600097656e+00
-1.755254864692687988e+00
-3.329321861267089844e+00
-2.070731639862060547e+00
-2.407531261444091797e+00
-2.563677549362182617e+00
-1.753422498703002930e+00
-2.527760982513427734e+00
-2.839418888092041016e+00
-2.178218603134155273e+00
-3.406622648239135742e+00
-2.534791231155395508e+00
-2.069809198379516602e+00
-1.277956724166870117e+00
-1.599732279777526855e+00
-1.219671368598937988e+00
-3.485414266586303711e+00
-2.398236989974975586e+00
-1.338804364204406738e+00
-2.488872766494750977e+00
-2.430322170257568359e+00
-2.666395664215087891e+00
-2.889030694961547852e+00
-1.324470937252044678e-01
-9.852129220962524414e-01
-1.823665857315063477e+00
-2.019347190856933594e+00
-3.037182807922363281e+00
-3.338873684406280518e-01
-3.259473800659179688e+00
-3.335230588912963867e+00
-2.846780061721801758e+00
-2.756441831588745117e+00
-2.266099452972412109e+00
-2.826763153076171875e+00
-2.768754959106445312e+00
-2.713142871856689453e+00
-1.422934412956237793e+00
-3.104807138442993164e+00
-2.838174104690551758e+00
-3.377252340316772461e+00
-1.132270455360412598e+00
-2.971653461456298828e+00
-2.328591108322143555e+00
-2.593272924423217773e+00
-3.452217817306518555e+00
-2.216809272766113281e+00
-1.288373231887817383e+00
-3.622936964035034180e+00
-2.085566520690917969e+00
-2.433562755584716797e+00
-8.999219536781311035e-01
-1.571616172790527344e+00
-3.698232889175415039e+00
-3.054236650466918945e+00
-3.256310939788818359e+00
-1.290132641792297363e+00
-1.097565174102783203e+00
-2.637762784957885742e+00
-2.375850439071655273e+00
-2.390717506408691406e+00
-9.966144561767578125e-01
-2.009440183639526367e+00
-2.370018243789672852e+00
-2.027438640594482422e+00
-2.113764524459838867e+00
-2.979391813278198242e+00
-2.187335968017578125e+00
-1.469050884246826172e+00
-2.779200077056884766e+00
-3.531702280044555664e+00
-3.333485603332519531e+00
-1.786181092262268066e+00
-2.565112590789794922e+00
-2.986728191375732422e+00
-1.059294581413269043e+00
-2.689879655838012695e+00
-2.532824993133544922e+00
-6.081423759460449219e-01
-2.565315008163452148e+00
-2.587437391281127930e+00
-2.255210161209106445e+00
-2.863759279251098633e+00
-3.045775175094604492e+00
-3.296159267425537109e+00
-2.648662328720092773e+00
-2.769196510314941406e+00
-1.876070618629455566e+00
-1.483659744262695312e+00
-1.390000820159912109e+00
-2.876663923263549805e+00
-2.228984832763671875e+00
-3.524565935134887695e+00
-2.759115695953369141e+00
-2.285220384597778320e+00
-1.339056015014648438e+00
-2.668372154235839844e+00
-3.112128973007202148e+00
-2.969876766204833984e+00
-1.482908129692077637e+00
-2.573693037033081055e+00
-3.512769460678100586e+00
-2.055155277252197266e+00
-1.791483521461486816e+00
-2.908415198326110840e-01
-2.142907857894897461e+00
-3.332122564315795898e+00
-2.225780010223388672e+00
-2.100765705108642578e+00
-2.223874330520629883e+00
-2.563045263290405273e+00
-2.600131750106811523e+00
-1.830875873565673828e+00
-1.725473999977111816e+00
-2.786567449569702148e+00
-2.256078958511352539e+00
-7.787871956825256348e-01
-2.703946828842163086e+00
-2.333529233932495117e+00
-2.321310997009277344e+00
-2.073368549346923828e+00
-2.120646238327026367e+00
-1.799874424934387207e+00
-2.743740797042846680e+00
-1.670215845108032227e+00
-2.380482196807861328e+00
-2.319484233856201172e+00
-2.748033046722412109e+00
-3.070226430892944336e+00
-3.393467903137207031e+00
-1.606354594230651855e+00
-3.638017892837524414e+00
-6.173565983772277832e-01
-2.839693069458007812e+00
-2.940509319305419922e+00
-1.314098477363586426e+00
-2.587472438812255859e+00
-2.708881139755249023e+00
-3.433044433593750000e+00
-3.680722236633300781e+00
-1.833001971244812012e+00
-1.467009902000427246e+00
-1.970062494277954102e+00
-2.417999982833862305e+00
-2.601042985916137695e+00
-1.166700363159179688e+00
-1.948785424232482910e+00
-2.123260021209716797e+00
-2.242258310317993164e+00
-1.582015991210937500e+00
-3.602771043777465820e+00
-1.521285653114318848e+00
-2.237578630447387695e+00
-3.540447950363159180e+00
-2.415285825729370117e+00
-1.661766171455383301e+00
-2.162405252456665039e+00
-2.025984287261962891e+00
-1.900957107543945312e+00
-3.729928731918334961e+00
-3.191658258438110352e+00
-2.379782199859619141e+00
-3.294003725051879883e+00
-1.129972934722900391e+00
-1.565227627754211426e+00
-2.900930643081665039e+00
-1.238240838050842285e+00
-2.694087028503417969e+00
-3.323761224746704102e+00
-2.273905515670776367e+00
-3.020065069198608398e+00
-2.819322824478149414e+00
-1.855088353157043457e+00
-3.333167314529418945e+00
-9.536203742027282715e-01
-1.940259099006652832e+00
-1.286974072456359863e+00
-2.420496940612792969e+00
-1.993660926818847656e+00
-1.744840860366821289e+00
-3.186378479003906250e+00
-1.541379570960998535e+00
-1.443840980529785156e+00
-3.328369617462158203e+00
-1.929100990295410156e+00
-2.747043609619140625e+00
-1.957626581192016602e+00
-2.318928003311157227e+00
-1.468247532844543457e+00
-3.496672868728637695e+00
-2.455069065093994141e+00
-1.142766714096069336e+00
-9.034292101860046387e-01
-1.794511198997497559e+00
-2.618812799453735352e+00
-2.615904331207275391e+00
-1.417539954185485840e+00
-3.179490804672241211e+00
-2.640314579010009766e+00
-2.675158500671386719e+00
-3.263851881027221680e+00
-1.415158629417419434e+00
-3.380139827728271484e+00
-1.773372650146484375e+00
-9.688323736190795898e-01
-1.890577435493469238e+00
-3.306107759475708008e+00
-1.905672699213027954e-01
-1.956663846969604492e+00
-3.294229269027709961e+00
-2.124921560287475586e+00
-2.284726381301879883e+00
-1.536318898200988770e+00
-1.705031991004943848e+00
-1.132654786109924316e+00
-2.257935285568237305e+00
-2.206674098968505859e+00
-2.219903945922851562e+00
-2.742826938629150391e+00
-1.885847926139831543e+00
-2.552724599838256836e+00
-1.303655505180358887e+00
-1.862026333808898926e+00
