-2.999641560018062592e-02
-1.174026370048522949e+00
-1.803315520286560059e+00
-1.728907346725463867e+00
-4.585396349430084229e-01
-8.173785209655761719e-01
-1.376293897628784180e+00
-8.007097840309143066e-01
-1.305704832077026367e+00
-1.142453432083129883e+00
-1.886001586914062500e+00
-1.129288077354431152e+00
-8.323682546615600586e-01
-1.807936668395996094e+00
-1.010485053062438965e+00
-7.933170795440673828e-01
-8.954197764396667480e-01
-1.961941003799438477e+00
-8.228448629379272461e-01
-2.098770856857299805e+00
-7.230458408594131470e-02
-1.406233191490173340e+00
-1.356788277626037598e+00
-2.268244743347167969e+00
-1.368198990821838379e+00
-1.414598584175109863e+00
-1.666127800941467285e+00
-1.281435370445251465e+00
-1.641190350055694580e-01
-1.396412014961242676e+00
-2.561050355434417725e-01
-1.106741666793823242e+00
-7.575986385345458984e-01
-2.106984853744506836e+00
-6.499363780021667480e-01
-1.008423924446105957e+00
-2.167001485824584961e+00
-9.960500597953796387e-01
-3.144990205764770508e-01
-1.794698715209960938e+00
1.905966401100158691e-01
-1.317356228828430176e+00
-7.455550432205200195e-01
-7.512063980102539062e-01
-1.877278208732604980e+00
-1.574098348617553711e+00
-6.832106113433837891e-01
-6.170360445976257324e-01
-9.989743232727050781e-01
-8.986285328865051270e-01
5.581402778625488281e-01
-4.783378541469573975e-01
-1.254943847656250000e+00
-2.452573299407958984e+00
-9.723762869834899902e-01
-1.322984337806701660e+00
-1.992458462715148926e+00
-8.621703386306762695e-01
-5.090448856353759766e-01
-9.128125309944152832e-01
-6.883956491947174072e-02
-1.549616932868957520e+00
-3.740784823894500732e-01
-3.444712460041046143e-01
-2.109892845153808594e+00
-9.514467120170593262e-01
2.855157554149627686e-01
2.555246353149414062e-01
-1.835192918777465820e+00
-1.901780605316162109e+00
-3.948881030082702637e-01
-1.243799567222595215e+00
-1.647667646408081055e+00
-2.044782161712646484e+00
-1.243250250816345215e+00
7.738862186670303345e-02
-2.265818357467651367e+00
-7.423143386840820312e-01
-2.739383578300476074e-01
-1.090816736221313477e+00
-1.853250861167907715e+00
-1.268245339393615723e+00
-5.642846822738647461e-01
-1.115447402000427246e+00
-1.007930874824523926e+00
-5.361514091491699219e-01
-1.330629885196685791e-01
-8.614744544029235840e-01
-1.726984500885009766e+00
-2.122862100601196289e+00
-1.325420618057250977e+00
-1.129183888435363770e+00
-1.107663869857788086e+00
-1.581982135772705078e+00
-8.747444152832031250e-01
-9.958078265190124512e-01
-2.236141204833984375e+00
-4.650239050388336182e-01
2.850957214832305908e-01
-6.707025766372680664e-01
-1.089061379432678223e+00
-1.618072390556335449e+00
-4.172458648681640625e-01
-1.207400560379028320e+00
-1.918569684028625488e+00
-1.394556045532226562e+00
-1.096642494201660156e+00
-9.610927104949951172e-01
-7.872852087020874023e-01
-1.747167825698852539e+00
-6.375880837440490723e-01
4.430131614208221436e-01
-2.575283288955688477e+00
-1.985146045684814453e+00
-1.337115406990051270e+00
-1.496344923973083496e+00
-1.251531362533569336e+00
-2.249933004379272461e+00
-6.841692924499511719e-01
-1.218232393264770508e+00
-7.654379010200500488e-01
-2.257576465606689453e+00
-1.450350999832153320e+00
2.809766530990600586e-01
-1.151115417480468750e+00
-1.401249647140502930e+00
4.933038353919982910e-01
-4.879724681377410889e-01
-1.927278041839599609e+00
-6.989594101905822754e-01
-1.338668823242187500e+00
-4.634517133235931396e-01
-1.275076270103454590e+00
-1.035757660865783691e+00
-1.151768565177917480e+00
-1.461011648178100586e+00
-1.086208105087280273e+00
-2.418979167938232422e+00
7.951051741838455200e-02
-1.300858378410339355e+00
-1.409131288528442383e+00
-1.395096182823181152e+00
-6.516231298446655273e-01
-5.001527070999145508e-01
-1.573967218399047852e+00
-2.197533130645751953e+00
-2.145371437072753906e-01
-4.761763215065002441e-01
-2.177814483642578125e+00
-1.604560613632202148e+00
-1.115755289793014526e-01
-1.147330284118652344e+00
-2.339906454086303711e+00
-2.248526096343994141e+00
3.238264620304107666e-01
-5.173375084996223450e-02
-2.309664726257324219e+00
-1.948812007904052734e+00
-3.238168656826019287e-01
-1.447200059890747070e+00
-1.160328745841979980e+00
-2.074705362319946289e+00
-7.438445687294006348e-01
3.208203911781311035e-01
-7.515431046485900879e-01
-1.136672854423522949e+00
-1.601228594779968262e+00
-3.657294809818267822e-01
-1.723316460847854614e-01
-1.159659743309020996e+00
-9.043414592742919922e-01
-9.084929227828979492e-01
-1.446620345115661621e+00
-9.118950963020324707e-01
-1.476790070533752441e+00
-2.007229089736938477e+00
-1.225685596466064453e+00
-1.657174110412597656e+00
-1.531405687332153320e+00
-1.396692752838134766e+00
-2.270022630691528320e+00
-1.407035231590270996e+00
-2.076699972152709961e+00
-8.947126269340515137e-01
-1.822070956230163574e+00
-1.294936418533325195e+00
-1.016954779624938965e+00
-2.097059965133666992e+00
-5.892958045005798340e-01
-1.527826189994812012e+00
-1.737167835235595703e+00
-2.054382801055908203e+00
-9.349911808967590332e-01
-2.184663772583007812e+00
-1.093377470970153809e+00
-1.174068450927734375e+00
-1.035641431808471680e+00
-2.017039775848388672e+00
-2.139686107635498047e+00
-1.585996150970458984e+00
-2.538880348205566406e+00
-1.872270703315734863e+00
-1.017533779144287109e+00
-1.236247062683105469e+00
-7.500000000000000000e-01
-1.167187452316284180e+00
-1.851384401321411133e+00
-1.533683061599731445e+00
-8.834020495414733887e-01
-8.014307022094726562e-01
-1.059586048126220703e+00
-1.718775510787963867e+00
-2.376627922058105469e+00
-2.080097675323486328e+00
-1.528153419494628906e+00
-1.983612060546875000e+00
-1.921979069709777832e+00
-1.927945733070373535e+00
-1.174795150756835938e+00
-1.256472229957580566e+00
-1.410228967666625977e+00
-1.655269265174865723e+00
-1.153330683708190918e+00
-2.230439424514770508e+00
-1.742383837699890137e+00
-9.050003290176391602e-01
-2.213374376296997070e+00
-1.148166656494140625e+00
-2.211350202560424805e+00
-9.660605192184448242e-01
-7.121430635452270508e-01
-9.544137120246887207e-01
-2.331721544265747070e+00
-1.154935121536254883e+00
-1.509767770767211914e+00
-6.662344336509704590e-01
-6.722165942192077637e-01
-8.386375904083251953e-01
-1.784501194953918457e+00
-1.254256606101989746e+00
-1.664030194282531738e+00
-1.643369793891906738e-01
-1.849457621574401855e+00
-2.235364198684692383e+00
-1.961874008178710938e+00
-1.555431127548217773e+00
-1.977614879608154297e+00
-1.971225142478942871e+00
-7.348801493644714355e-01
-1.038763284683227539e+00
-7.123989462852478027e-01
-7.603449821472167969e-01
-6.033200621604919434e-01
-1.292858123779296875e+00
-1.326535701751708984e+00
-1.582542061805725098e+00
-2.482540130615234375e+00
-1.998933672904968262e+00
-2.466407060623168945e+00
-7.741975784301757812e-02
-2.101749181747436523e+00
-1.063359975814819336e+00
-1.104943633079528809e+00
-1.365045547485351562e+00
-2.141367912292480469e+00
-9.933820366859436035e-01
-2.413364410400390625e+00
-2.520854473114013672e+00
-1.303023934364318848e+00
-1.399165153503417969e+00
-9.557427763938903809e-01
-2.176936388015747070e+00
-9.442728757858276367e-01
-1.995673656463623047e+00
-1.765681385993957520e+00
-1.758884072303771973e+00
-1.016273140907287598e+00
-1.486958503723144531e+00
-2.470507621765136719e+00
-1.771273136138916016e+00
-1.154387116432189941e+00
-8.483118414878845215e-01
-2.460537672042846680e+00
-2.395055770874023438e+00
-2.518363475799560547e+00
-1.578025579452514648e+00
-2.335621595382690430e+00
-1.732070088386535645e+00
-1.361610531806945801e+00
-2.145536184310913086e+00
-2.451765298843383789e+00
-1.120242476463317871e+00
-1.089463949203491211e+00
-6.743655204772949219e-01
-1.282210469245910645e+00
-1.728078961372375488e+00
-1.916003823280334473e+00
-9.363453388214111328e-01
-9.406293034553527832e-01
-1.907270431518554688e+00
-1.309075713157653809e+00
-1.267613768577575684e+00
-1.526029586791992188e+00
-9.612884521484375000e-01
-1.245865941047668457e+00
-2.105810880661010742e+00
-1.384188175201416016e+00
-8.698806762695312500e-01
-9.818524122238159180e-01
-1.047260880470275879e+00
-1.936968088150024414e+00
-2.508543729782104492e+00
-1.461863756179809570e+00
-1.781000137329101562e+00
-6.609002947807312012e-01
-6.522274017333984375e-01
-9.887926578521728516e-01
-1.014129519462585449e+00
-2.218712568283081055e+00
-1.750407934188842773e+00
-1.306720972061157227e+00
-1.153379678726196289e+00
-1.844116210937500000e+00
-2.241476535797119141e+00
-2.529846429824829102e+00
-1.381372809410095215e+00
-1.254405021667480469e+00
-1.720308065414428711e+00
-6.825051307678222656e-01
-7.175255417823791504e-01
-6.484281420707702637e-01
-2.527315616607666016e+00
-2.448665857315063477e+00
-1.773889780044555664e+00
-2.283304691314697266e+00
-9.267346858978271484e-01
-2.284112691879272461e+00
-8.737554550170898438e-01
-6.982730627059936523e-01
-2.457328081130981445e+00
-1.576938152313232422e+00
-1.580001831054687500e+00
-1.252705097198486328e+00
-9.543439149856567383e-01
-9.295685291290283203e-01
-1.962114334106445312e+00
-1.329570412635803223e+00
-2.022178888320922852e+00
-1.253142595291137695e+00
-1.900071263313293457e+00
-2.121980428695678711e+00
-1.878684759140014648e+00
-1.955460548400878906e+00
-2.346017837524414062e+00
-1.311012029647827148e+00
-1.877199411392211914e+00
-3.393639624118804932e-01
-1.230014324188232422e+00
-3.379620015621185303e-01
-1.745248556137084961e+00
-1.522136688232421875e+00
-1.305810093879699707e+00
-1.946873188018798828e+00
-1.891524791717529297e+00
-2.433704853057861328e+00
-1.477381944656372070e+00
-2.271411180496215820e+00
-2.377155780792236328e+00
-1.665691256523132324e+00
-2.352565526962280273e+00
-7.986978888511657715e-01
-1.224781632423400879e+00
-2.145716905593872070e+00
-1.186099290847778320e+00
-8.738760948181152344e-01
-8.182705044746398926e-01
-2.124218225479125977e+00
-1.660237193107604980e+00
-1.647553086280822754e+00
-2.034962415695190430e+00
-9.061076045036315918e-01
-2.395803451538085938e+00
-1.755594015121459961e+00
-6.687359809875488281e-01
-2.303069829940795898e+00
-1.638601660728454590e+00
-1.734706759452819824e+00
-1.270027041435241699e+00
-2.429558277130126953e+00
-6.987488269805908203e-01
-2.159293174743652344e+00
-2.096174716949462891e+00
-2.004782438278198242e+00
-1.051710367202758789e+00
-1.362184405326843262e+00
-1.880871653556823730e+00
-7.526505589485168457e-01
-2.461687564849853516e+00
-2.097888708114624023e+00
-2.200392246246337891e+00
-2.570687532424926758e+00
-1.655845403671264648e+00
-9.883164167404174805e-01
-1.690566062927246094e+00
-2.023789405822753906e+00
-6.205636858940124512e-01
-1.844604492187500000e+00
-1.585368990898132324e+00
-2.518148422241210938e+00
-1.695297837257385254e+00
-7.031047344207763672e-01
-1.212286472320556641e+00
-2.493984222412109375e+00
-2.073241949081420898e+00
-1.276529192924499512e+00
-2.572410106658935547e+00
-1.881936669349670410e+00
-1.394353985786437988e+00
-2.235786437988281250e+00
-1.892828345298767090e+00
-1.957096338272094727e+00
-1.294613480567932129e+00
-1.689559221267700195e+00
-1.656222343444824219e+00
-1.250062465667724609e+00
-7.741426825523376465e-01
-1.910094976425170898e+00
-1.566222071647644043e+00
-1.438918828964233398e+00
-1.371535181999206543e+00
-1.722958087921142578e+00
-1.994658589363098145e+00
-1.307796597480773926e+00
-1.483449578285217285e+00
-1.964626550674438477e+00
-1.903594732284545898e+00
-2.389906167984008789e+00
-2.163197994232177734e+00
-2.164397716522216797e+00
-8.613989949226379395e-01
-1.711685776710510254e+00
-1.653499364852905273e+00
-4.454947412014007568e-01
-1.680278778076171875e+00
-1.812117457389831543e+00
-6.754047870635986328e-01
-1.500634789466857910e+00
-1.227873206138610840e+00
-7.965962886810302734e-01
-1.365335941314697266e+00
-1.775086879730224609e+00
-1.910085439682006836e+00
-2.236253499984741211e+00
-2.291352510452270508e+00
-1.211316943168640137e+00
-1.763445734977722168e+00
-2.156246662139892578e+00
-2.071261882781982422e+00
-2.110999345779418945e+00
-1.809200406074523926e+00
-2.295273780822753906e+00
-2.544228315353393555e+00
-2.016553163528442383e+00
-1.693123579025268555e+00
-8.849044442176818848e-01
-8.353784680366516113e-01
-1.114228487014770508e+00
-2.384732246398925781e+00
-8.702222704887390137e-01
-1.842779159545898438e+00
-1.499274134635925293e+00
-9.185530543327331543e-01
-7.559574246406555176e-01
-1.938857913017272949e+00
-1.128420114517211914e+00
-1.173042058944702148e+00
-1.293931603431701660e+00
-1.264654636383056641e+00
-6.934284567832946777e-01
-2.522874355316162109e+00
-2.102979421615600586e+00
-6.822203397750854492e-01
-6.352044343948364258e-01
-2.365979671478271484e+00
-1.310809016227722168e+00
-1.682784795761108398e+00
-2.342999935150146484e+00
-1.732629537582397461e+00
-1.544469714164733887e+00
-7.258771061897277832e-01
-1.347424864768981934e+00
-9.699892997741699219e-01
-1.175230622291564941e+00
-1.416657686233520508e+00
-8.759449720382690430e-01
-1.171507716178894043e+00
-1.336462140083312988e+00
-1.825174450874328613e+00
-9.226621389389038086e-01
-1.212160348892211914e+00
-1.796146750450134277e+00
-2.258562803268432617e+00
-1.911770343780517578e+00
-1.223213791847229004e+00
-2.056251525878906250e+00
-1.712725996971130371e+00
-2.182986021041870117e+00
-4.304104149341583252e-01
-1.577145218849182129e+00
-1.690752983093261719e+00
-1.210605144500732422e+00
-1.100922107696533203e+00
-6.860762834548950195e-01
-9.897461533546447754e-01
-1.880890369415283203e+00
-6.734066009521484375e-01
-6.350613832473754883e-01
-2.486655235290527344e+00
-1.153655171394348145e+00
-8.822209835052490234e-01
-1.507753133773803711e+00
-1.934207558631896973e+00
-2.297348737716674805e+00
-2.324159622192382812e+00
-8.649829626083374023e-01
-9.264892935752868652e-01
-1.059575557708740234e+00
-6.699727773666381836e-01
-1.490385293960571289e+00
-2.106489896774291992e+00
-2.061201810836791992e+00
-5.724177956581115723e-01
-1.842932105064392090e+00
-1.453739166259765625e+00
-2.282666921615600586e+00
-8.203831911087036133e-01
-1.730959653854370117e+00
-7.612810134887695312e-01
-1.168864250183105469e+00
-2.053524255752563477e+00
-1.618704080581665039e+00
-2.741330265998840332e-01
-1.945624709129333496e+00
-1.945434689521789551e+00
-2.406903028488159180e+00
-1.581185579299926758e+00
-2.451118946075439453e+00
-1.329152226448059082e+00
-2.357383251190185547e+00
-1.073815703392028809e+00
-7.591701745986938477e-01
-2.386989831924438477e+00
-1.551044464111328125e+00
-1.459113955497741699e+00
-2.482103109359741211e+00
-1.093828558921813965e+00
-1.076297283172607422e+00
-2.130797147750854492e+00
-1.107436060905456543e+00
-1.227684974670410156e+00
-2.264937162399291992e+00
-1.617697834968566895e+00
-9.314304590225219727e-01
-2.031504392623901367e+00
-1.003681182861328125e+00
-2.581186771392822266e+00
-7.957545518875122070e-01
-1.912873744964599609e+00
-2.500235319137573242e+00
-2.599938869476318359e+00
-1.243620157241821289e+00
-1.866947412490844727e+00
-2.424293994903564453e+00
-1.017788052558898926e+00
-7.575427293777465820e-01
-3.339835703372955322e-01
-1.207427978515625000e+00
-7.732533812522888184e-01
-1.733199238777160645e+00
-1.362006545066833496e+00
-9.772217869758605957e-01
-2.582133054733276367e+00
-1.600509643554687500e+00
-1.619528889656066895e+00
-1.672472357749938965e+00
-7.077157497406005859e-01
-8.806613683700561523e-01
-2.343306541442871094e+00
-1.023525238037109375e+00
-1.126263260841369629e+00
-2.290147066116333008e+00
-2.527415037155151367e+00
-1.305588364601135254e+00
-1.329198956489562988e+00
-2.216455936431884766e+00
-2.301556587219238281e+00
-9.818042516708374023e-01
-1.464148759841918945e+00
-7.391173839569091797e-01
-2.106569766998291016e+00
-7.243610620498657227e-01
-2.311944961547851562e+00
-1.304001569747924805e+00
-2.187512874603271484e+00
-1.209066510200500488e+00
-1.986635327339172363e+00
-2.479435682296752930e+00
-1.758686780929565430e+00
-1.090730905532836914e+00
-7.850946784019470215e-01
-1.712514638900756836e+00
-7.230516076087951660e-01
-2.086334466934204102e+00
-1.180119872093200684e+00
-2.289014339447021484e+00
-2.439512014389038086e+00
-2.410814285278320312e+00
-2.125280380249023438e+00
-7.120862603187561035e-01
-1.159560084342956543e+00
-2.001810789108276367e+00
-1.478729486465454102e+00
-1.414163708686828613e+00
-1.053634762763977051e+00
-1.433962821960449219e+00
-2.224629402160644531e+00
-1.607490062713623047e+00
-1.482179880142211914e+00
-2.574802637100219727e+00
-2.573150396347045898e+00
-1.294506311416625977e+00
-9.072187542915344238e-01
-1.076246023178100586e+00
-5.669169425964355469e-01
-1.225479722023010254e+00
-1.438919544219970703e+00
-1.010310173034667969e+00
-6.895514726638793945e-01
-8.532031178474426270e-01
-1.745699405670166016e+00
-2.017066717147827148e+00
-1.268405199050903320e+00
-1.393681168556213379e+00
-1.030188873410224915e-01
-1.246045708656311035e+00
-1.927690863609313965e+00
-6.905674338340759277e-01
-1.746156573295593262e+00
-9.391746520996093750e-01
-1.297172427177429199e+00
-2.102710962295532227e+00
-6.841539144515991211e-01
-2.061594247817993164e+00
-8.628872632980346680e-01
-7.629197835922241211e-01
-1.216726541519165039e+00
-9.815969467163085938e-01
-1.268328309059143066e+00
-2.376618385314941406e+00
-2.152786731719970703e+00
-5.336559414863586426e-01
-8.021669387817382812e-01
-1.339920520782470703e+00
-2.161481618881225586e+00
-6.901335716247558594e-01
-2.267540216445922852e+00
-7.613823413848876953e-01
-2.217599391937255859e+00
-1.717621684074401855e+00
-1.128023862838745117e+00
-7.577115893363952637e-01
-1.016854047775268555e+00
-1.117705941200256348e+00
-8.383624553680419922e-01
-2.090441942214965820e+00
-7.433348894119262695e-01
-1.959830880165100098e+00
-2.392042636871337891e+00
-1.531320333480834961e+00
-6.991991400718688965e-01
-9.148730635643005371e-01
-1.534454226493835449e+00
-1.899371266365051270e+00
-1.306482076644897461e+00
-1.932720541954040527e+00
-7.496430873870849609e-01
-8.798357248306274414e-01
-1.194525122642517090e+00
-2.293788671493530273e+00
-1.013532876968383789e+00
-2.043255805969238281e+00
-2.212918758392333984e+00
-4.301781952381134033e-01
-1.925102233886718750e+00
-2.427524566650390625e+00
-1.167302608489990234e+00
-7.578652501106262207e-01
-1.767218232154846191e+00
-1.387122154235839844e+00
-1.493973255157470703e+00
-1.308735847473144531e+00
-1.808596849441528320e+00
-1.624207854270935059e+00
-1.611590027809143066e+00
-1.337019801139831543e+00
-2.335110425949096680e+00
-1.814711451530456543e+00
-3.601689636707305908e-02
-7.746374607086181641e-01
-9.553581476211547852e-01
-1.148592591285705566e+00
-9.656530022621154785e-01
-1.575930833816528320e+00
-2.436858415603637695e+00
-1.441930174827575684e+00
-8.551409840583801270e-01
-2.134903907775878906e+00
9.434668719768524170e-02
-7.463785409927368164e-01
-1.180998086929321289e+00
-1.712852597236633301e+00
-1.539400339126586914e+00
-2.442782878875732422e+00
-1.519731163978576660e+00
-1.410698056221008301e+00
-2.151702404022216797e+00
-1.175109267234802246e+00
-1.523431062698364258e+00
-9.912425875663757324e-01
-1.276107907295227051e+00
-6.979386210441589355e-01
-2.252218723297119141e+00
-2.191015005111694336e+00
-1.131736516952514648e+00
-2.021645784378051758e+00
-2.065553426742553711e+00
-1.860548973083496094e+00
-8.625598549842834473e-01
-2.605164766311645508e+00
-2.509483575820922852e+00
-1.546297192573547363e+00
-2.022171020507812500e+00
-2.374818563461303711e+00
-2.261008501052856445e+00
-1.621521711349487305e+00
-6.835191845893859863e-01
-2.522577047348022461e+00
-2.088496685028076172e+00
-9.231055378913879395e-01
-2.155193090438842773e+00
-8.969339728355407715e-01
-2.168609142303466797e+00
-1.106195211410522461e+00
-2.196683645248413086e+00
-9.679079651832580566e-01
-7.601507306098937988e-01
-7.217578887939453125e-01
-2.411377668380737305e+00
-2.439626455307006836e+00
-1.541047334671020508e+00
-9.548978805541992188e-01
-1.593962550163269043e+00
-1.889200210571289062e+00
-2.072979927062988281e+00
-2.402262449264526367e+00
-1.666733026504516602e+00
-2.008146286010742188e+00
-1.686399579048156738e+00
-1.990918397903442383e+00
-1.201680779457092285e+00
-1.673706412315368652e+00
-2.363960981369018555e+00
-7.242844700813293457e-01
-9.627259969711303711e-01
-1.726175069808959961e+00
-1.740174174308776855e+00
-1.506591558456420898e+00
-1.008839130401611328e+00
-1.986451983451843262e+00
-1.826032042503356934e+00
-1.709229826927185059e+00
-2.370633125305175781e+00
-2.085679292678833008e+00
-1.704660773277282715e+00
-1.987728595733642578e+00
-7.482955455780029297e-01
-9.137933254241943359e-01
-1.598223090171813965e+00
-1.337484359741210938e+00
-1.825376510620117188e+00
-7.948645353317260742e-01
-1.107280731201171875e+00
-4.991774559020996094e-01
-1.172403097152709961e+00
-1.705943346023559570e+00
-1.182318925857543945e+00
-9.953048229217529297e-01
-8.988744616508483887e-01
-6.643459200859069824e-01
-1.175187349319458008e+00
-2.172798395156860352e+00
-7.864377498626708984e-01
-1.646243810653686523e+00
-2.356911659240722656e+00
-1.355931401252746582e+00
-1.987401366233825684e+00
-7.236140966415405273e-01
-2.483958482742309570e+00
-1.988913893699645996e+00
-1.272923946380615234e+00
-9.467838406562805176e-01
-7.438589930534362793e-01
-7.532154321670532227e-01
-2.527065038681030273e+00
-7.078659534454345703e-01
-1.263706207275390625e+00
-4.492010772228240967e-01
-2.454485654830932617e+00
-2.014458417892456055e+00
-2.395110845565795898e+00
-1.926525115966796875e+00
-1.665908575057983398e+00
-2.521465063095092773e+00
-2.365071773529052734e+00
-1.446734428405761719e+00
-1.138435244560241699e+00
-2.157725334167480469e+00
-2.216686010360717773e+00
-1.340996623039245605e+00
-1.250932097434997559e+00
-2.025071620941162109e+00
-1.295833468437194824e+00
-2.228906631469726562e+00
-2.002527236938476562e+00
-1.407104969024658203e+00
-1.080974459648132324e+00
-8.213104009628295898e-01
-2.447628736495971680e+00
-2.321851015090942383e+00
-1.653224706649780273e+00
-1.213921546936035156e+00
-7.936975955963134766e-01
-2.132691621780395508e+00
-1.407256484031677246e+00
-2.175836563110351562e+00
-2.083105325698852539e+00
-8.778262734413146973e-01
-2.562827587127685547e+00
-1.242474079132080078e+00
-2.392746925354003906e+00
-1.706253886222839355e+00
-1.471629261970520020e+00
-5.019280314445495605e-01
-2.467321634292602539e+00
-1.098285079002380371e+00
-1.752483487129211426e+00
-2.440285921096801758e+00
-1.892162799835205078e+00
-9.732593894004821777e-01
-1.794513702392578125e+00
-1.911458730697631836e+00
-9.659020900726318359e-01
-1.304333806037902832e+00
-1.072027444839477539e+00
-1.138201355934143066e+00
-1.478881001472473145e+00
-9.647173285484313965e-01
-1.643063545227050781e+00
-1.431744813919067383e+00
-2.530469655990600586e+00
-2.172700405120849609e+00
-2.435100823640823364e-01
-6.738014817237854004e-01
-1.863097310066223145e+00
-2.066882133483886719e+00
-2.525265216827392578e+00
-8.621898293495178223e-01
-2.189726829528808594e+00
-1.768787980079650879e+00
-1.072005748748779297e+00
-5.377681851387023926e-01
-1.699119806289672852e+00
-2.364338874816894531e+00
-1.335166811943054199e+00
-1.655254960060119629e+00
-1.773350834846496582e+00
-1.654828548431396484e+00
-1.996058821678161621e+00
-1.666056275367736816e+00
-8.982943296432495117e-01
-1.578166842460632324e+00
-1.086791515350341797e+00
-1.311265707015991211e+00
-8.589604496955871582e-01
-8.012889027595520020e-01
-8.052287697792053223e-01
-1.549644112586975098e+00
-1.682331323623657227e+00
-1.060847282409667969e+00
-1.136809229850769043e+00
-5.374898910522460938e-01
-1.553346276283264160e+00
-6.936844587326049805e-01
-9.067164659500122070e-01
-9.120306372642517090e-01
-2.486533880233764648e+00
-1.720587015151977539e+00
-6.630372405052185059e-01
-1.179993033409118652e+00
-9.637999534606933594e-01
-1.600586891174316406e+00
-1.381222724914550781e+00
-1.030366182327270508e+00
-1.878606081008911133e+00
-1.568620562553405762e+00
-9.235839247703552246e-01
-1.495503306388854980e+00
-1.943674564361572266e+00
-8.724842071533203125e-01
-1.409307956695556641e+00
-1.291743278503417969e+00
-1.437719583511352539e+00
-8.630310297012329102e-01
-2.090297698974609375e+00
-2.218685865402221680e+00
-1.294258952140808105e+00
-2.044993400573730469e+00
-1.980356931686401367e+00
-1.185039520263671875e+00
-1.545708060264587402e+00
-1.844780802726745605e+00
-1.327539086341857910e+00
-2.285478115081787109e+00
-8.270834088325500488e-01
-1.976780295372009277e+00
-2.579408884048461914e+00
-6.435248255729675293e-01
-1.455307126045227051e+00
-4.330964386463165283e-01
-1.385147213935852051e+00
-9.366555213928222656e-01
-1.637475490570068359e+00
-1.346567034721374512e+00
-1.795618414878845215e+00
-7.443571686744689941e-01
-2.213164329528808594e+00
-1.638756871223449707e+00
1.531935017555952072e-02
-8.324390053749084473e-01
-1.455636858940124512e+00
-1.288327932357788086e+00
-1.232040166854858398e+00
-1.934882998466491699e+00
-2.583776950836181641e+00
-8.051186203956604004e-01
-1.286073088645935059e+00
-2.106313467025756836e+00
-6.040149331092834473e-01
-1.143792510032653809e+00
-2.523873329162597656e+00
-2.358454465866088867e+00
-1.109568715095520020e+00
-1.702047824859619141e+00
-1.699942111968994141e+00
-9.550893902778625488e-01
-2.352637529373168945e+00
-1.427189707756042480e+00
1.998458057641983032e-01
-9.039410948753356934e-01
-1.263652563095092773e+00
-1.302460908889770508e+00
-7.827284932136535645e-01
-1.554260492324829102e+00
-7.162312269210815430e-01
-7.981702089309692383e-01
-7.102239131927490234e-01
-4.405999779701232910e-01
-1.115588426589965820e+00
-1.324486494064331055e+00
-2.456729888916015625e+00
-2.412098407745361328e+00
-7.270178198814392090e-01
-2.227233409881591797e+00
-2.232483625411987305e+00
-1.002519011497497559e+00
-5.172749757766723633e-01
-1.813354969024658203e+00
-2.189767599105834961e+00
-2.080472707748413086e+00
-1.582299947738647461e+00
-1.050675868988037109e+00
-6.660743355751037598e-01
-2.431431293487548828e+00
-2.172813653945922852e+00
-1.516900658607482910e+00
-1.293396830558776855e+00
-2.232423543930053711e+00
-1.239789485931396484e+00
-1.737709403038024902e+00
1.663831323385238647e-01
-1.211179852485656738e+00
-2.437676668167114258e+00
-2.062479496002197266e+00
-9.026347398757934570e-01
-1.858287334442138672e+00
-1.670070409774780273e+00
-2.492828130722045898e+00
-1.752268791198730469e+00
-5.743459463119506836e-01
-1.117990493774414062e+00
-1.824702143669128418e+00
-2.186048507690429688e+00
-2.221312999725341797e+00
-2.249120235443115234e+00
-2.125708103179931641e+00
-1.183830022811889648e+00
-8.360686898231506348e-01
-9.580581784248352051e-01
-3.736619353294372559e-01
-2.174102783203125000e+00
-1.608814358711242676e+00
-2.581032752990722656e+00
-2.144687414169311523e+00
-1.997898817062377930e+00
-8.302162289619445801e-01
-2.283796310424804688e+00
-2.262732028961181641e+00
-1.138593196868896484e+00
-9.946355819702148438e-01
-1.567581176757812500e+00
-2.151118755340576172e+00
-2.109229564666748047e+00
-1.956919789314270020e+00
-7.012653350830078125e-01
-6.994308829307556152e-01
-1.426836967468261719e+00
-8.782112598419189453e-01
-1.643386721611022949e+00
-1.531477212905883789e+00
-1.539231657981872559e+00
-6.879993081092834473e-01
-2.362653732299804688e+00
-5.150817036628723145e-01
-1.816740036010742188e+00
-1.040079116821289062e+00
-2.515935897827148438e+00
-1.422309637069702148e+00
-1.415880799293518066e+00
-1.395276546478271484e+00
-2.486640691757202148e+00
-1.450279355049133301e+00
-2.405080080032348633e+00
-1.867749571800231934e+00
-1.566489100456237793e+00
-1.490860819816589355e+00
-2.217007160186767578e+00
-8.494792580604553223e-01
-2.539924860000610352e+00
-2.417451620101928711e+00
-1.982153892517089844e+00
-8.807374238967895508e-01
-1.411509633064270020e+00
-1.190150499343872070e+00
-1.067846655845642090e+00
-1.032940983772277832e+00
-2.329161167144775391e+00
-1.252249717712402344e+00
-2.084293127059936523e+00
-2.123910188674926758e+00
-2.157375097274780273e+00
-1.881419539451599121e+00
-2.038349866867065430e+00
-1.855105757713317871e+00
-1.527531385421752930e+00
-2.162170648574829102e+00
-2.059968948364257812e+00
-1.014000892639160156e+00
-2.258783578872680664e+00
-8.801371455192565918e-01
-9.819722771644592285e-01
-2.526833534240722656e+00
-2.105603218078613281e+00
-9.517777562141418457e-01
-1.470636606216430664e+00
-1.466660499572753906e+00
-8.004246950149536133e-01
-1.383826375007629395e+00
-2.395496129989624023e+00
-2.247843503952026367e+00
-6.597257256507873535e-01
-7.419139146804809570e-01
-2.334997415542602539e+00
-1.162832617759704590e+00
-1.482723355293273926e+00
-2.147344112396240234e+00
-1.214626669883728027e+00
-1.544146418571472168e+00
-1.284341692924499512e+00
-2.422806739807128906e+00
-2.441492795944213867e+00
-1.280211329460144043e+00
-1.376762032508850098e+00
-9.688653349876403809e-01
-1.190423011779785156e+00
-1.161829471588134766e+00
-2.260233879089355469e+00
-1.372495055198669434e+00
-1.044789433479309082e+00
-1.182373881340026855e+00
-2.627291679382324219e-01
-7.839694619178771973e-01
-1.679890871047973633e+00
-2.039577960968017578e+00
-1.646536231040954590e+00
-1.472688317298889160e+00
-1.769864201545715332e+00
-1.675840020179748535e+00
-7.790012359619140625e-01
-1.313634634017944336e+00
-2.171092748641967773e+00
-8.801820874214172363e-01
-2.046383380889892578e+00
-1.652961850166320801e+00
-8.733314871788024902e-01
-2.257287502288818359e+00
-6.838364601135253906e-01
-3.995579183101654053e-01
-2.086072921752929688e+00
-2.422784566879272461e+00
-1.749866724014282227e+00
-1.565792918205261230e+00
-1.187513470649719238e+00
-1.856081783771514893e-01
-9.425953030586242676e-01
-2.039618015289306641e+00
-2.224449157714843750e+00
-8.715522885322570801e-01
-2.151995897293090820e+00
-1.629735350608825684e+00
-1.980807781219482422e+00
-1.309136271476745605e+00
-1.768694519996643066e+00
-1.363206505775451660e+00
-1.576262354850769043e+00
-1.280224919319152832e+00
-1.713125705718994141e+00
-3.681708276271820068e-01
-1.910905480384826660e+00
-1.259952664375305176e+00
-1.988581061363220215e+00
-1.971533179283142090e+00
-2.502924203872680664e+00
-2.485350131988525391e+00
4.112760126590728760e-01
-1.069949388504028320e+00
-2.618381679058074951e-01
-1.892547488212585449e+00
-1.663298368453979492e+00
-1.121666789054870605e+00
-1.071168422698974609e+00
-1.766518712043762207e+00
-2.433670997619628906e+00
-9.057805538177490234e-01
-2.290045261383056641e+00
-4.833065569400787354e-01
-2.285133600234985352e+00
-1.032082438468933105e+00
-1.894061923027038574e+00
-8.307465314865112305e-01
-7.976254820823669434e-01
-2.124365091323852539e+00
-1.567199707031250000e+00
-1.978701949119567871e+00
-1.552992105484008789e+00
-2.247161865234375000e+00
-1.659458041191101074e+00
-1.140097498893737793e+00
-2.175745964050292969e+00
-2.544702529907226562e+00
-2.062413454055786133e+00
-9.685963392257690430e-01
-1.754406988620758057e-01
-1.358590722084045410e+00
-1.108118295669555664e+00
-1.629063725471496582e+00
-2.116441488265991211e+00
-2.436635732650756836e+00
-1.099700689315795898e+00
-1.915871739387512207e+00
-2.204330444335937500e+00
-6.555116772651672363e-01
-1.684733748435974121e+00
-2.415899515151977539e+00
-1.167523741722106934e+00
-2.033887624740600586e+00
-9.815510511398315430e-01
-1.504558563232421875e+00
-8.945260047912597656e-01
-1.803382277488708496e+00
-2.140784263610839844e+00
-2.010786771774291992e+00
-2.130860328674316406e+00
-8.364226222038269043e-01
-4.192272424697875977e-01
-1.906532883644104004e+00
-1.151124596595764160e+00
-8.954475522041320801e-01
-5.318972468376159668e-02
-1.047504067420959473e+00
-1.676478266716003418e+00
-2.437262296676635742e+00
-2.230668067932128906e+00
-1.346171975135803223e+00
-7.940192222595214844e-01
-9.844685792922973633e-01
-2.400643110275268555e+00
-2.225175142288208008e+00
-7.668053507804870605e-01
-7.957943677902221680e-01
-2.376924991607666016e+00
-2.346819162368774414e+00
-1.844230294227600098e+00
-1.063302993774414062e+00
-9.574728608131408691e-01
-1.742716073989868164e+00
-1.181939721107482910e+00
-4.025647044181823730e-01
-7.795218825340270996e-01
-1.997061014175415039e+00
-7.791139483451843262e-01
-1.674948096275329590e+00
-1.290335536003112793e+00
-1.239831447601318359e+00
-2.143246412277221680e+00
1.467900425195693970e-01
-1.445024967193603516e+00
-9.145765900611877441e-01
-2.038010835647583008e+00
-8.698022365570068359e-01
-2.021237850189208984e+00
-2.095886945724487305e+00
-1.154520034790039062e+00
-1.352144926786422729e-01
-1.707299113273620605e+00
-1.365926027297973633e+00
-1.029226660728454590e+00
-8.837500214576721191e-01
-1.483803868293762207e+00
-3.860851526260375977e-01
-7.436663508415222168e-01
-7.442153096199035645e-01
-1.922571659088134766e+00
-1.221883296966552734e+00
-1.762783288955688477e+00
-1.032454848289489746e+00
-2.107306241989135742e+00
-7.795714735984802246e-01
-1.051857590675354004e+00
-8.876682519912719727e-01
-8.679333329200744629e-01
-2.485740423202514648e+00
-1.705949187278747559e+00
-2.184450864791870117e+00
-2.307149887084960938e+00
-1.367993235588073730e+00
-1.792852163314819336e+00
-8.745552301406860352e-01
-1.230765342712402344e+00
-1.458755016326904297e+00
-2.239594459533691406e+00
-8.248240947723388672e-01
-7.724182009696960449e-01
-7.771037220954895020e-01
-1.824446558952331543e+00
-1.209179878234863281e+00
-1.340587615966796875e+00
-1.972469329833984375e+00
2.360734343528747559e-01
-1.257134914398193359e+00
-8.388506770133972168e-01
-1.210750222206115723e+00
-1.942288517951965332e+00
-2.183077573776245117e+00
-1.842835545539855957e+00
-2.038542985916137695e+00
-9.630073308944702148e-01
-1.524620890617370605e+00
-1.315802216529846191e+00
-8.943577408790588379e-01
-1.850259423255920410e+00
-1.128662586212158203e+00
-2.075139999389648438e+00
-1.037973642349243164e+00
-1.609917044639587402e+00
-1.063100576400756836e+00
-1.201763972640037537e-01
-1.291195154190063477e+00
-1.794823765754699707e+00
-1.880617141723632812e+00
-1.462500929832458496e+00
-1.961828112602233887e+00
-1.027918815612792969e+00
-2.476926803588867188e+00
-1.019244790077209473e+00
-1.772102415561676025e-01
-1.579275369644165039e+00
-8.665681481361389160e-01
-5.581912994384765625e-01
-8.469678759574890137e-01
-2.421628952026367188e+00
-2.215374708175659180e+00
-1.783072352409362793e+00
-1.357776761054992676e+00
-2.374018669128417969e+00
-7.452945709228515625e-01
-1.704159498214721680e+00
-9.699113368988037109e-01
-2.107260704040527344e+00
-1.251291513442993164e+00
-1.685644507408142090e+00
-2.206081867218017578e+00
-1.669859290122985840e+00
-2.319008350372314453e+00
-1.303786754608154297e+00
-1.318446159362792969e+00
-1.795387148857116699e+00
-2.044310331344604492e+00
-1.915042996406555176e+00
-2.519598722457885742e+00
-1.961781382560729980e+00
-1.707905054092407227e+00
-2.085943222045898438e+00
-7.916490435600280762e-01
-1.610791802406311035e+00
-1.946673154830932617e+00
-1.313799023628234863e+00
-7.479826211929321289e-01
-1.627646923065185547e+00
-7.237855792045593262e-01
-1.914628267288208008e+00
-1.382895112037658691e+00
-1.572702527046203613e+00
-1.596993327140808105e+00
-1.565696477890014648e+00
-1.638636827468872070e+00
-1.181968092918395996e+00
-8.385708332061767578e-01
-8.579040765762329102e-01
-1.903433084487915039e+00
-9.962691068649291992e-01
-9.480421543121337891e-01
-8.142333030700683594e-01
-7.301803231239318848e-01
-1.834914207458496094e+00
-2.420429944992065430e+00
-9.795939922332763672e-01
-6.302490234375000000e-01
-9.314094185829162598e-01
-2.134646415710449219e+00
-1.171537280082702637e+00
-6.727359890937805176e-01
-1.436214089393615723e+00
-2.369793415069580078e+00
-2.340480327606201172e+00
-6.417846083641052246e-01
-2.560460567474365234e+00
-1.279945969581604004e+00
-1.153217077255249023e+00
-6.554322242736816406e-01
-2.263777971267700195e+00
-1.672517657279968262e+00
-1.619973540306091309e+00
-1.628733038902282715e+00
-1.992514014244079590e+00
-3.003571331501007080e-01
-1.972130179405212402e+00
-2.505480766296386719e+00
-1.939658761024475098e+00
-1.466588973999023438e+00
-1.090878844261169434e+00
-1.526147961616516113e+00
-2.264855861663818359e+00
-8.106213808059692383e-01
-1.457306027412414551e+00
-2.450893163681030273e+00
-1.510848402976989746e+00
-1.661562800407409668e+00
-1.410116553306579590e+00
-5.851462483406066895e-01
-2.145383358001708984e+00
-1.592164278030395508e+00
5.436040759086608887e-01
-2.561539888381958008e+00
-2.474338293075561523e+00
-4.658116996288299561e-01
-1.064803004264831543e+00
-1.464629054069519043e+00
-6.987746953964233398e-01
-2.243191719055175781e+00
-1.505591630935668945e+00
-1.812013506889343262e+00
-1.224526643753051758e+00
-2.183488368988037109e+00
-2.175864696502685547e+00
-1.313140273094177246e+00
-1.433417201042175293e+00
-2.209457159042358398e+00
-1.617302536964416504e+00
-9.726066589355468750e-01
-1.572072625160217285e+00
-2.576651573181152344e+00
-7.370541095733642578e-01
-2.552474737167358398e+00
-2.554328441619873047e+00
-1.071854233741760254e+00
-1.067938730120658875e-01
-1.216365456581115723e+00
-9.726952314376831055e-01
-9.423026442527770996e-01
-2.378126621246337891e+00
-2.351032495498657227e+00
-2.490137577056884766e+00
-4.634228944778442383e-01
-1.993659138679504395e+00
-2.257776737213134766e+00
-2.225683927536010742e+00
-2.004019975662231445e+00
-7.037601470947265625e-01
-2.325407266616821289e+00
-2.281416893005371094e+00
-2.176585674285888672e+00
-2.663571536540985107e-01
-1.396447658538818359e+00
-1.750249862670898438e+00
-2.022175073623657227e+00
-2.210606575012207031e+00
-1.104061841964721680e+00
-1.280251741409301758e+00
-1.739671468734741211e+00
-8.850839734077453613e-01
-1.159766197204589844e+00
-1.286132454872131348e+00
-1.699462682008743286e-01
-1.651947140693664551e+00
-2.158352851867675781e+00
-1.979723811149597168e+00
-9.506952762603759766e-01
-9.189351201057434082e-01
-1.712432384490966797e+00
-2.405176639556884766e+00
-1.509618282318115234e+00
-2.414541244506835938e+00
-8.621385097503662109e-01
-1.677051424980163574e+00
-1.028360128402709961e+00
-2.300459384918212891e+00
-1.379426479339599609e+00
-1.851809978485107422e+00
-1.380657076835632324e+00
-1.772978067398071289e+00
-2.213066577911376953e+00
-1.701769351959228516e+00
-1.985951304435729980e+00
-1.890223860740661621e+00
-2.464793205261230469e+00
-1.871131062507629395e+00
-2.554265499114990234e+00
-7.227605581283569336e-01
-2.438873052597045898e+00
-2.393418312072753906e+00
-5.963217467069625854e-02
-9.588064998388290405e-02
-2.093911409378051758e+00
-9.111191034317016602e-01
-1.718142628669738770e+00
-1.900322079658508301e+00
-1.150470614433288574e+00
-2.146631479263305664e+00
-2.247781038284301758e+00
-2.491474628448486328e+00
-2.228364467620849609e+00
-1.913485407829284668e+00
-9.195716977119445801e-01
-1.422751426696777344e+00
-1.104419231414794922e+00
-1.934341549873352051e+00
-1.698102831840515137e+00
-1.856299877166748047e+00
-2.335330963134765625e+00
-1.266907572746276855e+00
-5.171796679496765137e-01
-2.241965085268020630e-01
-2.092658281326293945e+00
-1.049229145050048828e+00
-1.604859590530395508e+00
-1.686095118522644043e+00
-2.464630365371704102e+00
-8.765427470207214355e-01
-3.395453467965126038e-02
-1.237394690513610840e+00
-1.332364559173583984e+00
-1.434321045875549316e+00
-1.024399876594543457e+00
-1.966242074966430664e+00
-9.889140725135803223e-01
-2.461866617202758789e+00
-1.317307114601135254e+00
-1.658542037010192871e+00
-6.470969319343566895e-01
-8.333215713500976562e-01
-4.372223615646362305e-01
-1.186884045600891113e+00
-1.114153623580932617e+00
-2.010090589523315430e+00
-2.501819610595703125e+00
-1.328755140304565430e+00
-1.394872069358825684e+00
-1.489158034324645996e+00
-1.658271431922912598e+00
-9.593923091888427734e-01
-3.549048900604248047e-01
-1.470724582672119141e+00
-2.079544067382812500e+00
-9.191837310791015625e-01
-1.596386313438415527e+00
-2.131839990615844727e+00
-2.525518655776977539e+00
1.128710210323333740e-01
-2.581522464752197266e+00
-1.314459085464477539e+00
-2.427115917205810547e+00
-2.134001731872558594e+00
-2.142047882080078125e+00
-2.175542354583740234e+00
3.527816236019134521e-01
-1.222309231758117676e+00
-2.558871269226074219e+00
-1.254161238670349121e+00
-1.533891320228576660e+00
-1.464142799377441406e+00
-2.053331613540649414e+00
-8.340965509414672852e-01
-7.115424275398254395e-01
-7.054115533828735352e-01
-9.866357445716857910e-01
-1.122653126716613770e+00
-9.848288297653198242e-01
-1.940150618553161621e+00
-2.017386913299560547e+00
-6.871563196182250977e-01
-2.366184711456298828e+00
-2.464686393737792969e+00
-2.061023473739624023e+00
-1.166662693023681641e+00
-9.648298025131225586e-01
-2.177679538726806641e+00
-2.425290346145629883e+00
-1.550498008728027344e+00
-2.150930643081665039e+00
-1.285338878631591797e+00
-7.310007810592651367e-01
-1.035014748573303223e+00
-1.079558491706848145e+00
-2.387592554092407227e+00
-1.258098006248474121e+00
-1.401292085647583008e+00
-2.408656120300292969e+00
-1.222594261169433594e+00
-2.363300800323486328e+00
-8.254009485244750977e-01
-1.572430014610290527e+00
-2.002114772796630859e+00
-1.245526313781738281e+00
-2.164105653762817383e+00
-2.285657405853271484e+00
-1.161277294158935547e+00
-2.266606330871582031e+00
-1.529474020004272461e+00
-1.796530961990356445e+00
-6.884992122650146484e-01
-2.017832279205322266e+00
-8.885701298713684082e-01
-1.433110475540161133e+00
-2.264504671096801758e+00
-2.314320802688598633e+00
-8.705852627754211426e-01
-1.259129285812377930e+00
-1.390561461448669434e+00
-5.443100929260253906e-01
-2.073437213897705078e+00
-1.786828517913818359e+00
-2.090007305145263672e+00
-2.011810779571533203e+00
-6.872263550758361816e-01
-1.357345700263977051e+00
-1.227778792381286621e+00
-1.729481697082519531e+00
-1.609696745872497559e+00
-2.500223875045776367e+00
-1.795192003250122070e+00
-1.050442814826965332e+00
-1.811463713645935059e+00
-1.909936785697937012e+00
-8.539616465568542480e-01
-2.321697950363159180e+00
-2.137897491455078125e+00
-1.681205153465270996e+00
-2.514262437820434570e+00
-1.672483325004577637e+00
-1.173481345176696777e+00
-7.018908858299255371e-01
-2.706016004085540771e-01
-7.259101867675781250e-01
-1.118014216423034668e+00
-1.116829633712768555e+00
-1.807693600654602051e+00
-2.485137939453125000e+00
-6.929782032966613770e-01
-1.401405096054077148e+00
-1.397008895874023438e+00
-1.727103829383850098e+00
-1.604161381721496582e+00
-2.572196245193481445e+00
-1.825160980224609375e+00
-8.488464355468750000e-01
-1.342668771743774414e+00
-7.779920101165771484e-01
-1.713621973991394043e+00
-2.317863702774047852e+00
-1.264571309089660645e+00
-1.173248887062072754e+00
-2.249106884002685547e+00
-2.226248741149902344e+00
-1.602684617042541504e+00
-1.700780272483825684e+00
-9.815591573715209961e-01
-7.894675135612487793e-01
-1.505493879318237305e+00
-9.778001308441162109e-01
-1.435608863830566406e+00
-1.253622889518737793e+00
-1.445875406265258789e+00
-2.096714019775390625e+00
-2.863965034484863281e-01
-1.366639852523803711e+00
-7.822088599205017090e-01
-1.853197097778320312e+00
-1.429828882217407227e+00
-1.302851438522338867e+00
-1.581640243530273438e+00
-2.197260856628417969e+00
-1.783904314041137695e+00
-7.953230738639831543e-01
-2.563263893127441406e+00
-8.453215956687927246e-01
-2.332775592803955078e+00
-1.030852198600769043e+00
-3.452018797397613525e-01
-1.592034339904785156e+00
-1.313319683074951172e+00
-1.078495621681213379e+00
-8.747885227203369141e-01
-1.515580892562866211e+00
-2.596056461334228516e+00
-1.492764234542846680e+00
-7.685974836349487305e-01
-1.950500249862670898e+00
-1.320736765861511230e+00
-1.753792762756347656e+00
-8.217434287071228027e-01
-2.192284822463989258e+00
-1.814919948577880859e+00
-8.853792548179626465e-01
-1.256177306175231934e+00
-2.414889097213745117e+00
-1.760497331619262695e+00
-2.171958446502685547e+00
-1.688910365104675293e+00
-1.586311936378479004e+00
-1.554647684097290039e+00
4.391095787286758423e-02
-1.169456720352172852e+00
-1.236370921134948730e+00
-1.024471640586853027e+00
-1.364929437637329102e+00
-1.243726015090942383e+00
-1.820982575416564941e+00
-2.298953294754028320e+00
-2.351606845855712891e+00
-2.078577995300292969e+00
-1.595844388008117676e+00
-1.591567516326904297e+00
-1.753451704978942871e+00
-1.178700566291809082e+00
-1.411216974258422852e+00
-1.787725329399108887e+00
-1.045909404754638672e+00
-4.974704980850219727e-01
-9.947267174720764160e-01
-7.830355763435363770e-01
-1.814423203468322754e+00
-1.110576868057250977e+00
-1.667472124099731445e+00
-1.034122347831726074e+00
-1.107287526130676270e+00
-1.523829102516174316e+00
-1.587163686752319336e+00
-6.753279566764831543e-01
-3.213951289653778076e-01
-2.075991630554199219e+00
-6.938610672950744629e-01
-2.439095258712768555e+00
-1.419290423393249512e+00
-1.193541526794433594e+00
2.781330049037933350e-01
-1.154344201087951660e+00
-6.732526421546936035e-01
-1.049416780471801758e+00
-8.003759384155273438e-01
-1.847135543823242188e+00
-9.896585345268249512e-01
-1.458034634590148926e+00
-1.904102087020874023e+00
-2.187051057815551758e+00
-2.208049774169921875e+00
-1.459641575813293457e+00
-2.474601268768310547e+00
-9.802408218383789062e-01
-9.829741716384887695e-01
-1.456120967864990234e+00
-2.173588752746582031e+00
-2.045276880264282227e+00
-2.226577043533325195e+00
-7.537748217582702637e-01
-7.447634339332580566e-01
-1.137838125228881836e+00
-6.133032441139221191e-01
-1.717209935188293457e+00
-9.516093134880065918e-01
-1.602851510047912598e+00
-2.441591739654541016e+00
-1.320165753364562988e+00
-2.233379602432250977e+00
-1.089118361473083496e+00
-1.582893848419189453e+00
-2.425235748291015625e+00
-1.559460520744323730e+00
-9.372873902320861816e-01
-1.485256910324096680e+00
-6.983809471130371094e-01
-1.610209107398986816e+00
-2.557246446609497070e+00
-2.129196166992187500e+00
-2.413407087326049805e+00
-1.679625034332275391e+00
-2.599049568176269531e+00
-1.129659533500671387e+00
-1.048668980598449707e+00
-1.647950410842895508e+00
-1.206712841987609863e+00
-8.559781908988952637e-01
-2.089819669723510742e+00
-1.731722235679626465e+00
-1.658844590187072754e+00
-4.599227309226989746e-01
-1.344572067260742188e+00
-2.178541421890258789e+00
-1.259514331817626953e+00
-1.931480884552001953e+00
-2.014087677001953125e+00
2.203748226165771484e-01
-2.396714687347412109e+00
-1.707840323448181152e+00
-4.545318335294723511e-02
-8.615959286689758301e-01
-1.378403544425964355e+00
-8.322132229804992676e-01
-2.111831188201904297e+00
-8.470160961151123047e-01
-1.349556565284729004e+00
-1.864498019218444824e+00
-2.152393341064453125e+00
-2.041020870208740234e+00
-1.231425285339355469e+00
-2.596394300460815430e+00
-2.305515050888061523e+00
-1.528312563896179199e+00
-2.481373071670532227e+00
-3.479110598564147949e-01
-2.307859420776367188e+00
-1.471606135368347168e+00
-2.116224527359008789e+00
-1.685675621032714844e+00
-1.867973208427429199e+00
-4.207679629325866699e-01
-2.575690746307373047e+00
-7.026512026786804199e-01
-1.076201558113098145e+00
-1.287471771240234375e+00
-1.903401613235473633e+00
-1.538553714752197266e+00
-1.156710267066955566e+00
-7.023296356201171875e-01
-1.666406750679016113e+00
-1.996254801750183105e+00
-2.233182668685913086e+00
3.991496264934539795e-01
-1.625767707824707031e+00
-1.049306869506835938e+00
-2.356602430343627930e+00
1.778179220855236053e-02
-6.825895309448242188e-01
-6.016025543212890625e-01
-1.049292922019958496e+00
-2.380182266235351562e+00
-1.436067819595336914e+00
-1.118733406066894531e+00
-1.547985315322875977e+00
-1.246861338615417480e+00
-2.338721752166748047e+00
-2.176147937774658203e+00
-1.877849102020263672e+00
-8.466705083847045898e-01
-1.580820083618164062e+00
-2.155921459197998047e+00
-2.020186662673950195e+00
-2.311271905899047852e+00
3.649442078312858939e-05
-2.374473571777343750e+00
-6.896437406539916992e-01
-1.921162843704223633e+00
-4.054062962532043457e-01
-1.277155637741088867e+00
-2.347478866577148438e+00
-2.196974992752075195e+00
-2.281096935272216797e+00
-1.693693280220031738e+00
-2.342711925506591797e+00
2.052953243255615234e-01
-2.520806550979614258e+00
-1.494367718696594238e+00
-2.433196306228637695e+00
-1.272207140922546387e+00
-1.876291513442993164e+00
-9.243265390396118164e-01
-8.858527541160583496e-01
-8.762288093566894531e-02
-5.528126358985900879e-01
-2.519768714904785156e+00
-1.800117254257202148e+00
-1.334024071693420410e+00
-2.449527502059936523e+00
-9.901282787322998047e-01
-9.670144915580749512e-01
-1.513969898223876953e+00
-1.468995690345764160e+00
-8.976400494575500488e-01
-6.887658238410949707e-01
-1.788869619369506836e+00
-2.479282379150390625e+00
-9.010162949562072754e-01
-9.765800833702087402e-01
-1.101353645324707031e+00
-2.578993797302246094e+00
-1.160896778106689453e+00
-1.728790521621704102e+00
-2.248995065689086914e+00
-1.566400408744812012e+00
-1.167373657226562500e+00
-2.342648267745971680e+00
-1.198518872261047363e+00
-1.775154352188110352e+00
-9.171649813652038574e-01
-2.024503707885742188e+00
-1.788558363914489746e+00
-1.702461004257202148e+00
-2.376105070114135742e+00
-1.571831345558166504e+00
-1.549662113189697266e+00
-1.706538677215576172e+00
-2.363965511322021484e+00
-1.771795868873596191e+00
-9.929036498069763184e-01
-1.500434279441833496e+00
-1.111171722412109375e+00
-1.861013650894165039e+00
-1.403675317764282227e+00
-7.973239421844482422e-01
-1.905241966247558594e+00
-2.386463403701782227e+00
-1.896171092987060547e+00
-2.483616113662719727e+00
-1.550808787345886230e+00
-7.115532755851745605e-01
-1.488360762596130371e+00
-1.846451014280319214e-01
-1.182799816131591797e+00
-2.570653915405273438e+00
-8.074854612350463867e-01
-1.301848292350769043e+00
-2.493133783340454102e+00
-1.783970594406127930e+00
-1.277399778366088867e+00
-2.265132665634155273e+00
-2.007658958435058594e+00
-1.577043533325195312e+00
-1.701412200927734375e+00
-2.322879791259765625e+00
-2.715374827384948730e-01
-2.104307174682617188e+00
-2.820576429367065430e-01
-2.050125598907470703e+00
-2.266087293624877930e+00
-2.439794063568115234e+00
-7.528523206710815430e-01
-1.342511296272277832e+00
-2.457029342651367188e+00
-1.044790387153625488e+00
-7.759690880775451660e-01
-1.250048637390136719e+00
-2.382443666458129883e+00
-9.099476933479309082e-01
-2.304676771163940430e+00
-2.314478158950805664e+00
-9.958237409591674805e-01
-1.196567058563232422e+00
-1.901852488517761230e+00
-9.471619129180908203e-01
-2.089043378829956055e+00
-8.552247285842895508e-01
-1.827381730079650879e+00
-1.324518799781799316e+00
-1.535010576248168945e+00
-2.502536058425903320e+00
-1.572601795196533203e+00
-1.682844042778015137e+00
-1.917757749557495117e+00
-1.439866304397583008e+00
-8.329027891159057617e-01
-4.623675942420959473e-01
-6.402344107627868652e-01
-9.280120730400085449e-01
-1.116861820220947266e+00
-8.289012908935546875e-01
-1.680890202522277832e+00
-2.442521095275878906e+00
-1.773573637008666992e+00
-1.754377007484436035e+00
-1.455303788185119629e+00
-1.293622136116027832e+00
-8.040493726730346680e-01
-9.011995196342468262e-01
2.881317734718322754e-01
-1.750448346138000488e+00
-1.814256548881530762e+00
-2.334841728210449219e+00
-1.150068998336791992e+00
-8.706967234611511230e-01
-9.959455728530883789e-01
-7.652180790901184082e-01
-1.177669525146484375e+00
-1.455607056617736816e+00
-2.568460464477539062e+00
-2.572709083557128906e+00
-7.582690119743347168e-01
-1.667497515678405762e+00
-1.693783044815063477e+00
-2.160482883453369141e+00
-1.411673188209533691e+00
-2.466120004653930664e+00
-4.754029214382171631e-01
-9.930162429809570312e-01
-2.354375362396240234e+00
-1.088494420051574707e+00
-2.444679021835327148e+00
-1.415980815887451172e+00
-1.799637556076049805e+00
-1.592737734317779541e-01
-2.422497749328613281e+00
-1.604458332061767578e+00
-7.429866790771484375e-01
-2.251549720764160156e+00
-2.406695365905761719e+00
-2.282443761825561523e+00
-4.043222367763519287e-01
-1.650665879249572754e+00
-1.901495575904846191e+00
-1.010752916336059570e+00
-2.315889120101928711e+00
-2.329270362854003906e+00
-1.770441174507141113e+00
-1.629268288612365723e+00
-8.001195788383483887e-01
-1.892310142517089844e+00
-1.573529362678527832e+00
-2.525218248367309570e+00
-5.274968147277832031e-01
-1.596365213394165039e+00
-2.429218053817749023e+00
-9.839369058609008789e-01
-1.415351390838623047e+00
-1.300084710121154785e+00
-2.055908918380737305e+00
-2.434735774993896484e+00
-2.592364311218261719e+00
2.207403779029846191e-01
-1.126346349716186523e+00
-2.390203952789306641e+00
-1.857215166091918945e+00
-1.268302440643310547e+00
-1.416934847831726074e+00
-6.142971515655517578e-01
-1.174453616142272949e+00
-8.616235256195068359e-01
-1.976852297782897949e+00
7.855434715747833252e-02
-1.277828454971313477e+00
-1.034714698791503906e+00
-1.858471989631652832e+00
-2.388521432876586914e+00
-1.154068827629089355e+00
-2.033936977386474609e+00
3.282829374074935913e-02
4.048181772232055664e-01
-1.955250263214111328e+00
-8.960077166557312012e-01
-1.301878809928894043e+00
-1.389440178871154785e+00
-1.945203900337219238e+00
-7.113822102546691895e-01
-2.015372753143310547e+00
-7.551569938659667969e-01
-1.595558285713195801e+00
-2.387863874435424805e+00
-1.438001155853271484e+00
-1.505548357963562012e+00
-1.756719708442687988e+00
-1.049464821815490723e+00
-8.279551863670349121e-01
-2.105285406112670898e+00
-1.957470536231994629e+00
-1.745696425437927246e+00
-1.278998970985412598e+00
-1.460336685180664062e+00
-1.103557229042053223e+00
-1.112632751464843750e+00
-8.962770700454711914e-01
-2.070466756820678711e+00
-2.444118976593017578e+00
-1.443817257881164551e+00
-1.918166399002075195e+00
-1.055683732032775879e+00
-1.895734429359436035e+00
-2.292670607566833496e-01
-1.909147620201110840e+00
-2.041453361511230469e+00
-1.207499265670776367e+00
4.457554817199707031e-01
-1.018072605133056641e+00
-1.606993317604064941e+00
-2.022801876068115234e+00
-2.493884086608886719e+00
-9.573807939887046814e-03
-7.654545307159423828e-01
-8.497193455696105957e-01
-6.290875673294067383e-01
-2.300773859024047852e+00
-1.378473401069641113e+00
-1.386802554130554199e+00
-8.251430392265319824e-01
-1.466468691825866699e+00
-2.451540946960449219e+00
-1.143711686134338379e+00
-9.903695583343505859e-01
-2.300017595291137695e+00
-2.243476629257202148e+00
-1.054547190666198730e+00
-1.497465968132019043e+00
-2.589468479156494141e+00
-2.085883378982543945e+00
-1.019722938537597656e+00
-7.912175059318542480e-01
-1.329018950462341309e+00
-2.315791845321655273e+00
-2.587171554565429688e+00
-2.113590240478515625e+00
-1.461162328720092773e+00
-1.066449642181396484e+00
-1.822263121604919434e+00
-2.377339363098144531e+00
-2.006641149520874023e+00
-9.045267701148986816e-01
1.510827988386154175e-01
-2.361984014511108398e+00
-1.512182712554931641e+00
-1.299720525741577148e+00
-1.976194500923156738e+00
-1.876315712928771973e+00
-1.774580836296081543e+00
-2.215653896331787109e+00
2.439962476491928101e-01
-2.493913412094116211e+00
-1.628386020660400391e+00
-2.248418569564819336e+00
-1.752322793006896973e+00
-8.751491308212280273e-01
2.449202984571456909e-01
-1.185581564903259277e+00
-1.802516818046569824e+00
-1.257321238517761230e+00
-2.745329141616821289e-01
-1.847583293914794922e+00
-8.117080926895141602e-01
-9.361087083816528320e-01
-5.767933130264282227e-01
-2.113981246948242188e+00
-2.327991008758544922e+00
-1.841445446014404297e+00
-2.296667575836181641e+00
-6.667027473449707031e-01
-6.483185291290283203e-01
-5.543497800827026367e-01
-2.024235963821411133e+00
-2.438956499099731445e+00
-1.511643171310424805e+00
-8.873645067214965820e-01
-1.734429001808166504e+00
-1.335706710815429688e+00
-1.055037498474121094e+00
-1.964682459831237793e+00
-1.926854372024536133e+00
1.000890210270881653e-01
-1.520997047424316406e+00
-9.862667918205261230e-01
-1.301622033119201660e+00
-7.571982741355895996e-01
-1.824122548103332520e+00
-2.057655096054077148e+00
-9.021378159523010254e-01
-1.266409397125244141e+00
-2.577657938003540039e+00
-1.652922749519348145e+00
-8.025707006454467773e-01
-1.645493388175964355e+00
-2.277922630310058594e+00
-1.567080378532409668e+00
-1.603208184242248535e+00
1.097893342375755310e-01
-2.382946252822875977e+00
-2.333488225936889648e+00
-1.260193824768066406e+00
-1.439426541328430176e+00
-1.387873053550720215e+00
-1.328591108322143555e+00
-1.858713507652282715e+00
-8.281952738761901855e-01
-1.839544773101806641e+00
1.676914691925048828e-01
-2.101892232894897461e+00
1.745865643024444580e-01
-2.390145778656005859e+00
-2.841075062751770020e-01
-1.706967473030090332e+00
-2.536247014999389648e+00
-2.173960208892822266e+00
-2.335567951202392578e+00
-5.184528231620788574e-01
-4.409913718700408936e-01
-1.669754266738891602e+00
-9.955058097839355469e-01
-1.473978161811828613e+00
-1.499781847000122070e+00
-1.311969757080078125e+00
-3.338620662689208984e-01
-1.322916626930236816e+00
-1.832260608673095703e+00
-2.049146175384521484e+00
-1.447056651115417480e+00
-3.851366639137268066e-01
-2.209084272384643555e+00
-1.267982602119445801e+00
-1.457448482513427734e+00
-7.935949563980102539e-01
-1.737407207489013672e+00
-2.198434352874755859e+00
-1.670044898986816406e+00
-2.580891609191894531e+00
-2.123321056365966797e+00
-1.221702575683593750e+00
-2.526754379272460938e+00
-2.849966883659362793e-01
-8.869100213050842285e-01
-1.314694643020629883e+00
-1.481199860572814941e+00
-2.831949479877948761e-02
-7.815736532211303711e-01
-1.518493294715881348e+00
-1.379700779914855957e+00
-2.103643894195556641e+00
-2.326827764511108398e+00
-1.455387473106384277e+00
3.340373635292053223e-01
-7.159716486930847168e-01
-1.722850918769836426e+00
-2.357162237167358398e+00
-2.978322505950927734e-01
-3.886372447013854980e-01
-1.155246973037719727e+00
-2.061303853988647461e+00
-7.042858600616455078e-01
-2.172678947448730469e+00
-2.298916816711425781e+00
-3.923242092132568359e-01
-2.029542446136474609e+00
-7.728826999664306641e-01
-2.606415748596191406e+00
-2.101327419281005859e+00
-1.488563537597656250e+00
-1.461484074592590332e+00
-1.788264632225036621e+00
-2.434658050537109375e+00
-2.248119115829467773e+00
-2.578370571136474609e+00
-2.235287904739379883e+00
-1.144372299313545227e-01
-2.011633872985839844e+00
-1.860387921333312988e+00
-9.436047077178955078e-01
-1.618039727210998535e+00
-5.851294398307800293e-01
-1.774842858314514160e+00
-1.069478750228881836e+00
-1.189182281494140625e+00
-7.880989313125610352e-01
-1.883792757987976074e+00
-1.173653364181518555e+00
-1.510868668556213379e+00
-6.970544457435607910e-01
-1.407931208610534668e+00
-2.017332315444946289e+00
-9.717745780944824219e-01
-8.839925527572631836e-01
-1.297825932502746582e+00
-2.046306848526000977e+00
-5.265043377876281738e-01
-1.351033687591552734e+00
-1.775314450263977051e+00
-2.364336252212524414e+00
-2.479447424411773682e-01
-2.030233383178710938e+00
-1.020542502403259277e+00
-1.972597122192382812e+00
-7.837951183319091797e-01
-2.018321514129638672e+00
-1.778913378715515137e+00
-2.183250904083251953e+00
-1.572427868843078613e+00
-6.097852587699890137e-01
-9.002702832221984863e-01
-2.077726602554321289e+00
-2.538791656494140625e+00
-1.073860049247741699e+00
-2.484401315450668335e-01
-2.218630075454711914e+00
-8.046644330024719238e-01
-9.094538092613220215e-01
-2.079609155654907227e+00
-2.210982322692871094e+00
-2.352219581604003906e+00
-1.995200157165527344e+00
-1.300178289413452148e+00
-8.353475928306579590e-01
-2.336038589477539062e+00
-2.028677940368652344e+00
-1.953334569931030273e+00
-1.547373414039611816e+00
-1.626571774482727051e+00
-2.251447916030883789e+00
-8.244621753692626953e-01
-1.101340770721435547e+00
-2.176047086715698242e+00
-1.510770916938781738e+00
-1.120094776153564453e+00
-5.875658988952636719e-01
-1.014320015907287598e+00
-2.330904722213745117e+00
-9.948282241821289062e-01
-1.004305124282836914e+00
-1.715056538581848145e+00
-1.224320530891418457e+00
-2.186573028564453125e+00
-1.103666782379150391e+00
-8.047799468040466309e-01
-2.377983331680297852e+00
-1.898710727691650391e+00
-1.957406163215637207e+00
-1.472564697265625000e+00
-8.572739958763122559e-01
-1.140686869621276855e+00
-1.129810094833374023e+00
-7.192381024360656738e-01
-2.367660284042358398e+00
-8.053755760192871094e-01
-1.474156022071838379e+00
-1.135071754455566406e+00
-1.648213982582092285e+00
5.783727169036865234e-01
-5.432459115982055664e-01
-5.986510515213012695e-01
-4.044473767280578613e-01
-8.259187936782836914e-01
-6.017529964447021484e-01
-4.752438962459564209e-01
-1.718066453933715820e+00
-2.259188413619995117e+00
-6.899207234382629395e-01
-1.094266057014465332e+00
-7.611475586891174316e-01
-7.721298933029174805e-01
-1.312855482101440430e+00
-7.263663411140441895e-01
-2.060616731643676758e+00
-8.373823761940002441e-01
-1.302280068397521973e+00
-1.233958601951599121e+00
-1.599797606468200684e+00
-1.744946390390396118e-01
1.117584332823753357e-01
3.852939233183860779e-02
-9.322872161865234375e-01
-1.235312104225158691e+00
-2.801606059074401855e-01
-1.028181672096252441e+00
-4.440425634384155273e-01
5.234411358833312988e-02
-6.688894033432006836e-01
-1.477261543273925781e+00
3.819977939128875732e-01
-1.077106356620788574e+00
-1.093634247779846191e+00
-9.808927774429321289e-01
2.181179448962211609e-02
-8.569204211235046387e-01
-1.143193960189819336e+00
-4.869304299354553223e-01
-6.674840450286865234e-01
-2.397574901580810547e+00
-7.066113352775573730e-01
-5.256492495536804199e-01
-5.497999787330627441e-01
-1.082443714141845703e+00
-2.986702919006347656e-01
-3.620825707912445068e-02
-1.612260103225708008e+00
1.932079941034317017e-01
-1.179823040962219238e+00
3.792367130517959595e-02
-6.272488832473754883e-01
-1.636853337287902832e+00
-9.813916683197021484e-01
-7.580397129058837891e-01
-1.139454364776611328e+00
-1.525370359420776367e+00
-7.488885521888732910e-01
-5.904757976531982422e-01
-1.786488533020019531e+00
-5.576282143592834473e-01
-7.589197754859924316e-01
-4.084630608558654785e-01
-1.143237233161926270e+00
-1.405733585357666016e+00
-2.125967264175415039e+00
-1.463553547859191895e+00
-1.404023408889770508e+00
7.270706892013549805e-01
-5.414199233055114746e-01
-2.084729261696338654e-02
-1.152198791503906250e+00
1.720491796731948853e-01
-9.100080132484436035e-01
-1.708417087793350220e-01
-1.867767572402954102e-01
-6.569890975952148438e-01
-1.625756263732910156e+00
-1.274319291114807129e+00
2.194980382919311523e-01
-1.325283646583557129e-01
-6.865050196647644043e-01
-9.508263468742370605e-01
-3.297736942768096924e-01
-1.593734979629516602e+00
-7.962524890899658203e-02
-9.468302726745605469e-01
-2.225261777639389038e-01
-8.718878030776977539e-01
-2.066141366958618164e+00
-2.085269689559936523e+00
-1.067765116691589355e+00
-2.075297355651855469e+00
-1.984053730964660645e+00
-1.668228507041931152e+00
4.235631525516510010e-01
4.314553141593933105e-01
-1.322429895401000977e+00
-2.033767938613891602e+00
-1.632759571075439453e+00
-2.040207147598266602e+00
-1.686145424842834473e+00
-8.503522276878356934e-01
4.156037867069244385e-01
-1.936965584754943848e+00
-1.409037560224533081e-01
-1.289477348327636719e+00
-2.345375776290893555e+00
-2.792180478572845459e-01
1.416035443544387817e-01
-1.725670576095581055e+00
-1.875017583370208740e-01
-2.207217693328857422e+00
-7.351802587509155273e-01
-1.568308711051940918e+00
-1.068286180496215820e+00
-2.121098279953002930e+00
-9.657304286956787109e-01
-7.911440134048461914e-01
-9.920271635055541992e-01
-8.730502128601074219e-01
-1.541073083877563477e+00
-7.604472637176513672e-01
4.677200615406036377e-01
-1.408209323883056641e+00
1.753196120262145996e-01
-1.528056621551513672e+00
-1.909625887870788574e+00
-2.082912921905517578e+00
-1.134946823120117188e+00
-1.469166427850723267e-01
-2.788130342960357666e-01
-1.196245908737182617e+00
-1.463393092155456543e+00
-5.526608228683471680e-01
-1.164734482765197754e+00
-6.419630646705627441e-01
-1.570375561714172363e+00
-1.333859682083129883e+00
-1.228061437606811523e+00
1.076883543282747269e-02
1.531861126422882080e-01
-1.666566252708435059e+00
-3.373507261276245117e-01
-1.817078888416290283e-01
-8.246817588806152344e-01
-1.339904665946960449e+00
-1.024122834205627441e+00
-1.305958628654479980e+00
-6.802232265472412109e-01
-1.757430911064147949e+00
-1.583734989166259766e+00
4.564882516860961914e-01
-3.059880137443542480e-01
-7.530302554368972778e-02
-8.998650312423706055e-01
-1.088473200798034668e+00
-1.061074495315551758e+00
-7.174780964851379395e-01
-1.520382285118103027e+00
-1.213204383850097656e+00
-9.627317786216735840e-01
-1.220147609710693359e+00
-1.429249763488769531e+00
-1.247169494628906250e+00
-1.231026053428649902e+00
-1.665886402130126953e+00
-9.587770700454711914e-01
1.904426515102386475e-01
-1.388279914855957031e+00
-1.091984868049621582e+00
-8.170831203460693359e-01
-8.614686131477355957e-01
-9.332554936408996582e-01
-1.497907996177673340e+00
-9.795925021171569824e-01
-6.539795994758605957e-01
-1.086427450180053711e+00
-2.200162649154663086e+00
-1.229790091514587402e+00
-7.867214679718017578e-01
8.657611906528472900e-02
-1.512407422065734863e+00
-6.626584529876708984e-01
-1.196398138999938965e+00
-1.163428068161010742e+00
-9.017429947853088379e-01
-9.695949554443359375e-01
-7.724484205245971680e-01
-7.222407460212707520e-01
-3.125198483467102051e-01
-1.462968111038208008e+00
-2.207641005516052246e-01
-2.129562616348266602e+00
-2.262315303087234497e-01
-9.992659687995910645e-01
1.299578696489334106e-01
5.500974655151367188e-01
1.438227593898773193e-01
-1.458753228187561035e+00
6.217315196990966797e-01
-7.999953031539916992e-01
-8.105774521827697754e-01
-1.671560406684875488e+00
-1.721455216407775879e+00
2.962409257888793945e-01
-9.589101076126098633e-01
-8.948534131050109863e-01
-1.256588220596313477e+00
1.698310822248458862e-01
-1.380728483200073242e+00
-1.883612036705017090e+00
-2.567595243453979492e+00
-1.409756779670715332e+00
1.615723371505737305e-01
-3.073979020118713379e-01
-1.488663554191589355e+00
-4.981492161750793457e-01
-2.099656343460083008e+00
-1.111737266182899475e-01
-1.166336417198181152e+00
-1.020616292953491211e+00
-1.981229066848754883e+00
-1.186661243438720703e+00
-1.149975419044494629e+00
-2.487813711166381836e+00
-1.552054762840270996e+00
-1.336936831474304199e+00
-5.050154328346252441e-01
5.774280801415443420e-02
-1.467760801315307617e+00
-9.126172065734863281e-01
-8.795778751373291016e-01
-9.758953452110290527e-01
-1.365297555923461914e+00
-1.360338926315307617e+00
-1.284437537193298340e+00
-1.709338784217834473e+00
-2.287897586822509766e+00
-9.917209148406982422e-01
-1.196720957756042480e+00
-1.311037659645080566e+00
3.872619271278381348e-01
-1.476646661758422852e+00
-1.001692891120910645e+00
-9.750103354454040527e-01
-2.168690443038940430e+00
-4.278958737850189209e-01
-1.708071827888488770e+00
-3.519698679447174072e-01
-1.013581156730651855e+00
-2.897008359432220459e-01
-1.579986095428466797e+00
-1.654941558837890625e+00
-5.232180356979370117e-01
-1.752260088920593262e+00
-2.380782127380371094e+00
-2.305175304412841797e+00
4.973838105797767639e-02
-1.066379427909851074e+00
-4.028092324733734131e-01
-2.976373024284839630e-02
-1.477878689765930176e+00
-1.190778017044067383e+00
-1.123263120651245117e+00
-1.315332651138305664e+00
-1.121099114418029785e+00
-9.451965689659118652e-01
-2.541959881782531738e-01
-1.905241370201110840e+00
-2.224699020385742188e+00
-3.356971442699432373e-01
-1.193291544914245605e+00
-6.013600230216979980e-01
-1.104261875152587891e+00
-2.169207811355590820e+00
-1.244998335838317871e+00
-1.982925653457641602e+00
-1.122746944427490234e+00
-1.555269122123718262e+00
-1.583986759185791016e+00
-2.072604894638061523e+00
-1.315238952636718750e+00
-7.021260261535644531e-01
-3.720844984054565430e-01
-1.093063116073608398e+00
-5.564663559198379517e-03
-4.017048180103302002e-01
-2.953515052795410156e-01
-1.380125880241394043e+00
-4.147644639015197754e-01
1.756736338138580322e-01
-1.645200967788696289e+00
-8.909335136413574219e-01
-5.073164701461791992e-01
-2.030520439147949219e+00
9.472990781068801880e-02
-2.007520645856857300e-01
-2.478134870529174805e+00
-1.568381309509277344e+00
-8.100354075431823730e-01
1.032576411962509155e-01
-6.239448785781860352e-01
-1.577626585960388184e+00
4.718590080738067627e-01
-2.951104044914245605e-01
-1.008512854576110840e+00
-2.129591852426528931e-01
-1.311302065849304199e+00
-3.071447312831878662e-01
-1.759625226259231567e-01
-2.564889430999755859e+00
-1.611120104789733887e+00
-4.893610477447509766e-01
-6.396099328994750977e-01
-6.570705771446228027e-01
-3.802464604377746582e-01
-5.571821331977844238e-01
-5.483955144882202148e-02
5.819098353385925293e-01
-2.415491580963134766e+00
-9.498030543327331543e-01
-1.262504339218139648e+00
-7.878637909889221191e-01
4.439173042774200439e-01
-1.216857314109802246e+00
-1.017727106809616089e-01
7.799121085554361343e-03
-3.811152577400207520e-01
-2.498122215270996094e+00
-4.217596054077148438e-01
-6.414073705673217773e-02
1.411963999271392822e-01
-5.281633734703063965e-01
-9.281355738639831543e-01
-9.919939637184143066e-01
-1.651875734329223633e+00
-1.574546694755554199e+00
-1.363832950592041016e+00
-1.705266237258911133e+00
-1.587036252021789551e+00
-1.452570438385009766e+00
-5.100118517875671387e-01
-2.476757049560546875e+00
-1.612800836563110352e+00
-8.901092410087585449e-01
-1.200764536857604980e+00
5.209883451461791992e-01
-1.064144730567932129e+00
-9.952080249786376953e-01
-1.898357987403869629e+00
-1.338444113731384277e+00
-1.624788403511047363e+00
-2.138857603073120117e+00
-7.665174007415771484e-01
-1.293466210365295410e+00
-2.431319653987884521e-01
-1.032788634300231934e+00
4.454710781574249268e-01
-1.615664839744567871e+00
-5.856114998459815979e-02
-1.520250797271728516e+00
-2.459465742111206055e+00
-5.223951935768127441e-01
-3.812460899353027344e-01
-2.162450790405273438e+00
-6.066987514495849609e-01
-1.667593121528625488e+00
-2.155797183513641357e-01
-1.738369822502136230e+00
-1.632977247238159180e+00
-1.282547235488891602e+00
-5.104973912239074707e-01
-6.819850802421569824e-01
-1.429843306541442871e+00
-3.152743447571992874e-03
-9.245471358299255371e-01
6.051322221755981445e-01
-7.385051250457763672e-01
-5.879946947097778320e-01
-1.687254667282104492e+00
-1.021091461181640625e+00
4.206604510545730591e-02
-7.547719031572341919e-02
-9.931429028511047363e-01
-2.511765956878662109e+00
3.042762875556945801e-01
-3.376947343349456787e-01
-1.424626588821411133e+00
-1.522158384323120117e+00
-1.695798635482788086e-01
-9.025326967239379883e-01
-6.129487752914428711e-01
3.011608421802520752e-01
1.798612177371978760e-01
-4.252379834651947021e-01
-1.495565891265869141e+00
-9.759095311164855957e-01
-5.679273605346679688e-01
-2.347806990146636963e-01
-2.250838041305541992e+00
-1.003779649734497070e+00
-7.770690321922302246e-01
-6.759030222892761230e-01
-1.162076070904731750e-01
1.626976877450942993e-01
-1.105157971382141113e+00
-9.088082909584045410e-01
-1.477129578590393066e+00
-3.976555466651916504e-01
1.631057113409042358e-01
-1.722152948379516602e+00
-8.143073320388793945e-01
1.926410198211669922e-01
-1.151648402214050293e+00
-1.463869452476501465e+00
-1.738848447799682617e+00
-2.505107879638671875e+00
-1.209028124809265137e+00
-9.718070626258850098e-01
-8.160091042518615723e-01
-6.369248628616333008e-01
-1.543032169342041016e+00
-1.806727647781372070e+00
-5.545241832733154297e-01
-1.656136870384216309e+00
-2.005926221609115601e-01
3.316115438938140869e-01
-2.178511857986450195e+00
-9.107511043548583984e-01
-1.695521354675292969e+00
-2.149196386337280273e+00
-7.760899066925048828e-01
-1.584394693374633789e+00
1.831908524036407471e-01
-1.094806492328643799e-01
-2.028620839118957520e-01
-9.976159930229187012e-01
-1.866188943386077881e-01
-7.412051558494567871e-01
1.299214512109756470e-01
-1.134050488471984863e+00
-6.264030933380126953e-01
-4.137829542160034180e-01
-1.136729598045349121e+00
-9.550659656524658203e-01
5.888505578041076660e-01
-8.929916024208068848e-01
-1.056993842124938965e+00
-1.663282513618469238e+00
-2.199127376079559326e-01
-1.185654923319816589e-01
-1.485734462738037109e+00
-1.894939422607421875e+00
-2.014608860015869141e+00
2.026679962873458862e-01
-6.818118691444396973e-02
-1.747697710990905762e+00
-5.931122303009033203e-01
-2.012900859117507935e-01
-5.576561689376831055e-01
-6.813795566558837891e-01
-1.255876064300537109e+00
-5.831705927848815918e-01
8.103800565004348755e-02
-5.457024574279785156e-01
-7.220643162727355957e-01
-4.548235237598419189e-01
-5.944096446037292480e-01
-1.694033294916152954e-01
-2.213106393814086914e+00
-8.105046749114990234e-01
-2.523085832595825195e+00
2.851834893226623535e-01
-1.741143345832824707e+00
-1.748686075210571289e+00
-3.216415643692016602e-01
-7.235898375511169434e-01
-2.138735771179199219e+00
-2.197537183761596680e+00
6.449013948440551758e-01
-1.030577540397644043e+00
-1.209875226020812988e+00
-2.123119831085205078e+00
1.174331307411193848e-01
-1.140429496765136719e+00
-1.571745753288269043e+00
-4.078437387943267822e-01
-1.334558486938476562e+00
-2.557933568954467773e+00
-5.358688905835151672e-02
-6.926308274269104004e-01
-1.424793601036071777e-01
-2.334766089916229248e-01
-1.236964225769042969e+00
-1.277957201004028320e+00
7.926797121763229370e-02
-3.988278284668922424e-02
-1.964719176292419434e+00
-1.046863198280334473e+00
-2.426085233688354492e+00
-1.603353977203369141e+00
-7.494699954986572266e-01
-9.598673582077026367e-01
-7.651228308677673340e-01
-7.063832283020019531e-01
-2.046228170394897461e+00
-6.500530242919921875e-01
-4.745290800929069519e-02
-1.205435037612915039e+00
-1.675593256950378418e+00
-1.018145561218261719e+00
-9.503217339515686035e-01
-1.535276770591735840e+00
-1.941282987594604492e+00
-2.560721635818481445e+00
-1.435563564300537109e+00
-9.354295134544372559e-01
-1.310454845428466797e+00
-1.140124201774597168e+00
-1.851142048835754395e+00
-5.154853463172912598e-01
-2.448431968688964844e+00
-1.800568222999572754e+00
-2.858453989028930664e-01
-1.396570324897766113e+00
-1.084245562553405762e+00
-1.055306434631347656e+00
-1.432704925537109375e+00
-7.259590625762939453e-01
-1.499415516853332520e+00
-1.640889525413513184e+00
-1.874652266502380371e+00
-1.018324017524719238e+00
6.255089491605758667e-02
-1.336675167083740234e+00
-8.681033253669738770e-01
-4.355001151561737061e-01
-9.233095049858093262e-01
-6.559715867042541504e-01
-1.237837791442871094e+00
1.585276275873184204e-01
-1.337924838066101074e+00
-1.436409354209899902e+00
-1.374498367309570312e+00
-3.363272845745086670e-01
-1.553794741630554199e-01
1.268019676208496094e-01
-3.504396378993988037e-01
-1.072708487510681152e+00
-1.199577331542968750e+00
-1.093065142631530762e+00
-2.010301589965820312e+00
-7.671353816986083984e-01
-1.611325144767761230e+00
-8.344299197196960449e-01
-1.299249291419982910e+00
-1.168397441506385803e-02
-5.738849043846130371e-01
-1.382217049598693848e+00
-1.304414510726928711e+00
-1.177117466926574707e+00
-3.164283335208892822e-01
-2.868039067834615707e-03
-1.026434749364852905e-01
-9.089715480804443359e-01
8.991675451397895813e-03
-4.627707228064537048e-02
-1.932542324066162109e-01
-5.820701122283935547e-01
-3.794141346588730812e-03
-3.582158684730529785e-01
1.580429077148437500e-01
-1.601848006248474121e+00
-2.564926147460937500e-01
-8.993443250656127930e-01
-5.325213670730590820e-01
-2.044464588165283203e+00
-1.025884985923767090e+00
-1.383884429931640625e+00
-7.531347870826721191e-01
-2.215498208999633789e+00
-2.337404012680053711e+00
-9.208736419677734375e-01
-1.733217120170593262e+00
-1.526251137256622314e-01
5.766711235046386719e-01
-8.123371005058288574e-01
1.006453037261962891e-01
-5.483475327491760254e-01
-6.777331829071044922e-01
-1.738291740417480469e+00
-1.857806324958801270e+00
-1.010540127754211426e+00
-8.122242093086242676e-01
-1.488696694374084473e+00
-7.304542064666748047e-01
-8.507291078567504883e-01
-5.644437670707702637e-01
-1.423177599906921387e+00
-1.411222100257873535e+00
-1.331510901451110840e+00
-1.803742647171020508e+00
-5.562634468078613281e-01
-7.595537900924682617e-01
-1.157211065292358398e+00
-1.365060210227966309e+00
-1.296793937683105469e+00
-1.351394891738891602e+00
-1.375388383865356445e+00
-7.175468206405639648e-01
-8.648092150688171387e-01
3.615215718746185303e-01
7.831908762454986572e-02
-1.586613535881042480e+00
-2.478482007980346680e+00
-1.318692564964294434e+00
-1.123374342918395996e+00
-1.263199210166931152e+00
-2.071331024169921875e+00
-2.292330980300903320e+00
-1.660406708717346191e+00
-8.628789335489273071e-02
1.746636778116226196e-01
-2.499576330184936523e+00
-1.916661024093627930e+00
-1.680081248283386230e+00
-2.050788402557373047e+00
-1.339264988899230957e+00
5.297339707612991333e-02
-8.096609711647033691e-01
-3.113262951374053955e-01
-2.057347297668457031e+00
-1.463744640350341797e+00
-8.772050142288208008e-01
-7.212045788764953613e-02
-1.763018220663070679e-01
-1.880733728408813477e+00
-1.596109271049499512e+00
-7.849156260490417480e-01
-1.137818932533264160e+00
-1.562818884849548340e+00
-8.463297486305236816e-01
-6.871390342712402344e-01
-1.691301703453063965e+00
-9.891072511672973633e-01
-1.288024306297302246e+00
-5.860214829444885254e-01
-1.216621756553649902e+00
-9.332049489021301270e-01
-8.573810458183288574e-01
-4.556569159030914307e-01
-4.019087553024291992e-01
-5.691887736320495605e-01
-7.253134846687316895e-01
-5.435451865196228027e-01
-1.442968368530273438e+00
-4.562469720840454102e-01
-4.319654703140258789e-01
-1.257814764976501465e+00
-1.051551342010498047e+00
-1.673674464225769043e+00
-1.341868638992309570e+00
-1.582223027944564819e-01
-4.529662430286407471e-01
-1.652226090431213379e+00
-2.002105474472045898e+00
-9.242696166038513184e-01
6.530321240425109863e-01
-9.044108986854553223e-01
-1.895969748497009277e+00
-3.088103830814361572e-01
-6.928544044494628906e-01
-4.208441972732543945e-01
-1.420545279979705811e-01
-8.607237935066223145e-01
1.081562861800193787e-01
2.849011681973934174e-03
-1.284565210342407227e+00
1.059643626213073730e-01
-8.960247039794921875e-01
-6.901079416275024414e-01
-1.164762854576110840e+00
-1.109438061714172363e+00
-3.038032650947570801e-01
-1.448149085044860840e+00
2.919633090496063232e-01
-7.630496025085449219e-01
1.018199995160102844e-01
-5.394980907440185547e-01
-1.402205705642700195e+00
-9.862552881240844727e-01
-1.736970692873001099e-01
-1.585365891456604004e+00
-7.804524898529052734e-01
-1.297847270965576172e+00
-1.243562817573547363e+00
5.839231014251708984e-01
-2.207513332366943359e+00
-5.249952077865600586e-01
4.509746432304382324e-01
-2.595463275909423828e+00
-1.813512891530990601e-01
-7.321587204933166504e-01
-5.215203166007995605e-01
-9.049763679504394531e-01
-9.933021664619445801e-01
-1.447995901107788086e-01
-8.941339850425720215e-01
-1.660551190376281738e+00
-6.603104472160339355e-01
-1.327371835708618164e+00
2.189060002565383911e-01
-1.065382719039916992e+00
-1.548741459846496582e+00
-1.411813616752624512e+00
-2.391041040420532227e+00
9.793076664209365845e-02
1.878954917192459106e-01
-4.662403836846351624e-02
-1.179600596427917480e+00
-1.599935054779052734e+00
3.743029534816741943e-01
-3.019972704350948334e-02
-1.529489636421203613e+00
-2.451494693756103516e+00
-2.647563517093658447e-01
-9.338427782058715820e-01
-1.001357555389404297e+00
-1.207718968391418457e+00
-4.203216135501861572e-01
-7.876334190368652344e-01
-2.283682823181152344e+00
-7.827798128128051758e-01
3.199139237403869629e-01
-2.666119933128356934e-01
-2.062466382980346680e+00
-4.046940505504608154e-01
-4.242888092994689941e-02
-1.150082945823669434e+00
2.433608169667422771e-04
-1.968337446451187134e-01
-6.647988557815551758e-01
-1.289420366287231445e+00
-4.157207161188125610e-02
-5.175660848617553711e-01
-1.442495942115783691e+00
-3.347011804580688477e-01
-1.648594617843627930e+00
-8.411134481430053711e-01
1.231625452637672424e-01
-4.752081632614135742e-01
-7.787732481956481934e-01
-8.747797012329101562e-01
-7.778933048248291016e-01
-9.439133405685424805e-01
-5.420629382133483887e-01
-2.031796425580978394e-01
-4.947811365127563477e-01
-1.245055794715881348e+00
-7.212855219841003418e-01
3.294795155525207520e-01
-2.175805717706680298e-01
5.448566079139709473e-01
2.991841547191143036e-02
-1.409476995468139648e+00
-2.622083425521850586e-01
-1.090510964393615723e+00
-1.017815351486206055e+00
-1.457867741584777832e+00
-1.707282066345214844e+00
-1.814952939748764038e-01
-1.724561929702758789e+00
-3.407387435436248779e-01
-1.317929148674011230e+00
-7.378258705139160156e-01
-2.581284761428833008e+00
-5.886561870574951172e-01
-9.368140697479248047e-01
3.591037169098854065e-02
7.490868866443634033e-02
-1.919967055320739746e+00
-6.267935037612915039e-01
-1.665198206901550293e-01
1.719681918621063232e-01
-1.308707118034362793e+00
-1.339960575103759766e+00
-4.736851453781127930e-01
2.157697379589080811e-01
-1.604524970054626465e+00
-8.435141444206237793e-01
-1.438490033149719238e+00
-1.786075085401535034e-01
2.350290305912494659e-03
-1.522628307342529297e+00
-2.086050033569335938e+00
7.093621045351028442e-02
-1.661351799964904785e+00
-1.776742786169052124e-01
-1.070860743522644043e+00
-2.361233949661254883e+00
-1.672194480895996094e+00
-1.518549680709838867e+00
-8.769649863243103027e-01
-9.010483622550964355e-01
-1.619048237800598145e+00
1.733968704938888550e-01
-2.431681156158447266e+00
-1.540308594703674316e+00
-8.595547676086425781e-01
-1.441931366920471191e+00
-4.202583432197570801e-01
-3.002197444438934326e-01
-3.790844082832336426e-01
-7.963249087333679199e-01
-2.110864162445068359e+00
4.356404542922973633e-01
6.031639575958251953e-01
1.973442547023296356e-02
-9.127026051282882690e-02
-2.528520524501800537e-01
-3.409925475716590881e-02
-1.193062901496887207e+00
-2.106726884841918945e+00
-8.632999062538146973e-01
-2.625824451446533203e+00
-1.581695675849914551e+00
-2.287079393863677979e-02
-6.073991656303405762e-01
-9.238227009773254395e-01
-6.172235310077667236e-02
-2.310169935226440430e+00
-9.821453690528869629e-01
1.004877313971519470e-02
-3.193340077996253967e-02
-2.874599695205688477e-01
-9.120098948478698730e-01
-7.089996933937072754e-01
-1.295717239379882812e+00
-1.220323801040649414e+00
-1.311604738235473633e+00
-9.131222963333129883e-02
-1.548336505889892578e+00
7.869957089424133301e-01
-8.219637274742126465e-01
-1.783935278654098511e-01
-9.078668802976608276e-02
-5.486406087875366211e-01
-1.344232559204101562e+00
-2.103979825973510742e+00
-1.001422524452209473e+00
-8.828919529914855957e-01
3.077746927738189697e-01
-1.901814937591552734e+00
-1.551229238510131836e+00
-6.684119105339050293e-01
-4.021025598049163818e-01
-5.313814282417297363e-01
-9.212225079536437988e-01
-1.046758294105529785e+00
6.495025753974914551e-01
7.470163702964782715e-01
-1.396607160568237305e-01
-1.218527197837829590e+00
-5.822999477386474609e-01
-1.094968318939208984e+00
-6.066802144050598145e-01
-1.573708772659301758e+00
-1.129702448844909668e+00
-1.664830803871154785e+00
-8.991606831550598145e-01
-1.374234795570373535e+00
-1.626756906509399414e+00
-4.892142117023468018e-01
-7.413079738616943359e-01
-1.539706587791442871e+00
-4.300575703382492065e-03
-3.577899336814880371e-01
-1.422443032264709473e+00
-1.057293772697448730e+00
-6.232638955116271973e-01
-1.169063210487365723e+00
-2.367928266525268555e+00
-8.123840689659118652e-01
1.736383140087127686e-01
-5.624954700469970703e-01
-7.337214946746826172e-01
-6.716796755790710449e-02
-1.581460356712341309e+00
-1.260583996772766113e+00
-1.499413013458251953e+00
-5.758238434791564941e-01
-1.391846686601638794e-01
4.104372262954711914e-01
-2.728258073329925537e-02
-1.586131811141967773e+00
-1.860001683235168457e-01
-6.227179169654846191e-01
6.016530990600585938e-01
-1.124514937400817871e+00
-1.565330624580383301e+00
-1.605124026536941528e-01
2.835933864116668701e-02
-1.771002411842346191e+00
-1.033739566802978516e+00
-1.456802606582641602e+00
-9.343584179878234863e-01
-6.496609449386596680e-01
-1.491829603910446167e-01
-2.129522114992141724e-01
-9.957622885704040527e-01
1.286582946777343750e-01
-6.672375798225402832e-01
-1.102460741996765137e+00
1.225229129195213318e-01
-4.113852381706237793e-01
-1.059138774871826172e+00
-1.740328192710876465e+00
-1.283440589904785156e+00
-1.301060199737548828e+00
-7.664870023727416992e-01
-1.102498173713684082e+00
-3.988673985004425049e-01
-1.292357444763183594e+00
1.253841519355773926e-01
-1.425159096717834473e+00
-1.614514231681823730e+00
-9.877534508705139160e-01
-1.049578428268432617e+00
3.031510673463344574e-02
-9.389086365699768066e-01
-1.503892898559570312e+00
-8.466477990150451660e-01
1.310868859291076660e-01
2.152343839406967163e-01
3.469001501798629761e-02
-1.461987495422363281e+00
-7.277298569679260254e-01
-1.254608750343322754e+00
-3.038337230682373047e-01
-1.061771392822265625e+00
-7.698172330856323242e-01
-2.410616427659988403e-01
-1.933804631233215332e+00
-1.670484423637390137e+00
-1.219597458839416504e+00
-2.654551863670349121e-01
-6.897068023681640625e-01
-5.759406685829162598e-01
-1.096266388893127441e+00
-2.240599870681762695e+00
6.174082309007644653e-02
-9.018998742103576660e-01
-1.448007464408874512e+00
-1.059111356735229492e+00
-1.510878682136535645e+00
-2.516933441162109375e+00
-2.548604011535644531e+00
4.855424761772155762e-01
-1.440812706947326660e+00
-1.599992275238037109e+00
-1.138634324073791504e+00
1.883948147296905518e-01
-1.943867444992065430e+00
-9.650529623031616211e-01
-4.726051986217498779e-01
-1.028608083724975586e+00
-9.881477952003479004e-01
-1.314818978309631348e+00
-1.001585483551025391e+00
-3.558425605297088623e-01
-1.391060501337051392e-01
-5.623227953910827637e-01
-7.308139801025390625e-01
-1.634001493453979492e+00
-2.103331327438354492e+00
-7.865039110183715820e-01
5.658453702926635742e-01
-1.230081915855407715e+00
-1.607146859169006348e+00
-6.998084951192140579e-03
-6.770836710929870605e-01
-2.199473857879638672e+00
-7.139091491699218750e-01
-1.055292010307312012e+00
-2.483867406845092773e+00
-1.526296138763427734e+00
-9.079570770263671875e-01
-1.373029112815856934e+00
-1.950573027133941650e-01
-1.393545389175415039e+00
-9.077690243721008301e-01
-3.109731376171112061e-01
-7.193411886692047119e-02
-4.028545320034027100e-01
-1.770565152168273926e+00
-1.588475108146667480e+00
3.615890443325042725e-01
-4.193499684333801270e-01
-2.020469188690185547e+00
-1.862353235483169556e-01
-1.628036260604858398e+00
-1.892338514328002930e+00
-2.178746223449707031e+00
6.132300943136215210e-02
-1.547059416770935059e+00
-1.179199337959289551e+00
-1.427390813827514648e+00
-1.463917374610900879e+00
-3.045921623706817627e-01
-4.858600795269012451e-01
-8.668732643127441406e-01
-1.708500266075134277e+00
3.552357554435729980e-01
-1.304963350296020508e+00
-2.037541866302490234e+00
-6.825296282768249512e-01
-7.428253293037414551e-01
-4.741995334625244141e-01
-1.488249778747558594e+00
-7.327717542648315430e-01
-2.019341468811035156e+00
6.143949031829833984e-01
-8.334115147590637207e-01
-4.645643010735511780e-02
-1.364817857742309570e+00
4.162893444299697876e-02
-2.153850495815277100e-01
-6.128971576690673828e-01
-4.155241250991821289e-01
-2.358775615692138672e+00
-1.383734226226806641e+00
-4.476988315582275391e-01
-1.209825992584228516e+00
-4.547893404960632324e-01
-2.516435980796813965e-01
-1.483761817216873169e-01
-4.725426733493804932e-01
5.124442577362060547e-01
1.766593307256698608e-01
-3.261164426803588867e-01
-4.313100278377532959e-01
-1.487785220146179199e+00
-2.181155920028686523e+00
-1.724004387855529785e+00
7.032491564750671387e-01
-1.134716987609863281e+00
-1.659329056739807129e+00
2.880634963512420654e-01
-1.468100666999816895e+00
-1.474162697792053223e+00
-1.428385257720947266e+00
-2.233064174652099609e+00
-3.027758598327636719e-01
5.645231157541275024e-02
-1.398506879806518555e+00
-1.615781903266906738e+00
-2.550324499607086182e-01
-3.719210252165794373e-02
-9.836566448211669922e-01
-7.776645421981811523e-01
-1.504710316658020020e+00
-1.429242491722106934e+00
5.594833493232727051e-01
-1.293466448783874512e+00
9.444188326597213745e-02
-3.466024398803710938e-01
-8.368310928344726562e-01
-1.411343455314636230e+00
-2.554233789443969727e+00
-6.145081520080566406e-01
-6.645733863115310669e-02
-2.544542789459228516e+00
7.938660383224487305e-01
-1.629462242126464844e+00
-4.555785953998565674e-01
-1.049927353858947754e+00
-3.878659009933471680e-01
-8.233821392059326172e-01
-2.493125677108764648e+00
1.472779065370559692e-01
-5.686765909194946289e-01
-1.297238826751708984e+00
-4.245953261852264404e-01
-7.230585217475891113e-01
-8.189629316329956055e-01
-6.704033613204956055e-01
-9.935508370399475098e-01
-5.811060070991516113e-01
-2.216719150543212891e+00
-1.316563725471496582e+00
-1.427262425422668457e-01
-1.540188312530517578e+00
-1.077492594718933105e+00
-2.021389484405517578e+00
-6.299044489860534668e-01
-8.424480557441711426e-01
5.468595400452613831e-02
-8.086568862199783325e-02
-4.317473247647285461e-02
-1.292757153511047363e+00
-7.743644714355468750e-01
-1.664612054824829102e+00
-1.489996314048767090e+00
-5.172462463378906250e-01
-1.378843069076538086e+00
-1.508419752120971680e+00
-1.533682346343994141e+00
-7.925204038619995117e-01
3.844621777534484863e-01
-1.330296993255615234e+00
-6.408618092536926270e-01
-1.633473634719848633e+00
-2.573751688003540039e+00
-9.160482883453369141e-01
-1.097881793975830078e+00
-1.868912696838378906e+00
-1.036028981208801270e+00
6.216530799865722656e-01
5.662797689437866211e-01
7.304853200912475586e-01
-1.687255382537841797e+00
-1.615600466728210449e+00
1.908877342939376831e-01
-8.156633973121643066e-01
-9.783802032470703125e-01
-1.457000494003295898e+00
-1.289575099945068359e+00
-3.348490595817565918e-01
-1.318211793899536133e+00
-1.970836877822875977e+00
6.909446418285369873e-02
1.557309925556182861e-01
-2.111786305904388428e-01
-1.128014445304870605e+00
-2.291969299316406250e+00
-1.208695173263549805e+00
-1.330687284469604492e+00
-1.315581917762756348e+00
-7.573421001434326172e-01
-9.666104316711425781e-01
-1.217898964881896973e+00
-1.379528522491455078e+00
-2.442721128463745117e+00
-2.095694541931152344e+00
-2.370964050292968750e+00
-8.270179629325866699e-01
-2.006873607635498047e+00
-2.347831010818481445e+00
3.073859512805938721e-01
-1.129499673843383789e+00
-1.398739457130432129e+00
-2.163042306900024414e+00
-1.945573806762695312e+00
-1.633637428283691406e+00
-2.041805028915405273e+00
-1.350172996520996094e+00
-1.189810633659362793e+00
-1.259979009628295898e+00
-8.502599000930786133e-01
-1.376823663711547852e+00
-8.338045477867126465e-01
-7.747201323509216309e-01
-1.891398072242736816e+00
-9.876838326454162598e-01
-1.639756202697753906e+00
-2.246967077255249023e+00
-7.947484850883483887e-01
-1.396858572959899902e+00
3.300756514072418213e-01
-9.681749343872070312e-01
-2.005078315734863281e+00
-1.278032660484313965e+00
-8.157524466514587402e-01
-7.941645979881286621e-01
-2.266826629638671875e+00
-1.329835295677185059e+00
-1.596598029136657715e+00
-3.950065672397613525e-01
-1.238257050514221191e+00
-1.669864058494567871e+00
-1.438279628753662109e+00
-7.151687741279602051e-01
-1.755785226821899414e+00
-8.266419172286987305e-02
-1.540330052375793457e+00
-1.896239161491394043e+00
-9.984130263328552246e-01
-8.248311281204223633e-01
-1.666087627410888672e+00
-1.817518234252929688e+00
-1.398195505142211914e+00
-1.712352037429809570e+00
4.809522032737731934e-01
-1.614795684814453125e+00
-8.813279271125793457e-01
-1.740656018257141113e+00
-1.578558206558227539e+00
-1.054426670074462891e+00
-1.950312256813049316e+00
-9.608862996101379395e-01
-9.056869745254516602e-01
4.712485074996948242e-01
-1.087175488471984863e+00
-1.820577383041381836e+00
-1.728896379470825195e+00
-7.797124981880187988e-01
-2.482183218002319336e+00
-2.266418218612670898e+00
-6.250464320182800293e-01
-9.622523784637451172e-01
-9.213742017745971680e-01
-5.603222846984863281e-01
-1.494231224060058594e+00
-1.510079503059387207e+00
-1.790296077728271484e+00
-2.404760360717773438e+00
-2.314298629760742188e+00
-1.050614953041076660e+00
2.635973989963531494e-01
-1.247916460037231445e+00
-7.703301906585693359e-01
-1.911648869514465332e+00
-1.016710877418518066e+00
-1.214171886444091797e+00
-1.145114660263061523e+00
-1.737477540969848633e+00
-7.407134771347045898e-01
-2.222517490386962891e+00
-2.063820362091064453e+00
-1.657424330711364746e+00
-1.717413067817687988e+00
-2.160577535629272461e+00
3.654349148273468018e-01
-1.974968671798706055e+00
-2.590249300003051758e+00
-7.580013871192932129e-01
-2.248545885086059570e+00
-1.406038403511047363e+00
-2.124918937683105469e+00
-8.127489686012268066e-01
-1.601569533348083496e+00
-1.298981785774230957e+00
-1.262941241264343262e+00
-8.925046324729919434e-01
-1.473358035087585449e+00
-1.227037787437438965e+00
-4.759238660335540771e-01
-1.804830670356750488e+00
-2.182905435562133789e+00
-2.040844678878784180e+00
-2.396485090255737305e+00
-1.544760107994079590e+00
-1.215800762176513672e+00
-1.859606385231018066e+00
-1.226214408874511719e+00
-6.931139826774597168e-01
-1.850325345993041992e+00
-9.366747736930847168e-01
-1.007652878761291504e+00
-1.076257228851318359e+00
-1.707985520362854004e+00
-1.807211279869079590e+00
-2.120549917221069336e+00
-2.834593653678894043e-01
-1.128391146659851074e+00
-9.330233931541442871e-01
1.354269981384277344e-01
-1.478785753250122070e+00
-2.224447488784790039e+00
-2.512362957000732422e+00
-1.302446842193603516e+00
-1.221147894859313965e+00
-2.333196163177490234e+00
-1.671395182609558105e+00
-1.768866926431655884e-01
-1.736087352037429810e-01
-1.547596216201782227e+00
-2.397486925125122070e+00
-1.190862894058227539e+00
-1.622659802436828613e+00
-1.056040644645690918e+00
-8.976203799247741699e-01
-1.998404502868652344e+00
-2.523684501647949219e+00
1.093584969639778137e-01
-9.132254719734191895e-01
-1.848791837692260742e+00
-8.444348573684692383e-01
-9.041218757629394531e-01
-8.048693537712097168e-01
-7.801104187965393066e-01
-2.352749347686767578e+00
-1.270958900451660156e+00
-1.268686175346374512e+00
-9.709123969078063965e-01
-1.225053191184997559e+00
-1.894465804100036621e+00
-6.094980239868164062e-01
-1.688462615013122559e+00
-1.887053489685058594e+00
-1.620433926582336426e+00
-1.288863420486450195e+00
-2.230051994323730469e+00
-1.958537578582763672e+00
-2.390086174011230469e+00
-1.647538304328918457e+00
-1.486299753189086914e+00
-1.437022089958190918e+00
-1.729200243949890137e+00
-3.439479470252990723e-01
-1.563707351684570312e+00
-2.264509201049804688e+00
-9.481556415557861328e-01
-2.288253784179687500e+00
-5.157051682472229004e-01
-2.438730716705322266e+00
-1.976105332374572754e+00
-2.035165548324584961e+00
1.247702389955520630e-01
-9.087626934051513672e-01
-2.438556909561157227e+00
-2.575843572616577148e+00
-2.397065877914428711e+00
-1.181594491004943848e+00
-2.048768043518066406e+00
-1.262041330337524414e+00
-1.052142977714538574e+00
-8.304628729820251465e-01
-2.396981477737426758e+00
-8.018994331359863281e-01
-1.275376677513122559e+00
1.875752061605453491e-01
-1.443559646606445312e+00
-1.935726761817932129e+00
3.184617161750793457e-01
-1.318956613540649414e+00
-1.493871688842773438e+00
-1.795351386070251465e+00
-1.777868747711181641e+00
4.934573769569396973e-01
-2.482153892517089844e+00
-8.124589323997497559e-01
-2.130560159683227539e+00
-1.675680160522460938e+00
-3.155052363872528076e-01
-1.904457688331604004e+00
-7.418185472488403320e-01
-2.019037008285522461e+00
-2.030925512313842773e+00
-8.581691384315490723e-01
-7.485932707786560059e-01
-7.016713023185729980e-01
-1.514702439308166504e+00
-7.296967506408691406e-01
4.015148803591728210e-02
-1.879742741584777832e+00
-1.737056732177734375e+00
-1.720378875732421875e+00
-1.457937836647033691e+00
-1.364388018846511841e-01
-1.414581656455993652e+00
-8.064169287681579590e-01
-2.301227331161499023e+00
-1.359182238578796387e+00
-4.745755493640899658e-01
-2.085475206375122070e+00
-8.258271217346191406e-01
-1.239950299263000488e+00
-1.322006344795227051e+00
-1.289292812347412109e+00
-1.737190008163452148e+00
-1.287044048309326172e+00
-2.533838748931884766e+00
3.434494137763977051e-01
-9.017055630683898926e-01
-4.713111817836761475e-01
-1.377466440200805664e+00
-1.524740219116210938e+00
-4.605228602886199951e-01
-1.901902079582214355e+00
-2.572768211364746094e+00
-1.380066990852355957e+00
-1.236942172050476074e+00
-1.430129885673522949e+00
-1.213835000991821289e+00
-1.756774067878723145e+00
-6.805511713027954102e-01
-2.462459802627563477e+00
-8.570588827133178711e-01
5.020063519477844238e-01
-2.560504674911499023e+00
-7.354386448860168457e-01
-1.855278730392456055e+00
-6.993389725685119629e-01
-2.084355115890502930e+00
-1.091047763824462891e+00
-1.447498559951782227e+00
-1.935330986976623535e+00
-1.050669908523559570e+00
-7.004573345184326172e-01
-9.565827250480651855e-01
-2.118721723556518555e+00
-2.485068798065185547e+00
-1.713813543319702148e+00
-3.382689356803894043e-01
-6.968038082122802734e-01
5.926217883825302124e-02
-1.609513640403747559e+00
-1.476621031761169434e+00
-1.485101342201232910e+00
-1.543100476264953613e+00
-8.035871982574462891e-01
-2.517663717269897461e+00
-1.298436760902404785e+00
-9.413771033287048340e-01
-1.238769412040710449e+00
-9.519298672676086426e-01
-8.861094713211059570e-01
-2.056237936019897461e+00
-1.653204441070556641e+00
-1.537142157554626465e+00
-6.685979366302490234e-01
-4.983679950237274170e-01
-1.478610038757324219e+00
-5.688108801841735840e-01
-1.998775005340576172e+00
-2.473568201065063477e+00
-1.195830821990966797e+00
-2.736272513866424561e-01
-1.137956738471984863e+00
-6.690135598182678223e-01
-2.126463174819946289e+00
-8.415029048919677734e-01
-1.117495059967041016e+00
-1.144346237182617188e+00
-2.336807250976562500e+00
-2.175023794174194336e+00
-1.615958452224731445e+00
-2.245154142379760742e+00
-7.665416002273559570e-01
-1.316711425781250000e+00
-2.187980413436889648e-01
-2.262660026550292969e+00
-2.387051343917846680e+00
-1.698890328407287598e+00
-3.708459436893463135e-01
-8.113163709640502930e-01
-1.716805934906005859e+00
-1.035046219825744629e+00
-1.410437822341918945e+00
-2.092343807220458984e+00
-2.012746095657348633e+00
-1.590792179107666016e+00
-1.401144266128540039e+00
-1.030862808227539062e+00
-1.181055426597595215e+00
-1.469259142875671387e+00
-1.917801618576049805e+00
-1.882789731025695801e+00
-1.183617472648620605e+00
-8.974838852882385254e-01
-8.704694509506225586e-01
-7.732292413711547852e-01
-7.194727659225463867e-01
-1.685670733451843262e+00
-1.663833856582641602e+00
-4.457278549671173096e-01
-1.232955336570739746e+00
-1.663592219352722168e+00
-1.291647553443908691e+00
-1.067940592765808105e+00
-2.195585966110229492e+00
-2.005674839019775391e+00
-2.054678440093994141e+00
-1.825913906097412109e+00
-1.180268645286560059e+00
-2.382298231124877930e+00
-6.712819933891296387e-01
-1.740554928779602051e+00
-2.093838691711425781e+00
-1.919861793518066406e+00
-1.919644117355346680e+00
-8.125059604644775391e-01
-1.849529266357421875e+00
-1.886196255683898926e+00
-7.497180700302124023e-01
-1.736899256706237793e+00
-1.240132689476013184e+00
-5.908873081207275391e-01
-2.521866083145141602e+00
-1.023776173591613770e+00
-1.113755702972412109e+00
-1.307476282119750977e+00
-8.253755569458007812e-01
-7.619827389717102051e-01
-1.552356004714965820e+00
-1.948133230209350586e+00
-6.609827876091003418e-01
-5.616254210472106934e-01
-2.391930580139160156e+00
-1.625280618667602539e+00
-1.016460537910461426e+00
-1.338811755180358887e+00
-6.523345708847045898e-01
-1.136955380439758301e+00
-1.096693158149719238e+00
-1.646845340728759766e+00
-1.460111141204833984e+00
-8.904578685760498047e-01
-1.559108216315507889e-02
-2.465718984603881836e+00
-2.498552560806274414e+00
-1.835759878158569336e+00
-7.290180921554565430e-01
-4.983432590961456299e-01
-2.101254463195800781e-01
-1.642922878265380859e+00
-6.787573695182800293e-01
-1.329602837562561035e+00
-7.610011100769042969e-01
-1.334735274314880371e+00
-1.448333621025085449e+00
-7.373777031898498535e-01
-2.086620092391967773e+00
-1.062795042991638184e+00
-3.640473484992980957e-01
-1.195097327232360840e+00
-1.836878776550292969e+00
-1.493210315704345703e+00
-6.910966038703918457e-01
-2.100047826766967773e+00
-1.224977135658264160e+00
-1.152470946311950684e+00
3.067994862794876099e-02
-1.048281073570251465e+00
-2.037089109420776367e+00
-2.377249717712402344e+00
-4.126482903957366943e-01
-9.017758369445800781e-01
-1.359766602516174316e+00
-1.462100625038146973e+00
-8.125329017639160156e-01
-7.583255767822265625e-01
-2.943310141563415527e-01
-1.513818025588989258e+00
-1.009982943534851074e+00
-1.258684754371643066e+00
-1.297768712043762207e+00
-1.502278327941894531e+00
-9.362782239913940430e-01
-2.256332635879516602e+00
-1.163943886756896973e+00
-1.180841565132141113e+00
-1.166125059127807617e+00
-1.414942502975463867e+00
-1.304149985313415527e+00
-8.911050558090209961e-01
-3.496338129043579102e-01
-2.437464237213134766e+00
-1.876609921455383301e+00
-6.562519669532775879e-01
-1.019572138786315918e+00
-9.378135204315185547e-01
-2.494624853134155273e+00
-1.584534049034118652e+00
-7.029336690902709961e-02
-8.590105175971984863e-01
-7.344092726707458496e-01
-5.663090348243713379e-01
-7.190297842025756836e-01
-2.160881996154785156e+00
-7.641125917434692383e-01
-8.240957856178283691e-01
-2.041740715503692627e-01
-1.113783240318298340e+00
-9.808393120765686035e-01
1.875739693641662598e-01
-3.712233304977416992e-01
-9.029662013053894043e-01
-3.464792072772979736e-01
-2.409731864929199219e+00
-1.361415028572082520e+00
-2.497738122940063477e+00
-9.821799993515014648e-01
-1.677898168563842773e+00
-2.789738476276397705e-01
-8.168290257453918457e-01
-1.340215206146240234e+00
-2.011179208755493164e+00
-6.073435544967651367e-01
-1.482170701026916504e+00
-2.233468294143676758e+00
-2.554838895797729492e+00
3.591635227203369141e-01
-7.607805132865905762e-01
-1.869293451309204102e+00
-2.438052654266357422e+00
-7.649367451667785645e-01
-1.600400805473327637e+00
-2.042031288146972656e+00
-1.014601215720176697e-01
-9.037158489227294922e-01
-2.628464996814727783e-01
-4.615870714187622070e-01
-1.033624053001403809e+00
2.205728888511657715e-01
-9.838142395019531250e-01
-1.582355618476867676e+00
-8.778633475303649902e-01
-2.651239633560180664e-01
-1.111170053482055664e+00
-1.443225264549255371e+00
-9.020867943763732910e-01
-3.774697706103324890e-02
-1.927953004837036133e+00
2.732347138226032257e-02
-1.327673792839050293e+00
-4.827446043491363525e-01
-1.082825064659118652e+00
-1.507007718086242676e+00
-1.165095448493957520e+00
-4.322465360164642334e-01
-1.059050559997558594e+00
-1.730260729789733887e+00
-2.925787866115570068e-01
4.350602328777313232e-01
-2.105763435363769531e+00
-8.447012901306152344e-01
2.416889667510986328e-01
-1.020530462265014648e+00
-8.285528421401977539e-01
-8.766051530838012695e-01
-2.290275841951370239e-01
-1.532722353935241699e+00
-1.354929566383361816e+00
3.532304763793945312e-01
-8.179316520690917969e-01
-1.639098167419433594e+00
7.949379086494445801e-02
-1.213897824287414551e+00
-7.839201092720031738e-01
-9.500592350959777832e-01
-1.944819569587707520e+00
-1.464765787124633789e+00
5.649641156196594238e-01
-1.311277508735656738e+00
-2.108465194702148438e+00
-7.395760416984558105e-01
2.397048324346542358e-01
1.729690283536911011e-01
-1.829894900321960449e+00
-7.147970795631408691e-01
-1.563205718994140625e+00
-1.509253740310668945e+00
-1.479070544242858887e+00
-7.517687678337097168e-01
-9.388061165809631348e-01
-2.174992859363555908e-01
-7.011361718177795410e-01
-1.512760400772094727e+00
4.564341530203819275e-02
-9.673309326171875000e-01
-1.931594252586364746e+00
-2.085737705230712891e+00
3.610334917902946472e-02
-4.118876755237579346e-01
-1.677775621414184570e+00
-1.303853392601013184e+00
-5.923274755477905273e-01
6.609975099563598633e-01
-2.229376554489135742e+00
-8.966113328933715820e-01
-8.694505691528320312e-01
-1.248605608940124512e+00
-2.556686401367187500e+00
-2.311301469802856445e+00
-1.358195424079895020e+00
-9.011246562004089355e-01
5.875953286886215210e-02
-9.546574354171752930e-01
-3.304719030857086182e-01
2.672740817070007324e-01
-2.240383863449096680e+00
-9.102937579154968262e-01
-5.937269330024719238e-01
-1.578747630119323730e+00
-9.542578458786010742e-01
-2.093662261962890625e+00
-9.068896770477294922e-01
-1.103115200996398926e+00
-1.060797095298767090e+00
-9.337540864944458008e-01
-1.926718950271606445e-01
2.312945872545242310e-01
-8.405047655105590820e-01
-1.658356308937072754e+00
1.145357713103294373e-01
4.877703264355659485e-02
-1.966331839561462402e+00
-1.201659560203552246e+00
-1.436553359031677246e+00
-1.151385545730590820e+00
-2.571208953857421875e+00
-7.075434327125549316e-01
-2.216266095638275146e-01
1.338867694139480591e-01
-1.264635920524597168e+00
-1.803351759910583496e+00
-1.317409276962280273e+00
6.901965141296386719e-01
-8.550528287887573242e-01
-2.431947708129882812e+00
-1.348012834787368774e-01
-1.192796587944030762e+00
3.460352420806884766e-01
-1.153250098228454590e+00
-2.991488669067621231e-03
-3.182812035083770752e-02
-3.886607289314270020e-01
-2.386925935745239258e+00
-8.579052686691284180e-01
-4.921164810657501221e-01
-1.845543146133422852e+00
-1.660291194915771484e+00
6.638191342353820801e-01
2.209510803222656250e-01
-1.639338731765747070e+00
-6.349775791168212891e-01
-1.251190304756164551e+00
-1.356244087219238281e+00
-1.843103885650634766e+00
-5.565192103385925293e-01
6.440927982330322266e-01
1.756888777017593384e-01
-2.188716888427734375e+00
-8.384442329406738281e-01
-5.173752307891845703e-01
-1.010343432426452637e+00
-6.378353834152221680e-01
-2.500156164169311523e+00
-6.610290408134460449e-01
-4.769757390022277832e-02
-1.304860115051269531e+00
-2.498652935028076172e+00
-1.635752797126770020e+00
-7.267819643020629883e-01
-1.068643450736999512e+00
-1.365099191665649414e+00
-2.000169038772583008e+00
-1.431375861167907715e+00
-1.396189808845520020e+00
-8.187550306320190430e-01
-1.618537187576293945e+00
-7.193916440010070801e-01
-1.836315244436264038e-01
-1.913435220718383789e+00
-2.546401739120483398e+00
-1.876981616020202637e+00
-1.691700935363769531e+00
-1.069320797920227051e+00
-2.399062633514404297e+00
-1.837032198905944824e+00
-2.202836513519287109e+00
-2.243712902069091797e+00
-1.105951189994812012e+00
-1.374983906745910645e+00
-7.921381592750549316e-01
5.213469862937927246e-01
-8.605061769485473633e-01
-1.268520474433898926e+00
-1.852107405662536621e+00
-1.284881949424743652e+00
-9.318652749061584473e-01
-5.562149286270141602e-01
-1.334340810775756836e+00
-2.321682691574096680e+00
-1.391189455986022949e+00
-1.355746507644653320e+00
-1.893689036369323730e+00
-2.191271305084228516e+00
-1.922546505928039551e+00
-7.655731439590454102e-01
-9.808810353279113770e-01
-1.760744571685791016e+00
-1.419394612312316895e+00
-1.852983951568603516e+00
-2.507003784179687500e+00
-2.353154897689819336e+00
-9.733766317367553711e-01
-1.491836786270141602e+00
-2.316875457763671875e+00
-1.700549364089965820e+00
-1.262415528297424316e+00
-2.432145357131958008e+00
-1.960991263389587402e+00
-1.585764527320861816e+00
-9.425215125083923340e-01
-7.560570836067199707e-01
-2.570418119430541992e+00
-2.041424751281738281e+00
-1.931406974792480469e+00
-9.955427646636962891e-01
-1.589872241020202637e+00
-1.928163170814514160e+00
-1.415594220161437988e+00
-1.955262303352355957e+00
-2.204194068908691406e+00
-7.940291166305541992e-01
-9.247090816497802734e-01
-2.522663593292236328e+00
-7.066838741302490234e-01
-1.277902007102966309e+00
-1.740066766738891602e+00
-1.999954938888549805e+00
-1.296254515647888184e+00
-1.243218302726745605e+00
-1.009647130966186523e+00
-1.823981285095214844e+00
-9.538191556930541992e-01
-1.573812723159790039e+00
-1.065395474433898926e+00
-1.500818729400634766e+00
-8.733530640602111816e-01
-1.022247791290283203e+00
-2.034364938735961914e+00
-1.518956780433654785e+00
-1.536135792732238770e+00
-1.742050409317016602e+00
-7.724418044090270996e-01
-1.016114950180053711e+00
-4.129527211189270020e-01
-1.022837519645690918e+00
-2.048978090286254883e+00
-2.435785055160522461e+00
-2.225564479827880859e+00
-7.927232980728149414e-01
-9.261767268180847168e-01
-8.079742193222045898e-01
-1.037499547004699707e+00
-1.598766088485717773e+00
-2.482113122940063477e+00
-1.592223644256591797e+00
-2.522528409957885742e+00
-2.414228916168212891e+00
-1.553870797157287598e+00
-2.392260074615478516e+00
-1.138895988464355469e+00
-9.811577200889587402e-01
-2.270069599151611328e+00
-2.090927362442016602e+00
-1.583172559738159180e+00
-9.183732867240905762e-01
-7.048143744468688965e-01
-1.372197866439819336e+00
-2.486967325210571289e+00
-8.187857866287231445e-01
-8.038357496261596680e-01
-1.986279040575027466e-01
-2.050891876220703125e+00
-2.453665494918823242e+00
-1.525370031595230103e-01
-7.519138455390930176e-01
-2.253810405731201172e+00
-1.160444736480712891e+00
-7.745870947837829590e-01
-1.116729617118835449e+00
-1.387576937675476074e+00
-1.320556640625000000e+00
-1.696754217147827148e+00
-2.442217826843261719e+00
-2.212333679199218750e+00
-8.546810150146484375e-01
-1.327197909355163574e+00
-2.020856142044067383e+00
-1.347766518592834473e+00
-2.080919742584228516e+00
-9.040546417236328125e-01
-1.443771123886108398e+00
-2.266553163528442383e+00
-1.856657743453979492e+00
-1.490371823310852051e+00
-2.117146730422973633e+00
-2.147030830383300781e+00
-1.313285589218139648e+00
-1.426562309265136719e+00
-2.010152578353881836e+00
-1.798669576644897461e+00
-2.226684093475341797e+00
-1.097382187843322754e+00
-1.499773740768432617e+00
-2.095722675323486328e+00
-1.481389641761779785e+00
-1.946149587631225586e+00
-7.636239528656005859e-01
-1.754150986671447754e+00
-1.288307905197143555e+00
-7.482666969299316406e-01
-1.164492845535278320e+00
-9.844957590103149414e-01
-2.415205001831054688e+00
-7.501682043075561523e-01
-1.871470570564270020e+00
-1.399533748626708984e+00
-2.438424348831176758e+00
-1.767603754997253418e+00
-2.556763648986816406e+00
-8.700444698333740234e-01
-2.239879608154296875e+00
-7.329378724098205566e-01
-1.976430535316467285e+00
-1.152945160865783691e+00
-1.812284946441650391e+00
-1.784566760063171387e+00
-2.546250581741333008e+00
-1.385950088500976562e+00
-2.006503105163574219e+00
-1.908421635627746582e+00
-1.582684516906738281e+00
-1.406033992767333984e+00
-9.783344864845275879e-01
-2.275668859481811523e+00
-2.055115938186645508e+00
-2.112026691436767578e+00
-8.209714293479919434e-01
-2.264708518981933594e+00
-1.257486343383789062e+00
-1.850467324256896973e+00
-8.871858119964599609e-01
-2.158948421478271484e+00
-1.814022064208984375e+00
-1.336931228637695312e+00
-1.722175240516662598e+00
-6.904637813568115234e-01
-2.551177263259887695e+00
-8.532868623733520508e-01
-2.593921661376953125e+00
-2.278236389160156250e+00
-1.467833518981933594e+00
-1.070367023348808289e-01
-1.685688972473144531e+00
-2.381729125976562500e+00
-1.109301090240478516e+00
-5.542570352554321289e-01
-2.231732845306396484e+00
-1.071121573448181152e+00
-2.305995702743530273e+00
-1.889415025711059570e+00
-1.521989583969116211e+00
-2.553124427795410156e+00
-2.589717626571655273e+00
-6.305086612701416016e-01
-1.993124634027481079e-01
-2.106445789337158203e+00
-1.454015374183654785e+00
-1.664963960647583008e+00
-9.285225868225097656e-01
-1.115506052970886230e+00
-1.293577194213867188e+00
-1.642028450965881348e+00
-7.628808021545410156e-01
-2.300462007522583008e+00
-1.338994145393371582e+00
-2.470502138137817383e+00
-1.180031061172485352e+00
-1.684542417526245117e+00
-1.762115001678466797e+00
-2.374357223510742188e+00
-1.365155577659606934e+00
-2.018136501312255859e+00
-1.783338785171508789e+00
-2.507930517196655273e+00
-1.716279268264770508e+00
-1.478986620903015137e+00
-2.350304126739501953e+00
-8.660496473312377930e-01
-6.939298510551452637e-01
-7.710914611816406250e-01
-1.038982748985290527e+00
-1.470291018486022949e+00
-1.796101450920104980e+00
-7.342857122421264648e-01
-2.203623056411743164e+00
-1.578341364860534668e+00
-1.249043822288513184e+00
-1.079876065254211426e+00
-1.399110198020935059e+00
-9.018784761428833008e-01
-1.957777261734008789e+00
-1.316123366355895996e+00
-1.779643297195434570e+00
-1.978186011314392090e+00
-8.708625435829162598e-01
-8.470144867897033691e-01
-1.012775540351867676e+00
-1.581696391105651855e+00
-1.728612422943115234e+00
-6.865791678428649902e-01
-1.672644972801208496e+00
-9.336908459663391113e-01
-9.589425921440124512e-01
-1.948336839675903320e+00
-1.540580034255981445e+00
-1.585632324218750000e+00
-1.390538096427917480e+00
-2.097562074661254883e+00
-2.244246244430541992e+00
-1.934950470924377441e+00
-1.682100415229797363e+00
-6.724852919578552246e-01
-1.482022643089294434e+00
-2.107475280761718750e+00
-1.611420631408691406e+00
-1.515984296798706055e+00
-1.967805385589599609e+00
-1.008746027946472168e+00
-2.376300811767578125e+00
-1.256604790687561035e+00
-1.479953885078430176e+00
-7.833073735237121582e-01
-1.906350016593933105e+00
-1.163663506507873535e+00
-1.437061905860900879e+00
-7.043313384056091309e-01
-1.438777685165405273e+00
-1.212488174438476562e+00
-1.897209405899047852e+00
-1.734743952751159668e+00
-8.475067019462585449e-01
-1.107930898666381836e+00
-1.815576314926147461e+00
-6.087138652801513672e-01
-1.205673098564147949e+00
-2.297813177108764648e+00
-1.371169924736022949e+00
-1.513254165649414062e+00
-6.580653190612792969e-01
-2.468100070953369141e+00
-7.053802609443664551e-01
-2.103311538696289062e+00
-1.530668139457702637e+00
-1.261431336402893066e+00
-1.203790307044982910e+00
-1.732443451881408691e+00
-2.418609619140625000e+00
-7.990276217460632324e-01
-2.158957719802856445e+00
-1.968778491020202637e+00
-2.520905256271362305e+00
-2.139840364456176758e+00
-1.691825032234191895e+00
-1.152911409735679626e-01
-1.068373322486877441e+00
-1.309854030609130859e+00
-2.010157346725463867e+00
-9.738878011703491211e-01
-1.625775337219238281e+00
-1.831247448921203613e+00
-8.442131280899047852e-01
-8.842942118644714355e-01
-9.557346105575561523e-01
-8.563298583030700684e-01
-7.288895845413208008e-01
-1.228145122528076172e+00
-2.289753675460815430e+00
-7.830097675323486328e-01
-1.016388535499572754e+00
-1.327775120735168457e+00
-1.392404675483703613e+00
-2.481988191604614258e+00
-1.715397596359252930e+00
-6.776872277259826660e-01
-2.245667457580566406e+00
-1.452477931976318359e+00
-2.260140895843505859e+00
-8.504948616027832031e-01
-1.633678674697875977e+00
-1.025738000869750977e+00
-1.200441002845764160e+00
-1.663595914840698242e+00
-2.611205101013183594e+00
-9.234549999237060547e-01
-1.451798200607299805e+00
4.360838532447814941e-01
-7.422396540641784668e-01
-8.380726575851440430e-01
-2.519743680953979492e+00
-1.880367875099182129e+00
-2.262467145919799805e+00
-1.240964412689208984e+00
-2.581577301025390625e+00
-1.626010417938232422e+00
-7.657568454742431641e-01
-7.366992831230163574e-01
-9.703158140182495117e-01
-1.657433509826660156e+00
-6.636620163917541504e-01
-2.433643579483032227e+00
-2.295949935913085938e+00
-7.139360904693603516e-01
-1.491016745567321777e+00
-7.848626971244812012e-01
-8.062253594398498535e-01
-1.670104265213012695e+00
-2.456297874450683594e+00
-2.190102815628051758e+00
-2.116577148437500000e+00
-1.134023070335388184e+00
-1.138113260269165039e+00
-2.397403478622436523e+00
-2.470711231231689453e+00
1.070621982216835022e-01
-7.200209498405456543e-01
-8.486675620079040527e-01
-1.644544005393981934e+00
-1.432873368263244629e+00
-3.971790969371795654e-01
-2.215489149093627930e+00
-7.464490532875061035e-01
-1.503179311752319336e+00
-6.895379424095153809e-01
-1.435693383216857910e+00
-2.035448551177978516e+00
-1.102125167846679688e+00
-4.215918108820915222e-02
-1.872005581855773926e+00
-2.495922327041625977e+00
-1.880431652069091797e+00
-1.525043249130249023e+00
-3.102893829345703125e-01
-2.149334192276000977e+00
-1.990540266036987305e+00
-1.169904470443725586e+00
-2.491813421249389648e+00
-1.970056891441345215e+00
-1.473380208015441895e+00
-1.429920673370361328e+00
-1.937002301216125488e+00
-1.166652441024780273e+00
-1.099120855331420898e+00
-1.248675942420959473e+00
-2.240359783172607422e+00
-1.073495268821716309e+00
-2.429509878158569336e+00
-1.322628140449523926e+00
-2.380029201507568359e+00
-1.562126040458679199e+00
-1.881621778011322021e-01
-1.201551318168640137e+00
-2.538905382156372070e+00
-9.204170703887939453e-01
-2.177464008331298828e+00
-1.177604436874389648e+00
-7.688448429107666016e-01
-1.242473244667053223e+00
-1.610578656196594238e+00
-8.358224630355834961e-01
-1.665572524070739746e+00
-1.818581223487854004e+00
-1.376712560653686523e+00
-1.205043315887451172e+00
-2.056439638137817383e+00
-1.186800241470336914e+00
-5.355773568153381348e-01
-2.068137884140014648e+00
-1.166142702102661133e+00
-1.614850401878356934e+00
-2.228781700134277344e+00
-1.603625655174255371e+00
-1.029407382011413574e+00
-1.148182079195976257e-01
-5.147784948348999023e-01
-1.140002489089965820e+00
-2.019257307052612305e+00
-1.219165802001953125e+00
-1.805107593536376953e+00
-2.899691462516784668e-01
-7.028550505638122559e-01
-1.291145682334899902e+00
7.967948168516159058e-02
-1.309891700744628906e+00
-1.921717762947082520e+00
-3.074820041656494141e-01
-1.170727372169494629e+00
-1.635084897279739380e-01
-2.491969585418701172e+00
-1.430014610290527344e+00
-2.497007608413696289e+00
-1.120635986328125000e+00
-2.111693143844604492e+00
-1.225851535797119141e+00
-2.415400028228759766e+00
-1.875150918960571289e+00
-2.585022449493408203e+00
-1.048278450965881348e+00
-1.301816821098327637e+00
-2.255943775177001953e+00
-1.893932223320007324e+00
-1.889977693557739258e+00
-1.483803272247314453e+00
7.454212009906768799e-02
-2.421382367610931396e-01
-1.933074593544006348e+00
-1.854503154754638672e+00
-2.599295616149902344e+00
-1.128356337547302246e+00
-1.827139735221862793e+00
-2.020947933197021484e+00
-1.552823424339294434e+00
-2.047127008438110352e+00
-2.237346172332763672e+00
-1.806401014328002930e+00
-7.992810606956481934e-01
-1.095235109329223633e+00
-1.163087010383605957e+00
-1.638143777847290039e+00
-1.957238197326660156e+00
-9.434626102447509766e-01
-2.066863536834716797e+00
-2.014183044433593750e+00
-9.705811142921447754e-01
-9.628324508666992188e-01
-1.070784330368041992e+00
-1.494938731193542480e+00
-2.031020164489746094e+00
-2.436673641204833984e+00
-2.166907548904418945e+00
-1.219494104385375977e+00
-7.157423496246337891e-01
-1.965493202209472656e+00
-2.210521697998046875e+00
-1.809216022491455078e+00
-1.413521170616149902e+00
-6.538218855857849121e-01
2.570408582687377930e-01
-2.577119112014770508e+00
-6.712709069252014160e-01
-1.214567542076110840e+00
-1.906295776367187500e+00
-6.827065348625183105e-01
-2.307086467742919922e+00
-8.725211024284362793e-01
-1.353559374809265137e+00
-2.491127729415893555e+00
-1.296124756336212158e-01
-1.893287301063537598e+00
-1.808266878128051758e+00
-1.270419597625732422e+00
-8.157585859298706055e-01
-5.250381678342819214e-02
-5.557633042335510254e-01
-1.090519189834594727e+00
-1.903960943222045898e+00
-1.315798997879028320e+00
-1.995105862617492676e+00
-1.169019460678100586e+00
-1.984982252120971680e+00
-1.341854095458984375e+00
-9.917375445365905762e-01
-8.650926351547241211e-01
-2.197152853012084961e+00
-2.183740377426147461e+00
-2.436501026153564453e+00
-1.736337184906005859e+00
-8.362752199172973633e-01
-2.172582387924194336e+00
-1.338381052017211914e+00
-1.745529413223266602e+00
-1.479253888130187988e+00
-2.373063087463378906e+00
-1.999692916870117188e+00
-2.003845214843750000e+00
-1.778388619422912598e+00
-1.561716198921203613e+00
-2.012285709381103516e+00
-1.140600562095642090e+00
-1.693999648094177246e+00
-1.118528127670288086e+00
-2.219595909118652344e+00
-4.703973233699798584e-01
-1.311732172966003418e+00
-7.965112328529357910e-01
-2.595853805541992188e+00
-2.129465341567993164e+00
1.995531767606735229e-01
-1.921527504920959473e+00
-6.963679194450378418e-01
-2.001807928085327148e+00
-2.169778823852539062e+00
-1.396249294281005859e+00
-6.803276538848876953e-01
-1.356162309646606445e+00
-1.587598323822021484e+00
-9.894404411315917969e-01
-2.552983760833740234e+00
-1.734063148498535156e+00
-1.388723850250244141e+00
-3.594179172068834305e-03
-7.036769986152648926e-01
-2.511507034301757812e+00
-2.464238166809082031e+00
-1.833863615989685059e+00
-2.314074993133544922e+00
-6.389133334159851074e-01
-2.186211824417114258e+00
-4.652652740478515625e-01
-2.595164537429809570e+00
-1.230423569679260254e+00
-1.460745334625244141e+00
-1.104226827621459961e+00
-2.377278089523315430e+00
-2.401646137237548828e+00
-1.637623429298400879e+00
-2.202253818511962891e+00
-7.566959261894226074e-01
-1.807211399078369141e+00
-2.174922466278076172e+00
-1.564100265502929688e+00
-2.213040828704833984e+00
-1.990178108215332031e+00
-1.335510253906250000e+00
-2.428779125213623047e+00
-1.447664856910705566e+00
-1.106234669685363770e+00
-1.889474749565124512e+00
-1.607463121414184570e+00
-2.266571283340454102e+00
-1.491816639900207520e+00
-1.433370232582092285e+00
-1.069179296493530273e+00
-2.004409790039062500e+00
-1.335183858871459961e+00
-8.875815272331237793e-01
-8.348213434219360352e-01
-1.385155200958251953e+00
-2.510918140411376953e+00
-1.208014130592346191e+00
-4.576340913772583008e-01
-6.864694952964782715e-01
-2.211079597473144531e+00
-1.017739176750183105e+00
-2.016039133071899414e+00
-2.082273483276367188e+00
-1.380933046340942383e+00
-1.816412091255187988e+00
-2.486245155334472656e+00
3.971969783306121826e-01
-1.900046586990356445e+00
9.542353451251983643e-03
-2.223677396774291992e+00
-2.404949426651000977e+00
-2.061861515045166016e+00
-7.852343916893005371e-01
-4.166671931743621826e-01
-1.083412170410156250e+00
-1.517878651618957520e+00
-2.603178739547729492e+00
-1.273755669593811035e+00
-7.646909356117248535e-01
-9.028142690658569336e-01
-1.713197588920593262e+00
-1.539438486099243164e+00
-2.557010412216186523e+00
-2.570089101791381836e+00
3.059387803077697754e-01
-1.350926637649536133e+00
-1.973030328750610352e+00
-1.142448902130126953e+00
-2.545121908187866211e+00
-1.343035936355590820e+00
-1.855304121971130371e+00
-9.834584593772888184e-01
-1.396621465682983398e+00
-2.080479145050048828e+00
-1.808410644531250000e+00
-1.412881731986999512e+00
-1.773814916610717773e+00
-1.478236317634582520e+00
-8.117547035217285156e-01
-2.269064426422119141e+00
-1.770900964736938477e+00
-1.643424510955810547e+00
-1.865060806274414062e+00
-1.762598276138305664e+00
-2.284497976303100586e+00
-1.864809155464172363e+00
-2.124565601348876953e+00
-1.752696275711059570e+00
-2.258082628250122070e+00
-3.834695816040039062e-01
-1.496120452880859375e+00
-2.028050661087036133e+00
-2.103864192962646484e+00
-5.249042510986328125e-01
-4.584862291812896729e-01
-1.838636159896850586e+00
-1.820489525794982910e+00
-1.264784574508666992e+00
-9.163488745689392090e-01
-2.509817123413085938e+00
-1.958452701568603516e+00
-8.982290625572204590e-01
-2.155613183975219727e+00
-1.997146248817443848e+00
-1.225834012031555176e+00
-2.381950139999389648e+00
-1.546986997127532959e-01
-7.682831883430480957e-01
-2.270668745040893555e+00
-1.598558187484741211e+00
-9.930524826049804688e-01
-1.320903897285461426e+00
-1.163506865501403809e+00
-1.802791476249694824e+00
-2.359614849090576172e+00
-2.424789905548095703e+00
-7.026991844177246094e-01
-1.058302283287048340e+00
-8.534514904022216797e-01
-2.569464445114135742e+00
-1.503297924995422363e+00
-1.231039047241210938e+00
-2.422641992568969727e+00
-9.480450749397277832e-01
-9.482401013374328613e-01
-1.022800087928771973e+00
-1.865605115890502930e+00
-1.560539484024047852e+00
-2.026412248611450195e+00
1.304946988821029663e-01
-2.297394037246704102e+00
-2.235319614410400391e+00
-1.218006610870361328e+00
-1.725993275642395020e+00
-1.876313090324401855e+00
-1.573224663734436035e+00
-1.388362646102905273e+00
-1.721379399299621582e+00
-9.595689177513122559e-01
-9.610929489135742188e-01
-1.733691334724426270e+00
-5.568588972091674805e-01
-2.476149559020996094e+00
-2.344963550567626953e+00
-1.360278606414794922e+00
-1.169325947761535645e+00
-1.367565751075744629e+00
-2.092002153396606445e+00
-1.707939624786376953e+00
-2.240502119064331055e+00
-2.093838214874267578e+00
-4.598505496978759766e-01
-1.556317567825317383e+00
-9.946451187133789062e-01
-8.139569759368896484e-01
-1.690768480300903320e+00
-7.170206308364868164e-01
-1.075131893157958984e+00
-2.292344808578491211e+00
-1.688630700111389160e+00
-2.096515655517578125e+00
-1.195093020796775818e-01
-1.693532824516296387e+00
-1.229370951652526855e+00
-1.318140387535095215e+00
-7.562930583953857422e-01
-1.814103007316589355e+00
-1.582497715950012207e+00
-1.472669839859008789e+00
7.902272790670394897e-02
-2.159380197525024414e+00
-1.917396187782287598e-01
-2.385081529617309570e+00
-1.274979710578918457e+00
-1.214026689529418945e+00
-1.399757146835327148e+00
-8.734356164932250977e-01
-1.220230460166931152e+00
-2.202655076980590820e+00
-1.193484306335449219e+00
-2.441401004791259766e+00
-1.412236213684082031e+00
-8.727721571922302246e-01
-8.405495882034301758e-01
-9.046377539634704590e-01
-8.884692788124084473e-01
-2.334374666213989258e+00
-1.247232437133789062e+00
-5.551325082778930664e-01
-1.899577617645263672e+00
-1.387423634529113770e+00
-1.794450998306274414e+00
-2.228263854980468750e+00
-7.088378071784973145e-02
-7.309033870697021484e-01
-8.093277812004089355e-01
-8.916388750076293945e-01
-2.260967016220092773e+00
3.685711026191711426e-01
-2.265459299087524414e+00
-2.481105566024780273e+00
-1.861289501190185547e+00
-1.897229194641113281e+00
-1.401432037353515625e+00
-2.451878070831298828e+00
-1.972536325454711914e+00
-2.426836967468261719e+00
-3.046084046363830566e-01
-2.080883741378784180e+00
-1.387292623519897461e+00
-2.108076810836791992e+00
-2.014414779841899872e-02
-2.202200412750244141e+00
-1.101156353950500488e+00
-8.699000477790832520e-01
-2.415868282318115234e+00
-8.407043218612670898e-01
-7.662066817283630371e-01
-2.423539876937866211e+00
-5.199897885322570801e-01
-6.264107823371887207e-01
8.071865886449813843e-02
-7.399079203605651855e-01
-2.527378797531127930e+00
-1.823160648345947266e+00
-1.898645877838134766e+00
-8.111590743064880371e-01
-4.138056039810180664e-01
-1.052019119262695312e+00
-8.369560241699218750e-01
-1.259060382843017578e+00
-9.089539647102355957e-01
-1.664087176322937012e+00
-1.415193319320678711e+00
-7.354159355163574219e-01
-6.794849634170532227e-01
-2.406391620635986328e+00
-1.732830047607421875e+00
-7.239802479743957520e-01
-1.701250791549682617e+00
-2.441562891006469727e+00
-2.335004806518554688e+00
1.263532042503356934e-01
-2.087303638458251953e+00
-2.399834632873535156e+00
-1.000227570533752441e+00
-1.683704972267150879e+00
-9.581379294395446777e-01
5.208991095423698425e-02
-2.195279598236083984e+00
-2.348542928695678711e+00
-1.769925713539123535e+00
-1.466372251510620117e+00
-1.640608310699462891e+00
-1.936259388923645020e+00
-1.942809462547302246e+00
-2.236547470092773438e+00
-9.477322101593017578e-01
-9.761955142021179199e-01
-7.020304203033447266e-01
-2.276113510131835938e+00
-7.211893200874328613e-01
-2.421637535095214844e+00
-1.749379634857177734e+00
-1.546450853347778320e+00
-1.072754502296447754e+00
-2.046414136886596680e+00
-1.999338030815124512e+00
-2.278823375701904297e+00
-7.429065108299255371e-01
-1.233691096305847168e+00
-2.429567575454711914e+00
-9.037595391273498535e-01
-5.542247295379638672e-01
-1.191794648766517639e-01
-9.061885476112365723e-01
-2.477665424346923828e+00
-2.055795907974243164e+00
-1.079083561897277832e+00
-1.933160305023193359e+00
-1.940430998802185059e+00
-1.717287302017211914e+00
-1.182677030563354492e+00
-7.922012805938720703e-01
-1.953604578971862793e+00
-1.395823597908020020e+00
-5.389230847358703613e-01
-2.222635984420776367e+00
-1.926630854606628418e+00
-1.327623605728149414e+00
-1.172156453132629395e+00
-1.096975088119506836e+00
-1.409491896629333496e+00
-1.977983832359313965e+00
-8.572293519973754883e-01
-2.123920440673828125e+00
-1.553291797637939453e+00
-1.737321257591247559e+00
-2.275200366973876953e+00
-2.036622524261474609e+00
-9.221796989440917969e-01
-2.592529296875000000e+00
2.329746931791305542e-01
-1.696055889129638672e+00
-1.542176961898803711e+00
-7.685455679893493652e-01
-1.255896329879760742e+00
-1.951739668846130371e+00
-2.281679868698120117e+00
-2.465203523635864258e+00
-8.803831934928894043e-01
1.586233526468276978e-01
-8.223332762718200684e-01
-1.067166924476623535e+00
-2.130827188491821289e+00
-7.638968229293823242e-01
-1.219474673271179199e+00
-1.583979249000549316e+00
-1.836413025856018066e+00
-6.302314996719360352e-01
-2.569510459899902344e+00
-1.058674931526184082e+00
-6.626868247985839844e-01
-2.226144790649414062e+00
-1.469134569168090820e+00
-7.962446212768554688e-01
-1.902140140533447266e+00
-4.077779650688171387e-01
1.111069321632385254e-02
-2.430391311645507812e+00
-2.224292516708374023e+00
-1.214497566223144531e+00
-1.902935504913330078e+00
-4.635210037231445312e-01
-7.453172206878662109e-01
-1.861600875854492188e+00
-6.440485119819641113e-01
-1.645165205001831055e+00
-2.503153085708618164e+00
-1.856242895126342773e+00
-2.120211839675903320e+00
-1.926063299179077148e+00
-1.084701895713806152e+00
-2.346543788909912109e+00
-7.450218200683593750e-01
-7.075368762016296387e-01
-1.198751568794250488e+00
-1.332219839096069336e+00
-1.305395603179931641e+00
-7.629997730255126953e-01
-2.255775451660156250e+00
-1.189948081970214844e+00
-7.592847943305969238e-01
-2.352078437805175781e+00
-1.811938166618347168e+00
-2.499182939529418945e+00
-7.603544592857360840e-01
-1.001716494560241699e+00
-7.653479576110839844e-01
-2.396805763244628906e+00
-1.598411202430725098e+00
8.914899080991744995e-02
-2.884582579135894775e-01
-8.009657263755798340e-01
-2.315134048461914062e+00
-1.950375318527221680e+00
-4.123418629169464111e-01
-2.272964954376220703e+00
-1.308772683143615723e+00
-1.809798836708068848e+00
-2.123509883880615234e+00
5.490524694323539734e-02
-2.246185064315795898e+00
-1.225715637207031250e+00
-3.992496728897094727e-01
-6.783873438835144043e-01
-2.442317008972167969e+00
3.991370499134063721e-01
-6.463637351989746094e-01
-1.949847459793090820e+00
-6.852036714553833008e-01
-7.482728958129882812e-01
-1.251805067062377930e+00
-9.127959012985229492e-01
4.131116867065429688e-01
-9.749087691307067871e-01
-1.889993548393249512e+00
-1.430666565895080566e+00
-1.274069070816040039e+00
-8.777791261672973633e-01
-1.347335934638977051e+00
1.806373000144958496e-01
-1.019019722938537598e+00
