-3.346512913703918457e-01
-1.402305722236633301e+00
-2.050874710083007812e+00
-2.389663219451904297e+00
-1.225422620773315430e+00
-1.499919772148132324e+00
-1.674449086189270020e+00
-1.791967153549194336e+00
-2.152688026428222656e+00
-2.070672750473022461e+00
-2.451777696609497070e+00
-2.016270875930786133e+00
-1.842998981475830078e+00
-2.591081380844116211e+00
-1.830672144889831543e+00
-1.847730398178100586e+00
-1.881324648857116699e+00
-2.702134609222412109e+00
-8.409060239791870117e-01
-2.605344533920288086e+00
-1.119197249412536621e+00
-2.371922969818115234e+00
-1.655847668647766113e+00
-2.990554809570312500e+00
-1.435836076736450195e+00
-2.269242525100708008e+00
-1.922823905944824219e+00
-2.245008230209350586e+00
-5.229771137237548828e-01
-2.152690410614013672e+00
-6.817471385002136230e-01
-2.015481948852539062e+00
-1.755320549011230469e+00
-2.937335491180419922e+00
-9.453083872795104980e-01
-1.858880758285522461e+00
-3.076668024063110352e+00
-1.348332047462463379e+00
-5.798708796501159668e-01
-2.721242904663085938e+00
-9.310922026634216309e-01
-2.308358669281005859e+00
-1.091668128967285156e+00
-1.638567209243774414e+00
-1.926027178764343262e+00
-1.699255466461181641e+00
-7.269009351730346680e-01
-7.028257846832275391e-01
-1.116742849349975586e+00
-1.886142253875732422e+00
-6.783112883567810059e-02
-9.642847776412963867e-01
-2.023487091064453125e+00
-3.278281927108764648e+00
-1.372817635536193848e+00
-1.794909358024597168e+00
-2.823890447616577148e+00
-1.851423144340515137e+00
-9.336839318275451660e-01
-1.936679244041442871e+00
-4.544460773468017578e-01
-1.992387652397155762e+00
-8.089259862899780273e-01
-1.353851318359375000e+00
-2.962714195251464844e+00
-1.893690943717956543e+00
-1.387598812580108643e-01
-8.774688839912414551e-01
-2.565141201019287109e+00
-2.720172405242919922e+00
-8.380864262580871582e-01
-1.749526739120483398e+00
-2.556089639663696289e+00
-2.836201190948486328e+00
-1.576684951782226562e+00
-1.013436555862426758e+00
-3.032729387283325195e+00
-1.747012495994567871e+00
-6.847164630889892578e-01
-2.107045412063598633e+00
-2.704426765441894531e+00
-2.259618997573852539e+00
-9.823322892189025879e-01
-2.109034061431884766e+00
-1.402908802032470703e+00
-6.413591504096984863e-01
-5.755068063735961914e-01
-1.872631192207336426e+00
-2.574782371520996094e+00
-2.355813503265380859e+00
-1.797111749649047852e+00
-2.255375862121582031e+00
-2.003373384475708008e+00
-2.560490369796752930e+00
-1.172781825065612793e+00
-2.127675771713256836e+00
-2.983332633972167969e+00
-7.587630748748779297e-01
-1.666412800550460815e-01
-1.785890579223632812e+00
-2.103596210479736328e+00
-2.468744516372680664e+00
-8.546277284622192383e-01
-2.264332771301269531e+00
-2.722018003463745117e+00
-1.419496536254882812e+00
-1.444144487380981445e+00
-2.035772800445556641e+00
-1.561984896659851074e+00
-2.587057113647460938e+00
-1.081598758697509766e+00
1.620863005518913269e-02
-3.440160989761352539e+00
-2.832868576049804688e+00
-1.704655051231384277e+00
-2.583141326904296875e+00
-1.284490466117858887e+00
-3.026882171630859375e+00
-9.855092167854309082e-01
-1.591116070747375488e+00
-1.839504957199096680e+00
-3.205728530883789062e+00
-1.903036952018737793e+00
-2.899976968765258789e-01
-1.514863729476928711e+00
-2.400085210800170898e+00
4.472935944795608521e-02
-1.629925012588500977e+00
-2.813638687133789062e+00
-1.515965580940246582e+00
-1.735733509063720703e+00
-1.581802248954772949e+00
-2.157019853591918945e+00
-1.976515293121337891e+00
-1.524163842201232910e+00
-2.474205017089843750e+00
-2.059901237487792969e+00
-3.162402391433715820e+00
-3.583755493164062500e-01
-2.354364395141601562e+00
-2.350095748901367188e+00
-2.237507343292236328e+00
-1.025326609611511230e+00
-1.580847144126892090e+00
-2.435507297515869141e+00
-3.097524642944335938e+00
-1.338327407836914062e+00
-1.549530386924743652e+00
-2.968223571777343750e+00
-2.427163839340209961e+00
-1.257478713989257812e+00
-2.172454118728637695e+00
-3.151047706604003906e+00
-2.851732492446899414e+00
-7.082153558731079102e-01
-4.474803805351257324e-01
-3.018424272537231445e+00
-2.843491554260253906e+00
-1.385465621948242188e+00
-2.440502882003784180e+00
-2.014161586761474609e+00
-2.898571491241455078e+00
-1.859361648559570312e+00
-7.796870470046997070e-01
-9.541562795639038086e-01
-2.253386020660400391e+00
-2.640852928161621094e+00
-1.500168681144714355e+00
-1.014140963554382324e+00
-2.177668094635009766e+00
-2.013038635253906250e+00
-2.050064325332641602e+00
-2.201363801956176758e+00
-1.256243109703063965e+00
-2.455975770950317383e+00
-2.280727624893188477e+00
-2.183324098587036133e+00
-2.567975044250488281e+00
-2.164665699005126953e+00
-2.127216577529907227e+00
-3.110481977462768555e+00
-1.604475140571594238e+00
-2.915075778961181641e+00
-1.937193751335144043e+00
-2.624176979064941406e+00
-2.139876604080200195e+00
-1.363195419311523438e+00
-3.086787939071655273e+00
-1.384317159652709961e+00
-2.330887079238891602e+00
-2.699526786804199219e+00
-2.940490007400512695e+00
-1.980532884597778320e+00
-2.984508275985717773e+00
-2.054010152816772461e+00
-2.011456727981567383e+00
-2.078261375427246094e+00
-2.777850389480590820e+00
-2.978746414184570312e+00
-2.474433422088623047e+00
-3.268971920013427734e+00
-2.797046661376953125e+00
-1.984760999679565430e+00
-2.201944828033447266e+00
-1.689058303833007812e+00
-1.928393483161926270e+00
-2.627360343933105469e+00
-2.456662178039550781e+00
-1.787680149078369141e+00
-1.215798854827880859e+00
-2.034960985183715820e+00
-2.683190822601318359e+00
-3.246274709701538086e+00
-2.968162059783935547e+00
-2.156276464462280273e+00
-2.878461599349975586e+00
-2.909658193588256836e+00
-2.786902189254760742e+00
-2.118614435195922852e+00
-2.235061168670654297e+00
-2.432162284851074219e+00
-2.578733682632446289e+00
-2.160217046737670898e+00
-3.141337156295776367e+00
-2.578361034393310547e+00
-1.796354651451110840e+00
-3.101659059524536133e+00
-2.114275217056274414e+00
-3.080188035964965820e+00
-1.848374247550964355e+00
-1.706150770187377930e+00
-1.848898410797119141e+00
-3.147470951080322266e+00
-1.405322194099426270e+00
-2.422295331954956055e+00
-1.723192572593688965e+00
-1.738337993621826172e+00
-1.902927160263061523e+00
-2.735689640045166016e+00
-2.228480577468872070e+00
-2.565350532531738281e+00
-1.054745197296142578e+00
-2.588726997375488281e+00
-3.185781717300415039e+00
-2.294293403625488281e+00
-2.548109054565429688e+00
-2.766556262969970703e+00
-2.782868623733520508e+00
-1.670591354370117188e+00
-2.069126367568969727e+00
-1.060833573341369629e+00
-1.701639175415039062e+00
-1.431387782096862793e+00
-1.643879294395446777e+00
-2.169090270996093750e+00
-2.510411024093627930e+00
-3.267057180404663086e+00
-2.847549200057983398e+00
-3.223603963851928711e+00
-4.518311023712158203e-01
-2.827209472656250000e+00
-1.902721643447875977e+00
-1.461741328239440918e+00
-2.352655172348022461e+00
-3.005375385284423828e+00
-1.991812944412231445e+00
-3.365100622177124023e+00
-3.337343215942382812e+00
-1.562761425971984863e+00
-2.456212282180786133e+00
-1.944336652755737305e+00
-2.993631362915039062e+00
-1.915940642356872559e+00
-2.950316190719604492e+00
-2.739979982376098633e+00
-2.410648584365844727e+00
-1.999004602432250977e+00
-2.553227186203002930e+00
-3.469107866287231445e+00
-2.579589843750000000e+00
-2.155058145523071289e+00
-1.722810626029968262e+00
-3.327927112579345703e+00
-3.347260713577270508e+00
-3.300813436508178711e+00
-2.452140569686889648e+00
-3.310705423355102539e+00
-2.680755853652954102e+00
-2.286429405212402344e+00
-3.024577140808105469e+00
-3.295452833175659180e+00
-2.203047990798950195e+00
-2.149052858352661133e+00
-1.614722847938537598e+00
-2.318122625350952148e+00
-2.775097608566284180e+00
-2.841447830200195312e+00
-1.804413080215454102e+00
-1.116349339485168457e+00
-2.209419250488281250e+00
-2.072758674621582031e+00
-2.157202959060668945e+00
-2.545795440673828125e+00
-2.014592647552490234e+00
-2.079592466354370117e+00
-3.055190801620483398e+00
-2.178721189498901367e+00
-1.187037467956542969e+00
-2.075122356414794922e+00
-1.953196167945861816e+00
-2.576967239379882812e+00
-3.211590766906738281e+00
-2.539699554443359375e+00
-2.669807434082031250e+00
-1.712389588356018066e+00
-1.773473739624023438e+00
-1.981065988540649414e+00
-1.389552831649780273e+00
-3.123336076736450195e+00
-2.090142965316772461e+00
-2.215657472610473633e+00
-2.254458904266357422e+00
-2.630287408828735352e+00
-3.166570663452148438e+00
-3.357288599014282227e+00
-2.418350934982299805e+00
-1.520978331565856934e+00
-2.671094894409179688e+00
-1.784447073936462402e+00
-1.410071015357971191e+00
-1.732069373130798340e+00
-3.205968141555786133e+00
-3.219546318054199219e+00
-2.569952964782714844e+00
-3.126642227172851562e+00
-1.305580139160156250e+00
-3.120465517044067383e+00
-1.930824160575866699e+00
-1.537691354751586914e+00
-3.283676147460937500e+00
-2.571204423904418945e+00
-2.584382772445678711e+00
-2.237584829330444336e+00
-1.940164685249328613e+00
-1.926967144012451172e+00
-2.924823045730590820e+00
-2.334274053573608398e+00
-2.851964950561523438e+00
-2.212077856063842773e+00
-2.821079492568969727e+00
-2.935821771621704102e+00
-2.803275108337402344e+00
-2.932019233703613281e+00
-3.236936330795288086e+00
-2.112122297286987305e+00
-2.784638643264770508e+00
-6.462697386741638184e-01
-2.134393453598022461e+00
-1.145823359489440918e+00
-2.491667747497558594e+00
-2.371176004409790039e+00
-2.341526985168457031e+00
-2.828031063079833984e+00
-2.676681280136108398e+00
-3.295794725418090820e+00
-2.373609304428100586e+00
-3.136814594268798828e+00
-3.176380634307861328e+00
-2.502329111099243164e+00
-3.133884668350219727e+00
-1.812744259834289551e+00
-2.237648487091064453e+00
-2.900505304336547852e+00
-2.196205854415893555e+00
-1.914537787437438965e+00
-1.788187265396118164e+00
-2.993380069732666016e+00
-2.629028797149658203e+00
-2.634032726287841797e+00
-2.666300296783447266e+00
-1.966513991355895996e+00
-3.123983383178710938e+00
-2.606753587722778320e+00
-1.741377592086791992e+00
-2.958057165145874023e+00
-2.556813478469848633e+00
-2.692180633544921875e+00
-2.291363954544067383e+00
-3.377090930938720703e+00
-1.622645974159240723e+00
-2.901349782943725586e+00
-3.031401395797729492e+00
-3.012767076492309570e+00
-2.070040225982666016e+00
-2.412250041961669922e+00
-2.197363853454589844e+00
-1.827453494071960449e+00
-3.131011009216308594e+00
-2.998014450073242188e+00
-3.153767347335815430e+00
-3.394753932952880859e+00
-2.517911672592163086e+00
-2.016788244247436523e+00
-2.688914537429809570e+00
-2.670497417449951172e+00
-9.411326050758361816e-01
-2.502949476242065430e+00
-2.512824058532714844e+00
-3.376399517059326172e+00
-2.657257318496704102e+00
-1.580374717712402344e+00
-2.227782487869262695e+00
-3.359109640121459961e+00
-2.752347946166992188e+00
-2.251799345016479492e+00
-3.538668632507324219e+00
-2.860820055007934570e+00
-1.465034127235412598e+00
-2.293856620788574219e+00
-2.867823839187622070e+00
-2.904160022735595703e+00
-2.284236431121826172e+00
-2.504065036773681641e+00
-2.575644254684448242e+00
-2.178498506546020508e+00
-1.750585317611694336e+00
-2.945882320404052734e+00
-1.627207636833190918e+00
-2.434559345245361328e+00
-2.226682424545288086e+00
-2.010491609573364258e+00
-2.948760986328125000e+00
-2.276453256607055664e+00
-2.456552982330322266e+00
-2.859997749328613281e+00
-2.758542060852050781e+00
-2.438581228256225586e+00
-3.124544858932495117e+00
-3.118210315704345703e+00
-1.840361833572387695e+00
-2.727359294891357422e+00
-2.695906162261962891e+00
-7.807013392448425293e-01
-2.612651109695434570e+00
-2.732938766479492188e+00
-7.518545985221862793e-01
-2.498288393020629883e+00
-2.265506744384765625e+00
-1.873225808143615723e+00
-2.458277940750122070e+00
-2.695071220397949219e+00
-2.769869565963745117e+00
-3.056031227111816406e+00
-3.141590356826782227e+00
-2.064068078994750977e+00
-2.800743103027343750e+00
-2.840256690979003906e+00
-2.996510028839111328e+00
-2.995758056640625000e+00
-2.807774066925048828e+00
-3.091805934906005859e+00
-3.378235816955566406e+00
-2.366804361343383789e+00
-2.679837465286254883e+00
-1.863978385925292969e+00
-1.854326963424682617e+00
-2.159689903259277344e+00
-3.262498617172241211e+00
-9.351343512535095215e-01
-2.837717056274414062e+00
-2.513953447341918945e+00
-1.995775103569030762e+00
-1.176934957504272461e+00
-2.965963363647460938e+00
-2.190288305282592773e+00
-2.148296117782592773e+00
-2.306950092315673828e+00
-1.334438562393188477e+00
-1.659348487854003906e+00
-3.079627752304077148e+00
-3.111384153366088867e+00
-1.595167875289916992e+00
-9.868310689926147461e-01
-3.240817070007324219e+00
-2.274291038513183594e+00
-2.577717065811157227e+00
-3.187633991241455078e+00
-2.713537454605102539e+00
-2.542560577392578125e+00
-1.566132783889770508e+00
-2.318295717239379883e+00
-1.053382277488708496e+00
-2.133511781692504883e+00
-2.303667783737182617e+00
-1.948744654655456543e+00
-2.275710105895996094e+00
-2.256415367126464844e+00
-2.676435708999633789e+00
-1.956598520278930664e+00
-2.254882097244262695e+00
-2.554643154144287109e+00
-3.014870882034301758e+00
-2.955317020416259766e+00
-2.231941223144531250e+00
-2.729111671447753906e+00
-2.598785161972045898e+00
-2.877974987030029297e+00
-5.122947692871093750e-01
-2.584962844848632812e+00
-2.607638359069824219e+00
-2.158743858337402344e+00
-2.091852188110351562e+00
-1.795951247215270996e+00
-1.970523238182067871e+00
-2.788563728332519531e+00
-1.795186281204223633e+00
-1.738112449645996094e+00
-3.470417499542236328e+00
-2.149079084396362305e+00
-1.991365432739257812e+00
-2.553295373916625977e+00
-2.810134649276733398e+00
-3.185689687728881836e+00
-3.280620574951171875e+00
-1.959215283393859863e+00
-1.997432827949523926e+00
-2.096068382263183594e+00
-1.719618797302246094e+00
-2.471194505691528320e+00
-2.990116596221923828e+00
-3.009443759918212891e+00
-8.494443893432617188e-01
-2.721792697906494141e+00
-2.468457460403442383e+00
-3.032712221145629883e+00
-1.802235841751098633e+00
-2.761440992355346680e+00
-1.808229684829711914e+00
-2.166581153869628906e+00
-3.038341283798217773e+00
-2.469138860702514648e+00
-6.858410239219665527e-01
-2.892744779586791992e+00
-2.845191955566406250e+00
-3.351093530654907227e+00
-2.676680326461791992e+00
-3.460321426391601562e+00
-2.299929857254028320e+00
-3.172576427459716797e+00
-2.131007194519042969e+00
-1.761622905731201172e+00
-3.324120283126831055e+00
-2.604906797409057617e+00
-2.512903451919555664e+00
-3.191682338714599609e+00
-2.122260093688964844e+00
-1.690715551376342773e+00
-2.975611209869384766e+00
-2.148387908935546875e+00
-2.199593782424926758e+00
-3.123938083648681641e+00
-1.782671093940734863e+00
-2.001294136047363281e+00
-2.860014200210571289e+00
-1.982599139213562012e+00
-3.541832208633422852e+00
-1.905635714530944824e+00
-2.834854602813720703e+00
-3.308321952819824219e+00
-3.522714376449584961e+00
-2.193332195281982422e+00
-2.766165494918823242e+00
-3.212619066238403320e+00
-2.001694202423095703e+00
-1.869670748710632324e+00
-1.044567227363586426e+00
-2.193124294281005859e+00
-1.858279585838317871e+00
-2.623378276824951172e+00
-2.097741365432739258e+00
-2.093934059143066406e+00
-3.295741319656372070e+00
-1.909060597419738770e+00
-2.546724081039428711e+00
-2.555573940277099609e+00
-1.395898580551147461e+00
-1.925826311111450195e+00
-3.226671934127807617e+00
-2.029109477996826172e+00
-1.942541480064392090e+00
-3.307545185089111328e+00
-3.458548069000244141e+00
-2.335859298706054688e+00
-2.377783298492431641e+00
-3.192946195602416992e+00
-3.295217752456665039e+00
-2.064109802246093750e+00
-2.336436271667480469e+00
-1.730946421623229980e+00
-3.118708848953247070e+00
-1.721107721328735352e+00
-3.199002504348754883e+00
-2.040035486221313477e+00
-2.984599828720092773e+00
-1.262554287910461426e+00
-2.956490278244018555e+00
-3.071222782135009766e+00
-2.647281169891357422e+00
-2.046756029129028320e+00
-1.780008316040039062e+00
-2.499609231948852539e+00
-1.787431597709655762e+00
-3.000365018844604492e+00
-2.157190322875976562e+00
-3.100455045700073242e+00
-3.289095401763916016e+00
-3.307304143905639648e+00
-2.978674173355102539e+00
-1.634831070899963379e+00
-2.206243038177490234e+00
-2.828690052032470703e+00
-2.409111976623535156e+00
-2.240082502365112305e+00
-1.766525030136108398e+00
-2.362511157989501953e+00
-2.893344163894653320e+00
-2.489523410797119141e+00
-2.488302469253540039e+00
-3.387553453445434570e+00
-3.203913450241088867e+00
-2.312804698944091797e+00
-1.634136915206909180e+00
-1.963969826698303223e+00
-1.368148803710937500e+00
-2.125972747802734375e+00
-2.263369083404541016e+00
-1.993500232696533203e+00
-1.751363039016723633e+00
-1.857438683509826660e+00
-2.633283853530883789e+00
-2.365244150161743164e+00
-1.431699752807617188e+00
-2.379534482955932617e+00
-8.545605540275573730e-01
-2.296545267105102539e+00
-2.961813688278198242e+00
-1.786481380462646484e+00
-2.589301347732543945e+00
-1.973075628280639648e+00
-2.341889142990112305e+00
-3.033846616744995117e+00
-1.717139005661010742e+00
-2.952407598495483398e+00
-1.218752384185791016e+00
-1.643777608871459961e+00
-2.111600160598754883e+00
-1.747698783874511719e+00
-2.258469104766845703e+00
-3.104532957077026367e+00
-2.982754945755004883e+00
-9.877697825431823730e-01
-9.568430781364440918e-01
-2.404971837997436523e+00
-3.017451763153076172e+00
-1.703966021537780762e+00
-3.240330219268798828e+00
-1.889150857925415039e+00
-3.123904943466186523e+00
-2.646449565887451172e+00
-2.186603546142578125e+00
-1.812833428382873535e+00
-2.144022464752197266e+00
-2.037012100219726562e+00
-1.830218434333801270e+00
-3.067148208618164062e+00
-1.765623450279235840e+00
-2.873925685882568359e+00
-3.337270975112915039e+00
-2.406976222991943359e+00
-1.596203446388244629e+00
-1.954573988914489746e+00
-2.401441097259521484e+00
-1.969444990158081055e+00
-2.152873516082763672e+00
-2.713215351104736328e+00
-1.766502141952514648e+00
-1.834258317947387695e+00
-2.121820926666259766e+00
-3.216036796569824219e+00
-1.341282248497009277e+00
-3.012672185897827148e+00
-3.014813423156738281e+00
-7.891840338706970215e-01
-2.657582283020019531e+00
-3.378242731094360352e+00
-2.118825674057006836e+00
-1.688268184661865234e+00
-2.745751619338989258e+00
-2.414356946945190430e+00
-1.881192326545715332e+00
-1.399508237838745117e+00
-2.099122285842895508e+00
-2.658887147903442383e+00
-2.588323593139648438e+00
-2.129273176193237305e+00
-3.314233064651489258e+00
-2.572417974472045898e+00
-8.714960217475891113e-01
-1.799994111061096191e+00
-1.024276852607727051e+00
-2.072526454925537109e+00
-1.997983574867248535e+00
-2.608099222183227539e+00
-3.222120046615600586e+00
-2.304429769515991211e+00
-1.924598336219787598e+00
-3.110020875930786133e+00
-7.296097874641418457e-01
-1.716570734977722168e+00
-2.216566801071166992e+00
-2.736826419830322266e+00
-1.882853865623474121e+00
-3.244649887084960938e+00
-2.419458150863647461e+00
-2.300097465515136719e+00
-3.001798629760742188e+00
-2.184570312500000000e+00
-2.455511569976806641e+00
-1.311779022216796875e+00
-1.342344641685485840e+00
-1.730965256690979004e+00
-2.901326417922973633e+00
-3.028950929641723633e+00
-2.101117134094238281e+00
-2.916637659072875977e+00
-2.738479137420654297e+00
-2.837382078170776367e+00
-9.550475478172302246e-01
-3.481776952743530273e+00
-3.384515285491943359e+00
-1.912266731262207031e+00
-3.018712520599365234e+00
-3.305988311767578125e+00
-3.075412034988403320e+00
-2.632342815399169922e+00
-1.822314620018005371e+00
-3.478806495666503906e+00
-2.855584859848022461e+00
-1.929970502853393555e+00
-3.057728052139282227e+00
-1.851517081260681152e+00
-3.113681316375732422e+00
-2.173674106597900391e+00
-3.005218267440795898e+00
-1.793052196502685547e+00
-8.602458238601684570e-01
-1.619381427764892578e+00
-3.327502727508544922e+00
-3.324694633483886719e+00
-1.800213694572448730e+00
-1.858339786529541016e+00
-2.607322931289672852e+00
-2.845054388046264648e+00
-2.799905061721801758e+00
-3.234171390533447266e+00
-1.754267573356628418e+00
-3.047523498535156250e+00
-2.645606517791748047e+00
-2.788244009017944336e+00
-1.574265480041503906e+00
-2.670351743698120117e+00
-3.387068986892700195e+00
-1.082356572151184082e+00
-2.008100509643554688e+00
-2.659584999084472656e+00
-2.600775003433227539e+00
-2.453552961349487305e+00
-2.083067893981933594e+00
-2.956453323364257812e+00
-2.104664564132690430e+00
-2.655536651611328125e+00
-3.040122270584106445e+00
-3.021023273468017578e+00
-2.638548851013183594e+00
-2.060603857040405273e+00
-1.666051745414733887e+00
-1.939397454261779785e+00
-2.580431699752807617e+00
-2.040109872817993164e+00
-2.618524312973022461e+00
-1.154721021652221680e+00
-2.210917711257934570e+00
-9.011850357055664062e-01
-2.131964445114135742e+00
-2.823273420333862305e+00
-2.244967460632324219e+00
-2.043703794479370117e+00
-1.808343291282653809e+00
-1.726365208625793457e+00
-2.149332046508789062e+00
-3.098268985748291016e+00
-1.791444063186645508e+00
-2.676971435546875000e+00
-3.365634441375732422e+00
-2.160014867782592773e+00
-2.904152631759643555e+00
-1.635237932205200195e+00
-3.379835605621337891e+00
-2.980346679687500000e+00
-2.214281797409057617e+00
-1.936988711357116699e+00
-1.791205883026123047e+00
-1.160997748374938965e+00
-3.429112911224365234e+00
-1.681516289710998535e+00
-2.108594179153442383e+00
-1.308402061462402344e+00
-3.406145811080932617e+00
-2.864264965057373047e+00
-3.268784523010253906e+00
-2.946176767349243164e+00
-1.933547496795654297e+00
-3.283254146575927734e+00
-3.284747600555419922e+00
-2.486410856246948242e+00
-2.167467594146728516e+00
-3.062201738357543945e+00
-3.154748916625976562e+00
-2.397867441177368164e+00
-2.066836357116699219e+00
-2.997515201568603516e+00
-2.190233707427978516e+00
-2.822949886322021484e+00
-2.082503318786621094e+00
-2.058796167373657227e+00
-1.982493877410888672e+00
-8.698979616165161133e-01
-3.286541461944580078e+00
-3.252943754196166992e+00
-2.516061782836914062e+00
-2.207302093505859375e+00
-1.847217440605163574e+00
-2.664373397827148438e+00
-1.958082675933837891e+00
-3.112610578536987305e+00
-2.976094007492065430e+00
-1.940603494644165039e+00
-3.514580249786376953e+00
-2.223868370056152344e+00
-3.213666677474975586e+00
-2.410278320312500000e+00
-1.762950658798217773e+00
-1.116838455200195312e+00
-3.484314203262329102e+00
-1.724625349044799805e+00
-2.499272584915161133e+00
-3.403927087783813477e+00
-2.731134176254272461e+00
-1.960687398910522461e+00
-2.754467010498046875e+00
-2.875186443328857422e+00
-1.036665678024291992e+00
-2.252437591552734375e+00
-2.109309911727905273e+00
-1.822333574295043945e+00
-2.533993959426879883e+00
-2.042322397232055664e+00
-2.276160955429077148e+00
-2.377030134201049805e+00
-3.453632116317749023e+00
-3.151392936706542969e+00
-1.196191668510437012e+00
-1.780782341957092285e+00
-2.887169599533081055e+00
-3.028116226196289062e+00
-3.181754350662231445e+00
-1.883512020111083984e+00
-3.115673303604125977e+00
-2.702523946762084961e+00
-1.708428978919982910e+00
-1.504300713539123535e+00
-2.551999568939208984e+00
-3.111453771591186523e+00
-2.051530122756958008e+00
-2.626021385192871094e+00
-2.597058534622192383e+00
-2.585766077041625977e+00
-2.868412733078002930e+00
-1.729041337966918945e+00
-1.197370290756225586e+00
-2.535601615905761719e+00
-2.173877239227294922e+00
-1.955483555793762207e+00
-1.753124356269836426e+00
-1.852083683013916016e+00
-1.858958482742309570e+00
-2.552529811859130859e+00
-1.772023081779479980e+00
-2.036998748779296875e+00
-1.642534494400024414e+00
-6.693173646926879883e-01
-2.533038854598999023e+00
-1.717889070510864258e+00
-1.942339062690734863e+00
-1.537435531616210938e+00
-3.277791976928710938e+00
-2.586155176162719727e+00
-7.446210980415344238e-01
-2.143007993698120117e+00
-1.291306138038635254e+00
-2.520962476730346680e+00
-2.321317195892333984e+00
-2.094953060150146484e+00
-2.587997198104858398e+00
-2.498490095138549805e+00
-2.011283636093139648e+00
-2.427372694015502930e+00
-2.531583309173583984e+00
-8.946979641914367676e-01
-2.425100803375244141e+00
-2.356481313705444336e+00
-2.200420379638671875e+00
-1.860009074211120605e+00
-3.130822658538818359e+00
-2.917722463607788086e+00
-2.041698694229125977e+00
-3.030091524124145508e+00
-2.084470987319946289e+00
-2.142762660980224609e+00
-2.061974048614501953e+00
-2.770422458648681641e+00
-2.086361169815063477e+00
-2.913197994232177734e+00
-1.817494153976440430e+00
-2.891551494598388672e+00
-3.256983995437622070e+00
-1.704391717910766602e+00
-1.672184944152832031e+00
-5.586162209510803223e-01
-2.286971807479858398e+00
-1.935894370079040527e+00
-2.667632818222045898e+00
-1.870697021484375000e+00
-2.665380716323852539e+00
-1.779828310012817383e+00
-3.212255954742431641e+00
-2.622650384902954102e+00
-8.846531510353088379e-01
-1.748251795768737793e+00
-1.570259094238281250e+00
-1.985585212707519531e+00
-2.220966577529907227e+00
-2.892027616500854492e+00
-3.347030162811279297e+00
-1.452236771583557129e+00
-2.255574464797973633e+00
-2.822165012359619141e+00
-1.586475968360900879e+00
-2.129320621490478516e+00
-3.288892507553100586e+00
-3.162530183792114258e+00
-2.154764890670776367e+00
-2.636036157608032227e+00
-2.546612501144409180e+00
-1.950701951980590820e+00
-3.366736650466918945e+00
-2.486110925674438477e+00
-6.431980133056640625e-01
-1.863813638687133789e+00
-2.329612016677856445e+00
-2.300498485565185547e+00
-1.887427091598510742e+00
-2.468771934509277344e+00
-1.708459138870239258e+00
-1.915758848190307617e+00
-7.440028190612792969e-01
-4.656125307083129883e-01
-1.497363805770874023e+00
-2.257706642150878906e+00
-3.014309167861938477e+00
-3.326271057128906250e+00
-1.621941924095153809e+00
-3.102154970169067383e+00
-3.150064945220947266e+00
-1.980017662048339844e+00
-6.744216680526733398e-01
-2.768786668777465820e+00
-2.887792348861694336e+00
-3.005402803421020508e+00
-1.710289001464843750e+00
-2.101986646652221680e+00
-1.639460325241088867e+00
-2.984270095825195312e+00
-2.924870014190673828e+00
-2.551840066909790039e+00
-2.323542833328247070e+00
-3.053793907165527344e+00
-1.329959034919738770e+00
-2.592585802078247070e+00
-8.183397054672241211e-01
-1.982280135154724121e+00
-3.050373315811157227e+00
-2.920523881912231445e+00
-9.848791360855102539e-01
-2.454906702041625977e+00
-2.480538368225097656e+00
-3.329652070999145508e+00
-2.606678247451782227e+00
-1.264008998870849609e+00
-2.096986055374145508e+00
-2.715657472610473633e+00
-3.120300292968750000e+00
-2.287990093231201172e+00
-2.880863904953002930e+00
-2.946308374404907227e+00
-2.161373376846313477e+00
-1.869364142417907715e+00
-9.752016067504882812e-01
-1.101099252700805664e+00
-3.153277873992919922e+00
-2.545607805252075195e+00
-3.521808385848999023e+00
-3.048835277557373047e+00
-2.938901424407958984e+00
-9.026486873626708984e-01
-2.918148994445800781e+00
-3.207734823226928711e+00
-1.166201472282409668e+00
-2.006938695907592773e+00
-2.146273612976074219e+00
-2.989833593368530273e+00
-2.173963308334350586e+00
-2.792216062545776367e+00
-1.621065378189086914e+00
-1.619491457939147949e+00
-2.333489179611206055e+00
-9.088923931121826172e-01
-2.292462110519409180e+00
-1.784050941467285156e+00
-2.490256786346435547e+00
-8.504501581192016602e-01
-3.383303165435791016e+00
-7.936340570449829102e-01
-2.679928541183471680e+00
-2.107807159423828125e+00
-3.527755022048950195e+00
-1.451169490814208984e+00
-2.310195922851562500e+00
-2.160219430923461914e+00
-2.857684373855590820e+00
-1.752999544143676758e+00
-3.339960098266601562e+00
-2.817737340927124023e+00
-2.571086645126342773e+00
-2.067198753356933594e+00
-2.253712654113769531e+00
-1.718057751655578613e+00
-3.323758363723754883e+00
-3.175619840621948242e+00
-2.875176906585693359e+00
-1.771924138069152832e+00
-2.340046405792236328e+00
-2.058288335800170898e+00
-1.961575627326965332e+00
-1.467587590217590332e+00
-3.261869907379150391e+00
-2.240193843841552734e+00
-2.161605358123779297e+00
-2.914018869400024414e+00
-3.098287820816040039e+00
-2.808162212371826172e+00
-3.029432773590087891e+00
-2.656779527664184570e+00
-2.435154676437377930e+00
-3.148556232452392578e+00
-2.673702001571655273e+00
-1.972261190414428711e+00
-3.122001409530639648e+00
-1.217947721481323242e+00
-1.622983217239379883e+00
-3.209054946899414062e+00
-2.733264207839965820e+00
-1.018646240234375000e+00
-2.139131546020507812e+00
-1.512297749519348145e+00
-1.656061768531799316e+00
-1.491973280906677246e+00
-3.260915517807006836e+00
-3.091961622238159180e+00
-1.437240123748779297e+00
-1.861004114151000977e+00
-3.276370525360107422e+00
-1.851693391799926758e+00
-1.520684003829956055e+00
-2.455485582351684570e+00
-2.298223972320556641e+00
-2.547986984252929688e+00
-2.237894773483276367e+00
-3.316517591476440430e+00
-3.301755189895629883e+00
-1.788562893867492676e+00
-2.129862308502197266e+00
-1.952182888984680176e+00
-2.200456857681274414e+00
-1.804580807685852051e+00
-3.151868343353271484e+00
-2.369372606277465820e+00
-1.403272509574890137e+00
-2.134326934814453125e+00
-2.777552604675292969e-01
-1.828751683235168457e+00
-2.683594465255737305e+00
-2.948888301849365234e+00
-2.636563777923583984e+00
-2.371436357498168945e+00
-2.856541156768798828e+00
-2.702833175659179688e+00
-1.041565537452697754e+00
-2.274855613708496094e+00
-3.163981199264526367e+00
-1.885663986206054688e+00
-3.003699541091918945e+00
-2.640443086624145508e+00
-8.995620608329772949e-01
-3.209291934967041016e+00
-8.231104612350463867e-01
-7.571611404418945312e-01
-2.479459285736083984e+00
-3.238147258758544922e+00
-2.399593830108642578e+00
-2.539431571960449219e+00
-1.997396111488342285e+00
-2.370779067277908325e-01
-1.919718861579895020e+00
-2.918802261352539062e+00
-3.072502374649047852e+00
-9.341820478439331055e-01
-3.021132469177246094e+00
-2.354788303375244141e+00
-2.831651449203491211e+00
-2.365850448608398438e+00
-1.807362675666809082e+00
-2.025534152984619141e+00
-2.526522159576416016e+00
-2.378136157989501953e+00
-1.807708740234375000e+00
-3.884484767913818359e-01
-2.615962743759155273e+00
-2.057979345321655273e+00
-2.934776782989501953e+00
-2.545210838317871094e+00
-3.035515785217285156e+00
-3.193177938461303711e+00
-5.365415811538696289e-01
-1.619945168495178223e+00
-3.563486337661743164e-01
-2.520611047744750977e+00
-2.405193805694580078e+00
-1.848716139793395996e+00
-1.911252021789550781e+00
-1.965385437011718750e+00
-3.123966693878173828e+00
-1.479939818382263184e+00
-2.902338504791259766e+00
-5.121682286262512207e-01
-2.923293590545654297e+00
-2.107821464538574219e+00
-2.071209430694580078e+00
-9.264800548553466797e-01
-1.664691448211669922e+00
-2.964110612869262695e+00
-2.471729755401611328e+00
-2.759505033493041992e+00
-2.404985189437866211e+00
-2.620119571685791016e+00
-1.751729011535644531e+00
-2.044236898422241211e+00
-2.911385536193847656e+00
-2.586456537246704102e+00
-2.624993085861206055e+00
-1.930067181587219238e+00
-7.674918770790100098e-01
-2.111208438873291016e+00
-2.002980232238769531e+00
-2.465199708938598633e+00
-2.767275571823120117e+00
-3.336535692214965820e+00
-2.116540193557739258e+00
-2.727170228958129883e+00
-2.823650598526000977e+00
-7.666138410568237305e-01
-2.484457731246948242e+00
-2.899026393890380859e+00
-2.153060674667358398e+00
-2.669250965118408203e+00
-2.028632164001464844e+00
-1.810128211975097656e+00
-1.679618716239929199e+00
-2.491398572921752930e+00
-2.263750314712524414e+00
-2.644050598144531250e+00
-2.905248165130615234e+00
-1.830945253372192383e+00
-4.827168285846710205e-01
-2.429157495498657227e+00
-2.064688920974731445e+00
-1.166925072669982910e+00
-7.992350459098815918e-01
-1.837241411209106445e+00
-2.530038833618164062e+00
-3.183096170425415039e+00
-3.140251398086547852e+00
-1.726336002349853516e+00
-1.815693140029907227e+00
-1.016827821731567383e+00
-3.440841436386108398e+00
-2.609129190444946289e+00
-1.188115239143371582e+00
-1.734416246414184570e+00
-3.377162694931030273e+00
-3.371262788772583008e+00
-2.468876123428344727e+00
-1.962784647941589355e+00
-1.923432826995849609e+00
-2.858569622039794922e+00
-1.937196373939514160e+00
-7.504405975341796875e-01
-1.858068704605102539e+00
-2.948485136032104492e+00
-1.447021007537841797e+00
-2.537220478057861328e+00
-2.097634077072143555e+00
-2.204317092895507812e+00
-2.938642978668212891e+00
-6.005026102066040039e-01
-2.390443325042724609e+00
-1.872127413749694824e+00
-2.939325809478759766e+00
-1.844435095787048340e+00
-2.923705577850341797e+00
-3.150507211685180664e+00
-1.832481026649475098e+00
-1.907484382390975952e-01
-2.576088666915893555e+00
-2.426445722579956055e+00
-2.039649963378906250e+00
-1.238004684448242188e+00
-2.257320642471313477e+00
-7.970870137214660645e-01
-1.821873545646667480e+00
-1.548585534095764160e+00
-2.813877105712890625e+00
-1.897389292716979980e+00
-2.526267290115356445e+00
-1.581752419471740723e+00
-2.817574024200439453e+00
-9.875328540802001953e-01
-1.915514945983886719e+00
-1.747177958488464355e+00
-9.099321961402893066e-01
-3.280532121658325195e+00
-2.348660707473754883e+00
-2.972414255142211914e+00
-2.974728584289550781e+00
-1.416252374649047852e+00
-2.630191326141357422e+00
-1.729256272315979004e+00
-1.804428100585937500e+00
-2.228283405303955078e+00
-3.098973274230957031e+00
-1.864657759666442871e+00
-1.472398996353149414e+00
-1.543559193611145020e+00
-2.772862434387207031e+00
-1.259592652320861816e+00
-2.039354085922241211e+00
-2.733307838439941406e+00
-4.665555357933044434e-01
-1.958649873733520508e+00
-1.530900716781616211e+00
-1.932156205177307129e+00
-2.666841030120849609e+00
-3.037830829620361328e+00
-2.762007713317871094e+00
-2.290031194686889648e+00
-1.034901738166809082e+00
-2.579044580459594727e+00
-1.357307791709899902e+00
-1.905634284019470215e+00
-2.630306720733642578e+00
-2.043708562850952148e+00
-3.044955730438232422e+00
-1.680114746093750000e+00
-2.341830015182495117e+00
-2.096989393234252930e+00
-1.776049733161926270e-01
-2.174580574035644531e+00
-1.914260029792785645e+00
-2.244923591613769531e+00
-2.438650608062744141e+00
-2.607747793197631836e+00
-1.104429483413696289e+00
-3.294106483459472656e+00
-2.075326204299926758e+00
-7.959790229797363281e-01
-2.430056571960449219e+00
-8.903710246086120605e-01
-8.768748641014099121e-01
-1.238698005676269531e+00
-3.207141876220703125e+00
-2.953583002090454102e+00
-2.692485570907592773e+00
-2.342767000198364258e+00
-3.262270212173461914e+00
-1.035997629165649414e+00
-1.734449386596679688e+00
-2.020358800888061523e+00
-2.659633636474609375e+00
-2.101273536682128906e+00
-2.548993349075317383e+00
-3.168207168579101562e+00
-2.647266864776611328e+00
-3.059306144714355469e+00
-2.163340330123901367e+00
-1.426289439201354980e+00
-1.990000963211059570e+00
-2.939854860305786133e+00
-2.890138864517211914e+00
-3.447673082351684570e+00
-2.332661867141723633e+00
-2.660809040069580078e+00
-2.640790462493896484e+00
-1.656387925148010254e+00
-1.870009541511535645e+00
-1.981669425964355469e+00
-1.929032206535339355e+00
-1.005089163780212402e+00
-2.615368843078613281e+00
-1.602610588073730469e+00
-2.208841800689697266e+00
-2.428874731063842773e+00
-2.626511573791503906e+00
-2.250823497772216797e+00
-1.839601993560791016e+00
-2.648385763168334961e+00
-1.220355510711669922e+00
-1.834886550903320312e+00
-1.734334468841552734e+00
-2.283791542053222656e+00
-2.007737159729003906e+00
-1.009348750114440918e+00
-1.778191924095153809e+00
-1.787106990814208984e+00
-2.778590917587280273e+00
-2.899370431900024414e+00
-1.937428116798400879e+00
-1.395238161087036133e+00
-1.311098217964172363e+00
-2.918583631515502930e+00
-2.093748331069946289e+00
-8.309540152549743652e-01
-2.410340785980224609e+00
-3.146763563156127930e+00
-3.162241220474243164e+00
-7.305030822753906250e-01
-3.097720146179199219e+00
-2.224277019500732422e+00
-1.455472111701965332e+00
-1.670908212661743164e+00
-3.195110559463500977e+00
-2.585877180099487305e+00
-2.426492452621459961e+00
-1.921537756919860840e+00
-2.848157405853271484e+00
-1.721131950616836548e-01
-2.670289278030395508e+00
-3.415022850036621094e+00
-2.962886333465576172e+00
-2.461304187774658203e+00
-1.263660550117492676e+00
-2.151394367218017578e+00
-3.085391998291015625e+00
-1.658573389053344727e+00
-2.358208656311035156e+00
-2.484823703765869141e+00
-2.321460962295532227e+00
-2.666711807250976562e+00
-2.146909236907958984e+00
-7.198761105537414551e-01
-2.989302396774291992e+00
-2.541896581649780273e+00
4.219891503453254700e-03
-3.068092823028564453e+00
-2.506275177001953125e+00
-8.238999247550964355e-01
-1.944962263107299805e+00
-2.380778551101684570e+00
-1.693690299987792969e+00
-3.219937324523925781e+00
-2.485380649566650391e+00
-2.426675558090209961e+00
-2.076443910598754883e+00
-2.893454790115356445e+00
-2.802538394927978516e+00
-1.352539777755737305e+00
-2.155893325805664062e+00
-2.590507507324218750e+00
-2.301590919494628906e+00
-1.690930724143981934e+00
-2.446250677108764648e+00
-2.963352680206298828e+00
-1.427134156227111816e+00
-3.209989547729492188e+00
-3.095183849334716797e+00
-1.790444016456604004e+00
-1.376902163028717041e-01
-2.130351066589355469e+00
-1.536518335342407227e+00
-1.602437973022460938e+00
-2.879662990570068359e+00
-3.167518615722656250e+00
-3.264436006546020508e+00
-5.051150918006896973e-01
-2.787582159042358398e+00
-2.941965818405151367e+00
-2.275085687637329102e+00
-2.692308902740478516e+00
-8.588562011718750000e-01
-3.113701105117797852e+00
-2.769462108612060547e+00
-3.105513811111450195e+00
-3.415129482746124268e-01
-2.055731534957885742e+00
-2.563872337341308594e+00
-2.074745416641235352e+00
-2.995243787765502930e+00
-1.934176921844482422e+00
-1.668569087982177734e+00
-2.612123727798461914e+00
-1.722937941551208496e+00
-2.133776903152465820e+00
-2.246119022369384766e+00
-7.855358719825744629e-01
-2.512999534606933594e+00
-2.839342832565307617e+00
-2.707175254821777344e+00
-2.073415517807006836e+00
-1.709532380104064941e+00
-2.499378204345703125e+00
-3.176266431808471680e+00
-2.148585081100463867e+00
-3.070224523544311523e+00
-1.160509109497070312e+00
-2.661139726638793945e+00
-1.120387315750122070e+00
-3.025128841400146484e+00
-2.030541181564331055e+00
-2.049299716949462891e+00
-2.273390054702758789e+00
-2.617865085601806641e+00
-2.914885044097900391e+00
-2.565856218338012695e+00
-2.843888044357299805e+00
-2.636722803115844727e+00
-3.142302513122558594e+00
-2.650809288024902344e+00
-2.918396472930908203e+00
-1.335425376892089844e+00
-3.258805036544799805e+00
-3.230825662612915039e+00
-2.221989184617996216e-01
-1.228964090347290039e+00
-2.127340793609619141e+00
-1.912446856498718262e+00
-2.020926237106323242e+00
-2.530363559722900391e+00
-1.530861735343933105e+00
-3.075002193450927734e+00
-3.110068321228027344e+00
-2.497243642807006836e+00
-3.133304119110107422e+00
-2.732941389083862305e+00
-9.498144388198852539e-01
-2.362787485122680664e+00
-2.076779603958129883e+00
-2.656862258911132812e+00
-2.637909412384033203e+00
-2.827632427215576172e+00
-2.374597072601318359e+00
-1.672665476799011230e+00
-6.004253625869750977e-01
-9.894804954528808594e-01
-2.685302972793579102e+00
-2.039876222610473633e+00
-2.526232242584228516e+00
-2.734383344650268555e+00
-3.168126583099365234e+00
-1.870013117790222168e+00
-9.000077247619628906e-01
-1.594350099563598633e+00
-2.033939599990844727e+00
-1.465658187866210938e+00
-2.007182836532592773e+00
-2.857105016708374023e+00
-1.629239082336425781e+00
-3.266512870788574219e+00
-2.097025632858276367e+00
-2.469367265701293945e+00
-1.351093053817749023e+00
-1.628239035606384277e+00
-7.319720387458801270e-01
-1.942365884780883789e+00
-2.035936355590820312e+00
-2.250190496444702148e+00
-3.188468694686889648e+00
-1.997745156288146973e+00
-2.191274166107177734e+00
-2.107387065887451172e+00
-2.310026884078979492e+00
-9.701919555664062500e-01
-6.163635253906250000e-01
-2.288944244384765625e+00
-2.821115970611572266e+00
-1.687990307807922363e+00
-2.242617845535278320e+00
-2.667498350143432617e+00
-3.249122142791748047e+00
-8.527119755744934082e-01
-3.124148607254028320e+00
-1.292837023735046387e+00
-3.147233486175537109e+00
-2.727988719940185547e+00
-2.648850440979003906e+00
-2.870324134826660156e+00
-3.412665426731109619e-01
-1.863314509391784668e+00
-2.605124235153198242e+00
-2.288394689559936523e+00
-1.899109840393066406e+00
-2.142179012298583984e+00
-2.430774450302124023e+00
-1.552473664283752441e+00
-1.334855079650878906e+00
-1.396320581436157227e+00
-1.887093186378479004e+00
-2.005668640136718750e+00
-1.676433920860290527e+00
-2.022399187088012695e+00
-2.990874290466308594e+00
-1.361280798912048340e+00
-2.746820926666259766e+00
-3.237021684646606445e+00
-3.041235685348510742e+00
-1.916490793228149414e+00
-1.559980273246765137e+00
-3.139830589294433594e+00
-2.460464715957641602e+00
-2.424550533294677734e+00
-3.104327917098999023e+00
-2.256602048873901367e+00
-7.861315608024597168e-01
-2.022433519363403320e+00
-2.066544771194458008e+00
-3.308030128479003906e+00
-2.178690433502197266e+00
-2.459607839584350586e+00
-3.386854887008666992e+00
-1.822793841361999512e+00
-2.744570493698120117e+00
-1.584723353385925293e+00
-2.345542192459106445e+00
-3.001389265060424805e+00
-2.180070638656616211e+00
-2.625907659530639648e+00
-3.247725963592529297e+00
-1.232136845588684082e+00
-3.222967386245727539e+00
-1.599286198616027832e+00
-2.795497417449951172e+00
-1.077929377555847168e+00
-2.303985834121704102e+00
-1.721409440040588379e+00
-2.372407913208007812e+00
-3.218958854675292969e+00
-3.201254606246948242e+00
-1.970425009727478027e+00
-2.197432279586791992e+00
-2.312110424041748047e+00
-7.144370079040527344e-01
-2.852637052536010742e+00
-1.818521976470947266e+00
-2.132369756698608398e+00
-2.579972028732299805e+00
-1.718390703201293945e+00
-2.327093362808227539e+00
-2.184277296066284180e+00
-2.472684383392333984e+00
-2.627083778381347656e+00
-3.393901824951171875e+00
-2.539416790008544922e+00
-1.141092777252197266e+00
-2.846169710159301758e+00
-2.738507747650146484e+00
-9.288206696510314941e-01
-3.040399074554443359e+00
-2.849644660949707031e+00
-2.430715560913085938e+00
-2.545407772064208984e+00
-2.594031810760498047e+00
-1.853644609451293945e+00
-7.199108600616455078e-01
-1.028392434120178223e+00
-7.712161540985107422e-01
-2.154875993728637695e+00
-1.804648518562316895e+00
-2.534424781799316406e+00
-3.179028511047363281e+00
-1.646427631378173828e+00
-2.301839590072631836e+00
-2.364707469940185547e+00
-1.985080480575561523e+00
-2.279082536697387695e+00
-3.426130771636962891e+00
-1.870964527130126953e+00
-1.739569664001464844e+00
-2.295011758804321289e+00
-1.779487013816833496e+00
-2.436476469039916992e+00
-3.188138961791992188e+00
-2.214502334594726562e+00
-1.524608850479125977e+00
-2.830570459365844727e+00
-3.173635959625244141e+00
-1.647216320037841797e+00
-2.677506923675537109e+00
-1.399027705192565918e+00
-1.222517371177673340e+00
-2.396234512329101562e+00
-1.660859107971191406e+00
-2.282097816467285156e+00
-1.634745001792907715e+00
-2.490757942199707031e+00
-2.773429870605468750e+00
-3.846325278282165527e-01
-2.330276012420654297e+00
-1.898081421852111816e+00
-2.821451902389526367e+00
-2.433099269866943359e+00
-2.231177091598510742e+00
-2.320562362670898438e+00
-3.067873954772949219e+00
-2.570761203765869141e+00
-1.784092664718627930e+00
-3.153676748275756836e+00
-9.233124852180480957e-01
-2.922368288040161133e+00
-2.034109354019165039e+00
-4.614331722259521484e-01
-2.511834859848022461e+00
-2.311288595199584961e+00
-2.089358568191528320e+00
-9.791869521141052246e-01
-2.487970590591430664e+00
-3.584214687347412109e+00
-2.540662050247192383e+00
-8.510473966598510742e-01
-3.005139589309692383e+00
-2.077098131179809570e+00
-2.806671857833862305e+00
-1.923877239227294922e+00
-2.530004024505615234e+00
-2.786122322082519531e+00
-1.989098787307739258e+00
-2.339831113815307617e+00
-3.328086376190185547e+00
-2.764742374420166016e+00
-3.192295312881469727e+00
-2.628464698791503906e+00
-2.544402837753295898e+00
-1.935273766517639160e+00
-7.233020067214965820e-01
-2.259679079055786133e+00
-2.249485969543457031e+00
-1.576704621315002441e+00
-1.442010521888732910e+00
-2.197030544281005859e+00
-2.788952827453613281e+00
-3.271392583847045898e+00
-3.124596595764160156e+00
-3.029783487319946289e+00
-1.927560925483703613e+00
-2.454197883605957031e+00
-2.563335418701171875e+00
-1.189203858375549316e+00
-2.409818887710571289e+00
-2.814628839492797852e+00
-2.149859428405761719e+00
-1.218030214309692383e+00
-2.108890771865844727e+00
-1.888687014579772949e+00
-2.117623090744018555e+00
-1.385175585746765137e+00
-2.173877239227294922e+00
-1.959935545921325684e+00
-1.995436310768127441e+00
-2.392574548721313477e+00
-2.332760572433471680e+00
-1.587041616439819336e+00
-4.334563910961151123e-01
-2.908840179443359375e+00
-1.692285299301147461e+00
-3.055680990219116211e+00
-2.324683189392089844e+00
-2.191444396972656250e+00
-4.208673536777496338e-01
-1.955214381217956543e+00
-1.495983958244323730e+00
-1.989598870277404785e+00
-1.724447607994079590e+00
-2.720717906951904297e+00
-1.751888275146484375e+00
-2.354309797286987305e+00
-2.719576597213745117e+00
-2.240615367889404297e+00
-2.161118984222412109e+00
-2.436060190200805664e+00
-3.362982273101806641e+00
-1.071378707885742188e+00
-1.958192110061645508e+00
-2.477849006652832031e+00
-3.053449869155883789e+00
-3.056531906127929688e+00
-2.561473131179809570e+00
-1.861735343933105469e+00
-8.053841590881347656e-01
-2.074838399887084961e+00
-6.268029212951660156e-01
-2.055892944335937500e+00
-1.255357742309570312e+00
-2.429684400558471680e+00
-3.103609323501586914e+00
-2.322217702865600586e+00
-2.595738410949707031e+00
-2.069681644439697266e+00
-1.609952569007873535e+00
-3.323496818542480469e+00
-1.697973012924194336e+00
-1.950268864631652832e+00
-2.495569705963134766e+00
-1.742187023162841797e+00
-2.671808004379272461e+00
-3.493018865585327148e+00
-3.090580224990844727e+00
-3.338580608367919922e+00
-2.607448339462280273e+00
-3.364609956741333008e+00
-1.887065052986145020e+00
-2.120496749877929688e+00
-2.608438968658447266e+00
-2.131923913955688477e+00
-1.860997438430786133e+00
-2.132799625396728516e+00
-2.712889432907104492e+00
-2.576128482818603516e+00
-1.549018621444702148e+00
-2.353134155273437500e+00
-3.082676172256469727e+00
-2.231504201889038086e+00
-2.901840925216674805e+00
-2.954543590545654297e+00
-6.279738247394561768e-02
-3.349157333374023438e+00
-1.751647233963012695e+00
-1.195248007774353027e+00
-1.904502034187316895e+00
-2.344335794448852539e+00
-1.742613434791564941e+00
-3.092698097229003906e+00
-1.623009800910949707e+00
-1.735641002655029297e+00
-2.786210536956787109e+00
-2.933471918106079102e+00
-2.768657922744750977e+00
-1.431688547134399414e+00
-3.324551343917846680e+00
-3.150756359100341797e+00
-2.448451519012451172e+00
-3.375335693359375000e+00
-1.218536019325256348e+00
-3.134008646011352539e+00
-2.376651525497436523e+00
-3.081518650054931641e+00
-2.573770523071289062e+00
-1.926682949066162109e+00
-7.157983183860778809e-01
-3.413139820098876953e+00
-1.684447407722473145e+00
-1.871533036231994629e+00
-1.619491934776306152e+00
-2.777933120727539062e+00
-2.496385097503662109e+00
-2.177697181701660156e+00
-7.157731056213378906e-01
-1.716414093971252441e+00
-2.992869377136230469e+00
-3.182769060134887695e+00
-5.857257843017578125e-01
-2.380730390548706055e+00
-1.412330269813537598e+00
-3.024787902832031250e+00
-1.143025517463684082e+00
-1.782049775123596191e+00
-6.183404922485351562e-01
-1.119749665260314941e+00
-3.241114616394042969e+00
-2.452867984771728516e+00
-1.513849139213562012e+00
-2.333155155181884766e+00
-2.242416858673095703e+00
-3.311709880828857422e+00
-3.044652462005615234e+00
-2.841517686843872070e+00
-1.883781433105468750e+00
-1.675767064094543457e+00
-3.096797704696655273e+00
-2.336407899856567383e+00
-3.259015798568725586e+00
-8.766579031944274902e-01
-3.170552253723144531e+00
-1.541208505630493164e+00
-2.596982955932617188e+00
-7.481698393821716309e-01
-1.319423437118530273e+00
-2.973108768463134766e+00
-2.952628374099731445e+00
-3.059831380844116211e+00
-2.202135562896728516e+00
-3.153320074081420898e+00
-8.877812623977661133e-01
-3.268030881881713867e+00
-2.309990882873535156e+00
-3.090082645416259766e+00
-1.313831806182861328e+00
-2.605949401855468750e+00
-1.749130725860595703e+00
-1.127994894981384277e+00
-8.817104697227478027e-01
-1.639801144599914551e+00
-2.900232315063476562e+00
-2.549955844879150391e+00
-2.053519725799560547e+00
-3.115742206573486328e+00
-1.825275778770446777e+00
-1.353783488273620605e+00
-2.387813091278076172e+00
-2.161762237548828125e+00
-1.931849122047424316e+00
-1.771464824676513672e+00
-2.772464036941528320e+00
-3.334828853607177734e+00
-1.910190105438232422e+00
-1.834421634674072266e+00
-1.451276540756225586e+00
-2.656619787216186523e+00
-1.557675957679748535e+00
-2.499184131622314453e+00
-3.061527252197265625e+00
-1.768907308578491211e+00
-2.285392761230468750e+00
-3.153440237045288086e+00
-2.285170555114746094e+00
-2.118381738662719727e+00
-1.927131891250610352e+00
-2.689445734024047852e+00
-2.806389331817626953e+00
-2.489533901214599609e+00
-3.375316381454467773e+00
-2.520502805709838867e+00
-2.613211393356323242e+00
-2.601033210754394531e+00
-3.272315263748168945e+00
-2.759689807891845703e+00
-2.079840660095214844e+00
-1.584543228149414062e+00
-2.132337093353271484e+00
-2.866229295730590820e+00
-1.913829326629638672e+00
-1.904713273048400879e+00
-2.900665998458862305e+00
-3.396995067596435547e+00
-2.867021083831787109e+00
-3.394694089889526367e+00
-2.631487846374511719e+00
-1.845685362815856934e+00
-2.196598052978515625e+00
-3.773081004619598389e-01
-1.779877662658691406e+00
-3.595450639724731445e+00
-1.925632715225219727e+00
-2.296980142593383789e+00
-3.355121135711669922e+00
-2.779573917388916016e+00
-2.303169012069702148e+00
-3.252786636352539062e+00
-2.726192712783813477e+00
-1.954189181327819824e+00
-2.706085920333862305e+00
-3.303647041320800781e+00
-1.269157648086547852e+00
-3.111673593521118164e+00
-5.208067893981933594e-01
-3.072961568832397461e+00
-3.182368516921997070e+00
-3.441723108291625977e+00
-1.425083518028259277e+00
-1.821137666702270508e+00
-2.997195482254028320e+00
-1.422962546348571777e+00
-1.354948401451110840e+00
-1.335380077362060547e+00
-2.805966138839721680e+00
-1.484637379646301270e+00
-2.702109336853027344e+00
-2.828274011611938477e+00
-1.071084022521972656e+00
-1.723169684410095215e+00
-2.355114698410034180e+00
-1.037204384803771973e+00
-2.499514818191528320e+00
-1.447376251220703125e+00
-2.330325365066528320e+00
-1.521721363067626953e+00
-1.994189620018005371e+00
-2.575175523757934570e+00
-1.844836473464965820e+00
-2.167095422744750977e+00
-2.367821216583251953e+00
-1.934242367744445801e+00
-1.371641755104064941e+00
-6.594204306602478027e-01
-1.409731388092041016e+00
-1.589602947235107422e+00
-1.197573423385620117e+00
-8.960950970649719238e-01
-2.248219013214111328e+00
-2.887865781784057617e+00
-2.366540908813476562e+00
-2.186782121658325195e+00
-2.156721353530883789e+00
-1.642409563064575195e+00
-1.379860997200012207e+00
-1.473877310752868652e+00
2.039699852466583252e-01
-2.353870391845703125e+00
-2.374386072158813477e+00
-2.468390941619873047e+00
-1.318328619003295898e+00
-1.598612785339355469e+00
-1.822428226470947266e+00
-1.525537014007568359e+00
-1.965001821517944336e+00
-2.291451454162597656e+00
-3.185038566589355469e+00
-3.313156366348266602e+00
-1.555848121643066406e+00
-2.366084098815917969e+00
-2.366384029388427734e+00
-2.892758369445800781e+00
-1.867851614952087402e+00
-2.896952867507934570e+00
-1.081846237182617188e+00
-1.073684692382812500e+00
-3.013615846633911133e+00
-1.946482300758361816e+00
-3.056615829467773438e+00
-2.342865228652954102e+00
-2.444446325302124023e+00
-1.707449108362197876e-01
-3.264786481857299805e+00
-2.510993719100952148e+00
-1.637961030006408691e+00
-2.976936340332031250e+00
-3.013451576232910156e+00
-2.905071496963500977e+00
-8.093450069427490234e-01
-2.403705596923828125e+00
-2.650404214859008789e+00
-1.319919586181640625e+00
-3.098467111587524414e+00
-2.953883647918701172e+00
-2.508635997772216797e+00
-1.693969607353210449e+00
-1.706146121025085449e+00
-2.785181999206542969e+00
-2.436448812484741211e+00
-3.310966253280639648e+00
-1.289265155792236328e+00
-1.605820536613464355e+00
-3.030724763870239258e+00
-1.817509651184082031e+00
-2.464591503143310547e+00
-2.383072614669799805e+00
-2.097548484802246094e+00
-3.425693035125732422e+00
-3.577607154846191406e+00
-6.810868382453918457e-01
-1.907562732696533203e+00
-2.735928773880004883e+00
-2.852156162261962891e+00
-2.333663225173950195e+00
-2.437542676925659180e+00
-1.034310698509216309e+00
-1.244615316390991211e+00
-1.952320337295532227e+00
-2.942882299423217773e+00
-6.961861848831176758e-01
-1.656722307205200195e+00
-2.095241308212280273e+00
-2.829793453216552734e+00
-3.311959743499755859e+00
-1.583211779594421387e+00
-2.897957563400268555e+00
-1.149649620056152344e-01
-6.662969589233398438e-01
-2.909565448760986328e+00
-1.860874772071838379e+00
-1.447282671928405762e+00
-2.383286952972412109e+00
-2.660092830657958984e+00
-1.701186418533325195e+00
-2.057921648025512695e+00
-1.827415704727172852e+00
-1.858596444129943848e+00
-3.059548139572143555e+00
-2.171138048171997070e+00
-2.273703575134277344e+00
-2.430136442184448242e+00
-1.826887845993041992e+00
-1.500262737274169922e+00
-2.679404735565185547e+00
-2.773307561874389648e+00
-2.428155899047851562e+00
-2.172072887420654297e+00
-1.484181404113769531e+00
-1.918771862983703613e+00
-1.738019466400146484e+00
-1.510455131530761719e+00
-2.808291196823120117e+00
-2.847706317901611328e+00
-2.212436199188232422e+00
-2.606515169143676758e+00
-1.671143651008605957e+00
-2.785783290863037109e+00
-8.448204398155212402e-01
-2.454955339431762695e+00
-2.641866207122802734e+00
-1.962307095527648926e+00
-5.162536501884460449e-01
-1.850535273551940918e+00
-2.257047176361083984e+00
-2.818340778350830078e+00
-2.918098211288452148e+00
-5.165352821350097656e-01
-1.564008831977844238e+00
-1.560724258422851562e+00
-1.520678400993347168e+00
-2.897825479507446289e+00
-2.121124267578125000e+00
-2.109211444854736328e+00
-1.853841185569763184e+00
-2.231837511062622070e+00
-3.059629917144775391e+00
-1.687579512596130371e+00
-1.785015821456909180e+00
-2.369230508804321289e+00
-2.906029462814331055e+00
-1.172618389129638672e+00
-1.734412789344787598e+00
-2.994907617568969727e+00
-2.814028263092041016e+00
-2.067489862442016602e+00
-1.629123687744140625e+00
-1.898343563079833984e+00
-3.199280977249145508e+00
-2.621070861816406250e+00
-2.915380001068115234e+00
-2.318660259246826172e+00
-1.923592209815979004e+00
-2.222709894180297852e+00
-3.144507884979248047e+00
-2.789765357971191406e+00
-1.758857250213623047e+00
-5.652658939361572266e-01
-3.027216196060180664e+00
-2.284776449203491211e+00
-1.339910626411437988e+00
-2.771612882614135742e+00
-2.642745494842529297e+00
-2.447405099868774414e+00
-2.392521381378173828e+00
-1.208652704954147339e-01
-3.248639583587646484e+00
-1.698542475700378418e+00
-2.958488464355468750e+00
-2.388465404510498047e+00
-8.819519877433776855e-01
-7.931499481201171875e-01
-1.975160002708435059e+00
-2.640219688415527344e+00
-2.018340587615966797e+00
-1.024152398109436035e+00
-2.616863489151000977e+00
-8.813489675521850586e-01
-1.678178668022155762e+00
-8.258653879165649414e-01
-2.608949422836303711e+00
-3.103669643402099609e+00
-2.488903284072875977e+00
-3.080560207366943359e+00
-1.550302863121032715e+00
-9.996445178985595703e-01
-1.158950924873352051e+00
-2.622474670410156250e+00
-3.012272357940673828e+00
-1.780093193054199219e+00
-1.631177902221679688e+00
-2.409430742263793945e+00
-2.300904512405395508e+00
-2.003070592880249023e+00
-2.833628654479980469e+00
-2.023940801620483398e+00
-7.320176959037780762e-01
-2.223871469497680664e+00
-2.053812742233276367e+00
-1.313528299331665039e+00
-1.666335940361022949e+00
-2.618861913681030273e+00
-3.103129386901855469e+00
-1.953859210014343262e+00
-2.315790176391601562e+00
-3.445106029510498047e+00
-1.752249717712402344e+00
-1.844909071922302246e+00
-2.385428667068481445e+00
-3.287384748458862305e+00
-2.302763700485229492e+00
-2.622172594070434570e+00
-7.388758063316345215e-01
-3.322495698928833008e+00
-3.336315870285034180e+00
-1.651806950569152832e+00
-2.446826696395874023e+00
-2.390385389328002930e+00
-1.418503642082214355e+00
-2.870283365249633789e+00
-1.904210686683654785e+00
-2.746001958847045898e+00
-8.809477686882019043e-01
-3.016455173492431641e+00
-9.196167588233947754e-01
-2.759835481643676758e+00
-1.119476795196533203e+00
-2.688226938247680664e+00
-2.586626052856445312e+00
-3.075852394104003906e+00
-3.216927528381347656e+00
-1.558211207389831543e+00
-1.327718019485473633e+00
-2.538702011108398438e+00
-1.363041520118713379e+00
-1.871271729469299316e+00
-1.892131209373474121e+00
-1.396802902221679688e+00
-9.923672676086425781e-01
-1.725781083106994629e+00
-2.201547145843505859e+00
-2.393187999725341797e+00
-1.886207461357116699e+00
-7.822340130805969238e-01
-2.484157085418701172e+00
-1.698438286781311035e+00
-1.808437824249267578e+00
-1.238040804862976074e+00
-2.234974861145019531e+00
-2.431893110275268555e+00
-2.047027587890625000e+00
-2.898209810256958008e+00
-2.435732364654541016e+00
-1.648373842239379883e+00
-2.775893211364746094e+00
-4.299498796463012695e-01
-9.244156479835510254e-01
-1.568674325942993164e+00
-1.784918069839477539e+00
-6.035115718841552734e-01
-1.064657568931579590e+00
-1.682585954666137695e+00
-1.577285885810852051e+00
-2.174975156784057617e+00
-2.390654563903808594e+00
-1.740460515022277832e+00
-1.282022297382354736e-01
-7.827537655830383301e-01
-2.093085050582885742e+00
-2.527065277099609375e+00
-2.786961197853088379e-01
-6.719518303871154785e-01
-1.344816803932189941e+00
-2.046913862228393555e+00
-1.178103446960449219e+00
-2.520782947540283203e+00
-2.536967754364013672e+00
-9.881243705749511719e-01
-2.226958751678466797e+00
-1.556103348731994629e+00
-3.230927944183349609e+00
-2.798753023147583008e+00
-1.727088689804077148e+00
-2.172460794448852539e+00
-2.542847633361816406e+00
-2.572774410247802734e+00
-2.823509216308593750e+00
-3.207027196884155273e+00
-2.890509366989135742e+00
-6.828593015670776367e-01
-2.689646244049072266e+00
-2.520352125167846680e+00
-1.676747918128967285e+00
-1.888288855552673340e+00
-7.304496169090270996e-01
-2.419925451278686523e+00
-1.779179215431213379e+00
-1.937351584434509277e+00
-1.520545959472656250e+00
-2.540400266647338867e+00
-1.994593739509582520e+00
-2.248045206069946289e+00
-1.579394340515136719e+00
-1.967962622642517090e+00
-2.775278091430664062e+00
-1.729424953460693359e+00
-1.691036701202392578e+00
-1.548677802085876465e+00
-2.433666467666625977e+00
-8.912636041641235352e-01
-1.777470350265502930e+00
-2.500271558761596680e+00
-3.122852563858032227e+00
-8.550093770027160645e-01
-2.704207658767700195e+00
-1.347074031829833984e+00
-2.082229375839233398e+00
-1.124254107475280762e+00
-2.735087871551513672e+00
-2.489819526672363281e+00
-2.917262792587280273e+00
-1.938496232032775879e+00
-1.366996169090270996e+00
-1.206969618797302246e+00
-2.976080894470214844e+00
-3.399100542068481445e+00
-1.145479679107666016e+00
-1.039680361747741699e+00
-2.602446079254150391e+00
-8.972231745719909668e-01
-1.928059101104736328e+00
-3.025223493576049805e+00
-3.130289077758789062e+00
-3.257924079895019531e+00
-2.957482337951660156e+00
-2.321993112564086914e+00
-1.799303412437438965e+00
-2.405499219894409180e+00
-2.911374807357788086e+00
-2.864023923873901367e+00
-1.653891324996948242e+00
-1.994532108306884766e+00
-2.698007345199584961e+00
-1.468813061714172363e+00
-1.682294607162475586e+00
-2.676076173782348633e+00
-1.575345993041992188e+00
-1.733608484268188477e+00
-1.039191722869873047e+00
-1.031422138214111328e+00
-2.826643228530883789e+00
-1.396570920944213867e+00
-1.575785636901855469e+00
-2.265755653381347656e+00
-1.866428017616271973e+00
-2.695856809616088867e+00
-1.693502783775329590e+00
-8.845191001892089844e-01
-2.893932580947875977e+00
-2.425617218017578125e+00
-2.532704353332519531e+00
-2.040220499038696289e+00
-1.211838364601135254e+00
-1.687380313873291016e+00
-1.568646907806396484e+00
-7.812031507492065430e-01
-2.641155719757080078e+00
-1.192881226539611816e+00
-1.571671009063720703e+00
-1.618723869323730469e+00
-2.000164985656738281e+00
1.806775927543640137e-01
-9.077991843223571777e-01
-9.028608202934265137e-01
-8.705897331237792969e-01
-1.315415382385253906e+00
-1.274576783180236816e+00
-8.443772196769714355e-01
-2.054952859878540039e+00
-2.400538206100463867e+00
-9.002109169960021973e-01
-1.087290406227111816e+00
-1.260226488113403320e+00
-1.191698431968688965e+00
-1.906637191772460938e+00
-1.432662963867187500e+00
-2.697910547256469727e+00
-1.497544407844543457e+00
-1.685062885284423828e+00
-1.667294025421142578e+00
-2.276141643524169922e+00
-8.546439409255981445e-01
-5.975373387336730957e-01
-8.158508539199829102e-01
-1.279060721397399902e+00
-1.923022389411926270e+00
-1.140085220336914062e+00
-1.718862175941467285e+00
-1.100902438163757324e+00
-7.513769268989562988e-01
-1.463678717613220215e+00
-2.157006978988647461e+00
-4.135876595973968506e-01
-1.823566436767578125e+00
-1.880108356475830078e+00
-1.443909287452697754e+00
-1.117192983627319336e+00
-1.278185486793518066e+00
-2.185319900512695312e+00
-1.547974944114685059e+00
-1.738234162330627441e+00
-3.325140476226806641e+00
-1.776007413864135742e+00
-1.493543028831481934e+00
-1.635570287704467773e+00
-1.616545796394348145e+00
-1.105038166046142578e+00
-8.793106079101562500e-01
-2.035404920578002930e+00
-8.857600688934326172e-01
-2.240239381790161133e+00
-7.175427079200744629e-01
-1.718826174736022949e+00
-2.678570508956909180e+00
-1.416380524635314941e+00
-8.260977268218994141e-01
-2.156578063964843750e+00
-2.071272134780883789e+00
-1.175934433937072754e+00
-1.498928785324096680e+00
-2.452325105667114258e+00
-1.418853878974914551e+00
-1.633937001228332520e+00
-6.216031312942504883e-01
-1.986461997032165527e+00
-2.155877113342285156e+00
-2.810669422149658203e+00
-2.328689575195312500e+00
-2.228736877441406250e+00
-1.404402703046798706e-01
-1.447948336601257324e+00
-9.332116693258285522e-02
-1.402894377708435059e+00
-7.336242198944091797e-01
-1.786237835884094238e+00
-1.111979842185974121e+00
-1.117489218711853027e+00
-1.489680290222167969e+00
-2.345633268356323242e+00
-2.040513753890991211e+00
-2.144611626863479614e-01
-7.037159204483032227e-01
-1.466430544853210449e+00
-1.535646200180053711e+00
-9.374660849571228027e-01
-2.293630599975585938e+00
-8.734288215637207031e-01
-1.776046156883239746e+00
-5.482780933380126953e-01
-1.664762139320373535e+00
-2.248427391052246094e+00
-2.631513595581054688e+00
-1.832707524299621582e+00
-2.701228141784667969e+00
-2.305378675460815430e+00
-2.269180774688720703e+00
-3.695080280303955078e-01
-3.352927863597869873e-01
-1.902541875839233398e+00
-2.618201732635498047e+00
-2.480365753173828125e+00
-2.779185533523559570e+00
-2.525634288787841797e+00
-1.620521306991577148e+00
3.363476991653442383e-01
-2.662237405776977539e+00
-1.074904680252075195e+00
-1.935888409614562988e+00
-2.937236070632934570e+00
-7.205804586410522461e-01
-5.929698348045349121e-01
-2.467801809310913086e+00
-1.136663198471069336e+00
-2.874908447265625000e+00
-1.503493666648864746e+00
-2.458462715148925781e+00
-1.917698860168457031e+00
-2.785652399063110352e+00
-1.889917373657226562e+00
-1.626317977905273438e+00
-1.442461967468261719e+00
-1.683698654174804688e+00
-2.412143707275390625e+00
-1.677234649658203125e+00
-3.919199407100677490e-01
-2.094139099121093750e+00
-7.175941467285156250e-01
-2.536948442459106445e+00
-2.568831682205200195e+00
-2.187038660049438477e+00
-1.721264243125915527e+00
-1.142419934272766113e+00
-1.050422906875610352e+00
-2.156327009201049805e+00
-2.299935817718505859e+00
-1.533984303474426270e+00
-2.102955102920532227e+00
-1.409415721893310547e+00
-2.224573612213134766e+00
-1.838361382484436035e+00
-1.987221837043762207e+00
-2.465675622224807739e-01
-9.612698554992675781e-01
-1.739491224288940430e+00
-1.460747241973876953e+00
-5.999237895011901855e-01
-1.882124900817871094e+00
-2.402709960937500000e+00
-2.126912117004394531e+00
-2.394988059997558594e+00
-1.764258980751037598e+00
-2.802917957305908203e+00
-2.617576122283935547e+00
1.508766710758209229e-01
-1.427490472793579102e+00
-1.199874997138977051e+00
-2.053946256637573242e+00
-2.158364057540893555e+00
-2.130693674087524414e+00
-1.819286346435546875e+00
-2.598959922790527344e+00
-2.084924221038818359e+00
-1.557895541191101074e+00
-1.291831970214843750e+00
-2.138241529464721680e+00
-1.834685921669006348e+00
-1.924238443374633789e+00
-2.403946638107299805e+00
-1.382292389869689941e+00
-5.961509346961975098e-01
-2.119160175323486328e+00
-1.818622708320617676e+00
-1.551980495452880859e+00
-1.380155324935913086e+00
-1.015893936157226562e+00
-2.084539651870727539e+00
-1.303349256515502930e+00
-1.385627627372741699e+00
-1.559678316116333008e+00
-2.729584693908691406e+00
-1.904986023902893066e+00
-1.429440736770629883e+00
-6.038153171539306641e-01
-2.242892265319824219e+00
-1.448053956031799316e+00
-2.138579845428466797e+00
-1.834348201751708984e+00
-1.623241662979125977e+00
-1.689999461174011230e+00
-1.517879843711853027e+00
-1.445038199424743652e+00
-1.105558753013610840e+00
-2.063890933990478516e+00
-1.063230752944946289e+00
-2.579684257507324219e+00
-1.075141429901123047e+00
-1.755430102348327637e+00
-4.690940678119659424e-01
-3.207555711269378662e-01
-2.529213428497314453e-01
-2.014773607254028320e+00
-1.953524351119995117e-01
-1.564903497695922852e+00
-1.507644295692443848e+00
-1.929962277412414551e+00
-2.360417127609252930e+00
-4.376667439937591553e-01
-1.906345963478088379e+00
-1.701357960700988770e+00
-2.219440698623657227e+00
-7.146726250648498535e-01
-1.501616954803466797e+00
-2.577221870422363281e+00
-3.259500741958618164e+00
-2.244303703308105469e+00
-9.448567032814025879e-01
-3.813090324401855469e-01
-2.466169595718383789e+00
-1.494040966033935547e+00
-2.255553483963012695e+00
-1.197759985923767090e+00
-1.219159245491027832e+00
-1.923393607139587402e+00
-2.799966335296630859e+00
-1.994464397430419922e+00
-1.565430879592895508e+00
-3.305254936218261719e+00
-2.276379108428955078e+00
-1.632496118545532227e+00
-6.994029879570007324e-01
-9.656294435262680054e-02
-2.409173727035522461e+00
-1.744985580444335938e+00
-1.720295429229736328e+00
-1.685335874557495117e+00
-2.188664197921752930e+00
-2.158090591430664062e+00
-2.126709222793579102e+00
-2.241397142410278320e+00
-2.306709289550781250e+00
-1.799364447593688965e+00
-1.841495275497436523e+00
-1.869053006172180176e+00
-5.348007678985595703e-01
-1.712712645530700684e+00
-1.807614326477050781e+00
-1.819850921630859375e+00
-2.811105251312255859e+00
-5.677438974380493164e-01
-2.452392816543579102e+00
-1.058718919754028320e+00
-1.657954454421997070e+00
-1.040755271911621094e+00
-2.212892055511474609e+00
-2.164991855621337891e+00
-1.294941782951354980e+00
-2.197527408599853516e+00
-2.924420595169067383e+00
-2.855880975723266602e+00
-5.388523936271667480e-01
-1.655956745147705078e+00
-1.065074324607849121e+00
-8.783569335937500000e-01
-2.041429042816162109e+00
-1.772680044174194336e+00
-1.557296037673950195e+00
-1.392465233802795410e+00
-1.842264175415039062e+00
-1.730260133743286133e+00
-8.816978931427001953e-01
-2.525516748428344727e+00
-3.001079797744750977e+00
-1.226326942443847656e+00
-2.019411802291870117e+00
-1.375358819961547852e+00
-1.761518955230712891e+00
-2.506155014038085938e+00
-1.970807909965515137e+00
-2.243271112442016602e+00
-1.901762843132019043e+00
-2.313602685928344727e+00
-2.350142240524291992e+00
-2.886565208435058594e+00
-1.730311274528503418e+00
-1.510688662528991699e+00
-1.264062047004699707e+00
-1.814656615257263184e+00
-8.110836744308471680e-01
-5.298470854759216309e-01
-1.146570920944213867e+00
-2.144827604293823242e+00
-1.241789460182189941e+00
-8.427195549011230469e-01
-2.640302896499633789e+00
-1.860079526901245117e+00
-1.554699659347534180e+00
-2.873836040496826172e+00
-2.157464623451232910e-01
-1.230111002922058105e+00
-3.361537456512451172e+00
-2.370676517486572266e+00
-1.774110555648803711e+00
-9.349592924118041992e-01
-1.688289284706115723e+00
-2.557420253753662109e+00
-5.070451498031616211e-01
-1.339698076248168945e+00
-2.053177595138549805e+00
-1.261699914932250977e+00
-2.104310989379882812e+00
-1.358090877532958984e+00
-1.257729411125183105e+00
-2.624313831329345703e+00
-2.587907314300537109e+00
-1.428458452224731445e+00
-1.327808856964111328e+00
-9.628426432609558105e-01
-1.287086009979248047e+00
-1.437505483627319336e+00
-1.194146871566772461e+00
-2.359579950571060181e-01
-3.252446413040161133e+00
-1.890693187713623047e+00
-2.146920442581176758e+00
-1.769464254379272461e+00
-5.580909848213195801e-01
-1.726702928543090820e+00
-1.132379174232482910e+00
-8.746892213821411133e-02
-1.267655968666076660e+00
-3.237334012985229492e+00
-8.365422487258911133e-01
-1.126989245414733887e+00
-8.341304063796997070e-01
-1.690456748008728027e+00
-2.015624761581420898e+00
-1.386808872222900391e+00
-1.775787115097045898e+00
-2.638751983642578125e+00
-2.476165056228637695e+00
-2.836587905883789062e+00
-1.935130238533020020e+00
-2.576746463775634766e+00
-1.671133875846862793e+00
-2.544666290283203125e+00
-2.736236810684204102e+00
-1.265789985656738281e+00
-2.298772335052490234e+00
-6.276645064353942871e-01
-1.639536976814270020e+00
-1.773180007934570312e+00
-2.675227165222167969e+00
-1.749795675277709961e+00
-2.615947484970092773e+00
-2.506089448928833008e+00
-1.892636060714721680e+00
-2.053571462631225586e+00
-8.792910575866699219e-01
-2.006503343582153320e+00
-4.957143962383270264e-01
-2.415667533874511719e+00
-7.600653767585754395e-01
-2.588613033294677734e+00
-3.429417610168457031e+00
-9.386131167411804199e-01
-1.512978196144104004e+00
-3.169358491897583008e+00
-1.718062400817871094e+00
-2.719728946685791016e+00
-1.178766012191772461e+00
-2.794635534286499023e+00
-2.720470190048217773e+00
-2.372118234634399414e+00
-5.324257612228393555e-01
-8.450470566749572754e-01
-2.475766897201538086e+00
-1.189134478569030762e+00
-1.957932353019714355e+00
-3.865484893321990967e-01
-1.766405105590820312e+00
-1.733790397644042969e+00
-2.628325939178466797e+00
-1.439532399177551270e+00
-5.535634756088256836e-01
-1.243815541267395020e+00
-2.143179655075073242e+00
-3.457637786865234375e+00
-6.836736202239990234e-01
-9.606803059577941895e-01
-2.480038166046142578e+00
-2.597616910934448242e+00
-1.222125649452209473e+00
-1.336597681045532227e+00
-1.740252852439880371e+00
-8.282138705253601074e-01
-6.082752943038940430e-01
-1.435779333114624023e+00
-2.232679605484008789e+00
-1.991775035858154297e+00
-1.610262274742126465e+00
-1.330858230590820312e+00
-2.263602733612060547e+00
-1.954390883445739746e+00
-1.645484805107116699e+00
-1.738974452018737793e+00
-9.093782305717468262e-01
-9.180241823196411133e-01
-2.152067422866821289e+00
-1.584972739219665527e+00
-2.512991428375244141e+00
-9.939109086990356445e-01
1.371338963508605957e-03
-2.134639501571655273e+00
-1.638092279434204102e+00
-9.280090928077697754e-01
-2.163828372955322266e+00
-2.432849884033203125e+00
-2.757747650146484375e+00
-3.430029869079589844e+00
-1.916486501693725586e+00
-1.854675650596618652e+00
-1.625732064247131348e+00
-1.060177326202392578e+00
-2.257647991180419922e+00
-2.479096651077270508e+00
-1.232539057731628418e+00
-2.402543544769287109e+00
-1.200402498245239258e+00
-2.076504081487655640e-01
-2.758210897445678711e+00
-1.643447756767272949e+00
-2.202702760696411133e+00
-2.535316705703735352e+00
-1.675513744354248047e+00
-2.289659976959228516e+00
-5.432828664779663086e-01
-6.737352013587951660e-01
-1.099513649940490723e+00
-1.869488716125488281e+00
-2.073523849248886108e-01
-1.458523035049438477e+00
-8.155512213706970215e-01
-1.754490733146667480e+00
-1.048652410507202148e+00
-1.164976477622985840e+00
-1.876807928085327148e+00
-1.536927342414855957e+00
-2.302501052618026733e-01
-1.303407549858093262e+00
-1.933223962783813477e+00
-2.417812108993530273e+00
-1.098780870437622070e+00
-1.846862286329269409e-01
-2.164427280426025391e+00
-2.547374486923217773e+00
-2.294516324996948242e+00
-6.671585440635681152e-01
-7.391670942306518555e-01
-2.335664272308349609e+00
-1.331317663192749023e+00
-1.074596047401428223e+00
-1.132389307022094727e+00
-1.113057971000671387e+00
-2.361734867095947266e+00
-1.717521309852600098e+00
-1.082412004470825195e+00
-1.701378822326660156e+00
-1.764186024665832520e+00
-8.736706972122192383e-01
-1.722530245780944824e+00
-1.279088735580444336e+00
-3.240743875503540039e+00
-9.099267125129699707e-01
-3.535560131072998047e+00
-3.701089620590209961e-01
-2.723413705825805664e+00
-1.804640173912048340e+00
-1.328319072723388672e+00
-1.731737136840820312e+00
-2.929885149002075195e+00
-2.962951421737670898e+00
-4.069132208824157715e-01
-2.050556182861328125e+00
-2.189960718154907227e+00
-2.364584445953369141e+00
-8.439127206802368164e-01
-1.211343646049499512e+00
-2.182142496109008789e+00
-8.207811117172241211e-01
-2.198827743530273438e+00
-3.349090337753295898e+00
-4.941133558750152588e-01
-7.745464444160461426e-01
-1.115894317626953125e+00
-1.025262832641601562e+00
-2.103457927703857422e+00
-2.207133293151855469e+00
2.465282380580902100e-02
-4.580831229686737061e-01
-2.739684343338012695e+00
-1.931461572647094727e+00
-3.130162477493286133e+00
-2.588330507278442383e+00
-1.632757663726806641e+00
-1.735780239105224609e+00
-1.218312501907348633e+00
-1.656272053718566895e+00
-2.751331567764282227e+00
-1.533931255340576172e+00
-9.495471119880676270e-01
-1.822342634201049805e+00
-2.497288465499877930e+00
-1.829082250595092773e+00
-1.701396346092224121e+00
-2.326392889022827148e+00
-2.714738607406616211e+00
-3.192233562469482422e+00
-2.254951715469360352e+00
-1.563347697257995605e+00
-2.261667966842651367e+00
-2.067035198211669922e+00
-2.651434421539306641e+00
-1.436940550804138184e+00
-3.075714588165283203e+00
-2.220184326171875000e+00
-6.885786652565002441e-01
-2.229632616043090820e+00
-1.812747955322265625e+00
-1.835605382919311523e+00
-2.267046451568603516e+00
-7.946512103080749512e-01
-2.152167797088623047e+00
-2.265973329544067383e+00
-2.542026519775390625e+00
-1.501451253890991211e+00
-3.190651535987854004e-01
-1.784157633781433105e+00
-1.781070590019226074e+00
-1.151472091674804688e+00
-1.077970266342163086e+00
-1.521759748458862305e+00
-2.042393445968627930e+00
-6.693822741508483887e-01
-2.280759334564208984e+00
-1.955427169799804688e+00
-2.061578750610351562e+00
-4.784847795963287354e-01
-1.135892152786254883e+00
-1.009090662002563477e+00
-1.449208378791809082e+00
-2.209779262542724609e+00
-2.284618377685546875e+00
-2.172734260559082031e+00
-2.361485481262207031e+00
-9.969298839569091797e-01
-2.732312679290771484e+00
-1.234582662582397461e+00
-2.437613725662231445e+00
-1.172723293304443359e+00
-1.095291376113891602e+00
-1.451082706451416016e+00
-2.237325906753540039e+00
-1.247911334037780762e+00
-1.479247808456420898e+00
-7.965534329414367676e-01
-1.245212793350219727e+00
-9.588913917541503906e-01
-1.153738260269165039e+00
-1.157600164413452148e+00
-1.347170829772949219e+00
-1.569450616836547852e+00
-2.576050758361816406e-01
-1.493729948997497559e+00
-8.353049755096435547e-01
-2.671889781951904297e+00
-3.193801045417785645e-01
-2.033945322036743164e+00
-1.693416357040405273e+00
-2.995596885681152344e+00
-2.128244876861572266e+00
-2.191165447235107422e+00
-8.847956657409667969e-01
-3.245442152023315430e+00
-3.035907030105590820e+00
-1.355898618698120117e+00
-2.785796642303466797e+00
-1.339900135993957520e+00
-4.499919414520263672e-01
-1.957730174064636230e+00
-1.082337617874145508e+00
-1.630685091018676758e+00
-1.507094740867614746e+00
-2.834522008895874023e+00
-2.575240612030029297e+00
-1.415328025817871094e+00
-1.940791487693786621e+00
-2.246836185455322266e+00
-1.863633394241333008e+00
-1.951628327369689941e+00
-7.300151586532592773e-01
-2.387406349182128906e+00
-2.203246355056762695e+00
-2.086141347885131836e+00
-2.761447906494140625e+00
-6.250042915344238281e-01
-1.683175325393676758e+00
-2.228849411010742188e+00
-2.440330982208251953e+00
-2.330034017562866211e+00
-1.416781544685363770e+00
-2.355455160140991211e+00
-1.783870935440063477e+00
-1.793532848358154297e+00
-6.069412827491760254e-01
-6.935681104660034180e-01
-1.976480722427368164e+00
-3.249975919723510742e+00
-2.190043449401855469e+00
-1.198974013328552246e+00
-2.173916101455688477e+00
-2.125962734222412109e+00
-2.953366518020629883e+00
-2.576448917388916016e+00
-1.114418625831604004e+00
-6.203502416610717773e-01
-2.884175300598144531e+00
-2.149383068084716797e+00
-2.531817197799682617e+00
-2.853948354721069336e+00
-2.297048330307006836e+00
-9.543714523315429688e-01
-1.875058174133300781e+00
-1.402649402618408203e+00
-2.410204887390136719e+00
-2.513614416122436523e+00
-1.126482009887695312e+00
-1.157941341400146484e+00
-1.177583575248718262e+00
-1.942745089530944824e+00
-2.694479227066040039e+00
-1.813377618789672852e+00
-2.175742149353027344e+00
-2.358943462371826172e+00
-1.670177340507507324e+00
-1.378088116645812988e+00
-2.107046604156494141e+00
-2.028219699859619141e+00
-2.394911050796508789e+00
-1.716678619384765625e+00
-2.203709840774536133e+00
-1.917128920555114746e+00
-1.906830310821533203e+00
-1.486484050750732422e+00
-1.489446997642517090e+00
-9.119476079940795898e-01
-1.338656544685363770e+00
-1.140991210937500000e+00
-2.522368669509887695e+00
-5.987433195114135742e-01
-1.593248724937438965e+00
-2.334488868713378906e+00
-2.170723438262939453e+00
-2.746268272399902344e+00
-2.081946849822998047e+00
-5.500397682189941406e-01
-1.274693727493286133e+00
-2.767638206481933594e+00
-3.068542242050170898e+00
-9.976249933242797852e-01
-4.368559718132019043e-01
-2.002905607223510742e+00
-2.855955839157104492e+00
-1.264871954917907715e+00
-1.786293506622314453e+00
-1.569544434547424316e+00
-9.826573729515075684e-01
-1.471303224563598633e+00
-3.347683250904083252e-01
-1.104627132415771484e+00
-2.386811494827270508e+00
-1.076495409011840820e+00
-1.994368672370910645e+00
-1.819885134696960449e+00
-2.280851364135742188e+00
-1.839143157005310059e+00
-1.483724713325500488e+00
-2.503782272338867188e+00
-3.628342747688293457e-01
-8.376972079277038574e-01
-1.006585001945495605e+00
-1.695532083511352539e+00
-2.481869935989379883e+00
-2.073209285736083984e+00
-2.646863162517547607e-01
-2.710683107376098633e+00
-1.575483918190002441e+00
-2.370826005935668945e+00
-2.164142131805419922e+00
1.847489923238754272e-01
-3.112862825393676758e+00
-1.611546754837036133e+00
-9.572266787290573120e-02
-3.465043306350708008e+00
-5.848118662834167480e-01
-1.694157123565673828e+00
-1.567370414733886719e+00
-1.686619758605957031e+00
-2.012748718261718750e+00
-1.111316561698913574e+00
-1.939439058303833008e+00
-2.137366294860839844e+00
-1.736239075660705566e+00
-2.302460193634033203e+00
-6.875054836273193359e-01
-1.577198624610900879e+00
-2.334644794464111328e+00
-2.419564723968505859e+00
-2.793687105178833008e+00
-7.931150197982788086e-01
-3.038784861564636230e-01
-1.193148121237754822e-01
-1.975157499313354492e+00
-2.168327331542968750e+00
1.704987287521362305e-01
-9.021539688110351562e-01
-2.183454036712646484e+00
-3.017889261245727539e+00
-7.073027491569519043e-01
-1.400952458381652832e+00
-1.673147678375244141e+00
-2.019869804382324219e+00
-1.227804660797119141e+00
-1.556825518608093262e+00
-2.313612222671508789e+00
-1.255038738250732422e+00
7.081329822540283203e-02
-1.074575781822204590e+00
-2.606740713119506836e+00
-8.429845571517944336e-01
-8.974776268005371094e-01
-1.223691821098327637e+00
-5.585669279098510742e-01
-2.443457692861557007e-01
-1.098698973655700684e+00
-1.945080995559692383e+00
-6.993550062179565430e-01
-1.244003176689147949e+00
-2.134668827056884766e+00
-9.912216067314147949e-01
-2.349684476852416992e+00
-1.490214586257934570e+00
4.978726059198379517e-02
-1.110268950462341309e+00
-1.456494688987731934e+00
-1.631682515144348145e+00
-1.410113692283630371e+00
-1.666960954666137695e+00
-1.051075816154479980e+00
-9.248944520950317383e-01
-1.355767488479614258e+00
-1.789393663406372070e+00
-1.312121748924255371e+00
-5.339832305908203125e-01
-1.009065389633178711e+00
4.672440290451049805e-01
-9.412251710891723633e-01
-2.240751743316650391e+00
-6.793382763862609863e-01
-1.797827005386352539e+00
-1.058626532554626465e+00
-1.543693542480468750e+00
-2.439695358276367188e+00
-1.017189621925354004e+00
-2.481149435043334961e+00
-1.197960019111633301e+00
-2.123600959777832031e+00
-1.513109564781188965e+00
-3.312981843948364258e+00
-1.295553803443908691e+00
-1.046165823936462402e+00
-8.662874102592468262e-01
-6.095359921455383301e-01
-2.099265336990356445e+00
-1.097643971443176270e+00
-1.003888487815856934e+00
-6.621634364128112793e-01
-2.083377122879028320e+00
-1.876643538475036621e+00
-1.402569413185119629e+00
-6.510485410690307617e-01
-2.131736993789672852e+00
-1.722326040267944336e+00
-1.873684406280517578e+00
-6.863372921943664551e-01
-6.784294843673706055e-01
-1.881640434265136719e+00
-2.078179836273193359e+00
-3.034498915076255798e-02
-2.235555887222290039e+00
-1.212024688720703125e+00
-1.718630909919738770e+00
-2.867205142974853516e+00
-2.339137077331542969e+00
-2.390657186508178711e+00
-1.951458215713500977e+00
-1.963345885276794434e+00
-1.701313018798828125e+00
-4.448394775390625000e-01
-3.303895235061645508e+00
-2.326684951782226562e+00
-1.914243936538696289e+00
-1.905860662460327148e+00
-1.496565103530883789e+00
-1.410685658454895020e+00
-1.494442224502563477e+00
-8.182231783866882324e-01
-2.160360336303710938e+00
-2.094645649194717407e-01
-5.042450428009033203e-01
-5.570347979664802551e-02
-1.220624923706054688e+00
-1.358413100242614746e+00
-1.178338646888732910e+00
-2.281633615493774414e+00
-3.099692583084106445e+00
-1.960481643676757812e+00
-3.665584802627563477e+00
-2.342636346817016602e+00
-1.210952758789062500e+00
-6.916702985763549805e-01
-2.018468618392944336e+00
-8.959433436393737793e-01
-3.256297349929809570e+00
-1.368439793586730957e+00
-1.165559411048889160e+00
-1.142562270164489746e+00
-1.223438501358032227e+00
-1.677590012550354004e+00
-1.787752628326416016e+00
-1.364999651908874512e+00
-1.624268054962158203e+00
-2.355512619018554688e+00
-9.147051572799682617e-01
-2.461123228073120117e+00
1.151701658964157104e-01
-1.840537667274475098e+00
-3.105573356151580811e-01
-1.168829083442687988e+00
-1.015720367431640625e+00
-1.418881535530090332e+00
-2.368178606033325195e+00
-1.850906252861022949e+00
-1.944036364555358887e+00
-7.913860082626342773e-01
-2.652133464813232422e+00
-1.741354227066040039e+00
-1.327756881713867188e+00
-1.481173634529113770e+00
-1.536139369010925293e+00
-1.396845817565917969e+00
-2.063863754272460938e+00
2.026887238025665283e-01
3.185531497001647949e-01
-1.219111680984497070e+00
-1.984325528144836426e+00
-7.377532124519348145e-01
-1.854277133941650391e+00
-1.675638794898986816e+00
-2.603845834732055664e+00
-2.180050849914550781e+00
-2.672294616699218750e+00
-1.940295457839965820e+00
-1.681193351745605469e+00
-2.614850997924804688e+00
-1.554473757743835449e+00
-1.876044034957885742e+00
-2.535490512847900391e+00
-1.103864073753356934e+00
-1.458580613136291504e+00
-2.438781499862670898e+00
-2.068379402160644531e+00
-1.001646876335144043e+00
-1.568897128105163574e+00
-3.297346353530883789e+00
-1.925069212913513184e+00
-4.813692569732666016e-01
-1.693070292472839355e+00
-1.811439037322998047e+00
-1.433373242616653442e-01
-2.662851095199584961e+00
-2.323734045028686523e+00
-2.569930076599121094e+00
-1.015553236007690430e+00
-1.325431942939758301e+00
1.527141779661178589e-01
-1.171862244606018066e+00
-2.400160074234008789e+00
-2.260470241308212280e-01
-7.440195679664611816e-01
5.177016854286193848e-01
-2.259086132049560547e+00
-2.636481761932373047e+00
-1.334050536155700684e+00
-1.130327105522155762e+00
-2.484201431274414062e+00
-2.118998050689697266e+00
-1.951354503631591797e+00
-1.043684124946594238e+00
-7.940229773521423340e-01
-1.314793586730957031e+00
-6.221733093261718750e-01
-2.110330343246459961e+00
-9.623697996139526367e-01
-1.640724658966064453e+00
-1.877732515335083008e+00
-1.040849447250366211e+00
-8.850809335708618164e-01
-2.119896650314331055e+00
-2.817560672760009766e+00
-2.336757659912109375e+00
-1.372955560684204102e+00
-1.905051231384277344e+00
-1.506656885147094727e+00
-8.004767894744873047e-01
-2.446706295013427734e+00
-1.027512073516845703e+00
-2.501144409179687500e+00
-2.695240497589111328e+00
-2.121093511581420898e+00
-1.455216646194458008e+00
-1.128357172012329102e+00
-2.052862405776977539e+00
-2.599692344665527344e+00
-9.605966210365295410e-01
-6.881569623947143555e-01
1.511309593915939331e-01
-4.413882493972778320e-01
-2.583682775497436523e+00
-1.811466336250305176e+00
-2.225666522979736328e+00
-3.773189783096313477e-01
-2.026513576507568359e+00
-1.915327906608581543e+00
-1.407473206520080566e+00
-2.254603862762451172e+00
-2.422755718231201172e+00
-1.230609059333801270e+00
-1.418671250343322754e+00
-1.824078917503356934e+00
-1.564022779464721680e+00
-2.168729782104492188e+00
-2.307384967803955078e+00
-7.677072286605834961e-02
-1.512730479240417480e+00
-2.554780244827270508e+00
-2.120786428451538086e+00
-2.579273700714111328e+00
-3.405313730239868164e+00
-3.495515346527099609e+00
-4.953382313251495361e-01
-2.446484088897705078e+00
-2.046070337295532227e+00
-2.184960365295410156e+00
-8.999046087265014648e-01
-2.832230567932128906e+00
-1.994686841964721680e+00
-1.580832242965698242e+00
-1.042643427848815918e+00
-2.026817083358764648e+00
-1.384684324264526367e+00
-1.949557542800903320e+00
-7.990878224372863770e-01
-1.224469065666198730e+00
-1.637651443481445312e+00
-1.794947743415832520e+00
-2.636970758438110352e+00
-3.000644922256469727e+00
-8.090857863426208496e-01
-3.934389650821685791e-01
-1.303759574890136719e+00
-2.592135429382324219e+00
-5.430551767349243164e-01
-1.104580879211425781e+00
-2.925169229507446289e+00
-1.567228078842163086e+00
-2.086298227310180664e+00
-3.290168046951293945e+00
-1.704133987426757812e+00
-1.619804024696350098e+00
-2.304610967636108398e+00
-1.120008945465087891e+00
-2.320002079010009766e+00
-1.656323552131652832e+00
-1.279219865798950195e+00
-1.010463953018188477e+00
-1.435967087745666504e+00
-2.245360374450683594e+00
-2.464119434356689453e+00
-5.541186332702636719e-01
-1.353856325149536133e+00
-2.934385299682617188e+00
-1.232962846755981445e+00
-2.495153427124023438e+00
-2.216023921966552734e+00
-2.936570405960083008e+00
-1.007503271102905273e+00
-1.565791130065917969e+00
-1.988530516624450684e+00
-2.415341138839721680e+00
-1.535367727279663086e+00
-1.402324438095092773e+00
-1.558293223381042480e+00
-1.298345685005187988e+00
-2.682745933532714844e+00
-7.598912119865417480e-01
-1.999726772308349609e+00
-2.120529890060424805e+00
-1.428055763244628906e+00
-9.283118247985839844e-01
-1.312230706214904785e+00
-1.786802649497985840e+00
-1.645541548728942871e+00
-2.650544404983520508e+00
-2.731904983520507812e-01
-1.741703271865844727e+00
-9.237528443336486816e-01
-2.131114959716796875e+00
-8.603001832962036133e-01
-2.963276505470275879e-01
-1.463730454444885254e+00
-6.815280914306640625e-01
-2.951985597610473633e+00
-2.065798521041870117e+00
-1.100485920906066895e+00
-2.076706409454345703e+00
-1.285569310188293457e+00
-1.100733160972595215e+00
-4.248912334442138672e-01
-5.972643494606018066e-01
-5.340181291103363037e-02
-6.907700896263122559e-01
-1.173190951347351074e+00
-1.183141946792602539e+00
-2.146164894104003906e+00
-2.878320693969726562e+00
-2.439749240875244141e+00
-2.941188588738441467e-02
-1.943511247634887695e+00
-2.048033714294433594e+00
-6.075140833854675293e-01
-2.301373243331909180e+00
-2.174319267272949219e+00
-2.138366699218750000e+00
-2.444375038146972656e+00
-1.130250334739685059e+00
-7.253698110580444336e-01
-1.474715709686279297e+00
-1.693222045898437500e+00
-1.070950508117675781e+00
-9.992706775665283203e-01
-2.035405874252319336e+00
-1.811350584030151367e+00
-2.610200881958007812e+00
-2.526749372482299805e+00
-5.872046351432800293e-01
-2.105996847152709961e+00
2.068387717008590698e-02
-1.049593091011047363e+00
-1.010940194129943848e+00
-2.349748373031616211e+00
-3.529078245162963867e+00
-1.765724420547485352e+00
-1.209618330001831055e+00
-3.487687587738037109e+00
7.746776193380355835e-02
-1.698792338371276855e+00
-1.329559087753295898e+00
-2.108198881149291992e+00
-8.247177004814147949e-01
-1.971672415733337402e+00
-3.468491315841674805e+00
-9.038257598876953125e-01
-1.561437129974365234e+00
-1.766275167465209961e+00
-1.447308301925659180e+00
-1.600305199623107910e+00
-1.638652563095092773e+00
-1.617968678474426270e+00
-1.852702617645263672e+00
-1.625103831291198730e+00
-2.896488428115844727e+00
-2.292471885681152344e+00
-1.088073134422302246e+00
-2.313207387924194336e+00
-2.022938251495361328e+00
-2.702619552612304688e+00
-1.612054705619812012e+00
-1.805161118507385254e+00
-1.084410846233367920e-01
-1.149644494056701660e+00
-3.044664859771728516e-01
-2.083865642547607422e+00
-1.713314414024353027e+00
-2.387306690216064453e+00
-2.177749872207641602e+00
-1.494741082191467285e+00
-2.182575225830078125e+00
-1.625376343727111816e+00
-2.297734022140502930e+00
-1.429379463195800781e+00
-2.433886229991912842e-01
-1.403377056121826172e+00
-1.125209927558898926e+00
-2.034043073654174805e+00
-3.238774299621582031e+00
-1.755011796951293945e+00
-1.208110809326171875e+00
-2.561335325241088867e+00
-1.738435626029968262e+00
-2.257102131843566895e-01
4.822068214416503906e-01
-1.431126743555068970e-01
-2.278866291046142578e+00
-2.000634670257568359e+00
9.484065324068069458e-02
-1.974823594093322754e+00
-1.118993282318115234e+00
-2.579622268676757812e+00
-2.400042057037353516e+00
-1.490240693092346191e+00
-1.391824603080749512e+00
-2.913431167602539062e+00
1.617464609444141388e-02
-9.740903377532958984e-01
-2.901303768157958984e-01
-2.202738046646118164e+00
-3.273517608642578125e+00
-2.250469207763671875e+00
-2.395796060562133789e+00
-2.260016202926635742e+00
-8.270282149314880371e-01
-2.118693351745605469e+00
-1.593520998954772949e+00
-1.439541816711425781e+00
-3.319996356964111328e+00
-2.165245771408081055e+00
-3.331877470016479492e+00
-1.769337654113769531e+00
-3.015183925628662109e+00
-3.333583116531372070e+00
-8.415423631668090820e-01
-1.550891041755676270e+00
-2.458150863647460938e+00
-3.121586561203002930e+00
-2.702144861221313477e+00
-2.695513963699340820e+00
-3.042274236679077148e+00
-2.390416860580444336e+00
-2.222944498062133789e+00
-2.309511184692382812e+00
-1.943585634231567383e+00
-1.447085738182067871e+00
-1.222234725952148438e+00
-8.315575718879699707e-01
-2.891479730606079102e+00
-1.059842586517333984e+00
-2.619401454925537109e+00
-3.101789951324462891e+00
-1.065208554267883301e+00
-2.388428449630737305e+00
-4.398578107357025146e-01
-1.459526181221008301e+00
-2.831660270690917969e+00
-2.200897932052612305e+00
-8.689813017845153809e-01
-1.721509695053100586e+00
-3.133259057998657227e+00
-1.575123310089111328e+00
-2.517600059509277344e+00
-8.385301828384399414e-01
-2.271046161651611328e+00
-2.065960645675659180e+00
-2.387767076492309570e+00
-7.864260077476501465e-01
-1.804802656173706055e+00
-9.841576218605041504e-01
-2.402985095977783203e+00
-2.894309759140014648e+00
-2.025717973709106445e+00
-1.857175230979919434e+00
-2.616241931915283203e+00
-2.748420238494873047e+00
-1.830229640007019043e+00
-2.489347934722900391e+00
-2.250271476805210114e-02
-2.618657350540161133e+00
-1.937046885490417480e+00
-2.694136619567871094e+00
-2.274314403533935547e+00
-2.135362386703491211e+00
-2.880348205566406250e+00
-1.379119992256164551e+00
-1.972447633743286133e+00
-6.118884682655334473e-01
-2.168643236160278320e+00
-2.781221389770507812e+00
-2.761330604553222656e+00
-1.874561667442321777e+00
-3.434090614318847656e+00
-2.904263973236083984e+00
-1.178538084030151367e+00
-1.853782534599304199e+00
-1.365570783615112305e+00
-1.520606398582458496e+00
-2.074612379074096680e+00
-2.218748092651367188e+00
-2.544253110885620117e+00
-3.098011493682861328e+00
-3.013525009155273438e+00
-1.850267648696899414e+00
-4.828967154026031494e-01
-2.108435392379760742e+00
-1.678800702095031738e+00
-2.581073284149169922e+00
-1.817743539810180664e+00
-1.794013381004333496e+00
-1.946719050407409668e+00
-2.547376871109008789e+00
-1.056570649147033691e+00
-2.570549011230468750e+00
-2.753294706344604492e+00
-2.328077316284179688e+00
-1.801104784011840820e+00
-2.661309957504272461e+00
-1.976700127124786377e-01
-2.360989570617675781e+00
-2.994441986083984375e+00
-1.250235676765441895e+00
-2.733535766601562500e+00
-2.060969352722167969e+00
-2.608640432357788086e+00
-1.180928468704223633e+00
-2.312856197357177734e+00
-1.780983209609985352e+00
-1.598778724670410156e+00
-1.594721078872680664e+00
-1.985501408576965332e+00
-1.619281530380249023e+00
-4.991496801376342773e-01
-2.264558315277099609e+00
-2.654010057449340820e+00
-2.633055448532104492e+00
-2.772323131561279297e+00
-2.289381504058837891e+00
-2.000437259674072266e+00
-2.466917753219604492e+00
-1.419302344322204590e+00
-1.092265129089355469e+00
-2.595407247543334961e+00
-1.502070784568786621e+00
-1.772673010826110840e+00
-1.213637948036193848e+00
-2.420694828033447266e+00
-2.199780225753784180e+00
-2.768878698348999023e+00
-5.666325092315673828e-01
-1.812567234039306641e+00
-1.695231556892395020e+00
-3.550560772418975830e-01
-2.118234157562255859e+00
-2.837470531463623047e+00
-3.221539258956909180e+00
-1.367255330085754395e+00
-2.012457370758056641e+00
-3.142060756683349609e+00
-2.037189960479736328e+00
-3.182027339935302734e-01
-7.107226848602294922e-01
-2.516106605529785156e+00
-3.292546749114990234e+00
-2.100002527236938477e+00
-2.526396274566650391e+00
-1.136576175689697266e+00
-9.565352201461791992e-01
-2.920798778533935547e+00
-3.412184715270996094e+00
-4.210048646200448275e-04
-1.862630009651184082e+00
-2.798934221267700195e+00
-1.632597208023071289e+00
-1.892190217971801758e+00
-1.814501047134399414e+00
-8.675026893615722656e-01
-3.188049316406250000e+00
-2.117911338806152344e+00
-2.183431625366210938e+00
-1.875658392906188965e+00
-2.132619619369506836e+00
-2.692885398864746094e+00
-1.392328977584838867e+00
-1.839103817939758301e+00
-2.691547155380249023e+00
-1.665987372398376465e+00
-2.169532537460327148e+00
-2.267426490783691406e+00
-1.970159173011779785e+00
-3.205307483673095703e+00
-2.484957218170166016e+00
-2.337234258651733398e+00
-2.203697204589843750e+00
-2.598192453384399414e+00
-5.250347256660461426e-01
-2.169280529022216797e+00
-3.065287590026855469e+00
-1.722477316856384277e+00
-2.298666477203369141e+00
-1.636597990989685059e+00
-3.349914073944091797e+00
-2.913851022720336914e+00
-3.051029920578002930e+00
-9.969453215599060059e-01
-1.723291993141174316e+00
-3.379282712936401367e+00
-3.572408676147460938e+00
-2.995029211044311523e+00
-1.944445610046386719e+00
-3.089883327484130859e+00
-2.272993803024291992e+00
-1.108627200126647949e+00
-1.914777636528015137e+00
-3.427422523498535156e+00
-1.899936795234680176e+00
-1.311757683753967285e+00
1.021323204040527344e-01
-2.446945667266845703e+00
-2.904606819152832031e+00
-8.166461586952209473e-01
-2.083909511566162109e+00
-2.478384971618652344e+00
-2.769881963729858398e+00
-2.749947547912597656e+00
-4.433944523334503174e-01
-3.373584508895874023e+00
-1.068658232688903809e+00
-2.818073272705078125e+00
-1.720010519027709961e+00
-3.337448537349700928e-01
-1.918217301368713379e+00
-7.821893095970153809e-01
-2.048445463180541992e+00
-2.950256824493408203e+00
-1.018851518630981445e+00
-1.793834447860717773e+00
-1.770029067993164062e+00
-2.437248945236206055e+00
-1.026780962944030762e+00
-4.194860458374023438e-01
-2.770555496215820312e+00
-2.633296728134155273e+00
-1.866040229797363281e+00
-2.388480901718139648e+00
-3.491742610931396484e-01
-1.684493899345397949e+00
-9.635292887687683105e-01
-3.169588327407836914e+00
-2.345207691192626953e+00
-9.962348341941833496e-01
-2.221141099929809570e+00
-1.212405204772949219e+00
-2.212690830230712891e+00
-2.300649404525756836e+00
-1.671071290969848633e+00
-2.555420875549316406e+00
-1.564081192016601562e+00
-2.569848299026489258e+00
-9.071163088083267212e-02
-9.570492506027221680e-01
-7.735692262649536133e-01
-2.316323280334472656e+00
-1.538182854652404785e+00
-1.569025516510009766e+00
-1.983409047126770020e+00
-3.287304401397705078e+00
-1.452500343322753906e+00
-2.253282546997070312e+00
-2.342569828033447266e+00
-1.609220743179321289e+00
-2.026442766189575195e+00
-1.405340552330017090e+00
-2.940617084503173828e+00
-1.891004323959350586e+00
5.949058383703231812e-02
-3.427010774612426758e+00
-1.368172526359558105e+00
-2.797221183776855469e+00
-9.064052104949951172e-01
-3.043184995651245117e+00
-1.372985482215881348e+00
-2.363659620285034180e+00
-2.138942718505859375e+00
-2.037275314331054688e+00
-1.697380065917968750e+00
-1.103995442390441895e+00
-2.359191179275512695e+00
-3.370099544525146484e+00
-2.671520233154296875e+00
-1.163667559623718262e+00
-9.584909081459045410e-01
-9.847775101661682129e-01
-1.979200124740600586e+00
-2.458085775375366211e+00
-1.725226402282714844e+00
-2.010886192321777344e+00
-9.160166978836059570e-01
-3.356376171112060547e+00
-1.492278337478637695e+00
-1.938547134399414062e+00
-1.335222005844116211e+00
-1.345555901527404785e+00
-9.407225847244262695e-01
-3.001838207244873047e+00
-2.543963909149169922e+00
-2.387513875961303711e+00
-6.960924267768859863e-01
-1.350459933280944824e+00
-1.505361080169677734e+00
-1.486074090003967285e+00
-2.093811511993408203e+00
-2.548892974853515625e+00
-1.810724377632141113e+00
-6.000902056694030762e-01
-1.249791264533996582e+00
-1.509180784225463867e+00
-2.583573818206787109e+00
-1.712052941322326660e+00
-1.247699022293090820e+00
-2.006788492202758789e+00
-3.115259408950805664e+00
-2.860178470611572266e+00
-1.631675958633422852e+00
-2.943448543548583984e+00
-1.640814661979675293e+00
-2.175981283187866211e+00
-6.441172957420349121e-01
-2.285434007644653320e+00
-3.341577291488647461e+00
-1.792063951492309570e+00
-6.777743697166442871e-01
-1.916240930557250977e+00
-2.754853725433349609e+00
-1.808650255203247070e+00
-1.456322789192199707e+00
-3.105048418045043945e+00
-2.291539907455444336e+00
-2.417078733444213867e+00
-1.478433132171630859e+00
-1.998199105262756348e+00
-2.265970468521118164e+00
-1.548907041549682617e+00
-2.157478809356689453e+00
-2.906657695770263672e+00
-2.195958375930786133e+00
-1.215340495109558105e+00
-1.190950036048889160e+00
-1.827511072158813477e+00
-1.046699166297912598e+00
-1.764408469200134277e+00
-1.878544449806213379e+00
-9.469769001007080078e-01
-1.517201662063598633e+00
-2.040868043899536133e+00
-1.582869052886962891e+00
-1.825469374656677246e+00
-3.127792358398437500e+00
-3.022515773773193359e+00
-2.352425336837768555e+00
-2.773599624633789062e+00
-1.541624069213867188e+00
-3.293402194976806641e+00
-1.674266815185546875e+00
-2.532876729965209961e+00
-3.025026559829711914e+00
-2.736587524414062500e+00
-2.934908866882324219e+00
-1.809264183044433594e+00
-2.181734085083007812e+00
-2.856812477111816406e+00
-1.036752939224243164e+00
-1.900074958801269531e+00
-1.850598454475402832e+00
-6.318933367729187012e-01
-2.551801681518554688e+00
-1.199314475059509277e+00
-1.987120032310485840e+00
-2.159133195877075195e+00
-1.229261279106140137e+00
-1.672773957252502441e+00
-1.627151846885681152e+00
-2.550090789794921875e+00
-1.646300673484802246e+00
-6.062345504760742188e-01
-3.159647226333618164e+00
-2.536942720413208008e+00
-1.869000315666198730e+00
-2.033679723739624023e+00
-8.830699920654296875e-01
-1.234850406646728516e+00
-1.388750076293945312e+00
-2.237034082412719727e+00
-2.264450311660766602e+00
-1.708624005317687988e+00
-9.103623628616333008e-01
-3.100816488265991211e+00
-3.132350683212280273e+00
-2.606388568878173828e+00
-8.061199784278869629e-01
-1.326833724975585938e+00
-1.085146427154541016e+00
-2.157512426376342773e+00
-1.311876416206359863e+00
-2.115213871002197266e+00
-9.166896343231201172e-01
-2.151178598403930664e+00
-2.272656917572021484e+00
-1.545917272567749023e+00
-2.863637208938598633e+00
-1.135035037994384766e+00
-1.250490665435791016e+00
-1.999260067939758301e+00
-1.877014994621276855e+00
-2.533360719680786133e+00
-1.686455726623535156e+00
-2.938751935958862305e+00
-2.176458835601806641e+00
-1.269519329071044922e+00
-3.661382794380187988e-01
-1.553966760635375977e+00
-2.914010524749755859e+00
-3.268299102783203125e+00
-1.420194864273071289e+00
-1.298108816146850586e+00
-2.199175119400024414e+00
-2.427670955657958984e+00
-1.219860672950744629e+00
-1.455710053443908691e+00
-8.439835906028747559e-01
-2.448080778121948242e+00
-1.981611013412475586e+00
-2.188502073287963867e+00
-2.295736789703369141e+00
-2.200817823410034180e+00
-1.785720229148864746e+00
-2.337548017501831055e+00
-2.233436584472656250e+00
-2.162075042724609375e+00
-2.201672315597534180e+00
-2.382908344268798828e+00
-2.083857059478759766e+00
-1.857350945472717285e+00
-1.329376935958862305e+00
-3.320355892181396484e+00
-2.830411195755004883e+00
-7.475327849388122559e-01
-2.014066696166992188e+00
-1.679493308067321777e+00
-3.375448226928710938e+00
-2.180067777633666992e+00
-9.673883914947509766e-01
-1.796013951301574707e+00
-1.126085877418518066e+00
-1.573830008506774902e+00
-1.574831843376159668e+00
-2.239751577377319336e+00
-1.842222571372985840e+00
-1.150198340415954590e+00
-5.249511003494262695e-01
-2.150436162948608398e+00
-1.920952916145324707e+00
-8.904216885566711426e-01
-1.446152448654174805e+00
-1.293473958969116211e+00
-4.275442063808441162e-01
-3.351498365402221680e+00
-1.490972518920898438e+00
-3.402363061904907227e+00
-1.590904355049133301e+00
-2.405427694320678711e+00
-1.358583688735961914e+00
-1.839092612266540527e+00
-2.351574420928955078e+00
-2.092312812805175781e+00
-1.725788235664367676e+00
-2.309062480926513672e+00
-3.144941091537475586e+00
-3.489410400390625000e+00
-6.645179986953735352e-01
-1.389826178550720215e+00
-2.607024192810058594e+00
-3.296910762786865234e+00
-8.484936356544494629e-01
-2.519595623016357422e+00
-2.270698785781860352e+00
-4.973794221878051758e-01
-1.947471499443054199e+00
-8.249254226684570312e-01
-7.079728841781616211e-01
-1.949279546737670898e+00
-8.011471033096313477e-01
-1.065826892852783203e+00
-2.467967510223388672e+00
-1.812323570251464844e+00
-1.316421866416931152e+00
-2.030192852020263672e+00
-2.212695837020874023e+00
-1.103220462799072266e+00
-9.140064716339111328e-01
-2.748181343078613281e+00
-2.121953666210174561e-01
-1.401415348052978516e+00
-1.275465130805969238e+00
-1.919075012207031250e+00
-2.163181304931640625e+00
-1.236272215843200684e+00
-8.695889115333557129e-01
-1.246211290359497070e+00
-2.468308448791503906e+00
-1.224022746086120605e+00
3.481531143188476562e-01
-2.129557609558105469e+00
-1.691423058509826660e+00
-6.515166759490966797e-01
-1.845625519752502441e+00
-1.245106458663940430e+00
-1.769016981124877930e+00
-7.090125679969787598e-01
-2.502068758010864258e+00
-2.352280616760253906e+00
-4.781771898269653320e-01
-1.799546718597412109e+00
-2.407051801681518555e+00
-1.013881206512451172e+00
-1.721932291984558105e+00
-1.778339266777038574e+00
-1.409639000892639160e+00
-2.832374095916748047e+00
-2.383160114288330078e+00
-4.459210336208343506e-01
-1.400996208190917969e+00
-3.017192602157592773e+00
-1.543558478355407715e+00
-5.426035523414611816e-01
-8.145642876625061035e-01
-2.674925327301025391e+00
-9.565102458000183105e-01
-2.502799272537231445e+00
-2.459258317947387695e+00
-2.426573514938354492e+00
-1.774637222290039062e+00
-2.083048105239868164e+00
-7.906383275985717773e-01
-1.754994869232177734e+00
-2.241020441055297852e+00
-5.871305465698242188e-01
-2.039566993713378906e+00
-2.897286176681518555e+00
-3.051297903060913086e+00
-1.051632642745971680e+00
-1.515983104705810547e+00
-2.429099321365356445e+00
-2.194322586059570312e+00
-1.625234842300415039e+00
-4.261865019798278809e-01
-3.144891500473022461e+00
-1.930407881736755371e+00
-1.974307656288146973e+00
-2.294918060302734375e+00
-3.437776803970336914e+00
-3.015640258789062500e+00
-2.331566333770751953e+00
-1.860775470733642578e+00
-8.196312189102172852e-01
-1.599550247192382812e+00
-6.055266857147216797e-01
-5.781632661819458008e-01
-3.041125059127807617e+00
-1.290209889411926270e+00
-1.601213335990905762e+00
-2.569236278533935547e+00
-1.335726380348205566e+00
-2.150501728057861328e+00
-1.794188737869262695e+00
-1.718346476554870605e+00
-1.999860644340515137e+00
-1.833328247070312500e+00
-1.091687679290771484e+00
1.910315454006195068e-01
-1.720328211784362793e+00
-2.574205398559570312e+00
-8.079966902732849121e-01
-8.250164389610290527e-01
-2.688912153244018555e+00
-1.426835417747497559e+00
-2.326759338378906250e+00
-1.233229398727416992e+00
-3.233854532241821289e+00
-1.466680288314819336e+00
-1.100166082382202148e+00
-7.237464785575866699e-01
-2.062151193618774414e+00
-2.498623371124267578e+00
-2.098021984100341797e+00
3.262609541416168213e-01
-1.492791771888732910e+00
-3.105045795440673828e+00
-9.577248096466064453e-01
-2.092602252960205078e+00
-2.389311194419860840e-01
-2.014904022216796875e+00
-5.277839899063110352e-01
-1.007496118545532227e+00
-1.075324892997741699e+00
-3.252492904663085938e+00
-1.477110028266906738e+00
-1.550968170166015625e+00
-2.734609603881835938e+00
-2.529544353485107422e+00
-3.733839392662048340e-01
-7.769492268562316895e-01
-2.607231378555297852e+00
-9.466246366500854492e-01
-2.283615350723266602e+00
-2.337071180343627930e+00
-1.922241330146789551e+00
-1.431915640830993652e+00
-1.430798321962356567e-01
-8.478386402130126953e-01
-2.924333095550537109e+00
-1.798047542572021484e+00
-1.079720973968505859e+00
-1.573303341865539551e+00
-1.550593376159667969e+00
-2.578764915466308594e+00
-1.273662805557250977e+00
-9.905134439468383789e-01
-1.460947990417480469e+00
-2.516392707824707031e+00
-2.421246051788330078e+00
-9.334886670112609863e-01
-1.910791039466857910e+00
-1.915818810462951660e+00
-2.076334953308105469e+00
-2.201617240905761719e+00
-2.254067659378051758e+00
-1.716996908187866211e+00
-1.768507122993469238e+00
-1.587790846824645996e+00
-8.459778428077697754e-01
-2.261957645416259766e+00
-3.338966369628906250e+00
-2.623187303543090820e+00
-1.768060088157653809e+00
-1.691474318504333496e+00
-3.180466175079345703e+00
-2.723921537399291992e+00
-2.788511276245117188e+00
-3.079133272171020508e+00
-2.212093591690063477e+00
-2.030184268951416016e+00
-1.761348962783813477e+00
-1.688249595463275909e-02
-1.257477879524230957e+00
-2.302955627441406250e+00
-1.904581069946289062e+00
-1.375503540039062500e+00
-9.998171925544738770e-01
-6.343165040016174316e-01
-1.410813331604003906e+00
-2.969510793685913086e+00
-1.737628579139709473e+00
-2.154880285263061523e+00
-2.918039798736572266e+00
-2.787013530731201172e+00
-2.971526145935058594e+00
-1.884026169776916504e+00
-2.023104429244995117e+00
-1.960114359855651855e+00
-2.355955839157104492e+00
-2.094093322753906250e+00
-3.368442773818969727e+00
-3.279604196548461914e+00
-1.619310498237609863e+00
-1.582771539688110352e+00
-3.206935644149780273e+00
-2.610970020294189453e+00
-2.260355472564697266e+00
-3.269539117813110352e+00
-2.858683347702026367e+00
-2.555181503295898438e+00
-1.964238286018371582e+00
-8.518042564392089844e-01
-3.209076642990112305e+00
-2.807898044586181641e+00
-2.841399908065795898e+00
-1.974760532379150391e+00
-2.553471565246582031e+00
-2.584328174591064453e+00
-2.399365186691284180e+00
-2.127300024032592773e+00
-3.120166301727294922e+00
-1.123046994209289551e+00
-1.003213644027709961e+00
-3.152425289154052734e+00
-1.663125157356262207e+00
-2.060929536819458008e+00
-2.670579671859741211e+00
-2.870647430419921875e+00
-2.270292043685913086e+00
-1.788508772850036621e+00
-1.980741500854492188e+00
-1.909328222274780273e+00
-1.656863689422607422e+00
-2.504678249359130859e+00
-1.875717639923095703e+00
-2.342584133148193359e+00
-1.121248722076416016e+00
-1.953606128692626953e+00
-2.943792343139648438e+00
-1.774295687675476074e+00
-1.614043354988098145e+00
-2.137837886810302734e+00
-1.721218109130859375e+00
-1.962126016616821289e+00
-1.051634311676025391e+00
-1.775893807411193848e+00
-2.842143535614013672e+00
-3.151477098464965820e+00
-3.048889875411987305e+00
-1.732037305831909180e+00
-1.858030319213867188e+00
-1.612290024757385254e+00
-1.958179831504821777e+00
-2.351633071899414062e+00
-3.280553579330444336e+00
-2.441274166107177734e+00
-3.281974792480468750e+00
-3.208654403686523438e+00
-2.489176511764526367e+00
-3.050644874572753906e+00
-2.059894323348999023e+00
-1.263705134391784668e+00
-2.744417428970336914e+00
-2.928785324096679688e+00
-2.020524501800537109e+00
-1.584862947463989258e+00
-1.351837515830993652e+00
-1.989903092384338379e+00
-3.120658397674560547e+00
-9.500468373298645020e-01
-1.388789296150207520e+00
-1.199412465095520020e+00
-2.715782642364501953e+00
-3.250361919403076172e+00
-7.527410387992858887e-01
-1.714941382408142090e+00
-2.862485885620117188e+00
-1.836330890655517578e+00
-1.728734970092773438e+00
-1.155338406562805176e+00
-2.295614242553710938e+00
-2.116470575332641602e+00
-2.535850286483764648e+00
-3.193542718887329102e+00
-3.036397218704223633e+00
-1.579546093940734863e+00
-2.233234405517578125e+00
-2.659015417098999023e+00
-2.061616659164428711e+00
-2.932544708251953125e+00
-1.036486864089965820e+00
-2.261814355850219727e+00
-3.114534854888916016e+00
-2.550772666931152344e+00
-2.255426168441772461e+00
-2.941306352615356445e+00
-2.876341104507446289e+00
-2.187556505203247070e+00
-2.028714895248413086e+00
-2.060474872589111328e+00
-2.020065307617187500e+00
-2.377469539642333984e+00
-1.930290937423706055e+00
-1.900125503540039062e+00
-2.878164052963256836e+00
-2.375696659088134766e+00
-2.662345409393310547e+00
-8.501592278480529785e-01
-2.704412937164306641e+00
-2.244841575622558594e+00
-1.576246142387390137e+00
-1.396289348602294922e+00
-1.827597498893737793e+00
-3.278736591339111328e+00
-1.453054428100585938e+00
-2.785114288330078125e+00
-1.610192298889160156e+00
-3.315629005432128906e+00
-1.837389707565307617e+00
-3.416328191757202148e+00
-1.143126249313354492e+00
-3.067020177841186523e+00
-1.674510598182678223e+00
-2.894589900970458984e+00
-2.079261779785156250e+00
-1.904708385467529297e+00
-2.522485733032226562e+00
-3.433539152145385742e+00
-2.399153947830200195e+00
-2.904742717742919922e+00
-2.849164962768554688e+00
-2.633945703506469727e+00
-2.453356504440307617e+00
-1.058296918869018555e+00
-3.117209672927856445e+00
-2.883728981018066406e+00
-3.050672531127929688e+00
-1.164757490158081055e+00
-3.138943433761596680e+00
-2.225702524185180664e+00
-2.869823455810546875e+00
-9.661948084831237793e-01
-3.066547155380249023e+00
-2.556435823440551758e+00
-1.575727224349975586e+00
-2.453378915786743164e+00
-1.585357785224914551e+00
-3.304739236831665039e+00
-1.737863302230834961e+00
-3.305052042007446289e+00
-2.355353832244873047e+00
-2.348983049392700195e+00
-8.035509586334228516e-01
-2.599142551422119141e+00
-3.202581405639648438e+00
-1.993781566619873047e+00
-7.674014568328857422e-01
-3.033763885498046875e+00
-1.959184288978576660e+00
-3.138637781143188477e+00
-2.729781389236450195e+00
-1.575301289558410645e+00
-3.376838684082031250e+00
-3.178056716918945312e+00
-1.640120625495910645e+00
-1.015421867370605469e+00
-2.979187488555908203e+00
-2.382796525955200195e+00
-2.374982595443725586e+00
-1.008255958557128906e+00
-1.786069750785827637e+00
-1.800234794616699219e+00
-2.545161247253417969e+00
-1.547346830368041992e+00
-2.767520189285278320e+00
-1.417972683906555176e+00
-3.059602260589599609e+00
-2.187819242477416992e+00
-2.386809587478637695e+00
-2.664850234985351562e+00
-2.890243053436279297e+00
-1.672870516777038574e+00
-2.468878507614135742e+00
-2.441254615783691406e+00
-3.385236978530883789e+00
-2.586938619613647461e+00
-2.414983272552490234e+00
-3.213521003723144531e+00
-9.464638233184814453e-01
-1.796900987625122070e+00
-1.543677806854248047e+00
-1.362881660461425781e+00
-1.879956722259521484e+00
-2.721302270889282227e+00
-1.769952297210693359e+00
-3.158393621444702148e+00
-2.379120111465454102e+00
-1.332435607910156250e+00
-2.130308628082275391e+00
-2.351232767105102539e+00
-9.783764481544494629e-01
-2.878185510635375977e+00
-2.119114398956298828e+00
-2.520668268203735352e+00
-2.673838853836059570e+00
-1.467494487762451172e+00
-1.867572188377380371e+00
-2.031914472579956055e+00
-1.621739864349365234e+00
-2.657533168792724609e+00
-1.789276719093322754e+00
-2.690488100051879883e+00
-2.058968305587768555e+00
-1.709998965263366699e+00
-2.944104909896850586e+00
-2.565371990203857422e+00
-1.663353323936462402e+00
-2.460639238357543945e+00
-3.048476934432983398e+00
-3.095200538635253906e+00
-2.864433288574218750e+00
-2.739146709442138672e+00
-1.796041727066040039e+00
-1.764619946479797363e+00
-3.163098573684692383e+00
-1.691596865653991699e+00
-2.608712196350097656e+00
-3.043712615966796875e+00
-2.084171772003173828e+00
-3.358301639556884766e+00
-2.314270019531250000e+00
-2.463001489639282227e+00
-8.020269274711608887e-01
-1.992883205413818359e+00
-2.009094238281250000e+00
-1.939862251281738281e+00
-7.785025835037231445e-01
-2.455900907516479492e+00
-2.203013420104980469e+00
-2.834716081619262695e+00
-2.717178821563720703e+00
-1.802282929420471191e+00
-2.079236030578613281e+00
-1.894748330116271973e+00
-1.233681917190551758e+00
-2.176395654678344727e+00
-3.250728845596313477e+00
-2.369355678558349609e+00
-1.867261171340942383e+00
-1.700921654701232910e+00
-2.835804224014282227e+00
-1.527882456779479980e+00
-3.060558080673217773e+00
-2.255683422088623047e+00
-1.985679268836975098e+00
-2.130503892898559570e+00
-2.359283208847045898e+00
-3.287827014923095703e+00
-1.804267287254333496e+00
-3.023769378662109375e+00
-2.332420349121093750e+00
-3.030834197998046875e+00
-3.031711339950561523e+00
-2.431873798370361328e+00
-6.284070014953613281e-01
-1.951276302337646484e+00
-2.110363006591796875e+00
-2.028799295425415039e+00
-1.765228152275085449e+00
-1.829711079597473145e+00
-2.731188535690307617e+00
-9.252470731735229492e-01
-1.846246957778930664e+00
-1.428529024124145508e+00
-1.745999336242675781e+00
-1.628698110580444336e+00
-1.948855876922607422e+00
-3.061808586120605469e+00
-1.003327012062072754e+00
-1.920225024223327637e+00
-2.146055459976196289e+00
-2.215714693069458008e+00
-3.252517700195312500e+00
-2.443560361862182617e+00
-1.544807076454162598e+00
-2.995244741439819336e+00
-2.234479188919067383e+00
-2.270967245101928711e+00
-1.094718098640441895e+00
-2.473247766494750977e+00
-1.336832046508789062e+00
-1.991261005401611328e+00
-2.456666231155395508e+00
-3.414832115173339844e+00
-1.791314840316772461e+00
-1.808674693107604980e+00
-1.220669522881507874e-01
-1.133960366249084473e+00
-9.174717068672180176e-01
-3.308971405029296875e+00
-2.698958396911621094e+00
-3.226907730102539062e+00
-2.244302511215209961e+00
-3.196650028228759766e+00
-2.295186996459960938e+00
-1.868815898895263672e+00
-1.176650285720825195e+00
-1.427192449569702148e+00
-1.736705780029296875e+00
-1.335518240928649902e+00
-3.327620506286621094e+00
-2.717771291732788086e+00
-1.791273236274719238e+00
-2.237443923950195312e+00
-1.720982670783996582e+00
-1.890451192855834961e+00
-2.011914730072021484e+00
-3.297362804412841797e+00
-2.915578126907348633e+00
-3.099586725234985352e+00
-2.067953109741210938e+00
-1.759705066680908203e+00
-2.968108177185058594e+00
-3.261527061462402344e+00
-3.429928421974182129e-01
-1.680433511734008789e+00
-1.830802440643310547e+00
-2.604187488555908203e+00
-1.606469273567199707e+00
-8.897539377212524414e-01
-2.295474529266357422e+00
-1.640863299369812012e+00
-2.216676712036132812e+00
-1.583896040916442871e+00
-2.302444219589233398e+00
-2.812150239944458008e+00
-1.354103684425354004e+00
-8.297460079193115234e-01
-2.104161739349365234e+00
-3.328489542007446289e+00
-1.958993554115295410e+00
-2.388657093048095703e+00
-1.122876882553100586e+00
-2.533896684646606445e+00
-2.875520467758178711e+00
-1.416633963584899902e+00
-3.291811943054199219e+00
-2.879107713699340820e+00
-2.329192161560058594e+00
-2.138792514801025391e+00
-2.725271463394165039e+00
-2.134043216705322266e+00
-1.584974169731140137e+00
-1.822583079338073730e+00
-3.041022300720214844e+00
-1.092151641845703125e+00
-3.231098890304565430e+00
-2.263314962387084961e+00
-3.214804172515869141e+00
-2.386613607406616211e+00
-6.788324713706970215e-01
-1.952871799468994141e+00
-3.010035276412963867e+00
-1.611654877662658691e+00
-2.786636352539062500e+00
-1.793417692184448242e+00
-8.441246747970581055e-01
-1.985821604728698730e+00
-2.363295555114746094e+00
-1.682570576667785645e+00
-2.029171228408813477e+00
-2.618767738342285156e+00
-2.170480728149414062e+00
-1.918544054031372070e+00
-2.229212999343872070e+00
-1.942945480346679688e+00
-6.452150344848632812e-01
-2.524111032485961914e+00
-1.872231364250183105e+00
-2.404258728027343750e+00
-2.989831924438476562e+00
-1.922338604927062988e+00
-2.062284469604492188e+00
-1.200680494308471680e+00
-1.365421891212463379e+00
-1.530908703804016113e+00
-2.936673402786254883e+00
-1.635668754577636719e+00
-2.743517875671386719e+00
-3.714272081851959229e-01
-1.740808725357055664e+00
-1.758371710777282715e+00
-1.020296096801757812e+00
-2.254698276519775391e+00
-2.526212453842163086e+00
-7.132002711296081543e-01
-2.249679803848266602e+00
-1.047089934349060059e+00
-3.476262807846069336e+00
-1.886164784431457520e+00
-3.369312047958374023e+00
-2.153151988983154297e+00
-2.872278928756713867e+00
-2.303988456726074219e+00
-3.431891441345214844e+00
-2.933397293090820312e+00
-3.543776750564575195e+00
-1.543233633041381836e+00
-1.700993537902832031e+00
-3.259421110153198242e+00
-1.972911357879638672e+00
-2.924026489257812500e+00
-1.835976958274841309e+00
-1.059198737144470215e+00
-1.108673930168151855e+00
-2.941555023193359375e+00
-2.914229154586791992e+00
-3.524013280868530273e+00
-1.144550800323486328e+00
-2.837068557739257812e+00
-3.036447048187255859e+00
-2.641255378723144531e+00
-2.484920263290405273e+00
-3.148735046386718750e+00
-2.478389978408813477e+00
-1.806212902069091797e+00
-1.747493386268615723e+00
-1.553161621093750000e+00
-2.449649333953857422e+00
-2.704201936721801758e+00
-1.015984773635864258e+00
-2.639351844787597656e+00
-2.599835872650146484e+00
-2.079509496688842773e+00
-1.687834262847900391e+00
-1.594693541526794434e+00
-2.115408897399902344e+00
-3.036712169647216797e+00
-2.455152273178100586e+00
-2.955919742584228516e+00
-1.577133774757385254e+00
-1.712230920791625977e+00
-2.747725486755371094e+00
-3.150486469268798828e+00
-2.767475605010986328e+00
-2.345384359359741211e+00
-8.582507967948913574e-01
-7.921844720840454102e-01
-3.335233211517333984e+00
-1.600104689598083496e+00
-1.954288482666015625e+00
-2.735457897186279297e+00
-1.538839459419250488e+00
-2.976259231567382812e+00
-1.851500391960144043e+00
-1.720299363136291504e+00
-3.174251794815063477e+00
-4.951348304748535156e-01
-2.386086940765380859e+00
-2.691475868225097656e+00
-2.181825399398803711e+00
-8.961933851242065430e-01
-8.805796504020690918e-01
-8.436406850814819336e-01
-2.054756402969360352e+00
-2.730403900146484375e+00
-2.326278686523437500e+00
-2.346134185791015625e+00
-1.551251769065856934e+00
-2.899612665176391602e+00
-2.330098628997802734e+00
-1.604042291641235352e+00
-9.741902351379394531e-01
-3.070480346679687500e+00
-3.076765060424804688e+00
-3.359355926513671875e+00
-2.692239046096801758e+00
-1.908787131309509277e+00
-2.452728986740112305e+00
-2.348870277404785156e+00
-2.026194810867309570e+00
-2.104519128799438477e+00
-3.271626472473144531e+00
-2.892908334732055664e+00
-2.941327571868896484e+00
-2.720867872238159180e+00
-1.599926114082336426e+00
-2.933070421218872070e+00
-2.130385160446166992e+00
-2.626838922500610352e+00
-1.423269748687744141e+00
-3.145320415496826172e+00
-9.799953103065490723e-01
-2.309100151062011719e+00
-1.771273255348205566e+00
-3.374035596847534180e+00
-2.533649921417236328e+00
-6.467215418815612793e-01
-2.315733432769775391e+00
-1.751581430435180664e+00
-2.918632030487060547e+00
-2.769637584686279297e+00
-2.133830308914184570e+00
-1.738651990890502930e+00
-1.515910148620605469e+00
-2.597000122070312500e+00
-1.831138730049133301e+00
-3.458314657211303711e+00
-2.658405303955078125e+00
-1.756595492362976074e+00
-5.788998603820800781e-01
-1.462497234344482422e+00
-3.177733421325683594e+00
-3.378711938858032227e+00
-2.718233108520507812e+00
-3.321383714675903320e+00
-1.014816045761108398e+00
-3.137127637863159180e+00
-8.656018972396850586e-01
-3.523238420486450195e+00
-2.196924209594726562e+00
-1.920346140861511230e+00
-1.143997311592102051e+00
-3.280028343200683594e+00
-3.163034439086914062e+00
-2.008123874664306641e+00
-2.477138757705688477e+00
-1.867287397384643555e+00
-2.836221456527709961e+00
-2.631314516067504883e+00
-1.940738081932067871e+00
-3.114133119583129883e+00
-2.727200508117675781e+00
-2.307981729507446289e+00
-3.303381681442260742e+00
-2.362227439880371094e+00
-1.576023697853088379e+00
-2.829174757003784180e+00
-2.499145269393920898e+00
-3.122712612152099609e+00
-2.394892454147338867e+00
-1.523351550102233887e+00
-1.850374698638916016e+00
-2.252899646759033203e+00
-2.268795490264892578e+00
-1.776227235794067383e+00
-1.679682135581970215e+00
-1.464635848999023438e+00
-3.091016054153442383e+00
-2.178137302398681641e+00
-1.275678396224975586e+00
-7.688995003700256348e-01
-2.414608001708984375e+00
-1.916773796081542969e+00
-2.465815544128417969e+00
-2.093721866607666016e+00
-2.012362718582153320e+00
-1.893046259880065918e+00
-3.311573505401611328e+00
-4.373021721839904785e-01
-2.726882696151733398e+00
-7.075389623641967773e-01
-2.949264287948608398e+00
-2.854182720184326172e+00
-2.771003961563110352e+00
-8.148131966590881348e-01
-1.398024320602416992e+00
-2.007874011993408203e+00
-2.400309085845947266e+00
-3.461081981658935547e+00
-2.165284156799316406e+00
-7.841702103614807129e-01
-1.862517952919006348e+00
-2.448946237564086914e+00
-2.334508180618286133e+00
-3.139701366424560547e+00
-3.334081888198852539e+00
-4.689633250236511230e-01
-2.186183929443359375e+00
-2.349091768264770508e+00
-1.292290329933166504e+00
-3.234078884124755859e+00
-2.174087285995483398e+00
-2.655028581619262695e+00
-1.783461570739746094e+00
-2.109678983688354492e+00
-2.103462219238281250e+00
-2.602693557739257812e+00
-2.213974475860595703e+00
-2.579712867736816406e+00
-2.318094015121459961e+00
-1.608943343162536621e+00
-3.063377857208251953e+00
-2.611198425292968750e+00
-1.954634547233581543e+00
-2.759670019149780273e+00
-2.690241575241088867e+00
-3.109881639480590820e+00
-2.800300121307373047e+00
-3.000880956649780273e+00
-2.700469255447387695e+00
-3.132077217102050781e+00
-1.056826829910278320e+00
-1.578311443328857422e+00
-2.951476097106933594e+00
-3.047928333282470703e+00
-9.529373049736022949e-01
-7.640277147293090820e-01
-2.213128805160522461e+00
-2.690139293670654297e+00
-2.046531438827514648e+00
-1.181898713111877441e+00
-3.084560155868530273e+00
-2.776565313339233398e+00
-1.645848631858825684e+00
-2.907368659973144531e+00
-2.639290571212768555e+00
-1.256356120109558105e+00
-2.943638324737548828e+00
-1.889345794916152954e-01
-1.635840535163879395e+00
-2.346390485763549805e+00
-2.135607004165649414e+00
-1.630625009536743164e+00
-1.950199365615844727e+00
-1.768210887908935547e+00
-1.921538949012756348e+00
-2.383449792861938477e+00
-2.848666906356811523e+00
-1.557533264160156250e+00
-1.136478424072265625e+00
-1.624287962913513184e+00
-3.226824045181274414e+00
-2.127135515213012695e+00
-2.002584457397460938e+00
-2.993720054626464844e+00
-1.698825359344482422e+00
-2.002526998519897461e+00
-1.079946398735046387e+00
-2.891852617263793945e+00
-2.615245342254638672e+00
-3.011036396026611328e+00
-4.256421923637390137e-01
-3.308259248733520508e+00
-2.670598983764648438e+00
-2.277104854583740234e+00
-2.765366554260253906e+00
-2.565337419509887695e+00
-1.673622012138366699e+00
-2.167856216430664062e+00
-2.765670061111450195e+00
-2.034359216690063477e+00
-1.528554201126098633e+00
-2.792050123214721680e+00
-1.475550770759582520e+00
-3.441333532333374023e+00
-3.321964263916015625e+00
-2.434226751327514648e+00
-1.250350594520568848e+00
-2.379634618759155273e+00
-3.028048515319824219e+00
-2.700791120529174805e+00
-3.173462390899658203e+00
-3.068929672241210938e+00
-9.553213715553283691e-01
-1.857444643974304199e+00
-1.777674555778503418e+00
-8.950695991516113281e-01
-2.281696319580078125e+00
-1.775846004486083984e+00
-2.122738122940063477e+00
-3.225827217102050781e+00
-2.632727146148681641e+00
-2.928351640701293945e+00
-9.722437262535095215e-01
-2.106939554214477539e+00
-2.236185312271118164e+00
-1.370472431182861328e+00
-1.534087300300598145e+00
-2.761206626892089844e+00
-2.384830236434936523e+00
-2.374897718429565430e+00
-7.317247986793518066e-01
-2.978067636489868164e+00
-1.215865612030029297e+00
-3.085592508316040039e+00
-1.526915073394775391e+00
-2.197045326232910156e+00
-2.131915807723999023e+00
-1.647412061691284180e+00
-2.030168294906616211e+00
-2.582806825637817383e+00
-2.036754369735717773e+00
-3.270925998687744141e+00
-2.291441202163696289e+00
-1.785765409469604492e+00
-8.855543732643127441e-01
-1.537171483039855957e+00
-9.677204489707946777e-01
-3.192299365997314453e+00
-2.179542064666748047e+00
-7.639895081520080566e-01
-2.617941379547119141e+00
-2.308253765106201172e+00
-2.702572584152221680e+00
-2.763250350952148438e+00
-1.518621742725372314e-01
-9.885960221290588379e-01
-1.797188878059387207e+00
-1.939673900604248047e+00
-2.929603099822998047e+00
-2.285023331642150879e-01
-3.271686315536499023e+00
-3.422513961791992188e+00
-2.800934553146362305e+00
-2.794026136398315430e+00
-2.141592979431152344e+00
-2.879276275634765625e+00
-2.686819314956665039e+00
-2.506001710891723633e+00
-1.136843442916870117e+00
-2.723914623260498047e+00
-2.410742044448852539e+00
-3.119604349136352539e+00
-3.803308606147766113e-01
-2.655059814453125000e+00
-2.175789356231689453e+00
-1.783192396163940430e+00
-3.422139167785644531e+00
-1.964423418045043945e+00
-8.459820747375488281e-01
-3.347456216812133789e+00
-1.384345650672912598e+00
-1.748227953910827637e+00
1.539261545985937119e-02
-7.905438542366027832e-01
-3.503606081008911133e+00
-2.771174430847167969e+00
-2.873879432678222656e+00
-1.204509735107421875e+00
-8.298913836479187012e-01
-2.099754333496093750e+00
-1.979142308235168457e+00
-2.287870407104492188e+00
-9.359589815139770508e-01
-2.036515474319458008e+00
-2.217791795730590820e+00
-1.681231021881103516e+00
-1.752958178520202637e+00
-2.839339256286621094e+00
-1.993885755538940430e+00
-1.212846159934997559e+00
-2.726744174957275391e+00
-3.391112089157104492e+00
-3.030179977416992188e+00
-8.280170559883117676e-01
-2.484081745147705078e+00
-3.083271980285644531e+00
-1.080287933349609375e+00
-2.684803247451782227e+00
-1.990229129791259766e+00
-4.626789987087249756e-01
-2.235991954803466797e+00
-2.337769269943237305e+00
-2.048243999481201172e+00
-2.460731506347656250e+00
-2.595715761184692383e+00
-2.817481279373168945e+00
-2.551449060440063477e+00
-2.314659118652343750e+00
-1.715911388397216797e+00
-1.031021952629089355e+00
-7.507411241531372070e-01
-2.571397066116333008e+00
-1.766730666160583496e+00
-3.324187994003295898e+00
-2.679434061050415039e+00
-1.752593040466308594e+00
-1.152246356010437012e+00
-2.653894662857055664e+00
-2.989926099777221680e+00
-2.774326324462890625e+00
-1.214209437370300293e+00
-2.194757938385009766e+00
-3.346296072006225586e+00
-1.821429371833801270e+00
-1.480616450309753418e+00
-2.486281692981719971e-01
-1.825889706611633301e+00
-3.367769956588745117e+00
-2.316819667816162109e+00
-1.850986838340759277e+00
-2.109772920608520508e+00
-2.686433076858520508e+00
-2.333184242248535156e+00
-1.929279208183288574e+00
-1.704977750778198242e+00
-2.693327665328979492e+00
-2.283502817153930664e+00
-6.875261068344116211e-01
-2.438493967056274414e+00
-2.408176422119140625e+00
-2.176277160644531250e+00
-1.945404052734375000e+00
-2.031261920928955078e+00
-1.591439247131347656e+00
-2.692690610885620117e+00
-9.463698863983154297e-01
-2.219981193542480469e+00
-2.206729888916015625e+00
-2.669060230255126953e+00
-2.734136343002319336e+00
-2.995077610015869141e+00
-1.408031225204467773e+00
-3.430486679077148438e+00
-2.870872020721435547e-01
-2.368883609771728516e+00
-2.536828994750976562e+00
-8.516164422035217285e-01
-2.253801345825195312e+00
-2.555667877197265625e+00
-3.123908519744873047e+00
-3.346708774566650391e+00
-1.669198989868164062e+00
-8.782883882522583008e-01
-1.779719114303588867e+00
-2.092459440231323242e+00
-2.177122592926025391e+00
-8.450367450714111328e-01
-1.839519619941711426e+00
-1.656197071075439453e+00
-2.125023365020751953e+00
-1.357417106628417969e+00
-3.484418153762817383e+00
-1.475727796554565430e+00
-1.678886651992797852e+00
-3.139120817184448242e+00
-1.742122650146484375e+00
-1.332446575164794922e+00
-1.982873082160949707e+00
-1.413111090660095215e+00
-1.048539400100708008e+00
-3.359525203704833984e+00
-3.111798048019409180e+00
-2.212260246276855469e+00
-2.870142459869384766e+00
-5.707938671112060547e-01
-1.144115805625915527e+00
-2.822538614273071289e+00
-1.282488226890563965e+00
-2.657801151275634766e+00
-3.217497587203979492e+00
-2.140157699584960938e+00
-3.058557033538818359e+00
-2.884787082672119141e+00
-1.887012362480163574e+00
-3.189859628677368164e+00
-8.033223748207092285e-01
-1.721061944961547852e+00
-1.243010759353637695e+00
-2.078407049179077148e+00
-2.058660030364990234e+00
-1.776628971099853516e+00
-3.159028291702270508e+00
-1.500994443893432617e+00
-1.527729868888854980e+00
-3.176831007003784180e+00
-1.843175292015075684e+00
-2.810317039489746094e+00
-1.720006346702575684e+00
-2.034986019134521484e+00
-1.036355614662170410e+00
-3.281047344207763672e+00
-2.347629070281982422e+00
-7.193330526351928711e-01
-7.816310524940490723e-01
-1.725142240524291992e+00
-2.362210035324096680e+00
-2.555593013763427734e+00
-7.952418923377990723e-01
-3.007889509201049805e+00
-2.241640806198120117e+00
-2.561401128768920898e+00
-2.994347333908081055e+00
-9.234079122543334961e-01
-3.029337406158447266e+00
-1.700918793678283691e+00
-8.155443668365478516e-01
-1.425052762031555176e+00
-3.024252653121948242e+00
3.500494956970214844e-01
-1.423270583152770996e+00
-2.821622848510742188e+00
-1.771057009696960449e+00
-1.870580554008483887e+00
-1.363196969032287598e+00
-1.297182917594909668e+00
-6.495949029922485352e-01
-2.048383474349975586e+00
-2.147563695907592773e+00
-1.809279918670654297e+00
-2.330792665481567383e+00
-1.301613807678222656e+00
-2.375960111618041992e+00
-7.384434938430786133e-01
-1.799602627754211426e+00
