{"loss": 1154.7650146484375, "_timestamp": 1721212463.3248792, "_runtime": 2452.303539276123, "_step": 9726, "average_loss": -63172699850.02088, "_wandb": {"runtime": 2451}}