{"loss": 0.0018215699819847941, "_timestamp": 1721222479.3354683, "_runtime": 56.72257423400879, "_step": 232, "_wandb": {"runtime": 56}}